#------------------------SUBJECT 1------------------------
INSERT INTO Subjects
Values('1');

INSERT INTO Fingers
Values(NULL, 1, '1.1', '1');

INSERT INTO Images
Values('/var/www/server/Datasets/MOLF/OriginalDataset/DB1_Lumidgm/1_1_1.wsq', '1.1.1', '1.1', 352, 544, 500);

INSERT INTO Features
Values('1.1.1', '1.1.1.1', 52);

INSERT INTO Minutiaes
Values('1.1.1.1.1', '1.1.1.1', '/var/www/server/Datasets/MOLF/MindtctOutput/DB1_Lumidgm/1_1_1.xyt');

INSERT INTO Images
Values('/var/www/server/Datasets/MOLF/OriginalDataset/DB1_Lumidgm/1_2_1.wsq', '1.1.2', '1.1', 352, 544, 500);

INSERT INTO Features
Values('1.1.2', '1.1.2.1', 50);

INSERT INTO Minutiaes
Values('1.1.2.1.1', '1.1.2.1', '/var/www/server/Datasets/MOLF/MindtctOutput/DB1_Lumidgm/1_2_1.xyt');

INSERT INTO Images
Values('/var/www/server/Datasets/MOLF/OriginalDataset/DB1_Lumidgm/1_3_1.wsq', '1.1.3', '1.1', 352, 544, 500);

INSERT INTO Features
Values('1.1.3', '1.1.3.1', 33);

INSERT INTO Minutiaes
Values('1.1.3.1.1', '1.1.3.1', '/var/www/server/Datasets/MOLF/MindtctOutput/DB1_Lumidgm/1_3_1.xyt');

INSERT INTO Images
Values('/var/www/server/Datasets/MOLF/OriginalDataset/DB1_Lumidgm/1_4_1.wsq', '1.1.4', '1.1', 352, 544, 500);

INSERT INTO Features
Values('1.1.4', '1.1.4.1', 45);

INSERT INTO Minutiaes
Values('1.1.4.1.1', '1.1.4.1', '/var/www/server/Datasets/MOLF/MindtctOutput/DB1_Lumidgm/1_4_1.xyt');

INSERT INTO Fingers
Values(NULL, 2, '1.2', '1');

INSERT INTO Images
Values('/var/www/server/Datasets/MOLF/OriginalDataset/DB1_Lumidgm/1_1_2.wsq', '1.2.1', '1.2', 352, 544, 500);

INSERT INTO Features
Values('1.2.1', '1.2.1.1', 65);

INSERT INTO Minutiaes
Values('1.2.1.1.1', '1.2.1.1', '/var/www/server/Datasets/MOLF/MindtctOutput/DB1_Lumidgm/1_1_2.xyt');

INSERT INTO Images
Values('/var/www/server/Datasets/MOLF/OriginalDataset/DB1_Lumidgm/1_2_2.wsq', '1.2.2', '1.2', 352, 544, 500);

INSERT INTO Features
Values('1.2.2', '1.2.2.1', 65);

INSERT INTO Minutiaes
Values('1.2.2.1.1', '1.2.2.1', '/var/www/server/Datasets/MOLF/MindtctOutput/DB1_Lumidgm/1_2_2.xyt');

INSERT INTO Images
Values('/var/www/server/Datasets/MOLF/OriginalDataset/DB1_Lumidgm/1_3_2.wsq', '1.2.3', '1.2', 352, 544, 500);

INSERT INTO Features
Values('1.2.3', '1.2.3.1', 51);

INSERT INTO Minutiaes
Values('1.2.3.1.1', '1.2.3.1', '/var/www/server/Datasets/MOLF/MindtctOutput/DB1_Lumidgm/1_3_2.xyt');

INSERT INTO Images
Values('/var/www/server/Datasets/MOLF/OriginalDataset/DB1_Lumidgm/1_4_2.wsq', '1.2.4', '1.2', 352, 544, 500);

INSERT INTO Features
Values('1.2.4', '1.2.4.1', 62);

INSERT INTO Minutiaes
Values('1.2.4.1.1', '1.2.4.1', '/var/www/server/Datasets/MOLF/MindtctOutput/DB1_Lumidgm/1_4_2.xyt');

INSERT INTO Fingers
Values(NULL, 3, '1.3', '1');

INSERT INTO Images
Values('/var/www/server/Datasets/MOLF/OriginalDataset/DB1_Lumidgm/1_1_3.wsq', '1.3.1', '1.3', 352, 544, 500);

INSERT INTO Features
Values('1.3.1', '1.3.1.1', 53);

INSERT INTO Minutiaes
Values('1.3.1.1.1', '1.3.1.1', '/var/www/server/Datasets/MOLF/MindtctOutput/DB1_Lumidgm/1_1_3.xyt');

INSERT INTO Images
Values('/var/www/server/Datasets/MOLF/OriginalDataset/DB1_Lumidgm/1_2_3.wsq', '1.3.2', '1.3', 352, 544, 500);

INSERT INTO Features
Values('1.3.2', '1.3.2.1', 57);

INSERT INTO Minutiaes
Values('1.3.2.1.1', '1.3.2.1', '/var/www/server/Datasets/MOLF/MindtctOutput/DB1_Lumidgm/1_2_3.xyt');

INSERT INTO Images
Values('/var/www/server/Datasets/MOLF/OriginalDataset/DB1_Lumidgm/1_3_3.wsq', '1.3.3', '1.3', 352, 544, 500);

INSERT INTO Features
Values('1.3.3', '1.3.3.1', 55);

INSERT INTO Minutiaes
Values('1.3.3.1.1', '1.3.3.1', '/var/www/server/Datasets/MOLF/MindtctOutput/DB1_Lumidgm/1_3_3.xyt');

INSERT INTO Images
Values('/var/www/server/Datasets/MOLF/OriginalDataset/DB1_Lumidgm/1_4_3.wsq', '1.3.4', '1.3', 352, 544, 500);

INSERT INTO Features
Values('1.3.4', '1.3.4.1', 66);

INSERT INTO Minutiaes
Values('1.3.4.1.1', '1.3.4.1', '/var/www/server/Datasets/MOLF/MindtctOutput/DB1_Lumidgm/1_4_3.xyt');

INSERT INTO Fingers
Values(NULL, 4, '1.4', '1');

INSERT INTO Images
Values('/var/www/server/Datasets/MOLF/OriginalDataset/DB1_Lumidgm/1_1_4.wsq', '1.4.1', '1.4', 352, 544, 500);

INSERT INTO Features
Values('1.4.1', '1.4.1.1', 72);

INSERT INTO Minutiaes
Values('1.4.1.1.1', '1.4.1.1', '/var/www/server/Datasets/MOLF/MindtctOutput/DB1_Lumidgm/1_1_4.xyt');

INSERT INTO Images
Values('/var/www/server/Datasets/MOLF/OriginalDataset/DB1_Lumidgm/1_2_4.wsq', '1.4.2', '1.4', 352, 544, 500);

INSERT INTO Features
Values('1.4.2', '1.4.2.1', 77);

INSERT INTO Minutiaes
Values('1.4.2.1.1', '1.4.2.1', '/var/www/server/Datasets/MOLF/MindtctOutput/DB1_Lumidgm/1_2_4.xyt');

INSERT INTO Images
Values('/var/www/server/Datasets/MOLF/OriginalDataset/DB1_Lumidgm/1_3_4.wsq', '1.4.3', '1.4', 352, 544, 500);

INSERT INTO Features
Values('1.4.3', '1.4.3.1', 78);

INSERT INTO Minutiaes
Values('1.4.3.1.1', '1.4.3.1', '/var/www/server/Datasets/MOLF/MindtctOutput/DB1_Lumidgm/1_3_4.xyt');

INSERT INTO Images
Values('/var/www/server/Datasets/MOLF/OriginalDataset/DB1_Lumidgm/1_4_4.wsq', '1.4.4', '1.4', 352, 544, 500);

INSERT INTO Features
Values('1.4.4', '1.4.4.1', 73);

INSERT INTO Minutiaes
Values('1.4.4.1.1', '1.4.4.1', '/var/www/server/Datasets/MOLF/MindtctOutput/DB1_Lumidgm/1_4_4.xyt');

INSERT INTO Fingers
Values(NULL, 5, '1.5', '1');

INSERT INTO Images
Values('/var/www/server/Datasets/MOLF/OriginalDataset/DB1_Lumidgm/1_1_5.wsq', '1.5.1', '1.5', 352, 544, 500);

INSERT INTO Features
Values('1.5.1', '1.5.1.1', 78);

INSERT INTO Minutiaes
Values('1.5.1.1.1', '1.5.1.1', '/var/www/server/Datasets/MOLF/MindtctOutput/DB1_Lumidgm/1_1_5.xyt');

INSERT INTO Images
Values('/var/www/server/Datasets/MOLF/OriginalDataset/DB1_Lumidgm/1_2_5.wsq', '1.5.2', '1.5', 352, 544, 500);

INSERT INTO Features
Values('1.5.2', '1.5.2.1', 64);

INSERT INTO Minutiaes
Values('1.5.2.1.1', '1.5.2.1', '/var/www/server/Datasets/MOLF/MindtctOutput/DB1_Lumidgm/1_2_5.xyt');

INSERT INTO Images
Values('/var/www/server/Datasets/MOLF/OriginalDataset/DB1_Lumidgm/1_3_5.wsq', '1.5.3', '1.5', 352, 544, 500);

INSERT INTO Features
Values('1.5.3', '1.5.3.1', 71);

INSERT INTO Minutiaes
Values('1.5.3.1.1', '1.5.3.1', '/var/www/server/Datasets/MOLF/MindtctOutput/DB1_Lumidgm/1_3_5.xyt');

INSERT INTO Images
Values('/var/www/server/Datasets/MOLF/OriginalDataset/DB1_Lumidgm/1_4_5.wsq', '1.5.4', '1.5', 352, 544, 500);

INSERT INTO Features
Values('1.5.4', '1.5.4.1', 86);

INSERT INTO Minutiaes
Values('1.5.4.1.1', '1.5.4.1', '/var/www/server/Datasets/MOLF/MindtctOutput/DB1_Lumidgm/1_4_5.xyt');

INSERT INTO Fingers
Values(NULL, 6, '1.6', '1');

INSERT INTO Images
Values('/var/www/server/Datasets/MOLF/OriginalDataset/DB1_Lumidgm/1_1_6.wsq', '1.6.1', '1.6', 352, 544, 500);

INSERT INTO Features
Values('1.6.1', '1.6.1.1', 44);

INSERT INTO Minutiaes
Values('1.6.1.1.1', '1.6.1.1', '/var/www/server/Datasets/MOLF/MindtctOutput/DB1_Lumidgm/1_1_6.xyt');

INSERT INTO Images
Values('/var/www/server/Datasets/MOLF/OriginalDataset/DB1_Lumidgm/1_2_6.wsq', '1.6.2', '1.6', 352, 544, 500);

INSERT INTO Features
Values('1.6.2', '1.6.2.1', 53);

INSERT INTO Minutiaes
Values('1.6.2.1.1', '1.6.2.1', '/var/www/server/Datasets/MOLF/MindtctOutput/DB1_Lumidgm/1_2_6.xyt');

INSERT INTO Images
Values('/var/www/server/Datasets/MOLF/OriginalDataset/DB1_Lumidgm/1_3_6.wsq', '1.6.3', '1.6', 352, 544, 500);

INSERT INTO Features
Values('1.6.3', '1.6.3.1', 48);

INSERT INTO Minutiaes
Values('1.6.3.1.1', '1.6.3.1', '/var/www/server/Datasets/MOLF/MindtctOutput/DB1_Lumidgm/1_3_6.xyt');

INSERT INTO Images
Values('/var/www/server/Datasets/MOLF/OriginalDataset/DB1_Lumidgm/1_4_6.wsq', '1.6.4', '1.6', 352, 544, 500);

INSERT INTO Features
Values('1.6.4', '1.6.4.1', 50);

INSERT INTO Minutiaes
Values('1.6.4.1.1', '1.6.4.1', '/var/www/server/Datasets/MOLF/MindtctOutput/DB1_Lumidgm/1_4_6.xyt');

INSERT INTO Fingers
Values(NULL, 7, '1.7', '1');

INSERT INTO Images
Values('/var/www/server/Datasets/MOLF/OriginalDataset/DB1_Lumidgm/1_1_7.wsq', '1.7.1', '1.7', 352, 544, 500);

INSERT INTO Features
Values('1.7.1', '1.7.1.1', 51);

INSERT INTO Minutiaes
Values('1.7.1.1.1', '1.7.1.1', '/var/www/server/Datasets/MOLF/MindtctOutput/DB1_Lumidgm/1_1_7.xyt');

INSERT INTO Images
Values('/var/www/server/Datasets/MOLF/OriginalDataset/DB1_Lumidgm/1_2_7.wsq', '1.7.2', '1.7', 352, 544, 500);

INSERT INTO Features
Values('1.7.2', '1.7.2.1', 63);

INSERT INTO Minutiaes
Values('1.7.2.1.1', '1.7.2.1', '/var/www/server/Datasets/MOLF/MindtctOutput/DB1_Lumidgm/1_2_7.xyt');

INSERT INTO Images
Values('/var/www/server/Datasets/MOLF/OriginalDataset/DB1_Lumidgm/1_3_7.wsq', '1.7.3', '1.7', 352, 544, 500);

INSERT INTO Features
Values('1.7.3', '1.7.3.1', 61);

INSERT INTO Minutiaes
Values('1.7.3.1.1', '1.7.3.1', '/var/www/server/Datasets/MOLF/MindtctOutput/DB1_Lumidgm/1_3_7.xyt');

INSERT INTO Images
Values('/var/www/server/Datasets/MOLF/OriginalDataset/DB1_Lumidgm/1_4_7.wsq', '1.7.4', '1.7', 352, 544, 500);

INSERT INTO Features
Values('1.7.4', '1.7.4.1', 59);

INSERT INTO Minutiaes
Values('1.7.4.1.1', '1.7.4.1', '/var/www/server/Datasets/MOLF/MindtctOutput/DB1_Lumidgm/1_4_7.xyt');

INSERT INTO Fingers
Values(NULL, 8, '1.8', '1');

INSERT INTO Images
Values('/var/www/server/Datasets/MOLF/OriginalDataset/DB1_Lumidgm/1_1_8.wsq', '1.8.1', '1.8', 352, 544, 500);

INSERT INTO Features
Values('1.8.1', '1.8.1.1', 63);

INSERT INTO Minutiaes
Values('1.8.1.1.1', '1.8.1.1', '/var/www/server/Datasets/MOLF/MindtctOutput/DB1_Lumidgm/1_1_8.xyt');

INSERT INTO Images
Values('/var/www/server/Datasets/MOLF/OriginalDataset/DB1_Lumidgm/1_2_8.wsq', '1.8.2', '1.8', 352, 544, 500);

INSERT INTO Features
Values('1.8.2', '1.8.2.1', 49);

INSERT INTO Minutiaes
Values('1.8.2.1.1', '1.8.2.1', '/var/www/server/Datasets/MOLF/MindtctOutput/DB1_Lumidgm/1_2_8.xyt');

INSERT INTO Images
Values('/var/www/server/Datasets/MOLF/OriginalDataset/DB1_Lumidgm/1_3_8.wsq', '1.8.3', '1.8', 352, 544, 500);

INSERT INTO Features
Values('1.8.3', '1.8.3.1', 54);

INSERT INTO Minutiaes
Values('1.8.3.1.1', '1.8.3.1', '/var/www/server/Datasets/MOLF/MindtctOutput/DB1_Lumidgm/1_3_8.xyt');

INSERT INTO Images
Values('/var/www/server/Datasets/MOLF/OriginalDataset/DB1_Lumidgm/1_4_8.wsq', '1.8.4', '1.8', 352, 544, 500);

INSERT INTO Features
Values('1.8.4', '1.8.4.1', 60);

INSERT INTO Minutiaes
Values('1.8.4.1.1', '1.8.4.1', '/var/www/server/Datasets/MOLF/MindtctOutput/DB1_Lumidgm/1_4_8.xyt');

INSERT INTO Fingers
Values(NULL, 9, '1.9', '1');

INSERT INTO Images
Values('/var/www/server/Datasets/MOLF/OriginalDataset/DB1_Lumidgm/1_1_9.wsq', '1.9.1', '1.9', 352, 544, 500);

INSERT INTO Features
Values('1.9.1', '1.9.1.1', 61);

INSERT INTO Minutiaes
Values('1.9.1.1.1', '1.9.1.1', '/var/www/server/Datasets/MOLF/MindtctOutput/DB1_Lumidgm/1_1_9.xyt');

INSERT INTO Images
Values('/var/www/server/Datasets/MOLF/OriginalDataset/DB1_Lumidgm/1_2_9.wsq', '1.9.2', '1.9', 352, 544, 500);

INSERT INTO Features
Values('1.9.2', '1.9.2.1', 74);

INSERT INTO Minutiaes
Values('1.9.2.1.1', '1.9.2.1', '/var/www/server/Datasets/MOLF/MindtctOutput/DB1_Lumidgm/1_2_9.xyt');

INSERT INTO Images
Values('/var/www/server/Datasets/MOLF/OriginalDataset/DB1_Lumidgm/1_3_9.wsq', '1.9.3', '1.9', 352, 544, 500);

INSERT INTO Features
Values('1.9.3', '1.9.3.1', 56);

INSERT INTO Minutiaes
Values('1.9.3.1.1', '1.9.3.1', '/var/www/server/Datasets/MOLF/MindtctOutput/DB1_Lumidgm/1_3_9.xyt');

INSERT INTO Images
Values('/var/www/server/Datasets/MOLF/OriginalDataset/DB1_Lumidgm/1_4_9.wsq', '1.9.4', '1.9', 352, 544, 500);

INSERT INTO Features
Values('1.9.4', '1.9.4.1', 60);

INSERT INTO Minutiaes
Values('1.9.4.1.1', '1.9.4.1', '/var/www/server/Datasets/MOLF/MindtctOutput/DB1_Lumidgm/1_4_9.xyt');

INSERT INTO Fingers
Values(NULL, 10, '1.10', '1');

INSERT INTO Images
Values('/var/www/server/Datasets/MOLF/OriginalDataset/DB1_Lumidgm/1_1_10.wsq', '1.10.1', '1.10', 352, 544, 500);

INSERT INTO Features
Values('1.10.1', '1.10.1.1', 78);

INSERT INTO Minutiaes
Values('1.10.1.1.1', '1.10.1.1', '/var/www/server/Datasets/MOLF/MindtctOutput/DB1_Lumidgm/1_1_10.xyt');

INSERT INTO Images
Values('/var/www/server/Datasets/MOLF/OriginalDataset/DB1_Lumidgm/1_2_10.wsq', '1.10.2', '1.10', 352, 544, 500);

INSERT INTO Features
Values('1.10.2', '1.10.2.1', 65);

INSERT INTO Minutiaes
Values('1.10.2.1.1', '1.10.2.1', '/var/www/server/Datasets/MOLF/MindtctOutput/DB1_Lumidgm/1_2_10.xyt');

INSERT INTO Images
Values('/var/www/server/Datasets/MOLF/OriginalDataset/DB1_Lumidgm/1_3_10.wsq', '1.10.3', '1.10', 352, 544, 500);

INSERT INTO Features
Values('1.10.3', '1.10.3.1', 80);

INSERT INTO Minutiaes
Values('1.10.3.1.1', '1.10.3.1', '/var/www/server/Datasets/MOLF/MindtctOutput/DB1_Lumidgm/1_3_10.xyt');

INSERT INTO Images
Values('/var/www/server/Datasets/MOLF/OriginalDataset/DB1_Lumidgm/1_4_10.wsq', '1.10.4', '1.10', 352, 544, 500);

INSERT INTO Features
Values('1.10.4', '1.10.4.1', 60);

INSERT INTO Minutiaes
Values('1.10.4.1.1', '1.10.4.1', '/var/www/server/Datasets/MOLF/MindtctOutput/DB1_Lumidgm/1_4_10.xyt');

#------------------------SUBJECT 2------------------------
INSERT INTO Subjects
Values('2');

INSERT INTO Fingers
Values(NULL, 1, '2.1', '2');

INSERT INTO Images
Values('/var/www/server/Datasets/MOLF/OriginalDataset/DB1_Lumidgm/2_1_1.wsq', '2.1.1', '2.1', 352, 544, 500);

INSERT INTO Features
Values('2.1.1', '2.1.1.1', 52);

INSERT INTO Minutiaes
Values('2.1.1.1.1', '2.1.1.1', '/var/www/server/Datasets/MOLF/MindtctOutput/DB1_Lumidgm/2_1_1.xyt');

INSERT INTO Images
Values('/var/www/server/Datasets/MOLF/OriginalDataset/DB1_Lumidgm/2_2_1.wsq', '2.1.2', '2.1', 352, 544, 500);

INSERT INTO Features
Values('2.1.2', '2.1.2.1', 58);

INSERT INTO Minutiaes
Values('2.1.2.1.1', '2.1.2.1', '/var/www/server/Datasets/MOLF/MindtctOutput/DB1_Lumidgm/2_2_1.xyt');

INSERT INTO Images
Values('/var/www/server/Datasets/MOLF/OriginalDataset/DB1_Lumidgm/2_3_1.wsq', '2.1.3', '2.1', 352, 544, 500);

INSERT INTO Features
Values('2.1.3', '2.1.3.1', 57);

INSERT INTO Minutiaes
Values('2.1.3.1.1', '2.1.3.1', '/var/www/server/Datasets/MOLF/MindtctOutput/DB1_Lumidgm/2_3_1.xyt');

INSERT INTO Images
Values('/var/www/server/Datasets/MOLF/OriginalDataset/DB1_Lumidgm/2_4_1.wsq', '2.1.4', '2.1', 352, 544, 500);

INSERT INTO Features
Values('2.1.4', '2.1.4.1', 57);

INSERT INTO Minutiaes
Values('2.1.4.1.1', '2.1.4.1', '/var/www/server/Datasets/MOLF/MindtctOutput/DB1_Lumidgm/2_4_1.xyt');

INSERT INTO Fingers
Values(NULL, 2, '2.2', '2');

INSERT INTO Images
Values('/var/www/server/Datasets/MOLF/OriginalDataset/DB1_Lumidgm/2_1_2.wsq', '2.2.1', '2.2', 352, 544, 500);

INSERT INTO Features
Values('2.2.1', '2.2.1.1', 60);

INSERT INTO Minutiaes
Values('2.2.1.1.1', '2.2.1.1', '/var/www/server/Datasets/MOLF/MindtctOutput/DB1_Lumidgm/2_1_2.xyt');

INSERT INTO Images
Values('/var/www/server/Datasets/MOLF/OriginalDataset/DB1_Lumidgm/2_2_2.wsq', '2.2.2', '2.2', 352, 544, 500);

INSERT INTO Features
Values('2.2.2', '2.2.2.1', 62);

INSERT INTO Minutiaes
Values('2.2.2.1.1', '2.2.2.1', '/var/www/server/Datasets/MOLF/MindtctOutput/DB1_Lumidgm/2_2_2.xyt');

INSERT INTO Images
Values('/var/www/server/Datasets/MOLF/OriginalDataset/DB1_Lumidgm/2_3_2.wsq', '2.2.3', '2.2', 352, 544, 500);

INSERT INTO Features
Values('2.2.3', '2.2.3.1', 64);

INSERT INTO Minutiaes
Values('2.2.3.1.1', '2.2.3.1', '/var/www/server/Datasets/MOLF/MindtctOutput/DB1_Lumidgm/2_3_2.xyt');

INSERT INTO Images
Values('/var/www/server/Datasets/MOLF/OriginalDataset/DB1_Lumidgm/2_4_2.wsq', '2.2.4', '2.2', 352, 544, 500);

INSERT INTO Features
Values('2.2.4', '2.2.4.1', 62);

INSERT INTO Minutiaes
Values('2.2.4.1.1', '2.2.4.1', '/var/www/server/Datasets/MOLF/MindtctOutput/DB1_Lumidgm/2_4_2.xyt');

INSERT INTO Fingers
Values(NULL, 3, '2.3', '2');

INSERT INTO Images
Values('/var/www/server/Datasets/MOLF/OriginalDataset/DB1_Lumidgm/2_1_3.wsq', '2.3.1', '2.3', 352, 544, 500);

INSERT INTO Features
Values('2.3.1', '2.3.1.1', 53);

INSERT INTO Minutiaes
Values('2.3.1.1.1', '2.3.1.1', '/var/www/server/Datasets/MOLF/MindtctOutput/DB1_Lumidgm/2_1_3.xyt');

INSERT INTO Images
Values('/var/www/server/Datasets/MOLF/OriginalDataset/DB1_Lumidgm/2_2_3.wsq', '2.3.2', '2.3', 352, 544, 500);

INSERT INTO Features
Values('2.3.2', '2.3.2.1', 59);

INSERT INTO Minutiaes
Values('2.3.2.1.1', '2.3.2.1', '/var/www/server/Datasets/MOLF/MindtctOutput/DB1_Lumidgm/2_2_3.xyt');

INSERT INTO Images
Values('/var/www/server/Datasets/MOLF/OriginalDataset/DB1_Lumidgm/2_3_3.wsq', '2.3.3', '2.3', 352, 544, 500);

INSERT INTO Features
Values('2.3.3', '2.3.3.1', 69);

INSERT INTO Minutiaes
Values('2.3.3.1.1', '2.3.3.1', '/var/www/server/Datasets/MOLF/MindtctOutput/DB1_Lumidgm/2_3_3.xyt');

INSERT INTO Images
Values('/var/www/server/Datasets/MOLF/OriginalDataset/DB1_Lumidgm/2_4_3.wsq', '2.3.4', '2.3', 352, 544, 500);

INSERT INTO Features
Values('2.3.4', '2.3.4.1', 69);

INSERT INTO Minutiaes
Values('2.3.4.1.1', '2.3.4.1', '/var/www/server/Datasets/MOLF/MindtctOutput/DB1_Lumidgm/2_4_3.xyt');

INSERT INTO Fingers
Values(NULL, 4, '2.4', '2');

INSERT INTO Images
Values('/var/www/server/Datasets/MOLF/OriginalDataset/DB1_Lumidgm/2_1_4.wsq', '2.4.1', '2.4', 352, 544, 500);

INSERT INTO Features
Values('2.4.1', '2.4.1.1', 39);

INSERT INTO Minutiaes
Values('2.4.1.1.1', '2.4.1.1', '/var/www/server/Datasets/MOLF/MindtctOutput/DB1_Lumidgm/2_1_4.xyt');

INSERT INTO Images
Values('/var/www/server/Datasets/MOLF/OriginalDataset/DB1_Lumidgm/2_2_4.wsq', '2.4.2', '2.4', 352, 544, 500);

INSERT INTO Features
Values('2.4.2', '2.4.2.1', 50);

INSERT INTO Minutiaes
Values('2.4.2.1.1', '2.4.2.1', '/var/www/server/Datasets/MOLF/MindtctOutput/DB1_Lumidgm/2_2_4.xyt');

INSERT INTO Images
Values('/var/www/server/Datasets/MOLF/OriginalDataset/DB1_Lumidgm/2_3_4.wsq', '2.4.3', '2.4', 352, 544, 500);

INSERT INTO Features
Values('2.4.3', '2.4.3.1', 50);

INSERT INTO Minutiaes
Values('2.4.3.1.1', '2.4.3.1', '/var/www/server/Datasets/MOLF/MindtctOutput/DB1_Lumidgm/2_3_4.xyt');

INSERT INTO Images
Values('/var/www/server/Datasets/MOLF/OriginalDataset/DB1_Lumidgm/2_4_4.wsq', '2.4.4', '2.4', 352, 544, 500);

INSERT INTO Features
Values('2.4.4', '2.4.4.1', 53);

INSERT INTO Minutiaes
Values('2.4.4.1.1', '2.4.4.1', '/var/www/server/Datasets/MOLF/MindtctOutput/DB1_Lumidgm/2_4_4.xyt');

INSERT INTO Fingers
Values(NULL, 5, '2.5', '2');

INSERT INTO Images
Values('/var/www/server/Datasets/MOLF/OriginalDataset/DB1_Lumidgm/2_1_5.wsq', '2.5.1', '2.5', 352, 544, 500);

INSERT INTO Features
Values('2.5.1', '2.5.1.1', 57);

INSERT INTO Minutiaes
Values('2.5.1.1.1', '2.5.1.1', '/var/www/server/Datasets/MOLF/MindtctOutput/DB1_Lumidgm/2_1_5.xyt');

INSERT INTO Images
Values('/var/www/server/Datasets/MOLF/OriginalDataset/DB1_Lumidgm/2_2_5.wsq', '2.5.2', '2.5', 352, 544, 500);

INSERT INTO Features
Values('2.5.2', '2.5.2.1', 51);

INSERT INTO Minutiaes
Values('2.5.2.1.1', '2.5.2.1', '/var/www/server/Datasets/MOLF/MindtctOutput/DB1_Lumidgm/2_2_5.xyt');

INSERT INTO Images
Values('/var/www/server/Datasets/MOLF/OriginalDataset/DB1_Lumidgm/2_3_5.wsq', '2.5.3', '2.5', 352, 544, 500);

INSERT INTO Features
Values('2.5.3', '2.5.3.1', 75);

INSERT INTO Minutiaes
Values('2.5.3.1.1', '2.5.3.1', '/var/www/server/Datasets/MOLF/MindtctOutput/DB1_Lumidgm/2_3_5.xyt');

INSERT INTO Images
Values('/var/www/server/Datasets/MOLF/OriginalDataset/DB1_Lumidgm/2_4_5.wsq', '2.5.4', '2.5', 352, 544, 500);

INSERT INTO Features
Values('2.5.4', '2.5.4.1', 57);

INSERT INTO Minutiaes
Values('2.5.4.1.1', '2.5.4.1', '/var/www/server/Datasets/MOLF/MindtctOutput/DB1_Lumidgm/2_4_5.xyt');

INSERT INTO Fingers
Values(NULL, 6, '2.6', '2');

INSERT INTO Images
Values('/var/www/server/Datasets/MOLF/OriginalDataset/DB1_Lumidgm/2_1_6.wsq', '2.6.1', '2.6', 352, 544, 500);

INSERT INTO Features
Values('2.6.1', '2.6.1.1', 66);

INSERT INTO Minutiaes
Values('2.6.1.1.1', '2.6.1.1', '/var/www/server/Datasets/MOLF/MindtctOutput/DB1_Lumidgm/2_1_6.xyt');

INSERT INTO Images
Values('/var/www/server/Datasets/MOLF/OriginalDataset/DB1_Lumidgm/2_2_6.wsq', '2.6.2', '2.6', 352, 544, 500);

INSERT INTO Features
Values('2.6.2', '2.6.2.1', 59);

INSERT INTO Minutiaes
Values('2.6.2.1.1', '2.6.2.1', '/var/www/server/Datasets/MOLF/MindtctOutput/DB1_Lumidgm/2_2_6.xyt');

INSERT INTO Images
Values('/var/www/server/Datasets/MOLF/OriginalDataset/DB1_Lumidgm/2_3_6.wsq', '2.6.3', '2.6', 352, 544, 500);

INSERT INTO Features
Values('2.6.3', '2.6.3.1', 60);

INSERT INTO Minutiaes
Values('2.6.3.1.1', '2.6.3.1', '/var/www/server/Datasets/MOLF/MindtctOutput/DB1_Lumidgm/2_3_6.xyt');

INSERT INTO Images
Values('/var/www/server/Datasets/MOLF/OriginalDataset/DB1_Lumidgm/2_4_6.wsq', '2.6.4', '2.6', 352, 544, 500);

INSERT INTO Features
Values('2.6.4', '2.6.4.1', 64);

INSERT INTO Minutiaes
Values('2.6.4.1.1', '2.6.4.1', '/var/www/server/Datasets/MOLF/MindtctOutput/DB1_Lumidgm/2_4_6.xyt');

INSERT INTO Fingers
Values(NULL, 7, '2.7', '2');

INSERT INTO Images
Values('/var/www/server/Datasets/MOLF/OriginalDataset/DB1_Lumidgm/2_1_7.wsq', '2.7.1', '2.7', 352, 544, 500);

INSERT INTO Features
Values('2.7.1', '2.7.1.1', 62);

INSERT INTO Minutiaes
Values('2.7.1.1.1', '2.7.1.1', '/var/www/server/Datasets/MOLF/MindtctOutput/DB1_Lumidgm/2_1_7.xyt');

INSERT INTO Images
Values('/var/www/server/Datasets/MOLF/OriginalDataset/DB1_Lumidgm/2_2_7.wsq', '2.7.2', '2.7', 352, 544, 500);

INSERT INTO Features
Values('2.7.2', '2.7.2.1', 63);

INSERT INTO Minutiaes
Values('2.7.2.1.1', '2.7.2.1', '/var/www/server/Datasets/MOLF/MindtctOutput/DB1_Lumidgm/2_2_7.xyt');

INSERT INTO Images
Values('/var/www/server/Datasets/MOLF/OriginalDataset/DB1_Lumidgm/2_3_7.wsq', '2.7.3', '2.7', 352, 544, 500);

INSERT INTO Features
Values('2.7.3', '2.7.3.1', 67);

INSERT INTO Minutiaes
Values('2.7.3.1.1', '2.7.3.1', '/var/www/server/Datasets/MOLF/MindtctOutput/DB1_Lumidgm/2_3_7.xyt');

INSERT INTO Images
Values('/var/www/server/Datasets/MOLF/OriginalDataset/DB1_Lumidgm/2_4_7.wsq', '2.7.4', '2.7', 352, 544, 500);

INSERT INTO Features
Values('2.7.4', '2.7.4.1', 65);

INSERT INTO Minutiaes
Values('2.7.4.1.1', '2.7.4.1', '/var/www/server/Datasets/MOLF/MindtctOutput/DB1_Lumidgm/2_4_7.xyt');

INSERT INTO Fingers
Values(NULL, 8, '2.8', '2');

INSERT INTO Images
Values('/var/www/server/Datasets/MOLF/OriginalDataset/DB1_Lumidgm/2_1_8.wsq', '2.8.1', '2.8', 352, 544, 500);

INSERT INTO Features
Values('2.8.1', '2.8.1.1', 85);

INSERT INTO Minutiaes
Values('2.8.1.1.1', '2.8.1.1', '/var/www/server/Datasets/MOLF/MindtctOutput/DB1_Lumidgm/2_1_8.xyt');

INSERT INTO Images
Values('/var/www/server/Datasets/MOLF/OriginalDataset/DB1_Lumidgm/2_2_8.wsq', '2.8.2', '2.8', 352, 544, 500);

INSERT INTO Features
Values('2.8.2', '2.8.2.1', 68);

INSERT INTO Minutiaes
Values('2.8.2.1.1', '2.8.2.1', '/var/www/server/Datasets/MOLF/MindtctOutput/DB1_Lumidgm/2_2_8.xyt');

INSERT INTO Images
Values('/var/www/server/Datasets/MOLF/OriginalDataset/DB1_Lumidgm/2_3_8.wsq', '2.8.3', '2.8', 352, 544, 500);

INSERT INTO Features
Values('2.8.3', '2.8.3.1', 66);

INSERT INTO Minutiaes
Values('2.8.3.1.1', '2.8.3.1', '/var/www/server/Datasets/MOLF/MindtctOutput/DB1_Lumidgm/2_3_8.xyt');

INSERT INTO Images
Values('/var/www/server/Datasets/MOLF/OriginalDataset/DB1_Lumidgm/2_4_8.wsq', '2.8.4', '2.8', 352, 544, 500);

INSERT INTO Features
Values('2.8.4', '2.8.4.1', 54);

INSERT INTO Minutiaes
Values('2.8.4.1.1', '2.8.4.1', '/var/www/server/Datasets/MOLF/MindtctOutput/DB1_Lumidgm/2_4_8.xyt');

INSERT INTO Fingers
Values(NULL, 9, '2.9', '2');

INSERT INTO Images
Values('/var/www/server/Datasets/MOLF/OriginalDataset/DB1_Lumidgm/2_1_9.wsq', '2.9.1', '2.9', 352, 544, 500);

INSERT INTO Features
Values('2.9.1', '2.9.1.1', 68);

INSERT INTO Minutiaes
Values('2.9.1.1.1', '2.9.1.1', '/var/www/server/Datasets/MOLF/MindtctOutput/DB1_Lumidgm/2_1_9.xyt');

INSERT INTO Images
Values('/var/www/server/Datasets/MOLF/OriginalDataset/DB1_Lumidgm/2_2_9.wsq', '2.9.2', '2.9', 352, 544, 500);

INSERT INTO Features
Values('2.9.2', '2.9.2.1', 64);

INSERT INTO Minutiaes
Values('2.9.2.1.1', '2.9.2.1', '/var/www/server/Datasets/MOLF/MindtctOutput/DB1_Lumidgm/2_2_9.xyt');

INSERT INTO Images
Values('/var/www/server/Datasets/MOLF/OriginalDataset/DB1_Lumidgm/2_3_9.wsq', '2.9.3', '2.9', 352, 544, 500);

INSERT INTO Features
Values('2.9.3', '2.9.3.1', 50);

INSERT INTO Minutiaes
Values('2.9.3.1.1', '2.9.3.1', '/var/www/server/Datasets/MOLF/MindtctOutput/DB1_Lumidgm/2_3_9.xyt');

INSERT INTO Images
Values('/var/www/server/Datasets/MOLF/OriginalDataset/DB1_Lumidgm/2_4_9.wsq', '2.9.4', '2.9', 352, 544, 500);

INSERT INTO Features
Values('2.9.4', '2.9.4.1', 49);

INSERT INTO Minutiaes
Values('2.9.4.1.1', '2.9.4.1', '/var/www/server/Datasets/MOLF/MindtctOutput/DB1_Lumidgm/2_4_9.xyt');

INSERT INTO Fingers
Values(NULL, 10, '2.10', '2');

INSERT INTO Images
Values('/var/www/server/Datasets/MOLF/OriginalDataset/DB1_Lumidgm/2_1_10.wsq', '2.10.1', '2.10', 352, 544, 500);

INSERT INTO Features
Values('2.10.1', '2.10.1.1', 64);

INSERT INTO Minutiaes
Values('2.10.1.1.1', '2.10.1.1', '/var/www/server/Datasets/MOLF/MindtctOutput/DB1_Lumidgm/2_1_10.xyt');

INSERT INTO Images
Values('/var/www/server/Datasets/MOLF/OriginalDataset/DB1_Lumidgm/2_2_10.wsq', '2.10.2', '2.10', 352, 544, 500);

INSERT INTO Features
Values('2.10.2', '2.10.2.1', 67);

INSERT INTO Minutiaes
Values('2.10.2.1.1', '2.10.2.1', '/var/www/server/Datasets/MOLF/MindtctOutput/DB1_Lumidgm/2_2_10.xyt');

INSERT INTO Images
Values('/var/www/server/Datasets/MOLF/OriginalDataset/DB1_Lumidgm/2_3_10.wsq', '2.10.3', '2.10', 352, 544, 500);

INSERT INTO Features
Values('2.10.3', '2.10.3.1', 52);

INSERT INTO Minutiaes
Values('2.10.3.1.1', '2.10.3.1', '/var/www/server/Datasets/MOLF/MindtctOutput/DB1_Lumidgm/2_3_10.xyt');

INSERT INTO Images
Values('/var/www/server/Datasets/MOLF/OriginalDataset/DB1_Lumidgm/2_4_10.wsq', '2.10.4', '2.10', 352, 544, 500);

INSERT INTO Features
Values('2.10.4', '2.10.4.1', 46);

INSERT INTO Minutiaes
Values('2.10.4.1.1', '2.10.4.1', '/var/www/server/Datasets/MOLF/MindtctOutput/DB1_Lumidgm/2_4_10.xyt');

#------------------------SUBJECT 3------------------------
INSERT INTO Subjects
Values('3');

INSERT INTO Fingers
Values(NULL, 1, '3.1', '3');

INSERT INTO Images
Values('/var/www/server/Datasets/MOLF/OriginalDataset/DB1_Lumidgm/3_1_1.wsq', '3.1.1', '3.1', 352, 544, 500);

INSERT INTO Features
Values('3.1.1', '3.1.1.1', 53);

INSERT INTO Minutiaes
Values('3.1.1.1.1', '3.1.1.1', '/var/www/server/Datasets/MOLF/MindtctOutput/DB1_Lumidgm/3_1_1.xyt');

INSERT INTO Images
Values('/var/www/server/Datasets/MOLF/OriginalDataset/DB1_Lumidgm/3_2_1.wsq', '3.1.2', '3.1', 352, 544, 500);

INSERT INTO Features
Values('3.1.2', '3.1.2.1', 59);

INSERT INTO Minutiaes
Values('3.1.2.1.1', '3.1.2.1', '/var/www/server/Datasets/MOLF/MindtctOutput/DB1_Lumidgm/3_2_1.xyt');

INSERT INTO Images
Values('/var/www/server/Datasets/MOLF/OriginalDataset/DB1_Lumidgm/3_3_1.wsq', '3.1.3', '3.1', 352, 544, 500);

INSERT INTO Features
Values('3.1.3', '3.1.3.1', 60);

INSERT INTO Minutiaes
Values('3.1.3.1.1', '3.1.3.1', '/var/www/server/Datasets/MOLF/MindtctOutput/DB1_Lumidgm/3_3_1.xyt');

INSERT INTO Images
Values('/var/www/server/Datasets/MOLF/OriginalDataset/DB1_Lumidgm/3_4_1.wsq', '3.1.4', '3.1', 352, 544, 500);

INSERT INTO Features
Values('3.1.4', '3.1.4.1', 56);

INSERT INTO Minutiaes
Values('3.1.4.1.1', '3.1.4.1', '/var/www/server/Datasets/MOLF/MindtctOutput/DB1_Lumidgm/3_4_1.xyt');

INSERT INTO Fingers
Values(NULL, 2, '3.2', '3');

INSERT INTO Images
Values('/var/www/server/Datasets/MOLF/OriginalDataset/DB1_Lumidgm/3_1_2.wsq', '3.2.1', '3.2', 352, 544, 500);

INSERT INTO Features
Values('3.2.1', '3.2.1.1', 52);

INSERT INTO Minutiaes
Values('3.2.1.1.1', '3.2.1.1', '/var/www/server/Datasets/MOLF/MindtctOutput/DB1_Lumidgm/3_1_2.xyt');

INSERT INTO Images
Values('/var/www/server/Datasets/MOLF/OriginalDataset/DB1_Lumidgm/3_2_2.wsq', '3.2.2', '3.2', 352, 544, 500);

INSERT INTO Features
Values('3.2.2', '3.2.2.1', 54);

INSERT INTO Minutiaes
Values('3.2.2.1.1', '3.2.2.1', '/var/www/server/Datasets/MOLF/MindtctOutput/DB1_Lumidgm/3_2_2.xyt');

INSERT INTO Images
Values('/var/www/server/Datasets/MOLF/OriginalDataset/DB1_Lumidgm/3_3_2.wsq', '3.2.3', '3.2', 352, 544, 500);

INSERT INTO Features
Values('3.2.3', '3.2.3.1', 55);

INSERT INTO Minutiaes
Values('3.2.3.1.1', '3.2.3.1', '/var/www/server/Datasets/MOLF/MindtctOutput/DB1_Lumidgm/3_3_2.xyt');

INSERT INTO Images
Values('/var/www/server/Datasets/MOLF/OriginalDataset/DB1_Lumidgm/3_4_2.wsq', '3.2.4', '3.2', 352, 544, 500);

INSERT INTO Features
Values('3.2.4', '3.2.4.1', 73);

INSERT INTO Minutiaes
Values('3.2.4.1.1', '3.2.4.1', '/var/www/server/Datasets/MOLF/MindtctOutput/DB1_Lumidgm/3_4_2.xyt');

INSERT INTO Fingers
Values(NULL, 3, '3.3', '3');

INSERT INTO Images
Values('/var/www/server/Datasets/MOLF/OriginalDataset/DB1_Lumidgm/3_1_3.wsq', '3.3.1', '3.3', 352, 544, 500);

INSERT INTO Features
Values('3.3.1', '3.3.1.1', 51);

INSERT INTO Minutiaes
Values('3.3.1.1.1', '3.3.1.1', '/var/www/server/Datasets/MOLF/MindtctOutput/DB1_Lumidgm/3_1_3.xyt');

INSERT INTO Images
Values('/var/www/server/Datasets/MOLF/OriginalDataset/DB1_Lumidgm/3_2_3.wsq', '3.3.2', '3.3', 352, 544, 500);

INSERT INTO Features
Values('3.3.2', '3.3.2.1', 60);

INSERT INTO Minutiaes
Values('3.3.2.1.1', '3.3.2.1', '/var/www/server/Datasets/MOLF/MindtctOutput/DB1_Lumidgm/3_2_3.xyt');

INSERT INTO Images
Values('/var/www/server/Datasets/MOLF/OriginalDataset/DB1_Lumidgm/3_3_3.wsq', '3.3.3', '3.3', 352, 544, 500);

INSERT INTO Features
Values('3.3.3', '3.3.3.1', 57);

INSERT INTO Minutiaes
Values('3.3.3.1.1', '3.3.3.1', '/var/www/server/Datasets/MOLF/MindtctOutput/DB1_Lumidgm/3_3_3.xyt');

INSERT INTO Images
Values('/var/www/server/Datasets/MOLF/OriginalDataset/DB1_Lumidgm/3_4_3.wsq', '3.3.4', '3.3', 352, 544, 500);

INSERT INTO Features
Values('3.3.4', '3.3.4.1', 65);

INSERT INTO Minutiaes
Values('3.3.4.1.1', '3.3.4.1', '/var/www/server/Datasets/MOLF/MindtctOutput/DB1_Lumidgm/3_4_3.xyt');

INSERT INTO Fingers
Values(NULL, 4, '3.4', '3');

INSERT INTO Images
Values('/var/www/server/Datasets/MOLF/OriginalDataset/DB1_Lumidgm/3_1_4.wsq', '3.4.1', '3.4', 352, 544, 500);

INSERT INTO Features
Values('3.4.1', '3.4.1.1', 63);

INSERT INTO Minutiaes
Values('3.4.1.1.1', '3.4.1.1', '/var/www/server/Datasets/MOLF/MindtctOutput/DB1_Lumidgm/3_1_4.xyt');

INSERT INTO Images
Values('/var/www/server/Datasets/MOLF/OriginalDataset/DB1_Lumidgm/3_2_4.wsq', '3.4.2', '3.4', 352, 544, 500);

INSERT INTO Features
Values('3.4.2', '3.4.2.1', 57);

INSERT INTO Minutiaes
Values('3.4.2.1.1', '3.4.2.1', '/var/www/server/Datasets/MOLF/MindtctOutput/DB1_Lumidgm/3_2_4.xyt');

INSERT INTO Images
Values('/var/www/server/Datasets/MOLF/OriginalDataset/DB1_Lumidgm/3_3_4.wsq', '3.4.3', '3.4', 352, 544, 500);

INSERT INTO Features
Values('3.4.3', '3.4.3.1', 70);

INSERT INTO Minutiaes
Values('3.4.3.1.1', '3.4.3.1', '/var/www/server/Datasets/MOLF/MindtctOutput/DB1_Lumidgm/3_3_4.xyt');

INSERT INTO Images
Values('/var/www/server/Datasets/MOLF/OriginalDataset/DB1_Lumidgm/3_4_4.wsq', '3.4.4', '3.4', 352, 544, 500);

INSERT INTO Features
Values('3.4.4', '3.4.4.1', 71);

INSERT INTO Minutiaes
Values('3.4.4.1.1', '3.4.4.1', '/var/www/server/Datasets/MOLF/MindtctOutput/DB1_Lumidgm/3_4_4.xyt');

INSERT INTO Fingers
Values(NULL, 5, '3.5', '3');

INSERT INTO Images
Values('/var/www/server/Datasets/MOLF/OriginalDataset/DB1_Lumidgm/3_1_5.wsq', '3.5.1', '3.5', 352, 544, 500);

INSERT INTO Features
Values('3.5.1', '3.5.1.1', 61);

INSERT INTO Minutiaes
Values('3.5.1.1.1', '3.5.1.1', '/var/www/server/Datasets/MOLF/MindtctOutput/DB1_Lumidgm/3_1_5.xyt');

INSERT INTO Images
Values('/var/www/server/Datasets/MOLF/OriginalDataset/DB1_Lumidgm/3_2_5.wsq', '3.5.2', '3.5', 352, 544, 500);

INSERT INTO Features
Values('3.5.2', '3.5.2.1', 44);

INSERT INTO Minutiaes
Values('3.5.2.1.1', '3.5.2.1', '/var/www/server/Datasets/MOLF/MindtctOutput/DB1_Lumidgm/3_2_5.xyt');

INSERT INTO Images
Values('/var/www/server/Datasets/MOLF/OriginalDataset/DB1_Lumidgm/3_3_5.wsq', '3.5.3', '3.5', 352, 544, 500);

INSERT INTO Features
Values('3.5.3', '3.5.3.1', 64);

INSERT INTO Minutiaes
Values('3.5.3.1.1', '3.5.3.1', '/var/www/server/Datasets/MOLF/MindtctOutput/DB1_Lumidgm/3_3_5.xyt');

INSERT INTO Images
Values('/var/www/server/Datasets/MOLF/OriginalDataset/DB1_Lumidgm/3_4_5.wsq', '3.5.4', '3.5', 352, 544, 500);

INSERT INTO Features
Values('3.5.4', '3.5.4.1', 53);

INSERT INTO Minutiaes
Values('3.5.4.1.1', '3.5.4.1', '/var/www/server/Datasets/MOLF/MindtctOutput/DB1_Lumidgm/3_4_5.xyt');

INSERT INTO Fingers
Values(NULL, 6, '3.6', '3');

INSERT INTO Images
Values('/var/www/server/Datasets/MOLF/OriginalDataset/DB1_Lumidgm/3_1_6.wsq', '3.6.1', '3.6', 352, 544, 500);

INSERT INTO Features
Values('3.6.1', '3.6.1.1', 56);

INSERT INTO Minutiaes
Values('3.6.1.1.1', '3.6.1.1', '/var/www/server/Datasets/MOLF/MindtctOutput/DB1_Lumidgm/3_1_6.xyt');

INSERT INTO Images
Values('/var/www/server/Datasets/MOLF/OriginalDataset/DB1_Lumidgm/3_2_6.wsq', '3.6.2', '3.6', 352, 544, 500);

INSERT INTO Features
Values('3.6.2', '3.6.2.1', 55);

INSERT INTO Minutiaes
Values('3.6.2.1.1', '3.6.2.1', '/var/www/server/Datasets/MOLF/MindtctOutput/DB1_Lumidgm/3_2_6.xyt');

INSERT INTO Images
Values('/var/www/server/Datasets/MOLF/OriginalDataset/DB1_Lumidgm/3_3_6.wsq', '3.6.3', '3.6', 352, 544, 500);

INSERT INTO Features
Values('3.6.3', '3.6.3.1', 53);

INSERT INTO Minutiaes
Values('3.6.3.1.1', '3.6.3.1', '/var/www/server/Datasets/MOLF/MindtctOutput/DB1_Lumidgm/3_3_6.xyt');

INSERT INTO Images
Values('/var/www/server/Datasets/MOLF/OriginalDataset/DB1_Lumidgm/3_4_6.wsq', '3.6.4', '3.6', 352, 544, 500);

INSERT INTO Features
Values('3.6.4', '3.6.4.1', 61);

INSERT INTO Minutiaes
Values('3.6.4.1.1', '3.6.4.1', '/var/www/server/Datasets/MOLF/MindtctOutput/DB1_Lumidgm/3_4_6.xyt');

INSERT INTO Fingers
Values(NULL, 7, '3.7', '3');

INSERT INTO Images
Values('/var/www/server/Datasets/MOLF/OriginalDataset/DB1_Lumidgm/3_1_7.wsq', '3.7.1', '3.7', 352, 544, 500);

INSERT INTO Features
Values('3.7.1', '3.7.1.1', 55);

INSERT INTO Minutiaes
Values('3.7.1.1.1', '3.7.1.1', '/var/www/server/Datasets/MOLF/MindtctOutput/DB1_Lumidgm/3_1_7.xyt');

INSERT INTO Images
Values('/var/www/server/Datasets/MOLF/OriginalDataset/DB1_Lumidgm/3_2_7.wsq', '3.7.2', '3.7', 352, 544, 500);

INSERT INTO Features
Values('3.7.2', '3.7.2.1', 53);

INSERT INTO Minutiaes
Values('3.7.2.1.1', '3.7.2.1', '/var/www/server/Datasets/MOLF/MindtctOutput/DB1_Lumidgm/3_2_7.xyt');

INSERT INTO Images
Values('/var/www/server/Datasets/MOLF/OriginalDataset/DB1_Lumidgm/3_3_7.wsq', '3.7.3', '3.7', 352, 544, 500);

INSERT INTO Features
Values('3.7.3', '3.7.3.1', 62);

INSERT INTO Minutiaes
Values('3.7.3.1.1', '3.7.3.1', '/var/www/server/Datasets/MOLF/MindtctOutput/DB1_Lumidgm/3_3_7.xyt');

INSERT INTO Images
Values('/var/www/server/Datasets/MOLF/OriginalDataset/DB1_Lumidgm/3_4_7.wsq', '3.7.4', '3.7', 352, 544, 500);

INSERT INTO Features
Values('3.7.4', '3.7.4.1', 69);

INSERT INTO Minutiaes
Values('3.7.4.1.1', '3.7.4.1', '/var/www/server/Datasets/MOLF/MindtctOutput/DB1_Lumidgm/3_4_7.xyt');

INSERT INTO Fingers
Values(NULL, 8, '3.8', '3');

INSERT INTO Images
Values('/var/www/server/Datasets/MOLF/OriginalDataset/DB1_Lumidgm/3_1_8.wsq', '3.8.1', '3.8', 352, 544, 500);

INSERT INTO Features
Values('3.8.1', '3.8.1.1', 66);

INSERT INTO Minutiaes
Values('3.8.1.1.1', '3.8.1.1', '/var/www/server/Datasets/MOLF/MindtctOutput/DB1_Lumidgm/3_1_8.xyt');

INSERT INTO Images
Values('/var/www/server/Datasets/MOLF/OriginalDataset/DB1_Lumidgm/3_2_8.wsq', '3.8.2', '3.8', 352, 544, 500);

INSERT INTO Features
Values('3.8.2', '3.8.2.1', 65);

INSERT INTO Minutiaes
Values('3.8.2.1.1', '3.8.2.1', '/var/www/server/Datasets/MOLF/MindtctOutput/DB1_Lumidgm/3_2_8.xyt');

INSERT INTO Images
Values('/var/www/server/Datasets/MOLF/OriginalDataset/DB1_Lumidgm/3_3_8.wsq', '3.8.3', '3.8', 352, 544, 500);

INSERT INTO Features
Values('3.8.3', '3.8.3.1', 71);

INSERT INTO Minutiaes
Values('3.8.3.1.1', '3.8.3.1', '/var/www/server/Datasets/MOLF/MindtctOutput/DB1_Lumidgm/3_3_8.xyt');

INSERT INTO Images
Values('/var/www/server/Datasets/MOLF/OriginalDataset/DB1_Lumidgm/3_4_8.wsq', '3.8.4', '3.8', 352, 544, 500);

INSERT INTO Features
Values('3.8.4', '3.8.4.1', 77);

INSERT INTO Minutiaes
Values('3.8.4.1.1', '3.8.4.1', '/var/www/server/Datasets/MOLF/MindtctOutput/DB1_Lumidgm/3_4_8.xyt');

INSERT INTO Fingers
Values(NULL, 9, '3.9', '3');

INSERT INTO Images
Values('/var/www/server/Datasets/MOLF/OriginalDataset/DB1_Lumidgm/3_1_9.wsq', '3.9.1', '3.9', 352, 544, 500);

INSERT INTO Features
Values('3.9.1', '3.9.1.1', 50);

INSERT INTO Minutiaes
Values('3.9.1.1.1', '3.9.1.1', '/var/www/server/Datasets/MOLF/MindtctOutput/DB1_Lumidgm/3_1_9.xyt');

INSERT INTO Images
Values('/var/www/server/Datasets/MOLF/OriginalDataset/DB1_Lumidgm/3_2_9.wsq', '3.9.2', '3.9', 352, 544, 500);

INSERT INTO Features
Values('3.9.2', '3.9.2.1', 72);

INSERT INTO Minutiaes
Values('3.9.2.1.1', '3.9.2.1', '/var/www/server/Datasets/MOLF/MindtctOutput/DB1_Lumidgm/3_2_9.xyt');

INSERT INTO Images
Values('/var/www/server/Datasets/MOLF/OriginalDataset/DB1_Lumidgm/3_3_9.wsq', '3.9.3', '3.9', 352, 544, 500);

INSERT INTO Features
Values('3.9.3', '3.9.3.1', 70);

INSERT INTO Minutiaes
Values('3.9.3.1.1', '3.9.3.1', '/var/www/server/Datasets/MOLF/MindtctOutput/DB1_Lumidgm/3_3_9.xyt');

INSERT INTO Images
Values('/var/www/server/Datasets/MOLF/OriginalDataset/DB1_Lumidgm/3_4_9.wsq', '3.9.4', '3.9', 352, 544, 500);

INSERT INTO Features
Values('3.9.4', '3.9.4.1', 69);

INSERT INTO Minutiaes
Values('3.9.4.1.1', '3.9.4.1', '/var/www/server/Datasets/MOLF/MindtctOutput/DB1_Lumidgm/3_4_9.xyt');

INSERT INTO Fingers
Values(NULL, 10, '3.10', '3');

INSERT INTO Images
Values('/var/www/server/Datasets/MOLF/OriginalDataset/DB1_Lumidgm/3_1_10.wsq', '3.10.1', '3.10', 352, 544, 500);

INSERT INTO Features
Values('3.10.1', '3.10.1.1', 55);

INSERT INTO Minutiaes
Values('3.10.1.1.1', '3.10.1.1', '/var/www/server/Datasets/MOLF/MindtctOutput/DB1_Lumidgm/3_1_10.xyt');

INSERT INTO Images
Values('/var/www/server/Datasets/MOLF/OriginalDataset/DB1_Lumidgm/3_2_10.wsq', '3.10.2', '3.10', 352, 544, 500);

INSERT INTO Features
Values('3.10.2', '3.10.2.1', 77);

INSERT INTO Minutiaes
Values('3.10.2.1.1', '3.10.2.1', '/var/www/server/Datasets/MOLF/MindtctOutput/DB1_Lumidgm/3_2_10.xyt');

INSERT INTO Images
Values('/var/www/server/Datasets/MOLF/OriginalDataset/DB1_Lumidgm/3_3_10.wsq', '3.10.3', '3.10', 352, 544, 500);

INSERT INTO Features
Values('3.10.3', '3.10.3.1', 70);

INSERT INTO Minutiaes
Values('3.10.3.1.1', '3.10.3.1', '/var/www/server/Datasets/MOLF/MindtctOutput/DB1_Lumidgm/3_3_10.xyt');

INSERT INTO Images
Values('/var/www/server/Datasets/MOLF/OriginalDataset/DB1_Lumidgm/3_4_10.wsq', '3.10.4', '3.10', 352, 544, 500);

INSERT INTO Features
Values('3.10.4', '3.10.4.1', 69);

INSERT INTO Minutiaes
Values('3.10.4.1.1', '3.10.4.1', '/var/www/server/Datasets/MOLF/MindtctOutput/DB1_Lumidgm/3_4_10.xyt');

#------------------------SUBJECT 4------------------------
INSERT INTO Subjects
Values('4');

INSERT INTO Fingers
Values(NULL, 1, '4.1', '4');

INSERT INTO Images
Values('/var/www/server/Datasets/MOLF/OriginalDataset/DB1_Lumidgm/4_1_1.wsq', '4.1.1', '4.1', 352, 544, 500);

INSERT INTO Features
Values('4.1.1', '4.1.1.1', 75);

INSERT INTO Minutiaes
Values('4.1.1.1.1', '4.1.1.1', '/var/www/server/Datasets/MOLF/MindtctOutput/DB1_Lumidgm/4_1_1.xyt');

INSERT INTO Images
Values('/var/www/server/Datasets/MOLF/OriginalDataset/DB1_Lumidgm/4_2_1.wsq', '4.1.2', '4.1', 352, 544, 500);

INSERT INTO Features
Values('4.1.2', '4.1.2.1', 63);

INSERT INTO Minutiaes
Values('4.1.2.1.1', '4.1.2.1', '/var/www/server/Datasets/MOLF/MindtctOutput/DB1_Lumidgm/4_2_1.xyt');

INSERT INTO Images
Values('/var/www/server/Datasets/MOLF/OriginalDataset/DB1_Lumidgm/4_3_1.wsq', '4.1.3', '4.1', 352, 544, 500);

INSERT INTO Features
Values('4.1.3', '4.1.3.1', 101);

INSERT INTO Minutiaes
Values('4.1.3.1.1', '4.1.3.1', '/var/www/server/Datasets/MOLF/MindtctOutput/DB1_Lumidgm/4_3_1.xyt');

INSERT INTO Images
Values('/var/www/server/Datasets/MOLF/OriginalDataset/DB1_Lumidgm/4_4_1.wsq', '4.1.4', '4.1', 352, 544, 500);

INSERT INTO Features
Values('4.1.4', '4.1.4.1', 93);

INSERT INTO Minutiaes
Values('4.1.4.1.1', '4.1.4.1', '/var/www/server/Datasets/MOLF/MindtctOutput/DB1_Lumidgm/4_4_1.xyt');

INSERT INTO Fingers
Values(NULL, 2, '4.2', '4');

INSERT INTO Images
Values('/var/www/server/Datasets/MOLF/OriginalDataset/DB1_Lumidgm/4_1_2.wsq', '4.2.1', '4.2', 352, 544, 500);

INSERT INTO Features
Values('4.2.1', '4.2.1.1', 51);

INSERT INTO Minutiaes
Values('4.2.1.1.1', '4.2.1.1', '/var/www/server/Datasets/MOLF/MindtctOutput/DB1_Lumidgm/4_1_2.xyt');

INSERT INTO Images
Values('/var/www/server/Datasets/MOLF/OriginalDataset/DB1_Lumidgm/4_2_2.wsq', '4.2.2', '4.2', 352, 544, 500);

INSERT INTO Features
Values('4.2.2', '4.2.2.1', 73);

INSERT INTO Minutiaes
Values('4.2.2.1.1', '4.2.2.1', '/var/www/server/Datasets/MOLF/MindtctOutput/DB1_Lumidgm/4_2_2.xyt');

INSERT INTO Images
Values('/var/www/server/Datasets/MOLF/OriginalDataset/DB1_Lumidgm/4_3_2.wsq', '4.2.3', '4.2', 352, 544, 500);

INSERT INTO Features
Values('4.2.3', '4.2.3.1', 83);

INSERT INTO Minutiaes
Values('4.2.3.1.1', '4.2.3.1', '/var/www/server/Datasets/MOLF/MindtctOutput/DB1_Lumidgm/4_3_2.xyt');

INSERT INTO Images
Values('/var/www/server/Datasets/MOLF/OriginalDataset/DB1_Lumidgm/4_4_2.wsq', '4.2.4', '4.2', 352, 544, 500);

INSERT INTO Features
Values('4.2.4', '4.2.4.1', 54);

INSERT INTO Minutiaes
Values('4.2.4.1.1', '4.2.4.1', '/var/www/server/Datasets/MOLF/MindtctOutput/DB1_Lumidgm/4_4_2.xyt');

INSERT INTO Fingers
Values(NULL, 3, '4.3', '4');

INSERT INTO Images
Values('/var/www/server/Datasets/MOLF/OriginalDataset/DB1_Lumidgm/4_1_3.wsq', '4.3.1', '4.3', 352, 544, 500);

INSERT INTO Features
Values('4.3.1', '4.3.1.1', 60);

INSERT INTO Minutiaes
Values('4.3.1.1.1', '4.3.1.1', '/var/www/server/Datasets/MOLF/MindtctOutput/DB1_Lumidgm/4_1_3.xyt');

INSERT INTO Images
Values('/var/www/server/Datasets/MOLF/OriginalDataset/DB1_Lumidgm/4_2_3.wsq', '4.3.2', '4.3', 352, 544, 500);

INSERT INTO Features
Values('4.3.2', '4.3.2.1', 61);

INSERT INTO Minutiaes
Values('4.3.2.1.1', '4.3.2.1', '/var/www/server/Datasets/MOLF/MindtctOutput/DB1_Lumidgm/4_2_3.xyt');

INSERT INTO Images
Values('/var/www/server/Datasets/MOLF/OriginalDataset/DB1_Lumidgm/4_3_3.wsq', '4.3.3', '4.3', 352, 544, 500);

INSERT INTO Features
Values('4.3.3', '4.3.3.1', 47);

INSERT INTO Minutiaes
Values('4.3.3.1.1', '4.3.3.1', '/var/www/server/Datasets/MOLF/MindtctOutput/DB1_Lumidgm/4_3_3.xyt');

INSERT INTO Images
Values('/var/www/server/Datasets/MOLF/OriginalDataset/DB1_Lumidgm/4_4_3.wsq', '4.3.4', '4.3', 352, 544, 500);

INSERT INTO Features
Values('4.3.4', '4.3.4.1', 67);

INSERT INTO Minutiaes
Values('4.3.4.1.1', '4.3.4.1', '/var/www/server/Datasets/MOLF/MindtctOutput/DB1_Lumidgm/4_4_3.xyt');

INSERT INTO Fingers
Values(NULL, 4, '4.4', '4');

INSERT INTO Images
Values('/var/www/server/Datasets/MOLF/OriginalDataset/DB1_Lumidgm/4_1_4.wsq', '4.4.1', '4.4', 352, 544, 500);

INSERT INTO Features
Values('4.4.1', '4.4.1.1', 78);

INSERT INTO Minutiaes
Values('4.4.1.1.1', '4.4.1.1', '/var/www/server/Datasets/MOLF/MindtctOutput/DB1_Lumidgm/4_1_4.xyt');

INSERT INTO Images
Values('/var/www/server/Datasets/MOLF/OriginalDataset/DB1_Lumidgm/4_2_4.wsq', '4.4.2', '4.4', 352, 544, 500);

INSERT INTO Features
Values('4.4.2', '4.4.2.1', 81);

INSERT INTO Minutiaes
Values('4.4.2.1.1', '4.4.2.1', '/var/www/server/Datasets/MOLF/MindtctOutput/DB1_Lumidgm/4_2_4.xyt');

INSERT INTO Images
Values('/var/www/server/Datasets/MOLF/OriginalDataset/DB1_Lumidgm/4_3_4.wsq', '4.4.3', '4.4', 352, 544, 500);

INSERT INTO Features
Values('4.4.3', '4.4.3.1', 78);

INSERT INTO Minutiaes
Values('4.4.3.1.1', '4.4.3.1', '/var/www/server/Datasets/MOLF/MindtctOutput/DB1_Lumidgm/4_3_4.xyt');

INSERT INTO Images
Values('/var/www/server/Datasets/MOLF/OriginalDataset/DB1_Lumidgm/4_4_4.wsq', '4.4.4', '4.4', 352, 544, 500);

INSERT INTO Features
Values('4.4.4', '4.4.4.1', 80);

INSERT INTO Minutiaes
Values('4.4.4.1.1', '4.4.4.1', '/var/www/server/Datasets/MOLF/MindtctOutput/DB1_Lumidgm/4_4_4.xyt');

INSERT INTO Fingers
Values(NULL, 5, '4.5', '4');

INSERT INTO Images
Values('/var/www/server/Datasets/MOLF/OriginalDataset/DB1_Lumidgm/4_1_5.wsq', '4.5.1', '4.5', 352, 544, 500);

INSERT INTO Features
Values('4.5.1', '4.5.1.1', 86);

INSERT INTO Minutiaes
Values('4.5.1.1.1', '4.5.1.1', '/var/www/server/Datasets/MOLF/MindtctOutput/DB1_Lumidgm/4_1_5.xyt');

INSERT INTO Images
Values('/var/www/server/Datasets/MOLF/OriginalDataset/DB1_Lumidgm/4_2_5.wsq', '4.5.2', '4.5', 352, 544, 500);

INSERT INTO Features
Values('4.5.2', '4.5.2.1', 55);

INSERT INTO Minutiaes
Values('4.5.2.1.1', '4.5.2.1', '/var/www/server/Datasets/MOLF/MindtctOutput/DB1_Lumidgm/4_2_5.xyt');

INSERT INTO Images
Values('/var/www/server/Datasets/MOLF/OriginalDataset/DB1_Lumidgm/4_3_5.wsq', '4.5.3', '4.5', 352, 544, 500);

INSERT INTO Features
Values('4.5.3', '4.5.3.1', 49);

INSERT INTO Minutiaes
Values('4.5.3.1.1', '4.5.3.1', '/var/www/server/Datasets/MOLF/MindtctOutput/DB1_Lumidgm/4_3_5.xyt');

INSERT INTO Images
Values('/var/www/server/Datasets/MOLF/OriginalDataset/DB1_Lumidgm/4_4_5.wsq', '4.5.4', '4.5', 352, 544, 500);

INSERT INTO Features
Values('4.5.4', '4.5.4.1', 62);

INSERT INTO Minutiaes
Values('4.5.4.1.1', '4.5.4.1', '/var/www/server/Datasets/MOLF/MindtctOutput/DB1_Lumidgm/4_4_5.xyt');

INSERT INTO Fingers
Values(NULL, 6, '4.6', '4');

INSERT INTO Images
Values('/var/www/server/Datasets/MOLF/OriginalDataset/DB1_Lumidgm/4_1_6.wsq', '4.6.1', '4.6', 352, 544, 500);

INSERT INTO Features
Values('4.6.1', '4.6.1.1', 70);

INSERT INTO Minutiaes
Values('4.6.1.1.1', '4.6.1.1', '/var/www/server/Datasets/MOLF/MindtctOutput/DB1_Lumidgm/4_1_6.xyt');

INSERT INTO Images
Values('/var/www/server/Datasets/MOLF/OriginalDataset/DB1_Lumidgm/4_2_6.wsq', '4.6.2', '4.6', 352, 544, 500);

INSERT INTO Features
Values('4.6.2', '4.6.2.1', 69);

INSERT INTO Minutiaes
Values('4.6.2.1.1', '4.6.2.1', '/var/www/server/Datasets/MOLF/MindtctOutput/DB1_Lumidgm/4_2_6.xyt');

INSERT INTO Images
Values('/var/www/server/Datasets/MOLF/OriginalDataset/DB1_Lumidgm/4_3_6.wsq', '4.6.3', '4.6', 352, 544, 500);

INSERT INTO Features
Values('4.6.3', '4.6.3.1', 63);

INSERT INTO Minutiaes
Values('4.6.3.1.1', '4.6.3.1', '/var/www/server/Datasets/MOLF/MindtctOutput/DB1_Lumidgm/4_3_6.xyt');

INSERT INTO Images
Values('/var/www/server/Datasets/MOLF/OriginalDataset/DB1_Lumidgm/4_4_6.wsq', '4.6.4', '4.6', 352, 544, 500);

INSERT INTO Features
Values('4.6.4', '4.6.4.1', 56);

INSERT INTO Minutiaes
Values('4.6.4.1.1', '4.6.4.1', '/var/www/server/Datasets/MOLF/MindtctOutput/DB1_Lumidgm/4_4_6.xyt');

INSERT INTO Fingers
Values(NULL, 7, '4.7', '4');

INSERT INTO Images
Values('/var/www/server/Datasets/MOLF/OriginalDataset/DB1_Lumidgm/4_1_7.wsq', '4.7.1', '4.7', 352, 544, 500);

INSERT INTO Features
Values('4.7.1', '4.7.1.1', 64);

INSERT INTO Minutiaes
Values('4.7.1.1.1', '4.7.1.1', '/var/www/server/Datasets/MOLF/MindtctOutput/DB1_Lumidgm/4_1_7.xyt');

INSERT INTO Images
Values('/var/www/server/Datasets/MOLF/OriginalDataset/DB1_Lumidgm/4_2_7.wsq', '4.7.2', '4.7', 352, 544, 500);

INSERT INTO Features
Values('4.7.2', '4.7.2.1', 66);

INSERT INTO Minutiaes
Values('4.7.2.1.1', '4.7.2.1', '/var/www/server/Datasets/MOLF/MindtctOutput/DB1_Lumidgm/4_2_7.xyt');

INSERT INTO Images
Values('/var/www/server/Datasets/MOLF/OriginalDataset/DB1_Lumidgm/4_3_7.wsq', '4.7.3', '4.7', 352, 544, 500);

INSERT INTO Features
Values('4.7.3', '4.7.3.1', 57);

INSERT INTO Minutiaes
Values('4.7.3.1.1', '4.7.3.1', '/var/www/server/Datasets/MOLF/MindtctOutput/DB1_Lumidgm/4_3_7.xyt');

INSERT INTO Images
Values('/var/www/server/Datasets/MOLF/OriginalDataset/DB1_Lumidgm/4_4_7.wsq', '4.7.4', '4.7', 352, 544, 500);

INSERT INTO Features
Values('4.7.4', '4.7.4.1', 70);

INSERT INTO Minutiaes
Values('4.7.4.1.1', '4.7.4.1', '/var/www/server/Datasets/MOLF/MindtctOutput/DB1_Lumidgm/4_4_7.xyt');

INSERT INTO Fingers
Values(NULL, 8, '4.8', '4');

INSERT INTO Images
Values('/var/www/server/Datasets/MOLF/OriginalDataset/DB1_Lumidgm/4_1_8.wsq', '4.8.1', '4.8', 352, 544, 500);

INSERT INTO Features
Values('4.8.1', '4.8.1.1', 69);

INSERT INTO Minutiaes
Values('4.8.1.1.1', '4.8.1.1', '/var/www/server/Datasets/MOLF/MindtctOutput/DB1_Lumidgm/4_1_8.xyt');

INSERT INTO Images
Values('/var/www/server/Datasets/MOLF/OriginalDataset/DB1_Lumidgm/4_2_8.wsq', '4.8.2', '4.8', 352, 544, 500);

INSERT INTO Features
Values('4.8.2', '4.8.2.1', 53);

INSERT INTO Minutiaes
Values('4.8.2.1.1', '4.8.2.1', '/var/www/server/Datasets/MOLF/MindtctOutput/DB1_Lumidgm/4_2_8.xyt');

INSERT INTO Images
Values('/var/www/server/Datasets/MOLF/OriginalDataset/DB1_Lumidgm/4_3_8.wsq', '4.8.3', '4.8', 352, 544, 500);

INSERT INTO Features
Values('4.8.3', '4.8.3.1', 94);

INSERT INTO Minutiaes
Values('4.8.3.1.1', '4.8.3.1', '/var/www/server/Datasets/MOLF/MindtctOutput/DB1_Lumidgm/4_3_8.xyt');

INSERT INTO Images
Values('/var/www/server/Datasets/MOLF/OriginalDataset/DB1_Lumidgm/4_4_8.wsq', '4.8.4', '4.8', 352, 544, 500);

INSERT INTO Features
Values('4.8.4', '4.8.4.1', 75);

INSERT INTO Minutiaes
Values('4.8.4.1.1', '4.8.4.1', '/var/www/server/Datasets/MOLF/MindtctOutput/DB1_Lumidgm/4_4_8.xyt');

INSERT INTO Fingers
Values(NULL, 9, '4.9', '4');

INSERT INTO Images
Values('/var/www/server/Datasets/MOLF/OriginalDataset/DB1_Lumidgm/4_1_9.wsq', '4.9.1', '4.9', 352, 544, 500);

INSERT INTO Features
Values('4.9.1', '4.9.1.1', 58);

INSERT INTO Minutiaes
Values('4.9.1.1.1', '4.9.1.1', '/var/www/server/Datasets/MOLF/MindtctOutput/DB1_Lumidgm/4_1_9.xyt');

INSERT INTO Images
Values('/var/www/server/Datasets/MOLF/OriginalDataset/DB1_Lumidgm/4_2_9.wsq', '4.9.2', '4.9', 352, 544, 500);

INSERT INTO Features
Values('4.9.2', '4.9.2.1', 61);

INSERT INTO Minutiaes
Values('4.9.2.1.1', '4.9.2.1', '/var/www/server/Datasets/MOLF/MindtctOutput/DB1_Lumidgm/4_2_9.xyt');

INSERT INTO Images
Values('/var/www/server/Datasets/MOLF/OriginalDataset/DB1_Lumidgm/4_3_9.wsq', '4.9.3', '4.9', 352, 544, 500);

INSERT INTO Features
Values('4.9.3', '4.9.3.1', 58);

INSERT INTO Minutiaes
Values('4.9.3.1.1', '4.9.3.1', '/var/www/server/Datasets/MOLF/MindtctOutput/DB1_Lumidgm/4_3_9.xyt');

INSERT INTO Images
Values('/var/www/server/Datasets/MOLF/OriginalDataset/DB1_Lumidgm/4_4_9.wsq', '4.9.4', '4.9', 352, 544, 500);

INSERT INTO Features
Values('4.9.4', '4.9.4.1', 67);

INSERT INTO Minutiaes
Values('4.9.4.1.1', '4.9.4.1', '/var/www/server/Datasets/MOLF/MindtctOutput/DB1_Lumidgm/4_4_9.xyt');

INSERT INTO Fingers
Values(NULL, 10, '4.10', '4');

INSERT INTO Images
Values('/var/www/server/Datasets/MOLF/OriginalDataset/DB1_Lumidgm/4_1_10.wsq', '4.10.1', '4.10', 352, 544, 500);

INSERT INTO Features
Values('4.10.1', '4.10.1.1', 60);

INSERT INTO Minutiaes
Values('4.10.1.1.1', '4.10.1.1', '/var/www/server/Datasets/MOLF/MindtctOutput/DB1_Lumidgm/4_1_10.xyt');

INSERT INTO Images
Values('/var/www/server/Datasets/MOLF/OriginalDataset/DB1_Lumidgm/4_2_10.wsq', '4.10.2', '4.10', 352, 544, 500);

INSERT INTO Features
Values('4.10.2', '4.10.2.1', 78);

INSERT INTO Minutiaes
Values('4.10.2.1.1', '4.10.2.1', '/var/www/server/Datasets/MOLF/MindtctOutput/DB1_Lumidgm/4_2_10.xyt');

INSERT INTO Images
Values('/var/www/server/Datasets/MOLF/OriginalDataset/DB1_Lumidgm/4_3_10.wsq', '4.10.3', '4.10', 352, 544, 500);

INSERT INTO Features
Values('4.10.3', '4.10.3.1', 60);

INSERT INTO Minutiaes
Values('4.10.3.1.1', '4.10.3.1', '/var/www/server/Datasets/MOLF/MindtctOutput/DB1_Lumidgm/4_3_10.xyt');

INSERT INTO Images
Values('/var/www/server/Datasets/MOLF/OriginalDataset/DB1_Lumidgm/4_4_10.wsq', '4.10.4', '4.10', 352, 544, 500);

INSERT INTO Features
Values('4.10.4', '4.10.4.1', 53);

INSERT INTO Minutiaes
Values('4.10.4.1.1', '4.10.4.1', '/var/www/server/Datasets/MOLF/MindtctOutput/DB1_Lumidgm/4_4_10.xyt');

#------------------------SUBJECT 5------------------------
INSERT INTO Subjects
Values('5');

INSERT INTO Fingers
Values(NULL, 1, '5.1', '5');

INSERT INTO Images
Values('/var/www/server/Datasets/MOLF/OriginalDataset/DB1_Lumidgm/5_1_1.wsq', '5.1.1', '5.1', 352, 544, 500);

INSERT INTO Features
Values('5.1.1', '5.1.1.1', 72);

INSERT INTO Minutiaes
Values('5.1.1.1.1', '5.1.1.1', '/var/www/server/Datasets/MOLF/MindtctOutput/DB1_Lumidgm/5_1_1.xyt');

INSERT INTO Images
Values('/var/www/server/Datasets/MOLF/OriginalDataset/DB1_Lumidgm/5_2_1.wsq', '5.1.2', '5.1', 352, 544, 500);

INSERT INTO Features
Values('5.1.2', '5.1.2.1', 60);

INSERT INTO Minutiaes
Values('5.1.2.1.1', '5.1.2.1', '/var/www/server/Datasets/MOLF/MindtctOutput/DB1_Lumidgm/5_2_1.xyt');

INSERT INTO Images
Values('/var/www/server/Datasets/MOLF/OriginalDataset/DB1_Lumidgm/5_3_1.wsq', '5.1.3', '5.1', 352, 544, 500);

INSERT INTO Features
Values('5.1.3', '5.1.3.1', 47);

INSERT INTO Minutiaes
Values('5.1.3.1.1', '5.1.3.1', '/var/www/server/Datasets/MOLF/MindtctOutput/DB1_Lumidgm/5_3_1.xyt');

INSERT INTO Images
Values('/var/www/server/Datasets/MOLF/OriginalDataset/DB1_Lumidgm/5_4_1.wsq', '5.1.4', '5.1', 352, 544, 500);

INSERT INTO Features
Values('5.1.4', '5.1.4.1', 62);

INSERT INTO Minutiaes
Values('5.1.4.1.1', '5.1.4.1', '/var/www/server/Datasets/MOLF/MindtctOutput/DB1_Lumidgm/5_4_1.xyt');

INSERT INTO Fingers
Values(NULL, 2, '5.2', '5');

INSERT INTO Images
Values('/var/www/server/Datasets/MOLF/OriginalDataset/DB1_Lumidgm/5_1_2.wsq', '5.2.1', '5.2', 352, 544, 500);

INSERT INTO Features
Values('5.2.1', '5.2.1.1', 71);

INSERT INTO Minutiaes
Values('5.2.1.1.1', '5.2.1.1', '/var/www/server/Datasets/MOLF/MindtctOutput/DB1_Lumidgm/5_1_2.xyt');

INSERT INTO Images
Values('/var/www/server/Datasets/MOLF/OriginalDataset/DB1_Lumidgm/5_2_2.wsq', '5.2.2', '5.2', 352, 544, 500);

INSERT INTO Features
Values('5.2.2', '5.2.2.1', 68);

INSERT INTO Minutiaes
Values('5.2.2.1.1', '5.2.2.1', '/var/www/server/Datasets/MOLF/MindtctOutput/DB1_Lumidgm/5_2_2.xyt');

INSERT INTO Images
Values('/var/www/server/Datasets/MOLF/OriginalDataset/DB1_Lumidgm/5_3_2.wsq', '5.2.3', '5.2', 352, 544, 500);

INSERT INTO Features
Values('5.2.3', '5.2.3.1', 56);

INSERT INTO Minutiaes
Values('5.2.3.1.1', '5.2.3.1', '/var/www/server/Datasets/MOLF/MindtctOutput/DB1_Lumidgm/5_3_2.xyt');

INSERT INTO Images
Values('/var/www/server/Datasets/MOLF/OriginalDataset/DB1_Lumidgm/5_4_2.wsq', '5.2.4', '5.2', 352, 544, 500);

INSERT INTO Features
Values('5.2.4', '5.2.4.1', 59);

INSERT INTO Minutiaes
Values('5.2.4.1.1', '5.2.4.1', '/var/www/server/Datasets/MOLF/MindtctOutput/DB1_Lumidgm/5_4_2.xyt');

INSERT INTO Fingers
Values(NULL, 3, '5.3', '5');

INSERT INTO Images
Values('/var/www/server/Datasets/MOLF/OriginalDataset/DB1_Lumidgm/5_1_3.wsq', '5.3.1', '5.3', 352, 544, 500);

INSERT INTO Features
Values('5.3.1', '5.3.1.1', 94);

INSERT INTO Minutiaes
Values('5.3.1.1.1', '5.3.1.1', '/var/www/server/Datasets/MOLF/MindtctOutput/DB1_Lumidgm/5_1_3.xyt');

INSERT INTO Images
Values('/var/www/server/Datasets/MOLF/OriginalDataset/DB1_Lumidgm/5_2_3.wsq', '5.3.2', '5.3', 352, 544, 500);

INSERT INTO Features
Values('5.3.2', '5.3.2.1', 59);

INSERT INTO Minutiaes
Values('5.3.2.1.1', '5.3.2.1', '/var/www/server/Datasets/MOLF/MindtctOutput/DB1_Lumidgm/5_2_3.xyt');

INSERT INTO Images
Values('/var/www/server/Datasets/MOLF/OriginalDataset/DB1_Lumidgm/5_3_3.wsq', '5.3.3', '5.3', 352, 544, 500);

INSERT INTO Features
Values('5.3.3', '5.3.3.1', 67);

INSERT INTO Minutiaes
Values('5.3.3.1.1', '5.3.3.1', '/var/www/server/Datasets/MOLF/MindtctOutput/DB1_Lumidgm/5_3_3.xyt');

INSERT INTO Images
Values('/var/www/server/Datasets/MOLF/OriginalDataset/DB1_Lumidgm/5_4_3.wsq', '5.3.4', '5.3', 352, 544, 500);

INSERT INTO Features
Values('5.3.4', '5.3.4.1', 63);

INSERT INTO Minutiaes
Values('5.3.4.1.1', '5.3.4.1', '/var/www/server/Datasets/MOLF/MindtctOutput/DB1_Lumidgm/5_4_3.xyt');

INSERT INTO Fingers
Values(NULL, 4, '5.4', '5');

INSERT INTO Images
Values('/var/www/server/Datasets/MOLF/OriginalDataset/DB1_Lumidgm/5_1_4.wsq', '5.4.1', '5.4', 352, 544, 500);

INSERT INTO Features
Values('5.4.1', '5.4.1.1', 102);

INSERT INTO Minutiaes
Values('5.4.1.1.1', '5.4.1.1', '/var/www/server/Datasets/MOLF/MindtctOutput/DB1_Lumidgm/5_1_4.xyt');

INSERT INTO Images
Values('/var/www/server/Datasets/MOLF/OriginalDataset/DB1_Lumidgm/5_2_4.wsq', '5.4.2', '5.4', 352, 544, 500);

INSERT INTO Features
Values('5.4.2', '5.4.2.1', 82);

INSERT INTO Minutiaes
Values('5.4.2.1.1', '5.4.2.1', '/var/www/server/Datasets/MOLF/MindtctOutput/DB1_Lumidgm/5_2_4.xyt');

INSERT INTO Images
Values('/var/www/server/Datasets/MOLF/OriginalDataset/DB1_Lumidgm/5_3_4.wsq', '5.4.3', '5.4', 352, 544, 500);

INSERT INTO Features
Values('5.4.3', '5.4.3.1', 66);

INSERT INTO Minutiaes
Values('5.4.3.1.1', '5.4.3.1', '/var/www/server/Datasets/MOLF/MindtctOutput/DB1_Lumidgm/5_3_4.xyt');

INSERT INTO Images
Values('/var/www/server/Datasets/MOLF/OriginalDataset/DB1_Lumidgm/5_4_4.wsq', '5.4.4', '5.4', 352, 544, 500);

INSERT INTO Features
Values('5.4.4', '5.4.4.1', 85);

INSERT INTO Minutiaes
Values('5.4.4.1.1', '5.4.4.1', '/var/www/server/Datasets/MOLF/MindtctOutput/DB1_Lumidgm/5_4_4.xyt');

INSERT INTO Fingers
Values(NULL, 5, '5.5', '5');

INSERT INTO Images
Values('/var/www/server/Datasets/MOLF/OriginalDataset/DB1_Lumidgm/5_1_5.wsq', '5.5.1', '5.5', 352, 544, 500);

INSERT INTO Features
Values('5.5.1', '5.5.1.1', 96);

INSERT INTO Minutiaes
Values('5.5.1.1.1', '5.5.1.1', '/var/www/server/Datasets/MOLF/MindtctOutput/DB1_Lumidgm/5_1_5.xyt');

INSERT INTO Images
Values('/var/www/server/Datasets/MOLF/OriginalDataset/DB1_Lumidgm/5_2_5.wsq', '5.5.2', '5.5', 352, 544, 500);

INSERT INTO Features
Values('5.5.2', '5.5.2.1', 73);

INSERT INTO Minutiaes
Values('5.5.2.1.1', '5.5.2.1', '/var/www/server/Datasets/MOLF/MindtctOutput/DB1_Lumidgm/5_2_5.xyt');

INSERT INTO Images
Values('/var/www/server/Datasets/MOLF/OriginalDataset/DB1_Lumidgm/5_3_5.wsq', '5.5.3', '5.5', 352, 544, 500);

INSERT INTO Features
Values('5.5.3', '5.5.3.1', 81);

INSERT INTO Minutiaes
Values('5.5.3.1.1', '5.5.3.1', '/var/www/server/Datasets/MOLF/MindtctOutput/DB1_Lumidgm/5_3_5.xyt');

INSERT INTO Images
Values('/var/www/server/Datasets/MOLF/OriginalDataset/DB1_Lumidgm/5_4_5.wsq', '5.5.4', '5.5', 352, 544, 500);

INSERT INTO Features
Values('5.5.4', '5.5.4.1', 101);

INSERT INTO Minutiaes
Values('5.5.4.1.1', '5.5.4.1', '/var/www/server/Datasets/MOLF/MindtctOutput/DB1_Lumidgm/5_4_5.xyt');

INSERT INTO Fingers
Values(NULL, 6, '5.6', '5');

INSERT INTO Images
Values('/var/www/server/Datasets/MOLF/OriginalDataset/DB1_Lumidgm/5_1_6.wsq', '5.6.1', '5.6', 352, 544, 500);

INSERT INTO Features
Values('5.6.1', '5.6.1.1', 52);

INSERT INTO Minutiaes
Values('5.6.1.1.1', '5.6.1.1', '/var/www/server/Datasets/MOLF/MindtctOutput/DB1_Lumidgm/5_1_6.xyt');

INSERT INTO Images
Values('/var/www/server/Datasets/MOLF/OriginalDataset/DB1_Lumidgm/5_2_6.wsq', '5.6.2', '5.6', 352, 544, 500);

INSERT INTO Features
Values('5.6.2', '5.6.2.1', 57);

INSERT INTO Minutiaes
Values('5.6.2.1.1', '5.6.2.1', '/var/www/server/Datasets/MOLF/MindtctOutput/DB1_Lumidgm/5_2_6.xyt');

INSERT INTO Images
Values('/var/www/server/Datasets/MOLF/OriginalDataset/DB1_Lumidgm/5_3_6.wsq', '5.6.3', '5.6', 352, 544, 500);

INSERT INTO Features
Values('5.6.3', '5.6.3.1', 43);

INSERT INTO Minutiaes
Values('5.6.3.1.1', '5.6.3.1', '/var/www/server/Datasets/MOLF/MindtctOutput/DB1_Lumidgm/5_3_6.xyt');

INSERT INTO Images
Values('/var/www/server/Datasets/MOLF/OriginalDataset/DB1_Lumidgm/5_4_6.wsq', '5.6.4', '5.6', 352, 544, 500);

INSERT INTO Features
Values('5.6.4', '5.6.4.1', 46);

INSERT INTO Minutiaes
Values('5.6.4.1.1', '5.6.4.1', '/var/www/server/Datasets/MOLF/MindtctOutput/DB1_Lumidgm/5_4_6.xyt');

INSERT INTO Fingers
Values(NULL, 7, '5.7', '5');

INSERT INTO Images
Values('/var/www/server/Datasets/MOLF/OriginalDataset/DB1_Lumidgm/5_1_7.wsq', '5.7.1', '5.7', 352, 544, 500);

INSERT INTO Features
Values('5.7.1', '5.7.1.1', 76);

INSERT INTO Minutiaes
Values('5.7.1.1.1', '5.7.1.1', '/var/www/server/Datasets/MOLF/MindtctOutput/DB1_Lumidgm/5_1_7.xyt');

INSERT INTO Images
Values('/var/www/server/Datasets/MOLF/OriginalDataset/DB1_Lumidgm/5_2_7.wsq', '5.7.2', '5.7', 352, 544, 500);

INSERT INTO Features
Values('5.7.2', '5.7.2.1', 60);

INSERT INTO Minutiaes
Values('5.7.2.1.1', '5.7.2.1', '/var/www/server/Datasets/MOLF/MindtctOutput/DB1_Lumidgm/5_2_7.xyt');

INSERT INTO Images
Values('/var/www/server/Datasets/MOLF/OriginalDataset/DB1_Lumidgm/5_3_7.wsq', '5.7.3', '5.7', 352, 544, 500);

INSERT INTO Features
Values('5.7.3', '5.7.3.1', 63);

INSERT INTO Minutiaes
Values('5.7.3.1.1', '5.7.3.1', '/var/www/server/Datasets/MOLF/MindtctOutput/DB1_Lumidgm/5_3_7.xyt');

INSERT INTO Images
Values('/var/www/server/Datasets/MOLF/OriginalDataset/DB1_Lumidgm/5_4_7.wsq', '5.7.4', '5.7', 352, 544, 500);

INSERT INTO Features
Values('5.7.4', '5.7.4.1', 64);

INSERT INTO Minutiaes
Values('5.7.4.1.1', '5.7.4.1', '/var/www/server/Datasets/MOLF/MindtctOutput/DB1_Lumidgm/5_4_7.xyt');

INSERT INTO Fingers
Values(NULL, 8, '5.8', '5');

INSERT INTO Images
Values('/var/www/server/Datasets/MOLF/OriginalDataset/DB1_Lumidgm/5_1_8.wsq', '5.8.1', '5.8', 352, 544, 500);

INSERT INTO Features
Values('5.8.1', '5.8.1.1', 91);

INSERT INTO Minutiaes
Values('5.8.1.1.1', '5.8.1.1', '/var/www/server/Datasets/MOLF/MindtctOutput/DB1_Lumidgm/5_1_8.xyt');

INSERT INTO Images
Values('/var/www/server/Datasets/MOLF/OriginalDataset/DB1_Lumidgm/5_2_8.wsq', '5.8.2', '5.8', 352, 544, 500);

INSERT INTO Features
Values('5.8.2', '5.8.2.1', 85);

INSERT INTO Minutiaes
Values('5.8.2.1.1', '5.8.2.1', '/var/www/server/Datasets/MOLF/MindtctOutput/DB1_Lumidgm/5_2_8.xyt');

INSERT INTO Images
Values('/var/www/server/Datasets/MOLF/OriginalDataset/DB1_Lumidgm/5_3_8.wsq', '5.8.3', '5.8', 352, 544, 500);

INSERT INTO Features
Values('5.8.3', '5.8.3.1', 91);

INSERT INTO Minutiaes
Values('5.8.3.1.1', '5.8.3.1', '/var/www/server/Datasets/MOLF/MindtctOutput/DB1_Lumidgm/5_3_8.xyt');

INSERT INTO Images
Values('/var/www/server/Datasets/MOLF/OriginalDataset/DB1_Lumidgm/5_4_8.wsq', '5.8.4', '5.8', 352, 544, 500);

INSERT INTO Features
Values('5.8.4', '5.8.4.1', 90);

INSERT INTO Minutiaes
Values('5.8.4.1.1', '5.8.4.1', '/var/www/server/Datasets/MOLF/MindtctOutput/DB1_Lumidgm/5_4_8.xyt');

INSERT INTO Fingers
Values(NULL, 9, '5.9', '5');

INSERT INTO Images
Values('/var/www/server/Datasets/MOLF/OriginalDataset/DB1_Lumidgm/5_1_9.wsq', '5.9.1', '5.9', 352, 544, 500);

INSERT INTO Features
Values('5.9.1', '5.9.1.1', 94);

INSERT INTO Minutiaes
Values('5.9.1.1.1', '5.9.1.1', '/var/www/server/Datasets/MOLF/MindtctOutput/DB1_Lumidgm/5_1_9.xyt');

INSERT INTO Images
Values('/var/www/server/Datasets/MOLF/OriginalDataset/DB1_Lumidgm/5_2_9.wsq', '5.9.2', '5.9', 352, 544, 500);

INSERT INTO Features
Values('5.9.2', '5.9.2.1', 82);

INSERT INTO Minutiaes
Values('5.9.2.1.1', '5.9.2.1', '/var/www/server/Datasets/MOLF/MindtctOutput/DB1_Lumidgm/5_2_9.xyt');

INSERT INTO Images
Values('/var/www/server/Datasets/MOLF/OriginalDataset/DB1_Lumidgm/5_3_9.wsq', '5.9.3', '5.9', 352, 544, 500);

INSERT INTO Features
Values('5.9.3', '5.9.3.1', 84);

INSERT INTO Minutiaes
Values('5.9.3.1.1', '5.9.3.1', '/var/www/server/Datasets/MOLF/MindtctOutput/DB1_Lumidgm/5_3_9.xyt');

INSERT INTO Images
Values('/var/www/server/Datasets/MOLF/OriginalDataset/DB1_Lumidgm/5_4_9.wsq', '5.9.4', '5.9', 352, 544, 500);

INSERT INTO Features
Values('5.9.4', '5.9.4.1', 96);

INSERT INTO Minutiaes
Values('5.9.4.1.1', '5.9.4.1', '/var/www/server/Datasets/MOLF/MindtctOutput/DB1_Lumidgm/5_4_9.xyt');

INSERT INTO Fingers
Values(NULL, 10, '5.10', '5');

INSERT INTO Images
Values('/var/www/server/Datasets/MOLF/OriginalDataset/DB1_Lumidgm/5_1_10.wsq', '5.10.1', '5.10', 352, 544, 500);

INSERT INTO Features
Values('5.10.1', '5.10.1.1', 74);

INSERT INTO Minutiaes
Values('5.10.1.1.1', '5.10.1.1', '/var/www/server/Datasets/MOLF/MindtctOutput/DB1_Lumidgm/5_1_10.xyt');

INSERT INTO Images
Values('/var/www/server/Datasets/MOLF/OriginalDataset/DB1_Lumidgm/5_2_10.wsq', '5.10.2', '5.10', 352, 544, 500);

INSERT INTO Features
Values('5.10.2', '5.10.2.1', 95);

INSERT INTO Minutiaes
Values('5.10.2.1.1', '5.10.2.1', '/var/www/server/Datasets/MOLF/MindtctOutput/DB1_Lumidgm/5_2_10.xyt');

INSERT INTO Images
Values('/var/www/server/Datasets/MOLF/OriginalDataset/DB1_Lumidgm/5_3_10.wsq', '5.10.3', '5.10', 352, 544, 500);

INSERT INTO Features
Values('5.10.3', '5.10.3.1', 79);

INSERT INTO Minutiaes
Values('5.10.3.1.1', '5.10.3.1', '/var/www/server/Datasets/MOLF/MindtctOutput/DB1_Lumidgm/5_3_10.xyt');

INSERT INTO Images
Values('/var/www/server/Datasets/MOLF/OriginalDataset/DB1_Lumidgm/5_4_10.wsq', '5.10.4', '5.10', 352, 544, 500);

INSERT INTO Features
Values('5.10.4', '5.10.4.1', 83);

INSERT INTO Minutiaes
Values('5.10.4.1.1', '5.10.4.1', '/var/www/server/Datasets/MOLF/MindtctOutput/DB1_Lumidgm/5_4_10.xyt');

#------------------------SUBJECT 6------------------------
INSERT INTO Subjects
Values('6');

INSERT INTO Fingers
Values(NULL, 1, '6.1', '6');

INSERT INTO Images
Values('/var/www/server/Datasets/MOLF/OriginalDataset/DB1_Lumidgm/6_1_1.wsq', '6.1.1', '6.1', 352, 544, 500);

INSERT INTO Features
Values('6.1.1', '6.1.1.1', 43);

INSERT INTO Minutiaes
Values('6.1.1.1.1', '6.1.1.1', '/var/www/server/Datasets/MOLF/MindtctOutput/DB1_Lumidgm/6_1_1.xyt');

INSERT INTO Images
Values('/var/www/server/Datasets/MOLF/OriginalDataset/DB1_Lumidgm/6_2_1.wsq', '6.1.2', '6.1', 352, 544, 500);

INSERT INTO Features
Values('6.1.2', '6.1.2.1', 57);

INSERT INTO Minutiaes
Values('6.1.2.1.1', '6.1.2.1', '/var/www/server/Datasets/MOLF/MindtctOutput/DB1_Lumidgm/6_2_1.xyt');

INSERT INTO Images
Values('/var/www/server/Datasets/MOLF/OriginalDataset/DB1_Lumidgm/6_3_1.wsq', '6.1.3', '6.1', 352, 544, 500);

INSERT INTO Features
Values('6.1.3', '6.1.3.1', 48);

INSERT INTO Minutiaes
Values('6.1.3.1.1', '6.1.3.1', '/var/www/server/Datasets/MOLF/MindtctOutput/DB1_Lumidgm/6_3_1.xyt');

INSERT INTO Images
Values('/var/www/server/Datasets/MOLF/OriginalDataset/DB1_Lumidgm/6_4_1.wsq', '6.1.4', '6.1', 352, 544, 500);

INSERT INTO Features
Values('6.1.4', '6.1.4.1', 62);

INSERT INTO Minutiaes
Values('6.1.4.1.1', '6.1.4.1', '/var/www/server/Datasets/MOLF/MindtctOutput/DB1_Lumidgm/6_4_1.xyt');

INSERT INTO Fingers
Values(NULL, 2, '6.2', '6');

INSERT INTO Images
Values('/var/www/server/Datasets/MOLF/OriginalDataset/DB1_Lumidgm/6_1_2.wsq', '6.2.1', '6.2', 352, 544, 500);

INSERT INTO Features
Values('6.2.1', '6.2.1.1', 65);

INSERT INTO Minutiaes
Values('6.2.1.1.1', '6.2.1.1', '/var/www/server/Datasets/MOLF/MindtctOutput/DB1_Lumidgm/6_1_2.xyt');

INSERT INTO Images
Values('/var/www/server/Datasets/MOLF/OriginalDataset/DB1_Lumidgm/6_2_2.wsq', '6.2.2', '6.2', 352, 544, 500);

INSERT INTO Features
Values('6.2.2', '6.2.2.1', 78);

INSERT INTO Minutiaes
Values('6.2.2.1.1', '6.2.2.1', '/var/www/server/Datasets/MOLF/MindtctOutput/DB1_Lumidgm/6_2_2.xyt');

INSERT INTO Images
Values('/var/www/server/Datasets/MOLF/OriginalDataset/DB1_Lumidgm/6_3_2.wsq', '6.2.3', '6.2', 352, 544, 500);

INSERT INTO Features
Values('6.2.3', '6.2.3.1', 66);

INSERT INTO Minutiaes
Values('6.2.3.1.1', '6.2.3.1', '/var/www/server/Datasets/MOLF/MindtctOutput/DB1_Lumidgm/6_3_2.xyt');

INSERT INTO Images
Values('/var/www/server/Datasets/MOLF/OriginalDataset/DB1_Lumidgm/6_4_2.wsq', '6.2.4', '6.2', 352, 544, 500);

INSERT INTO Features
Values('6.2.4', '6.2.4.1', 71);

INSERT INTO Minutiaes
Values('6.2.4.1.1', '6.2.4.1', '/var/www/server/Datasets/MOLF/MindtctOutput/DB1_Lumidgm/6_4_2.xyt');

INSERT INTO Fingers
Values(NULL, 3, '6.3', '6');

INSERT INTO Images
Values('/var/www/server/Datasets/MOLF/OriginalDataset/DB1_Lumidgm/6_1_3.wsq', '6.3.1', '6.3', 352, 544, 500);

INSERT INTO Features
Values('6.3.1', '6.3.1.1', 52);

INSERT INTO Minutiaes
Values('6.3.1.1.1', '6.3.1.1', '/var/www/server/Datasets/MOLF/MindtctOutput/DB1_Lumidgm/6_1_3.xyt');

INSERT INTO Images
Values('/var/www/server/Datasets/MOLF/OriginalDataset/DB1_Lumidgm/6_2_3.wsq', '6.3.2', '6.3', 352, 544, 500);

INSERT INTO Features
Values('6.3.2', '6.3.2.1', 60);

INSERT INTO Minutiaes
Values('6.3.2.1.1', '6.3.2.1', '/var/www/server/Datasets/MOLF/MindtctOutput/DB1_Lumidgm/6_2_3.xyt');

INSERT INTO Images
Values('/var/www/server/Datasets/MOLF/OriginalDataset/DB1_Lumidgm/6_3_3.wsq', '6.3.3', '6.3', 352, 544, 500);

INSERT INTO Features
Values('6.3.3', '6.3.3.1', 69);

INSERT INTO Minutiaes
Values('6.3.3.1.1', '6.3.3.1', '/var/www/server/Datasets/MOLF/MindtctOutput/DB1_Lumidgm/6_3_3.xyt');

INSERT INTO Images
Values('/var/www/server/Datasets/MOLF/OriginalDataset/DB1_Lumidgm/6_4_3.wsq', '6.3.4', '6.3', 352, 544, 500);

INSERT INTO Features
Values('6.3.4', '6.3.4.1', 67);

INSERT INTO Minutiaes
Values('6.3.4.1.1', '6.3.4.1', '/var/www/server/Datasets/MOLF/MindtctOutput/DB1_Lumidgm/6_4_3.xyt');

INSERT INTO Fingers
Values(NULL, 4, '6.4', '6');

INSERT INTO Images
Values('/var/www/server/Datasets/MOLF/OriginalDataset/DB1_Lumidgm/6_1_4.wsq', '6.4.1', '6.4', 352, 544, 500);

INSERT INTO Features
Values('6.4.1', '6.4.1.1', 66);

INSERT INTO Minutiaes
Values('6.4.1.1.1', '6.4.1.1', '/var/www/server/Datasets/MOLF/MindtctOutput/DB1_Lumidgm/6_1_4.xyt');

INSERT INTO Images
Values('/var/www/server/Datasets/MOLF/OriginalDataset/DB1_Lumidgm/6_2_4.wsq', '6.4.2', '6.4', 352, 544, 500);

INSERT INTO Features
Values('6.4.2', '6.4.2.1', 101);

INSERT INTO Minutiaes
Values('6.4.2.1.1', '6.4.2.1', '/var/www/server/Datasets/MOLF/MindtctOutput/DB1_Lumidgm/6_2_4.xyt');

INSERT INTO Images
Values('/var/www/server/Datasets/MOLF/OriginalDataset/DB1_Lumidgm/6_3_4.wsq', '6.4.3', '6.4', 352, 544, 500);

INSERT INTO Features
Values('6.4.3', '6.4.3.1', 76);

INSERT INTO Minutiaes
Values('6.4.3.1.1', '6.4.3.1', '/var/www/server/Datasets/MOLF/MindtctOutput/DB1_Lumidgm/6_3_4.xyt');

INSERT INTO Images
Values('/var/www/server/Datasets/MOLF/OriginalDataset/DB1_Lumidgm/6_4_4.wsq', '6.4.4', '6.4', 352, 544, 500);

INSERT INTO Features
Values('6.4.4', '6.4.4.1', 81);

INSERT INTO Minutiaes
Values('6.4.4.1.1', '6.4.4.1', '/var/www/server/Datasets/MOLF/MindtctOutput/DB1_Lumidgm/6_4_4.xyt');

INSERT INTO Fingers
Values(NULL, 5, '6.5', '6');

INSERT INTO Images
Values('/var/www/server/Datasets/MOLF/OriginalDataset/DB1_Lumidgm/6_1_5.wsq', '6.5.1', '6.5', 352, 544, 500);

INSERT INTO Features
Values('6.5.1', '6.5.1.1', 76);

INSERT INTO Minutiaes
Values('6.5.1.1.1', '6.5.1.1', '/var/www/server/Datasets/MOLF/MindtctOutput/DB1_Lumidgm/6_1_5.xyt');

INSERT INTO Images
Values('/var/www/server/Datasets/MOLF/OriginalDataset/DB1_Lumidgm/6_2_5.wsq', '6.5.2', '6.5', 352, 544, 500);

INSERT INTO Features
Values('6.5.2', '6.5.2.1', 66);

INSERT INTO Minutiaes
Values('6.5.2.1.1', '6.5.2.1', '/var/www/server/Datasets/MOLF/MindtctOutput/DB1_Lumidgm/6_2_5.xyt');

INSERT INTO Images
Values('/var/www/server/Datasets/MOLF/OriginalDataset/DB1_Lumidgm/6_3_5.wsq', '6.5.3', '6.5', 352, 544, 500);

INSERT INTO Features
Values('6.5.3', '6.5.3.1', 64);

INSERT INTO Minutiaes
Values('6.5.3.1.1', '6.5.3.1', '/var/www/server/Datasets/MOLF/MindtctOutput/DB1_Lumidgm/6_3_5.xyt');

INSERT INTO Images
Values('/var/www/server/Datasets/MOLF/OriginalDataset/DB1_Lumidgm/6_4_5.wsq', '6.5.4', '6.5', 352, 544, 500);

INSERT INTO Features
Values('6.5.4', '6.5.4.1', 59);

INSERT INTO Minutiaes
Values('6.5.4.1.1', '6.5.4.1', '/var/www/server/Datasets/MOLF/MindtctOutput/DB1_Lumidgm/6_4_5.xyt');

INSERT INTO Fingers
Values(NULL, 6, '6.6', '6');

INSERT INTO Images
Values('/var/www/server/Datasets/MOLF/OriginalDataset/DB1_Lumidgm/6_1_6.wsq', '6.6.1', '6.6', 352, 544, 500);

INSERT INTO Features
Values('6.6.1', '6.6.1.1', 62);

INSERT INTO Minutiaes
Values('6.6.1.1.1', '6.6.1.1', '/var/www/server/Datasets/MOLF/MindtctOutput/DB1_Lumidgm/6_1_6.xyt');

INSERT INTO Images
Values('/var/www/server/Datasets/MOLF/OriginalDataset/DB1_Lumidgm/6_2_6.wsq', '6.6.2', '6.6', 352, 544, 500);

INSERT INTO Features
Values('6.6.2', '6.6.2.1', 65);

INSERT INTO Minutiaes
Values('6.6.2.1.1', '6.6.2.1', '/var/www/server/Datasets/MOLF/MindtctOutput/DB1_Lumidgm/6_2_6.xyt');

INSERT INTO Images
Values('/var/www/server/Datasets/MOLF/OriginalDataset/DB1_Lumidgm/6_3_6.wsq', '6.6.3', '6.6', 352, 544, 500);

INSERT INTO Features
Values('6.6.3', '6.6.3.1', 50);

INSERT INTO Minutiaes
Values('6.6.3.1.1', '6.6.3.1', '/var/www/server/Datasets/MOLF/MindtctOutput/DB1_Lumidgm/6_3_6.xyt');

INSERT INTO Images
Values('/var/www/server/Datasets/MOLF/OriginalDataset/DB1_Lumidgm/6_4_6.wsq', '6.6.4', '6.6', 352, 544, 500);

INSERT INTO Features
Values('6.6.4', '6.6.4.1', 61);

INSERT INTO Minutiaes
Values('6.6.4.1.1', '6.6.4.1', '/var/www/server/Datasets/MOLF/MindtctOutput/DB1_Lumidgm/6_4_6.xyt');

INSERT INTO Fingers
Values(NULL, 7, '6.7', '6');

INSERT INTO Images
Values('/var/www/server/Datasets/MOLF/OriginalDataset/DB1_Lumidgm/6_1_7.wsq', '6.7.1', '6.7', 352, 544, 500);

INSERT INTO Features
Values('6.7.1', '6.7.1.1', 65);

INSERT INTO Minutiaes
Values('6.7.1.1.1', '6.7.1.1', '/var/www/server/Datasets/MOLF/MindtctOutput/DB1_Lumidgm/6_1_7.xyt');

INSERT INTO Images
Values('/var/www/server/Datasets/MOLF/OriginalDataset/DB1_Lumidgm/6_2_7.wsq', '6.7.2', '6.7', 352, 544, 500);

INSERT INTO Features
Values('6.7.2', '6.7.2.1', 72);

INSERT INTO Minutiaes
Values('6.7.2.1.1', '6.7.2.1', '/var/www/server/Datasets/MOLF/MindtctOutput/DB1_Lumidgm/6_2_7.xyt');

INSERT INTO Images
Values('/var/www/server/Datasets/MOLF/OriginalDataset/DB1_Lumidgm/6_3_7.wsq', '6.7.3', '6.7', 352, 544, 500);

INSERT INTO Features
Values('6.7.3', '6.7.3.1', 68);

INSERT INTO Minutiaes
Values('6.7.3.1.1', '6.7.3.1', '/var/www/server/Datasets/MOLF/MindtctOutput/DB1_Lumidgm/6_3_7.xyt');

INSERT INTO Images
Values('/var/www/server/Datasets/MOLF/OriginalDataset/DB1_Lumidgm/6_4_7.wsq', '6.7.4', '6.7', 352, 544, 500);

INSERT INTO Features
Values('6.7.4', '6.7.4.1', 59);

INSERT INTO Minutiaes
Values('6.7.4.1.1', '6.7.4.1', '/var/www/server/Datasets/MOLF/MindtctOutput/DB1_Lumidgm/6_4_7.xyt');

INSERT INTO Fingers
Values(NULL, 8, '6.8', '6');

INSERT INTO Images
Values('/var/www/server/Datasets/MOLF/OriginalDataset/DB1_Lumidgm/6_1_8.wsq', '6.8.1', '6.8', 352, 544, 500);

INSERT INTO Features
Values('6.8.1', '6.8.1.1', 79);

INSERT INTO Minutiaes
Values('6.8.1.1.1', '6.8.1.1', '/var/www/server/Datasets/MOLF/MindtctOutput/DB1_Lumidgm/6_1_8.xyt');

INSERT INTO Images
Values('/var/www/server/Datasets/MOLF/OriginalDataset/DB1_Lumidgm/6_2_8.wsq', '6.8.2', '6.8', 352, 544, 500);

INSERT INTO Features
Values('6.8.2', '6.8.2.1', 74);

INSERT INTO Minutiaes
Values('6.8.2.1.1', '6.8.2.1', '/var/www/server/Datasets/MOLF/MindtctOutput/DB1_Lumidgm/6_2_8.xyt');

INSERT INTO Images
Values('/var/www/server/Datasets/MOLF/OriginalDataset/DB1_Lumidgm/6_3_8.wsq', '6.8.3', '6.8', 352, 544, 500);

INSERT INTO Features
Values('6.8.3', '6.8.3.1', 73);

INSERT INTO Minutiaes
Values('6.8.3.1.1', '6.8.3.1', '/var/www/server/Datasets/MOLF/MindtctOutput/DB1_Lumidgm/6_3_8.xyt');

INSERT INTO Images
Values('/var/www/server/Datasets/MOLF/OriginalDataset/DB1_Lumidgm/6_4_8.wsq', '6.8.4', '6.8', 352, 544, 500);

INSERT INTO Features
Values('6.8.4', '6.8.4.1', 63);

INSERT INTO Minutiaes
Values('6.8.4.1.1', '6.8.4.1', '/var/www/server/Datasets/MOLF/MindtctOutput/DB1_Lumidgm/6_4_8.xyt');

INSERT INTO Fingers
Values(NULL, 9, '6.9', '6');

INSERT INTO Images
Values('/var/www/server/Datasets/MOLF/OriginalDataset/DB1_Lumidgm/6_1_9.wsq', '6.9.1', '6.9', 352, 544, 500);

INSERT INTO Features
Values('6.9.1', '6.9.1.1', 98);

INSERT INTO Minutiaes
Values('6.9.1.1.1', '6.9.1.1', '/var/www/server/Datasets/MOLF/MindtctOutput/DB1_Lumidgm/6_1_9.xyt');

INSERT INTO Images
Values('/var/www/server/Datasets/MOLF/OriginalDataset/DB1_Lumidgm/6_2_9.wsq', '6.9.2', '6.9', 352, 544, 500);

INSERT INTO Features
Values('6.9.2', '6.9.2.1', 86);

INSERT INTO Minutiaes
Values('6.9.2.1.1', '6.9.2.1', '/var/www/server/Datasets/MOLF/MindtctOutput/DB1_Lumidgm/6_2_9.xyt');

INSERT INTO Images
Values('/var/www/server/Datasets/MOLF/OriginalDataset/DB1_Lumidgm/6_3_9.wsq', '6.9.3', '6.9', 352, 544, 500);

INSERT INTO Features
Values('6.9.3', '6.9.3.1', 84);

INSERT INTO Minutiaes
Values('6.9.3.1.1', '6.9.3.1', '/var/www/server/Datasets/MOLF/MindtctOutput/DB1_Lumidgm/6_3_9.xyt');

INSERT INTO Images
Values('/var/www/server/Datasets/MOLF/OriginalDataset/DB1_Lumidgm/6_4_9.wsq', '6.9.4', '6.9', 352, 544, 500);

INSERT INTO Features
Values('6.9.4', '6.9.4.1', 66);

INSERT INTO Minutiaes
Values('6.9.4.1.1', '6.9.4.1', '/var/www/server/Datasets/MOLF/MindtctOutput/DB1_Lumidgm/6_4_9.xyt');

INSERT INTO Fingers
Values(NULL, 10, '6.10', '6');

INSERT INTO Images
Values('/var/www/server/Datasets/MOLF/OriginalDataset/DB1_Lumidgm/6_1_10.wsq', '6.10.1', '6.10', 352, 544, 500);

INSERT INTO Features
Values('6.10.1', '6.10.1.1', 58);

INSERT INTO Minutiaes
Values('6.10.1.1.1', '6.10.1.1', '/var/www/server/Datasets/MOLF/MindtctOutput/DB1_Lumidgm/6_1_10.xyt');

INSERT INTO Images
Values('/var/www/server/Datasets/MOLF/OriginalDataset/DB1_Lumidgm/6_2_10.wsq', '6.10.2', '6.10', 352, 544, 500);

INSERT INTO Features
Values('6.10.2', '6.10.2.1', 82);

INSERT INTO Minutiaes
Values('6.10.2.1.1', '6.10.2.1', '/var/www/server/Datasets/MOLF/MindtctOutput/DB1_Lumidgm/6_2_10.xyt');

INSERT INTO Images
Values('/var/www/server/Datasets/MOLF/OriginalDataset/DB1_Lumidgm/6_3_10.wsq', '6.10.3', '6.10', 352, 544, 500);

INSERT INTO Features
Values('6.10.3', '6.10.3.1', 51);

INSERT INTO Minutiaes
Values('6.10.3.1.1', '6.10.3.1', '/var/www/server/Datasets/MOLF/MindtctOutput/DB1_Lumidgm/6_3_10.xyt');

INSERT INTO Images
Values('/var/www/server/Datasets/MOLF/OriginalDataset/DB1_Lumidgm/6_4_10.wsq', '6.10.4', '6.10', 352, 544, 500);

INSERT INTO Features
Values('6.10.4', '6.10.4.1', 59);

INSERT INTO Minutiaes
Values('6.10.4.1.1', '6.10.4.1', '/var/www/server/Datasets/MOLF/MindtctOutput/DB1_Lumidgm/6_4_10.xyt');

#------------------------SUBJECT 7------------------------
INSERT INTO Subjects
Values('7');

INSERT INTO Fingers
Values(NULL, 1, '7.1', '7');

INSERT INTO Images
Values('/var/www/server/Datasets/MOLF/OriginalDataset/DB1_Lumidgm/7_1_1.wsq', '7.1.1', '7.1', 352, 544, 500);

INSERT INTO Features
Values('7.1.1', '7.1.1.1', 57);

INSERT INTO Minutiaes
Values('7.1.1.1.1', '7.1.1.1', '/var/www/server/Datasets/MOLF/MindtctOutput/DB1_Lumidgm/7_1_1.xyt');

INSERT INTO Images
Values('/var/www/server/Datasets/MOLF/OriginalDataset/DB1_Lumidgm/7_2_1.wsq', '7.1.2', '7.1', 352, 544, 500);

INSERT INTO Features
Values('7.1.2', '7.1.2.1', 51);

INSERT INTO Minutiaes
Values('7.1.2.1.1', '7.1.2.1', '/var/www/server/Datasets/MOLF/MindtctOutput/DB1_Lumidgm/7_2_1.xyt');

INSERT INTO Images
Values('/var/www/server/Datasets/MOLF/OriginalDataset/DB1_Lumidgm/7_3_1.wsq', '7.1.3', '7.1', 352, 544, 500);

INSERT INTO Features
Values('7.1.3', '7.1.3.1', 62);

INSERT INTO Minutiaes
Values('7.1.3.1.1', '7.1.3.1', '/var/www/server/Datasets/MOLF/MindtctOutput/DB1_Lumidgm/7_3_1.xyt');

INSERT INTO Images
Values('/var/www/server/Datasets/MOLF/OriginalDataset/DB1_Lumidgm/7_4_1.wsq', '7.1.4', '7.1', 352, 544, 500);

INSERT INTO Features
Values('7.1.4', '7.1.4.1', 46);

INSERT INTO Minutiaes
Values('7.1.4.1.1', '7.1.4.1', '/var/www/server/Datasets/MOLF/MindtctOutput/DB1_Lumidgm/7_4_1.xyt');

INSERT INTO Fingers
Values(NULL, 2, '7.2', '7');

INSERT INTO Images
Values('/var/www/server/Datasets/MOLF/OriginalDataset/DB1_Lumidgm/7_1_2.wsq', '7.2.1', '7.2', 352, 544, 500);

INSERT INTO Features
Values('7.2.1', '7.2.1.1', 67);

INSERT INTO Minutiaes
Values('7.2.1.1.1', '7.2.1.1', '/var/www/server/Datasets/MOLF/MindtctOutput/DB1_Lumidgm/7_1_2.xyt');

INSERT INTO Images
Values('/var/www/server/Datasets/MOLF/OriginalDataset/DB1_Lumidgm/7_2_2.wsq', '7.2.2', '7.2', 352, 544, 500);

INSERT INTO Features
Values('7.2.2', '7.2.2.1', 54);

INSERT INTO Minutiaes
Values('7.2.2.1.1', '7.2.2.1', '/var/www/server/Datasets/MOLF/MindtctOutput/DB1_Lumidgm/7_2_2.xyt');

INSERT INTO Images
Values('/var/www/server/Datasets/MOLF/OriginalDataset/DB1_Lumidgm/7_3_2.wsq', '7.2.3', '7.2', 352, 544, 500);

INSERT INTO Features
Values('7.2.3', '7.2.3.1', 50);

INSERT INTO Minutiaes
Values('7.2.3.1.1', '7.2.3.1', '/var/www/server/Datasets/MOLF/MindtctOutput/DB1_Lumidgm/7_3_2.xyt');

INSERT INTO Images
Values('/var/www/server/Datasets/MOLF/OriginalDataset/DB1_Lumidgm/7_4_2.wsq', '7.2.4', '7.2', 352, 544, 500);

INSERT INTO Features
Values('7.2.4', '7.2.4.1', 56);

INSERT INTO Minutiaes
Values('7.2.4.1.1', '7.2.4.1', '/var/www/server/Datasets/MOLF/MindtctOutput/DB1_Lumidgm/7_4_2.xyt');

INSERT INTO Fingers
Values(NULL, 3, '7.3', '7');

INSERT INTO Images
Values('/var/www/server/Datasets/MOLF/OriginalDataset/DB1_Lumidgm/7_1_3.wsq', '7.3.1', '7.3', 352, 544, 500);

INSERT INTO Features
Values('7.3.1', '7.3.1.1', 60);

INSERT INTO Minutiaes
Values('7.3.1.1.1', '7.3.1.1', '/var/www/server/Datasets/MOLF/MindtctOutput/DB1_Lumidgm/7_1_3.xyt');

INSERT INTO Images
Values('/var/www/server/Datasets/MOLF/OriginalDataset/DB1_Lumidgm/7_2_3.wsq', '7.3.2', '7.3', 352, 544, 500);

INSERT INTO Features
Values('7.3.2', '7.3.2.1', 47);

INSERT INTO Minutiaes
Values('7.3.2.1.1', '7.3.2.1', '/var/www/server/Datasets/MOLF/MindtctOutput/DB1_Lumidgm/7_2_3.xyt');

INSERT INTO Images
Values('/var/www/server/Datasets/MOLF/OriginalDataset/DB1_Lumidgm/7_3_3.wsq', '7.3.3', '7.3', 352, 544, 500);

INSERT INTO Features
Values('7.3.3', '7.3.3.1', 45);

INSERT INTO Minutiaes
Values('7.3.3.1.1', '7.3.3.1', '/var/www/server/Datasets/MOLF/MindtctOutput/DB1_Lumidgm/7_3_3.xyt');

INSERT INTO Images
Values('/var/www/server/Datasets/MOLF/OriginalDataset/DB1_Lumidgm/7_4_3.wsq', '7.3.4', '7.3', 352, 544, 500);

INSERT INTO Features
Values('7.3.4', '7.3.4.1', 40);

INSERT INTO Minutiaes
Values('7.3.4.1.1', '7.3.4.1', '/var/www/server/Datasets/MOLF/MindtctOutput/DB1_Lumidgm/7_4_3.xyt');

INSERT INTO Fingers
Values(NULL, 4, '7.4', '7');

INSERT INTO Images
Values('/var/www/server/Datasets/MOLF/OriginalDataset/DB1_Lumidgm/7_1_4.wsq', '7.4.1', '7.4', 352, 544, 500);

INSERT INTO Features
Values('7.4.1', '7.4.1.1', 69);

INSERT INTO Minutiaes
Values('7.4.1.1.1', '7.4.1.1', '/var/www/server/Datasets/MOLF/MindtctOutput/DB1_Lumidgm/7_1_4.xyt');

INSERT INTO Images
Values('/var/www/server/Datasets/MOLF/OriginalDataset/DB1_Lumidgm/7_2_4.wsq', '7.4.2', '7.4', 352, 544, 500);

INSERT INTO Features
Values('7.4.2', '7.4.2.1', 53);

INSERT INTO Minutiaes
Values('7.4.2.1.1', '7.4.2.1', '/var/www/server/Datasets/MOLF/MindtctOutput/DB1_Lumidgm/7_2_4.xyt');

INSERT INTO Images
Values('/var/www/server/Datasets/MOLF/OriginalDataset/DB1_Lumidgm/7_3_4.wsq', '7.4.3', '7.4', 352, 544, 500);

INSERT INTO Features
Values('7.4.3', '7.4.3.1', 57);

INSERT INTO Minutiaes
Values('7.4.3.1.1', '7.4.3.1', '/var/www/server/Datasets/MOLF/MindtctOutput/DB1_Lumidgm/7_3_4.xyt');

INSERT INTO Images
Values('/var/www/server/Datasets/MOLF/OriginalDataset/DB1_Lumidgm/7_4_4.wsq', '7.4.4', '7.4', 352, 544, 500);

INSERT INTO Features
Values('7.4.4', '7.4.4.1', 68);

INSERT INTO Minutiaes
Values('7.4.4.1.1', '7.4.4.1', '/var/www/server/Datasets/MOLF/MindtctOutput/DB1_Lumidgm/7_4_4.xyt');

INSERT INTO Fingers
Values(NULL, 5, '7.5', '7');

INSERT INTO Images
Values('/var/www/server/Datasets/MOLF/OriginalDataset/DB1_Lumidgm/7_1_5.wsq', '7.5.1', '7.5', 352, 544, 500);

INSERT INTO Features
Values('7.5.1', '7.5.1.1', 48);

INSERT INTO Minutiaes
Values('7.5.1.1.1', '7.5.1.1', '/var/www/server/Datasets/MOLF/MindtctOutput/DB1_Lumidgm/7_1_5.xyt');

INSERT INTO Images
Values('/var/www/server/Datasets/MOLF/OriginalDataset/DB1_Lumidgm/7_2_5.wsq', '7.5.2', '7.5', 352, 544, 500);

INSERT INTO Features
Values('7.5.2', '7.5.2.1', 35);

INSERT INTO Minutiaes
Values('7.5.2.1.1', '7.5.2.1', '/var/www/server/Datasets/MOLF/MindtctOutput/DB1_Lumidgm/7_2_5.xyt');

INSERT INTO Images
Values('/var/www/server/Datasets/MOLF/OriginalDataset/DB1_Lumidgm/7_3_5.wsq', '7.5.3', '7.5', 352, 544, 500);

INSERT INTO Features
Values('7.5.3', '7.5.3.1', 48);

INSERT INTO Minutiaes
Values('7.5.3.1.1', '7.5.3.1', '/var/www/server/Datasets/MOLF/MindtctOutput/DB1_Lumidgm/7_3_5.xyt');

INSERT INTO Images
Values('/var/www/server/Datasets/MOLF/OriginalDataset/DB1_Lumidgm/7_4_5.wsq', '7.5.4', '7.5', 352, 544, 500);

INSERT INTO Features
Values('7.5.4', '7.5.4.1', 34);

INSERT INTO Minutiaes
Values('7.5.4.1.1', '7.5.4.1', '/var/www/server/Datasets/MOLF/MindtctOutput/DB1_Lumidgm/7_4_5.xyt');

INSERT INTO Fingers
Values(NULL, 6, '7.6', '7');

INSERT INTO Images
Values('/var/www/server/Datasets/MOLF/OriginalDataset/DB1_Lumidgm/7_1_6.wsq', '7.6.1', '7.6', 352, 544, 500);

INSERT INTO Features
Values('7.6.1', '7.6.1.1', 46);

INSERT INTO Minutiaes
Values('7.6.1.1.1', '7.6.1.1', '/var/www/server/Datasets/MOLF/MindtctOutput/DB1_Lumidgm/7_1_6.xyt');

INSERT INTO Images
Values('/var/www/server/Datasets/MOLF/OriginalDataset/DB1_Lumidgm/7_2_6.wsq', '7.6.2', '7.6', 352, 544, 500);

INSERT INTO Features
Values('7.6.2', '7.6.2.1', 47);

INSERT INTO Minutiaes
Values('7.6.2.1.1', '7.6.2.1', '/var/www/server/Datasets/MOLF/MindtctOutput/DB1_Lumidgm/7_2_6.xyt');

INSERT INTO Images
Values('/var/www/server/Datasets/MOLF/OriginalDataset/DB1_Lumidgm/7_3_6.wsq', '7.6.3', '7.6', 352, 544, 500);

INSERT INTO Features
Values('7.6.3', '7.6.3.1', 50);

INSERT INTO Minutiaes
Values('7.6.3.1.1', '7.6.3.1', '/var/www/server/Datasets/MOLF/MindtctOutput/DB1_Lumidgm/7_3_6.xyt');

INSERT INTO Images
Values('/var/www/server/Datasets/MOLF/OriginalDataset/DB1_Lumidgm/7_4_6.wsq', '7.6.4', '7.6', 352, 544, 500);

INSERT INTO Features
Values('7.6.4', '7.6.4.1', 45);

INSERT INTO Minutiaes
Values('7.6.4.1.1', '7.6.4.1', '/var/www/server/Datasets/MOLF/MindtctOutput/DB1_Lumidgm/7_4_6.xyt');

INSERT INTO Fingers
Values(NULL, 7, '7.7', '7');

INSERT INTO Images
Values('/var/www/server/Datasets/MOLF/OriginalDataset/DB1_Lumidgm/7_1_7.wsq', '7.7.1', '7.7', 352, 544, 500);

INSERT INTO Features
Values('7.7.1', '7.7.1.1', 61);

INSERT INTO Minutiaes
Values('7.7.1.1.1', '7.7.1.1', '/var/www/server/Datasets/MOLF/MindtctOutput/DB1_Lumidgm/7_1_7.xyt');

INSERT INTO Images
Values('/var/www/server/Datasets/MOLF/OriginalDataset/DB1_Lumidgm/7_2_7.wsq', '7.7.2', '7.7', 352, 544, 500);

INSERT INTO Features
Values('7.7.2', '7.7.2.1', 46);

INSERT INTO Minutiaes
Values('7.7.2.1.1', '7.7.2.1', '/var/www/server/Datasets/MOLF/MindtctOutput/DB1_Lumidgm/7_2_7.xyt');

INSERT INTO Images
Values('/var/www/server/Datasets/MOLF/OriginalDataset/DB1_Lumidgm/7_3_7.wsq', '7.7.3', '7.7', 352, 544, 500);

INSERT INTO Features
Values('7.7.3', '7.7.3.1', 49);

INSERT INTO Minutiaes
Values('7.7.3.1.1', '7.7.3.1', '/var/www/server/Datasets/MOLF/MindtctOutput/DB1_Lumidgm/7_3_7.xyt');

INSERT INTO Images
Values('/var/www/server/Datasets/MOLF/OriginalDataset/DB1_Lumidgm/7_4_7.wsq', '7.7.4', '7.7', 352, 544, 500);

INSERT INTO Features
Values('7.7.4', '7.7.4.1', 52);

INSERT INTO Minutiaes
Values('7.7.4.1.1', '7.7.4.1', '/var/www/server/Datasets/MOLF/MindtctOutput/DB1_Lumidgm/7_4_7.xyt');

INSERT INTO Fingers
Values(NULL, 8, '7.8', '7');

INSERT INTO Images
Values('/var/www/server/Datasets/MOLF/OriginalDataset/DB1_Lumidgm/7_1_8.wsq', '7.8.1', '7.8', 352, 544, 500);

INSERT INTO Features
Values('7.8.1', '7.8.1.1', 53);

INSERT INTO Minutiaes
Values('7.8.1.1.1', '7.8.1.1', '/var/www/server/Datasets/MOLF/MindtctOutput/DB1_Lumidgm/7_1_8.xyt');

INSERT INTO Images
Values('/var/www/server/Datasets/MOLF/OriginalDataset/DB1_Lumidgm/7_2_8.wsq', '7.8.2', '7.8', 352, 544, 500);

INSERT INTO Features
Values('7.8.2', '7.8.2.1', 45);

INSERT INTO Minutiaes
Values('7.8.2.1.1', '7.8.2.1', '/var/www/server/Datasets/MOLF/MindtctOutput/DB1_Lumidgm/7_2_8.xyt');

INSERT INTO Images
Values('/var/www/server/Datasets/MOLF/OriginalDataset/DB1_Lumidgm/7_3_8.wsq', '7.8.3', '7.8', 352, 544, 500);

INSERT INTO Features
Values('7.8.3', '7.8.3.1', 49);

INSERT INTO Minutiaes
Values('7.8.3.1.1', '7.8.3.1', '/var/www/server/Datasets/MOLF/MindtctOutput/DB1_Lumidgm/7_3_8.xyt');

INSERT INTO Images
Values('/var/www/server/Datasets/MOLF/OriginalDataset/DB1_Lumidgm/7_4_8.wsq', '7.8.4', '7.8', 352, 544, 500);

INSERT INTO Features
Values('7.8.4', '7.8.4.1', 53);

INSERT INTO Minutiaes
Values('7.8.4.1.1', '7.8.4.1', '/var/www/server/Datasets/MOLF/MindtctOutput/DB1_Lumidgm/7_4_8.xyt');

INSERT INTO Fingers
Values(NULL, 9, '7.9', '7');

INSERT INTO Images
Values('/var/www/server/Datasets/MOLF/OriginalDataset/DB1_Lumidgm/7_1_9.wsq', '7.9.1', '7.9', 352, 544, 500);

INSERT INTO Features
Values('7.9.1', '7.9.1.1', 61);

INSERT INTO Minutiaes
Values('7.9.1.1.1', '7.9.1.1', '/var/www/server/Datasets/MOLF/MindtctOutput/DB1_Lumidgm/7_1_9.xyt');

INSERT INTO Images
Values('/var/www/server/Datasets/MOLF/OriginalDataset/DB1_Lumidgm/7_2_9.wsq', '7.9.2', '7.9', 352, 544, 500);

INSERT INTO Features
Values('7.9.2', '7.9.2.1', 69);

INSERT INTO Minutiaes
Values('7.9.2.1.1', '7.9.2.1', '/var/www/server/Datasets/MOLF/MindtctOutput/DB1_Lumidgm/7_2_9.xyt');

INSERT INTO Images
Values('/var/www/server/Datasets/MOLF/OriginalDataset/DB1_Lumidgm/7_3_9.wsq', '7.9.3', '7.9', 352, 544, 500);

INSERT INTO Features
Values('7.9.3', '7.9.3.1', 49);

INSERT INTO Minutiaes
Values('7.9.3.1.1', '7.9.3.1', '/var/www/server/Datasets/MOLF/MindtctOutput/DB1_Lumidgm/7_3_9.xyt');

INSERT INTO Images
Values('/var/www/server/Datasets/MOLF/OriginalDataset/DB1_Lumidgm/7_4_9.wsq', '7.9.4', '7.9', 352, 544, 500);

INSERT INTO Features
Values('7.9.4', '7.9.4.1', 52);

INSERT INTO Minutiaes
Values('7.9.4.1.1', '7.9.4.1', '/var/www/server/Datasets/MOLF/MindtctOutput/DB1_Lumidgm/7_4_9.xyt');

INSERT INTO Fingers
Values(NULL, 10, '7.10', '7');

INSERT INTO Images
Values('/var/www/server/Datasets/MOLF/OriginalDataset/DB1_Lumidgm/7_1_10.wsq', '7.10.1', '7.10', 352, 544, 500);

INSERT INTO Features
Values('7.10.1', '7.10.1.1', 61);

INSERT INTO Minutiaes
Values('7.10.1.1.1', '7.10.1.1', '/var/www/server/Datasets/MOLF/MindtctOutput/DB1_Lumidgm/7_1_10.xyt');

INSERT INTO Images
Values('/var/www/server/Datasets/MOLF/OriginalDataset/DB1_Lumidgm/7_2_10.wsq', '7.10.2', '7.10', 352, 544, 500);

INSERT INTO Features
Values('7.10.2', '7.10.2.1', 49);

INSERT INTO Minutiaes
Values('7.10.2.1.1', '7.10.2.1', '/var/www/server/Datasets/MOLF/MindtctOutput/DB1_Lumidgm/7_2_10.xyt');

INSERT INTO Images
Values('/var/www/server/Datasets/MOLF/OriginalDataset/DB1_Lumidgm/7_3_10.wsq', '7.10.3', '7.10', 352, 544, 500);

INSERT INTO Features
Values('7.10.3', '7.10.3.1', 52);

INSERT INTO Minutiaes
Values('7.10.3.1.1', '7.10.3.1', '/var/www/server/Datasets/MOLF/MindtctOutput/DB1_Lumidgm/7_3_10.xyt');

INSERT INTO Images
Values('/var/www/server/Datasets/MOLF/OriginalDataset/DB1_Lumidgm/7_4_10.wsq', '7.10.4', '7.10', 352, 544, 500);

INSERT INTO Features
Values('7.10.4', '7.10.4.1', 58);

INSERT INTO Minutiaes
Values('7.10.4.1.1', '7.10.4.1', '/var/www/server/Datasets/MOLF/MindtctOutput/DB1_Lumidgm/7_4_10.xyt');

#------------------------SUBJECT 8------------------------
INSERT INTO Subjects
Values('8');

INSERT INTO Fingers
Values(NULL, 1, '8.1', '8');

INSERT INTO Images
Values('/var/www/server/Datasets/MOLF/OriginalDataset/DB1_Lumidgm/8_1_1.wsq', '8.1.1', '8.1', 352, 544, 500);

INSERT INTO Features
Values('8.1.1', '8.1.1.1', 61);

INSERT INTO Minutiaes
Values('8.1.1.1.1', '8.1.1.1', '/var/www/server/Datasets/MOLF/MindtctOutput/DB1_Lumidgm/8_1_1.xyt');

INSERT INTO Images
Values('/var/www/server/Datasets/MOLF/OriginalDataset/DB1_Lumidgm/8_2_1.wsq', '8.1.2', '8.1', 352, 544, 500);

INSERT INTO Features
Values('8.1.2', '8.1.2.1', 64);

INSERT INTO Minutiaes
Values('8.1.2.1.1', '8.1.2.1', '/var/www/server/Datasets/MOLF/MindtctOutput/DB1_Lumidgm/8_2_1.xyt');

INSERT INTO Images
Values('/var/www/server/Datasets/MOLF/OriginalDataset/DB1_Lumidgm/8_3_1.wsq', '8.1.3', '8.1', 352, 544, 500);

INSERT INTO Features
Values('8.1.3', '8.1.3.1', 76);

INSERT INTO Minutiaes
Values('8.1.3.1.1', '8.1.3.1', '/var/www/server/Datasets/MOLF/MindtctOutput/DB1_Lumidgm/8_3_1.xyt');

INSERT INTO Images
Values('/var/www/server/Datasets/MOLF/OriginalDataset/DB1_Lumidgm/8_4_1.wsq', '8.1.4', '8.1', 352, 544, 500);

INSERT INTO Features
Values('8.1.4', '8.1.4.1', 73);

INSERT INTO Minutiaes
Values('8.1.4.1.1', '8.1.4.1', '/var/www/server/Datasets/MOLF/MindtctOutput/DB1_Lumidgm/8_4_1.xyt');

INSERT INTO Fingers
Values(NULL, 2, '8.2', '8');

INSERT INTO Images
Values('/var/www/server/Datasets/MOLF/OriginalDataset/DB1_Lumidgm/8_1_2.wsq', '8.2.1', '8.2', 352, 544, 500);

INSERT INTO Features
Values('8.2.1', '8.2.1.1', 74);

INSERT INTO Minutiaes
Values('8.2.1.1.1', '8.2.1.1', '/var/www/server/Datasets/MOLF/MindtctOutput/DB1_Lumidgm/8_1_2.xyt');

INSERT INTO Images
Values('/var/www/server/Datasets/MOLF/OriginalDataset/DB1_Lumidgm/8_2_2.wsq', '8.2.2', '8.2', 352, 544, 500);

INSERT INTO Features
Values('8.2.2', '8.2.2.1', 79);

INSERT INTO Minutiaes
Values('8.2.2.1.1', '8.2.2.1', '/var/www/server/Datasets/MOLF/MindtctOutput/DB1_Lumidgm/8_2_2.xyt');

INSERT INTO Images
Values('/var/www/server/Datasets/MOLF/OriginalDataset/DB1_Lumidgm/8_3_2.wsq', '8.2.3', '8.2', 352, 544, 500);

INSERT INTO Features
Values('8.2.3', '8.2.3.1', 96);

INSERT INTO Minutiaes
Values('8.2.3.1.1', '8.2.3.1', '/var/www/server/Datasets/MOLF/MindtctOutput/DB1_Lumidgm/8_3_2.xyt');

INSERT INTO Images
Values('/var/www/server/Datasets/MOLF/OriginalDataset/DB1_Lumidgm/8_4_2.wsq', '8.2.4', '8.2', 352, 544, 500);

INSERT INTO Features
Values('8.2.4', '8.2.4.1', 88);

INSERT INTO Minutiaes
Values('8.2.4.1.1', '8.2.4.1', '/var/www/server/Datasets/MOLF/MindtctOutput/DB1_Lumidgm/8_4_2.xyt');

INSERT INTO Fingers
Values(NULL, 3, '8.3', '8');

INSERT INTO Images
Values('/var/www/server/Datasets/MOLF/OriginalDataset/DB1_Lumidgm/8_1_3.wsq', '8.3.1', '8.3', 352, 544, 500);

INSERT INTO Features
Values('8.3.1', '8.3.1.1', 81);

INSERT INTO Minutiaes
Values('8.3.1.1.1', '8.3.1.1', '/var/www/server/Datasets/MOLF/MindtctOutput/DB1_Lumidgm/8_1_3.xyt');

INSERT INTO Images
Values('/var/www/server/Datasets/MOLF/OriginalDataset/DB1_Lumidgm/8_2_3.wsq', '8.3.2', '8.3', 352, 544, 500);

INSERT INTO Features
Values('8.3.2', '8.3.2.1', 83);

INSERT INTO Minutiaes
Values('8.3.2.1.1', '8.3.2.1', '/var/www/server/Datasets/MOLF/MindtctOutput/DB1_Lumidgm/8_2_3.xyt');

INSERT INTO Images
Values('/var/www/server/Datasets/MOLF/OriginalDataset/DB1_Lumidgm/8_3_3.wsq', '8.3.3', '8.3', 352, 544, 500);

INSERT INTO Features
Values('8.3.3', '8.3.3.1', 90);

INSERT INTO Minutiaes
Values('8.3.3.1.1', '8.3.3.1', '/var/www/server/Datasets/MOLF/MindtctOutput/DB1_Lumidgm/8_3_3.xyt');

INSERT INTO Images
Values('/var/www/server/Datasets/MOLF/OriginalDataset/DB1_Lumidgm/8_4_3.wsq', '8.3.4', '8.3', 352, 544, 500);

INSERT INTO Features
Values('8.3.4', '8.3.4.1', 101);

INSERT INTO Minutiaes
Values('8.3.4.1.1', '8.3.4.1', '/var/www/server/Datasets/MOLF/MindtctOutput/DB1_Lumidgm/8_4_3.xyt');

INSERT INTO Fingers
Values(NULL, 4, '8.4', '8');

INSERT INTO Images
Values('/var/www/server/Datasets/MOLF/OriginalDataset/DB1_Lumidgm/8_1_4.wsq', '8.4.1', '8.4', 352, 544, 500);

INSERT INTO Features
Values('8.4.1', '8.4.1.1', 93);

INSERT INTO Minutiaes
Values('8.4.1.1.1', '8.4.1.1', '/var/www/server/Datasets/MOLF/MindtctOutput/DB1_Lumidgm/8_1_4.xyt');

INSERT INTO Images
Values('/var/www/server/Datasets/MOLF/OriginalDataset/DB1_Lumidgm/8_2_4.wsq', '8.4.2', '8.4', 352, 544, 500);

INSERT INTO Features
Values('8.4.2', '8.4.2.1', 82);

INSERT INTO Minutiaes
Values('8.4.2.1.1', '8.4.2.1', '/var/www/server/Datasets/MOLF/MindtctOutput/DB1_Lumidgm/8_2_4.xyt');

INSERT INTO Images
Values('/var/www/server/Datasets/MOLF/OriginalDataset/DB1_Lumidgm/8_3_4.wsq', '8.4.3', '8.4', 352, 544, 500);

INSERT INTO Features
Values('8.4.3', '8.4.3.1', 80);

INSERT INTO Minutiaes
Values('8.4.3.1.1', '8.4.3.1', '/var/www/server/Datasets/MOLF/MindtctOutput/DB1_Lumidgm/8_3_4.xyt');

INSERT INTO Images
Values('/var/www/server/Datasets/MOLF/OriginalDataset/DB1_Lumidgm/8_4_4.wsq', '8.4.4', '8.4', 352, 544, 500);

INSERT INTO Features
Values('8.4.4', '8.4.4.1', 103);

INSERT INTO Minutiaes
Values('8.4.4.1.1', '8.4.4.1', '/var/www/server/Datasets/MOLF/MindtctOutput/DB1_Lumidgm/8_4_4.xyt');

INSERT INTO Fingers
Values(NULL, 5, '8.5', '8');

INSERT INTO Images
Values('/var/www/server/Datasets/MOLF/OriginalDataset/DB1_Lumidgm/8_1_5.wsq', '8.5.1', '8.5', 352, 544, 500);

INSERT INTO Features
Values('8.5.1', '8.5.1.1', 62);

INSERT INTO Minutiaes
Values('8.5.1.1.1', '8.5.1.1', '/var/www/server/Datasets/MOLF/MindtctOutput/DB1_Lumidgm/8_1_5.xyt');

INSERT INTO Images
Values('/var/www/server/Datasets/MOLF/OriginalDataset/DB1_Lumidgm/8_2_5.wsq', '8.5.2', '8.5', 352, 544, 500);

INSERT INTO Features
Values('8.5.2', '8.5.2.1', 64);

INSERT INTO Minutiaes
Values('8.5.2.1.1', '8.5.2.1', '/var/www/server/Datasets/MOLF/MindtctOutput/DB1_Lumidgm/8_2_5.xyt');

INSERT INTO Images
Values('/var/www/server/Datasets/MOLF/OriginalDataset/DB1_Lumidgm/8_3_5.wsq', '8.5.3', '8.5', 352, 544, 500);

INSERT INTO Features
Values('8.5.3', '8.5.3.1', 83);

INSERT INTO Minutiaes
Values('8.5.3.1.1', '8.5.3.1', '/var/www/server/Datasets/MOLF/MindtctOutput/DB1_Lumidgm/8_3_5.xyt');

INSERT INTO Images
Values('/var/www/server/Datasets/MOLF/OriginalDataset/DB1_Lumidgm/8_4_5.wsq', '8.5.4', '8.5', 352, 544, 500);

INSERT INTO Features
Values('8.5.4', '8.5.4.1', 80);

INSERT INTO Minutiaes
Values('8.5.4.1.1', '8.5.4.1', '/var/www/server/Datasets/MOLF/MindtctOutput/DB1_Lumidgm/8_4_5.xyt');

INSERT INTO Fingers
Values(NULL, 6, '8.6', '8');

INSERT INTO Images
Values('/var/www/server/Datasets/MOLF/OriginalDataset/DB1_Lumidgm/8_1_6.wsq', '8.6.1', '8.6', 352, 544, 500);

INSERT INTO Features
Values('8.6.1', '8.6.1.1', 67);

INSERT INTO Minutiaes
Values('8.6.1.1.1', '8.6.1.1', '/var/www/server/Datasets/MOLF/MindtctOutput/DB1_Lumidgm/8_1_6.xyt');

INSERT INTO Images
Values('/var/www/server/Datasets/MOLF/OriginalDataset/DB1_Lumidgm/8_2_6.wsq', '8.6.2', '8.6', 352, 544, 500);

INSERT INTO Features
Values('8.6.2', '8.6.2.1', 74);

INSERT INTO Minutiaes
Values('8.6.2.1.1', '8.6.2.1', '/var/www/server/Datasets/MOLF/MindtctOutput/DB1_Lumidgm/8_2_6.xyt');

INSERT INTO Images
Values('/var/www/server/Datasets/MOLF/OriginalDataset/DB1_Lumidgm/8_3_6.wsq', '8.6.3', '8.6', 352, 544, 500);

INSERT INTO Features
Values('8.6.3', '8.6.3.1', 103);

INSERT INTO Minutiaes
Values('8.6.3.1.1', '8.6.3.1', '/var/www/server/Datasets/MOLF/MindtctOutput/DB1_Lumidgm/8_3_6.xyt');

INSERT INTO Images
Values('/var/www/server/Datasets/MOLF/OriginalDataset/DB1_Lumidgm/8_4_6.wsq', '8.6.4', '8.6', 352, 544, 500);

INSERT INTO Features
Values('8.6.4', '8.6.4.1', 92);

INSERT INTO Minutiaes
Values('8.6.4.1.1', '8.6.4.1', '/var/www/server/Datasets/MOLF/MindtctOutput/DB1_Lumidgm/8_4_6.xyt');

INSERT INTO Fingers
Values(NULL, 7, '8.7', '8');

INSERT INTO Images
Values('/var/www/server/Datasets/MOLF/OriginalDataset/DB1_Lumidgm/8_1_7.wsq', '8.7.1', '8.7', 352, 544, 500);

INSERT INTO Features
Values('8.7.1', '8.7.1.1', 64);

INSERT INTO Minutiaes
Values('8.7.1.1.1', '8.7.1.1', '/var/www/server/Datasets/MOLF/MindtctOutput/DB1_Lumidgm/8_1_7.xyt');

INSERT INTO Images
Values('/var/www/server/Datasets/MOLF/OriginalDataset/DB1_Lumidgm/8_2_7.wsq', '8.7.2', '8.7', 352, 544, 500);

INSERT INTO Features
Values('8.7.2', '8.7.2.1', 64);

INSERT INTO Minutiaes
Values('8.7.2.1.1', '8.7.2.1', '/var/www/server/Datasets/MOLF/MindtctOutput/DB1_Lumidgm/8_2_7.xyt');

INSERT INTO Images
Values('/var/www/server/Datasets/MOLF/OriginalDataset/DB1_Lumidgm/8_3_7.wsq', '8.7.3', '8.7', 352, 544, 500);

INSERT INTO Features
Values('8.7.3', '8.7.3.1', 64);

INSERT INTO Minutiaes
Values('8.7.3.1.1', '8.7.3.1', '/var/www/server/Datasets/MOLF/MindtctOutput/DB1_Lumidgm/8_3_7.xyt');

INSERT INTO Images
Values('/var/www/server/Datasets/MOLF/OriginalDataset/DB1_Lumidgm/8_4_7.wsq', '8.7.4', '8.7', 352, 544, 500);

INSERT INTO Features
Values('8.7.4', '8.7.4.1', 81);

INSERT INTO Minutiaes
Values('8.7.4.1.1', '8.7.4.1', '/var/www/server/Datasets/MOLF/MindtctOutput/DB1_Lumidgm/8_4_7.xyt');

INSERT INTO Fingers
Values(NULL, 8, '8.8', '8');

INSERT INTO Images
Values('/var/www/server/Datasets/MOLF/OriginalDataset/DB1_Lumidgm/8_1_8.wsq', '8.8.1', '8.8', 352, 544, 500);

INSERT INTO Features
Values('8.8.1', '8.8.1.1', 76);

INSERT INTO Minutiaes
Values('8.8.1.1.1', '8.8.1.1', '/var/www/server/Datasets/MOLF/MindtctOutput/DB1_Lumidgm/8_1_8.xyt');

INSERT INTO Images
Values('/var/www/server/Datasets/MOLF/OriginalDataset/DB1_Lumidgm/8_2_8.wsq', '8.8.2', '8.8', 352, 544, 500);

INSERT INTO Features
Values('8.8.2', '8.8.2.1', 74);

INSERT INTO Minutiaes
Values('8.8.2.1.1', '8.8.2.1', '/var/www/server/Datasets/MOLF/MindtctOutput/DB1_Lumidgm/8_2_8.xyt');

INSERT INTO Images
Values('/var/www/server/Datasets/MOLF/OriginalDataset/DB1_Lumidgm/8_3_8.wsq', '8.8.3', '8.8', 352, 544, 500);

INSERT INTO Features
Values('8.8.3', '8.8.3.1', 90);

INSERT INTO Minutiaes
Values('8.8.3.1.1', '8.8.3.1', '/var/www/server/Datasets/MOLF/MindtctOutput/DB1_Lumidgm/8_3_8.xyt');

INSERT INTO Images
Values('/var/www/server/Datasets/MOLF/OriginalDataset/DB1_Lumidgm/8_4_8.wsq', '8.8.4', '8.8', 352, 544, 500);

INSERT INTO Features
Values('8.8.4', '8.8.4.1', 80);

INSERT INTO Minutiaes
Values('8.8.4.1.1', '8.8.4.1', '/var/www/server/Datasets/MOLF/MindtctOutput/DB1_Lumidgm/8_4_8.xyt');

INSERT INTO Fingers
Values(NULL, 9, '8.9', '8');

INSERT INTO Images
Values('/var/www/server/Datasets/MOLF/OriginalDataset/DB1_Lumidgm/8_1_9.wsq', '8.9.1', '8.9', 352, 544, 500);

INSERT INTO Features
Values('8.9.1', '8.9.1.1', 86);

INSERT INTO Minutiaes
Values('8.9.1.1.1', '8.9.1.1', '/var/www/server/Datasets/MOLF/MindtctOutput/DB1_Lumidgm/8_1_9.xyt');

INSERT INTO Images
Values('/var/www/server/Datasets/MOLF/OriginalDataset/DB1_Lumidgm/8_2_9.wsq', '8.9.2', '8.9', 352, 544, 500);

INSERT INTO Features
Values('8.9.2', '8.9.2.1', 73);

INSERT INTO Minutiaes
Values('8.9.2.1.1', '8.9.2.1', '/var/www/server/Datasets/MOLF/MindtctOutput/DB1_Lumidgm/8_2_9.xyt');

INSERT INTO Images
Values('/var/www/server/Datasets/MOLF/OriginalDataset/DB1_Lumidgm/8_3_9.wsq', '8.9.3', '8.9', 352, 544, 500);

INSERT INTO Features
Values('8.9.3', '8.9.3.1', 86);

INSERT INTO Minutiaes
Values('8.9.3.1.1', '8.9.3.1', '/var/www/server/Datasets/MOLF/MindtctOutput/DB1_Lumidgm/8_3_9.xyt');

INSERT INTO Images
Values('/var/www/server/Datasets/MOLF/OriginalDataset/DB1_Lumidgm/8_4_9.wsq', '8.9.4', '8.9', 352, 544, 500);

INSERT INTO Features
Values('8.9.4', '8.9.4.1', 68);

INSERT INTO Minutiaes
Values('8.9.4.1.1', '8.9.4.1', '/var/www/server/Datasets/MOLF/MindtctOutput/DB1_Lumidgm/8_4_9.xyt');

INSERT INTO Fingers
Values(NULL, 10, '8.10', '8');

INSERT INTO Images
Values('/var/www/server/Datasets/MOLF/OriginalDataset/DB1_Lumidgm/8_1_10.wsq', '8.10.1', '8.10', 352, 544, 500);

INSERT INTO Features
Values('8.10.1', '8.10.1.1', 66);

INSERT INTO Minutiaes
Values('8.10.1.1.1', '8.10.1.1', '/var/www/server/Datasets/MOLF/MindtctOutput/DB1_Lumidgm/8_1_10.xyt');

INSERT INTO Images
Values('/var/www/server/Datasets/MOLF/OriginalDataset/DB1_Lumidgm/8_2_10.wsq', '8.10.2', '8.10', 352, 544, 500);

INSERT INTO Features
Values('8.10.2', '8.10.2.1', 57);

INSERT INTO Minutiaes
Values('8.10.2.1.1', '8.10.2.1', '/var/www/server/Datasets/MOLF/MindtctOutput/DB1_Lumidgm/8_2_10.xyt');

INSERT INTO Images
Values('/var/www/server/Datasets/MOLF/OriginalDataset/DB1_Lumidgm/8_3_10.wsq', '8.10.3', '8.10', 352, 544, 500);

INSERT INTO Features
Values('8.10.3', '8.10.3.1', 109);

INSERT INTO Minutiaes
Values('8.10.3.1.1', '8.10.3.1', '/var/www/server/Datasets/MOLF/MindtctOutput/DB1_Lumidgm/8_3_10.xyt');

INSERT INTO Images
Values('/var/www/server/Datasets/MOLF/OriginalDataset/DB1_Lumidgm/8_4_10.wsq', '8.10.4', '8.10', 352, 544, 500);

INSERT INTO Features
Values('8.10.4', '8.10.4.1', 84);

INSERT INTO Minutiaes
Values('8.10.4.1.1', '8.10.4.1', '/var/www/server/Datasets/MOLF/MindtctOutput/DB1_Lumidgm/8_4_10.xyt');

#------------------------SUBJECT 9------------------------
INSERT INTO Subjects
Values('9');

INSERT INTO Fingers
Values(NULL, 1, '9.1', '9');

INSERT INTO Images
Values('/var/www/server/Datasets/MOLF/OriginalDataset/DB1_Lumidgm/9_1_1.wsq', '9.1.1', '9.1', 352, 544, 500);

INSERT INTO Features
Values('9.1.1', '9.1.1.1', 62);

INSERT INTO Minutiaes
Values('9.1.1.1.1', '9.1.1.1', '/var/www/server/Datasets/MOLF/MindtctOutput/DB1_Lumidgm/9_1_1.xyt');

INSERT INTO Images
Values('/var/www/server/Datasets/MOLF/OriginalDataset/DB1_Lumidgm/9_2_1.wsq', '9.1.2', '9.1', 352, 544, 500);

INSERT INTO Features
Values('9.1.2', '9.1.2.1', 59);

INSERT INTO Minutiaes
Values('9.1.2.1.1', '9.1.2.1', '/var/www/server/Datasets/MOLF/MindtctOutput/DB1_Lumidgm/9_2_1.xyt');

INSERT INTO Images
Values('/var/www/server/Datasets/MOLF/OriginalDataset/DB1_Lumidgm/9_3_1.wsq', '9.1.3', '9.1', 352, 544, 500);

INSERT INTO Features
Values('9.1.3', '9.1.3.1', 70);

INSERT INTO Minutiaes
Values('9.1.3.1.1', '9.1.3.1', '/var/www/server/Datasets/MOLF/MindtctOutput/DB1_Lumidgm/9_3_1.xyt');

INSERT INTO Images
Values('/var/www/server/Datasets/MOLF/OriginalDataset/DB1_Lumidgm/9_4_1.wsq', '9.1.4', '9.1', 352, 544, 500);

INSERT INTO Features
Values('9.1.4', '9.1.4.1', 63);

INSERT INTO Minutiaes
Values('9.1.4.1.1', '9.1.4.1', '/var/www/server/Datasets/MOLF/MindtctOutput/DB1_Lumidgm/9_4_1.xyt');

INSERT INTO Fingers
Values(NULL, 2, '9.2', '9');

INSERT INTO Images
Values('/var/www/server/Datasets/MOLF/OriginalDataset/DB1_Lumidgm/9_1_2.wsq', '9.2.1', '9.2', 352, 544, 500);

INSERT INTO Features
Values('9.2.1', '9.2.1.1', 55);

INSERT INTO Minutiaes
Values('9.2.1.1.1', '9.2.1.1', '/var/www/server/Datasets/MOLF/MindtctOutput/DB1_Lumidgm/9_1_2.xyt');

INSERT INTO Images
Values('/var/www/server/Datasets/MOLF/OriginalDataset/DB1_Lumidgm/9_2_2.wsq', '9.2.2', '9.2', 352, 544, 500);

INSERT INTO Features
Values('9.2.2', '9.2.2.1', 52);

INSERT INTO Minutiaes
Values('9.2.2.1.1', '9.2.2.1', '/var/www/server/Datasets/MOLF/MindtctOutput/DB1_Lumidgm/9_2_2.xyt');

INSERT INTO Images
Values('/var/www/server/Datasets/MOLF/OriginalDataset/DB1_Lumidgm/9_3_2.wsq', '9.2.3', '9.2', 352, 544, 500);

INSERT INTO Features
Values('9.2.3', '9.2.3.1', 60);

INSERT INTO Minutiaes
Values('9.2.3.1.1', '9.2.3.1', '/var/www/server/Datasets/MOLF/MindtctOutput/DB1_Lumidgm/9_3_2.xyt');

INSERT INTO Images
Values('/var/www/server/Datasets/MOLF/OriginalDataset/DB1_Lumidgm/9_4_2.wsq', '9.2.4', '9.2', 352, 544, 500);

INSERT INTO Features
Values('9.2.4', '9.2.4.1', 66);

INSERT INTO Minutiaes
Values('9.2.4.1.1', '9.2.4.1', '/var/www/server/Datasets/MOLF/MindtctOutput/DB1_Lumidgm/9_4_2.xyt');

INSERT INTO Fingers
Values(NULL, 3, '9.3', '9');

INSERT INTO Images
Values('/var/www/server/Datasets/MOLF/OriginalDataset/DB1_Lumidgm/9_1_3.wsq', '9.3.1', '9.3', 352, 544, 500);

INSERT INTO Features
Values('9.3.1', '9.3.1.1', 50);

INSERT INTO Minutiaes
Values('9.3.1.1.1', '9.3.1.1', '/var/www/server/Datasets/MOLF/MindtctOutput/DB1_Lumidgm/9_1_3.xyt');

INSERT INTO Images
Values('/var/www/server/Datasets/MOLF/OriginalDataset/DB1_Lumidgm/9_2_3.wsq', '9.3.2', '9.3', 352, 544, 500);

INSERT INTO Features
Values('9.3.2', '9.3.2.1', 51);

INSERT INTO Minutiaes
Values('9.3.2.1.1', '9.3.2.1', '/var/www/server/Datasets/MOLF/MindtctOutput/DB1_Lumidgm/9_2_3.xyt');

INSERT INTO Images
Values('/var/www/server/Datasets/MOLF/OriginalDataset/DB1_Lumidgm/9_3_3.wsq', '9.3.3', '9.3', 352, 544, 500);

INSERT INTO Features
Values('9.3.3', '9.3.3.1', 70);

INSERT INTO Minutiaes
Values('9.3.3.1.1', '9.3.3.1', '/var/www/server/Datasets/MOLF/MindtctOutput/DB1_Lumidgm/9_3_3.xyt');

INSERT INTO Images
Values('/var/www/server/Datasets/MOLF/OriginalDataset/DB1_Lumidgm/9_4_3.wsq', '9.3.4', '9.3', 352, 544, 500);

INSERT INTO Features
Values('9.3.4', '9.3.4.1', 67);

INSERT INTO Minutiaes
Values('9.3.4.1.1', '9.3.4.1', '/var/www/server/Datasets/MOLF/MindtctOutput/DB1_Lumidgm/9_4_3.xyt');

INSERT INTO Fingers
Values(NULL, 4, '9.4', '9');

INSERT INTO Images
Values('/var/www/server/Datasets/MOLF/OriginalDataset/DB1_Lumidgm/9_1_4.wsq', '9.4.1', '9.4', 352, 544, 500);

INSERT INTO Features
Values('9.4.1', '9.4.1.1', 78);

INSERT INTO Minutiaes
Values('9.4.1.1.1', '9.4.1.1', '/var/www/server/Datasets/MOLF/MindtctOutput/DB1_Lumidgm/9_1_4.xyt');

INSERT INTO Images
Values('/var/www/server/Datasets/MOLF/OriginalDataset/DB1_Lumidgm/9_2_4.wsq', '9.4.2', '9.4', 352, 544, 500);

INSERT INTO Features
Values('9.4.2', '9.4.2.1', 75);

INSERT INTO Minutiaes
Values('9.4.2.1.1', '9.4.2.1', '/var/www/server/Datasets/MOLF/MindtctOutput/DB1_Lumidgm/9_2_4.xyt');

INSERT INTO Images
Values('/var/www/server/Datasets/MOLF/OriginalDataset/DB1_Lumidgm/9_3_4.wsq', '9.4.3', '9.4', 352, 544, 500);

INSERT INTO Features
Values('9.4.3', '9.4.3.1', 74);

INSERT INTO Minutiaes
Values('9.4.3.1.1', '9.4.3.1', '/var/www/server/Datasets/MOLF/MindtctOutput/DB1_Lumidgm/9_3_4.xyt');

INSERT INTO Images
Values('/var/www/server/Datasets/MOLF/OriginalDataset/DB1_Lumidgm/9_4_4.wsq', '9.4.4', '9.4', 352, 544, 500);

INSERT INTO Features
Values('9.4.4', '9.4.4.1', 80);

INSERT INTO Minutiaes
Values('9.4.4.1.1', '9.4.4.1', '/var/www/server/Datasets/MOLF/MindtctOutput/DB1_Lumidgm/9_4_4.xyt');

INSERT INTO Fingers
Values(NULL, 5, '9.5', '9');

INSERT INTO Images
Values('/var/www/server/Datasets/MOLF/OriginalDataset/DB1_Lumidgm/9_1_5.wsq', '9.5.1', '9.5', 352, 544, 500);

INSERT INTO Features
Values('9.5.1', '9.5.1.1', 73);

INSERT INTO Minutiaes
Values('9.5.1.1.1', '9.5.1.1', '/var/www/server/Datasets/MOLF/MindtctOutput/DB1_Lumidgm/9_1_5.xyt');

INSERT INTO Images
Values('/var/www/server/Datasets/MOLF/OriginalDataset/DB1_Lumidgm/9_2_5.wsq', '9.5.2', '9.5', 352, 544, 500);

INSERT INTO Features
Values('9.5.2', '9.5.2.1', 65);

INSERT INTO Minutiaes
Values('9.5.2.1.1', '9.5.2.1', '/var/www/server/Datasets/MOLF/MindtctOutput/DB1_Lumidgm/9_2_5.xyt');

INSERT INTO Images
Values('/var/www/server/Datasets/MOLF/OriginalDataset/DB1_Lumidgm/9_3_5.wsq', '9.5.3', '9.5', 352, 544, 500);

INSERT INTO Features
Values('9.5.3', '9.5.3.1', 82);

INSERT INTO Minutiaes
Values('9.5.3.1.1', '9.5.3.1', '/var/www/server/Datasets/MOLF/MindtctOutput/DB1_Lumidgm/9_3_5.xyt');

INSERT INTO Images
Values('/var/www/server/Datasets/MOLF/OriginalDataset/DB1_Lumidgm/9_4_5.wsq', '9.5.4', '9.5', 352, 544, 500);

INSERT INTO Features
Values('9.5.4', '9.5.4.1', 80);

INSERT INTO Minutiaes
Values('9.5.4.1.1', '9.5.4.1', '/var/www/server/Datasets/MOLF/MindtctOutput/DB1_Lumidgm/9_4_5.xyt');

INSERT INTO Fingers
Values(NULL, 6, '9.6', '9');

INSERT INTO Images
Values('/var/www/server/Datasets/MOLF/OriginalDataset/DB1_Lumidgm/9_1_6.wsq', '9.6.1', '9.6', 352, 544, 500);

INSERT INTO Features
Values('9.6.1', '9.6.1.1', 58);

INSERT INTO Minutiaes
Values('9.6.1.1.1', '9.6.1.1', '/var/www/server/Datasets/MOLF/MindtctOutput/DB1_Lumidgm/9_1_6.xyt');

INSERT INTO Images
Values('/var/www/server/Datasets/MOLF/OriginalDataset/DB1_Lumidgm/9_2_6.wsq', '9.6.2', '9.6', 352, 544, 500);

INSERT INTO Features
Values('9.6.2', '9.6.2.1', 55);

INSERT INTO Minutiaes
Values('9.6.2.1.1', '9.6.2.1', '/var/www/server/Datasets/MOLF/MindtctOutput/DB1_Lumidgm/9_2_6.xyt');

INSERT INTO Images
Values('/var/www/server/Datasets/MOLF/OriginalDataset/DB1_Lumidgm/9_3_6.wsq', '9.6.3', '9.6', 352, 544, 500);

INSERT INTO Features
Values('9.6.3', '9.6.3.1', 101);

INSERT INTO Minutiaes
Values('9.6.3.1.1', '9.6.3.1', '/var/www/server/Datasets/MOLF/MindtctOutput/DB1_Lumidgm/9_3_6.xyt');

INSERT INTO Images
Values('/var/www/server/Datasets/MOLF/OriginalDataset/DB1_Lumidgm/9_4_6.wsq', '9.6.4', '9.6', 352, 544, 500);

INSERT INTO Features
Values('9.6.4', '9.6.4.1', 101);

INSERT INTO Minutiaes
Values('9.6.4.1.1', '9.6.4.1', '/var/www/server/Datasets/MOLF/MindtctOutput/DB1_Lumidgm/9_4_6.xyt');

INSERT INTO Fingers
Values(NULL, 7, '9.7', '9');

INSERT INTO Images
Values('/var/www/server/Datasets/MOLF/OriginalDataset/DB1_Lumidgm/9_1_7.wsq', '9.7.1', '9.7', 352, 544, 500);

INSERT INTO Features
Values('9.7.1', '9.7.1.1', 60);

INSERT INTO Minutiaes
Values('9.7.1.1.1', '9.7.1.1', '/var/www/server/Datasets/MOLF/MindtctOutput/DB1_Lumidgm/9_1_7.xyt');

INSERT INTO Images
Values('/var/www/server/Datasets/MOLF/OriginalDataset/DB1_Lumidgm/9_2_7.wsq', '9.7.2', '9.7', 352, 544, 500);

INSERT INTO Features
Values('9.7.2', '9.7.2.1', 64);

INSERT INTO Minutiaes
Values('9.7.2.1.1', '9.7.2.1', '/var/www/server/Datasets/MOLF/MindtctOutput/DB1_Lumidgm/9_2_7.xyt');

INSERT INTO Images
Values('/var/www/server/Datasets/MOLF/OriginalDataset/DB1_Lumidgm/9_3_7.wsq', '9.7.3', '9.7', 352, 544, 500);

INSERT INTO Features
Values('9.7.3', '9.7.3.1', 57);

INSERT INTO Minutiaes
Values('9.7.3.1.1', '9.7.3.1', '/var/www/server/Datasets/MOLF/MindtctOutput/DB1_Lumidgm/9_3_7.xyt');

INSERT INTO Images
Values('/var/www/server/Datasets/MOLF/OriginalDataset/DB1_Lumidgm/9_4_7.wsq', '9.7.4', '9.7', 352, 544, 500);

INSERT INTO Features
Values('9.7.4', '9.7.4.1', 70);

INSERT INTO Minutiaes
Values('9.7.4.1.1', '9.7.4.1', '/var/www/server/Datasets/MOLF/MindtctOutput/DB1_Lumidgm/9_4_7.xyt');

INSERT INTO Fingers
Values(NULL, 8, '9.8', '9');

INSERT INTO Images
Values('/var/www/server/Datasets/MOLF/OriginalDataset/DB1_Lumidgm/9_1_8.wsq', '9.8.1', '9.8', 352, 544, 500);

INSERT INTO Features
Values('9.8.1', '9.8.1.1', 78);

INSERT INTO Minutiaes
Values('9.8.1.1.1', '9.8.1.1', '/var/www/server/Datasets/MOLF/MindtctOutput/DB1_Lumidgm/9_1_8.xyt');

INSERT INTO Images
Values('/var/www/server/Datasets/MOLF/OriginalDataset/DB1_Lumidgm/9_2_8.wsq', '9.8.2', '9.8', 352, 544, 500);

INSERT INTO Features
Values('9.8.2', '9.8.2.1', 75);

INSERT INTO Minutiaes
Values('9.8.2.1.1', '9.8.2.1', '/var/www/server/Datasets/MOLF/MindtctOutput/DB1_Lumidgm/9_2_8.xyt');

INSERT INTO Images
Values('/var/www/server/Datasets/MOLF/OriginalDataset/DB1_Lumidgm/9_3_8.wsq', '9.8.3', '9.8', 352, 544, 500);

INSERT INTO Features
Values('9.8.3', '9.8.3.1', 65);

INSERT INTO Minutiaes
Values('9.8.3.1.1', '9.8.3.1', '/var/www/server/Datasets/MOLF/MindtctOutput/DB1_Lumidgm/9_3_8.xyt');

INSERT INTO Images
Values('/var/www/server/Datasets/MOLF/OriginalDataset/DB1_Lumidgm/9_4_8.wsq', '9.8.4', '9.8', 352, 544, 500);

INSERT INTO Features
Values('9.8.4', '9.8.4.1', 57);

INSERT INTO Minutiaes
Values('9.8.4.1.1', '9.8.4.1', '/var/www/server/Datasets/MOLF/MindtctOutput/DB1_Lumidgm/9_4_8.xyt');

INSERT INTO Fingers
Values(NULL, 9, '9.9', '9');

INSERT INTO Images
Values('/var/www/server/Datasets/MOLF/OriginalDataset/DB1_Lumidgm/9_1_9.wsq', '9.9.1', '9.9', 352, 544, 500);

INSERT INTO Features
Values('9.9.1', '9.9.1.1', 100);

INSERT INTO Minutiaes
Values('9.9.1.1.1', '9.9.1.1', '/var/www/server/Datasets/MOLF/MindtctOutput/DB1_Lumidgm/9_1_9.xyt');

INSERT INTO Images
Values('/var/www/server/Datasets/MOLF/OriginalDataset/DB1_Lumidgm/9_2_9.wsq', '9.9.2', '9.9', 352, 544, 500);

INSERT INTO Features
Values('9.9.2', '9.9.2.1', 103);

INSERT INTO Minutiaes
Values('9.9.2.1.1', '9.9.2.1', '/var/www/server/Datasets/MOLF/MindtctOutput/DB1_Lumidgm/9_2_9.xyt');

INSERT INTO Images
Values('/var/www/server/Datasets/MOLF/OriginalDataset/DB1_Lumidgm/9_3_9.wsq', '9.9.3', '9.9', 352, 544, 500);

INSERT INTO Features
Values('9.9.3', '9.9.3.1', 96);

INSERT INTO Minutiaes
Values('9.9.3.1.1', '9.9.3.1', '/var/www/server/Datasets/MOLF/MindtctOutput/DB1_Lumidgm/9_3_9.xyt');

INSERT INTO Images
Values('/var/www/server/Datasets/MOLF/OriginalDataset/DB1_Lumidgm/9_4_9.wsq', '9.9.4', '9.9', 352, 544, 500);

INSERT INTO Features
Values('9.9.4', '9.9.4.1', 80);

INSERT INTO Minutiaes
Values('9.9.4.1.1', '9.9.4.1', '/var/www/server/Datasets/MOLF/MindtctOutput/DB1_Lumidgm/9_4_9.xyt');

INSERT INTO Fingers
Values(NULL, 10, '9.10', '9');

INSERT INTO Images
Values('/var/www/server/Datasets/MOLF/OriginalDataset/DB1_Lumidgm/9_1_10.wsq', '9.10.1', '9.10', 352, 544, 500);

INSERT INTO Features
Values('9.10.1', '9.10.1.1', 74);

INSERT INTO Minutiaes
Values('9.10.1.1.1', '9.10.1.1', '/var/www/server/Datasets/MOLF/MindtctOutput/DB1_Lumidgm/9_1_10.xyt');

INSERT INTO Images
Values('/var/www/server/Datasets/MOLF/OriginalDataset/DB1_Lumidgm/9_2_10.wsq', '9.10.2', '9.10', 352, 544, 500);

INSERT INTO Features
Values('9.10.2', '9.10.2.1', 87);

INSERT INTO Minutiaes
Values('9.10.2.1.1', '9.10.2.1', '/var/www/server/Datasets/MOLF/MindtctOutput/DB1_Lumidgm/9_2_10.xyt');

INSERT INTO Images
Values('/var/www/server/Datasets/MOLF/OriginalDataset/DB1_Lumidgm/9_3_10.wsq', '9.10.3', '9.10', 352, 544, 500);

INSERT INTO Features
Values('9.10.3', '9.10.3.1', 77);

INSERT INTO Minutiaes
Values('9.10.3.1.1', '9.10.3.1', '/var/www/server/Datasets/MOLF/MindtctOutput/DB1_Lumidgm/9_3_10.xyt');

INSERT INTO Images
Values('/var/www/server/Datasets/MOLF/OriginalDataset/DB1_Lumidgm/9_4_10.wsq', '9.10.4', '9.10', 352, 544, 500);

INSERT INTO Features
Values('9.10.4', '9.10.4.1', 73);

INSERT INTO Minutiaes
Values('9.10.4.1.1', '9.10.4.1', '/var/www/server/Datasets/MOLF/MindtctOutput/DB1_Lumidgm/9_4_10.xyt');

#------------------------SUBJECT 10------------------------
INSERT INTO Subjects
Values('10');

INSERT INTO Fingers
Values(NULL, 1, '10.1', '10');

INSERT INTO Images
Values('/var/www/server/Datasets/MOLF/OriginalDataset/DB1_Lumidgm/10_1_1.wsq', '10.1.1', '10.1', 352, 544, 500);

INSERT INTO Features
Values('10.1.1', '10.1.1.1', 55);

INSERT INTO Minutiaes
Values('10.1.1.1.1', '10.1.1.1', '/var/www/server/Datasets/MOLF/MindtctOutput/DB1_Lumidgm/10_1_1.xyt');

INSERT INTO Images
Values('/var/www/server/Datasets/MOLF/OriginalDataset/DB1_Lumidgm/10_2_1.wsq', '10.1.2', '10.1', 352, 544, 500);

INSERT INTO Features
Values('10.1.2', '10.1.2.1', 65);

INSERT INTO Minutiaes
Values('10.1.2.1.1', '10.1.2.1', '/var/www/server/Datasets/MOLF/MindtctOutput/DB1_Lumidgm/10_2_1.xyt');

INSERT INTO Images
Values('/var/www/server/Datasets/MOLF/OriginalDataset/DB1_Lumidgm/10_3_1.wsq', '10.1.3', '10.1', 352, 544, 500);

INSERT INTO Features
Values('10.1.3', '10.1.3.1', 47);

INSERT INTO Minutiaes
Values('10.1.3.1.1', '10.1.3.1', '/var/www/server/Datasets/MOLF/MindtctOutput/DB1_Lumidgm/10_3_1.xyt');

INSERT INTO Images
Values('/var/www/server/Datasets/MOLF/OriginalDataset/DB1_Lumidgm/10_4_1.wsq', '10.1.4', '10.1', 352, 544, 500);

INSERT INTO Features
Values('10.1.4', '10.1.4.1', 59);

INSERT INTO Minutiaes
Values('10.1.4.1.1', '10.1.4.1', '/var/www/server/Datasets/MOLF/MindtctOutput/DB1_Lumidgm/10_4_1.xyt');

INSERT INTO Fingers
Values(NULL, 2, '10.2', '10');

INSERT INTO Images
Values('/var/www/server/Datasets/MOLF/OriginalDataset/DB1_Lumidgm/10_1_2.wsq', '10.2.1', '10.2', 352, 544, 500);

INSERT INTO Features
Values('10.2.1', '10.2.1.1', 61);

INSERT INTO Minutiaes
Values('10.2.1.1.1', '10.2.1.1', '/var/www/server/Datasets/MOLF/MindtctOutput/DB1_Lumidgm/10_1_2.xyt');

INSERT INTO Images
Values('/var/www/server/Datasets/MOLF/OriginalDataset/DB1_Lumidgm/10_2_2.wsq', '10.2.2', '10.2', 352, 544, 500);

INSERT INTO Features
Values('10.2.2', '10.2.2.1', 68);

INSERT INTO Minutiaes
Values('10.2.2.1.1', '10.2.2.1', '/var/www/server/Datasets/MOLF/MindtctOutput/DB1_Lumidgm/10_2_2.xyt');

INSERT INTO Images
Values('/var/www/server/Datasets/MOLF/OriginalDataset/DB1_Lumidgm/10_3_2.wsq', '10.2.3', '10.2', 352, 544, 500);

INSERT INTO Features
Values('10.2.3', '10.2.3.1', 44);

INSERT INTO Minutiaes
Values('10.2.3.1.1', '10.2.3.1', '/var/www/server/Datasets/MOLF/MindtctOutput/DB1_Lumidgm/10_3_2.xyt');

INSERT INTO Images
Values('/var/www/server/Datasets/MOLF/OriginalDataset/DB1_Lumidgm/10_4_2.wsq', '10.2.4', '10.2', 352, 544, 500);

INSERT INTO Features
Values('10.2.4', '10.2.4.1', 58);

INSERT INTO Minutiaes
Values('10.2.4.1.1', '10.2.4.1', '/var/www/server/Datasets/MOLF/MindtctOutput/DB1_Lumidgm/10_4_2.xyt');

INSERT INTO Fingers
Values(NULL, 3, '10.3', '10');

INSERT INTO Images
Values('/var/www/server/Datasets/MOLF/OriginalDataset/DB1_Lumidgm/10_1_3.wsq', '10.3.1', '10.3', 352, 544, 500);

INSERT INTO Features
Values('10.3.1', '10.3.1.1', 67);

INSERT INTO Minutiaes
Values('10.3.1.1.1', '10.3.1.1', '/var/www/server/Datasets/MOLF/MindtctOutput/DB1_Lumidgm/10_1_3.xyt');

INSERT INTO Images
Values('/var/www/server/Datasets/MOLF/OriginalDataset/DB1_Lumidgm/10_2_3.wsq', '10.3.2', '10.3', 352, 544, 500);

INSERT INTO Features
Values('10.3.2', '10.3.2.1', 63);

INSERT INTO Minutiaes
Values('10.3.2.1.1', '10.3.2.1', '/var/www/server/Datasets/MOLF/MindtctOutput/DB1_Lumidgm/10_2_3.xyt');

INSERT INTO Images
Values('/var/www/server/Datasets/MOLF/OriginalDataset/DB1_Lumidgm/10_3_3.wsq', '10.3.3', '10.3', 352, 544, 500);

INSERT INTO Features
Values('10.3.3', '10.3.3.1', 64);

INSERT INTO Minutiaes
Values('10.3.3.1.1', '10.3.3.1', '/var/www/server/Datasets/MOLF/MindtctOutput/DB1_Lumidgm/10_3_3.xyt');

INSERT INTO Images
Values('/var/www/server/Datasets/MOLF/OriginalDataset/DB1_Lumidgm/10_4_3.wsq', '10.3.4', '10.3', 352, 544, 500);

INSERT INTO Features
Values('10.3.4', '10.3.4.1', 67);

INSERT INTO Minutiaes
Values('10.3.4.1.1', '10.3.4.1', '/var/www/server/Datasets/MOLF/MindtctOutput/DB1_Lumidgm/10_4_3.xyt');

INSERT INTO Fingers
Values(NULL, 4, '10.4', '10');

INSERT INTO Images
Values('/var/www/server/Datasets/MOLF/OriginalDataset/DB1_Lumidgm/10_1_4.wsq', '10.4.1', '10.4', 352, 544, 500);

INSERT INTO Features
Values('10.4.1', '10.4.1.1', 61);

INSERT INTO Minutiaes
Values('10.4.1.1.1', '10.4.1.1', '/var/www/server/Datasets/MOLF/MindtctOutput/DB1_Lumidgm/10_1_4.xyt');

INSERT INTO Images
Values('/var/www/server/Datasets/MOLF/OriginalDataset/DB1_Lumidgm/10_2_4.wsq', '10.4.2', '10.4', 352, 544, 500);

INSERT INTO Features
Values('10.4.2', '10.4.2.1', 66);

INSERT INTO Minutiaes
Values('10.4.2.1.1', '10.4.2.1', '/var/www/server/Datasets/MOLF/MindtctOutput/DB1_Lumidgm/10_2_4.xyt');

INSERT INTO Images
Values('/var/www/server/Datasets/MOLF/OriginalDataset/DB1_Lumidgm/10_3_4.wsq', '10.4.3', '10.4', 352, 544, 500);

INSERT INTO Features
Values('10.4.3', '10.4.3.1', 55);

INSERT INTO Minutiaes
Values('10.4.3.1.1', '10.4.3.1', '/var/www/server/Datasets/MOLF/MindtctOutput/DB1_Lumidgm/10_3_4.xyt');

INSERT INTO Images
Values('/var/www/server/Datasets/MOLF/OriginalDataset/DB1_Lumidgm/10_4_4.wsq', '10.4.4', '10.4', 352, 544, 500);

INSERT INTO Features
Values('10.4.4', '10.4.4.1', 60);

INSERT INTO Minutiaes
Values('10.4.4.1.1', '10.4.4.1', '/var/www/server/Datasets/MOLF/MindtctOutput/DB1_Lumidgm/10_4_4.xyt');

INSERT INTO Fingers
Values(NULL, 5, '10.5', '10');

INSERT INTO Images
Values('/var/www/server/Datasets/MOLF/OriginalDataset/DB1_Lumidgm/10_1_5.wsq', '10.5.1', '10.5', 352, 544, 500);

INSERT INTO Features
Values('10.5.1', '10.5.1.1', 78);

INSERT INTO Minutiaes
Values('10.5.1.1.1', '10.5.1.1', '/var/www/server/Datasets/MOLF/MindtctOutput/DB1_Lumidgm/10_1_5.xyt');

INSERT INTO Images
Values('/var/www/server/Datasets/MOLF/OriginalDataset/DB1_Lumidgm/10_2_5.wsq', '10.5.2', '10.5', 352, 544, 500);

INSERT INTO Features
Values('10.5.2', '10.5.2.1', 67);

INSERT INTO Minutiaes
Values('10.5.2.1.1', '10.5.2.1', '/var/www/server/Datasets/MOLF/MindtctOutput/DB1_Lumidgm/10_2_5.xyt');

INSERT INTO Images
Values('/var/www/server/Datasets/MOLF/OriginalDataset/DB1_Lumidgm/10_3_5.wsq', '10.5.3', '10.5', 352, 544, 500);

INSERT INTO Features
Values('10.5.3', '10.5.3.1', 46);

INSERT INTO Minutiaes
Values('10.5.3.1.1', '10.5.3.1', '/var/www/server/Datasets/MOLF/MindtctOutput/DB1_Lumidgm/10_3_5.xyt');

INSERT INTO Images
Values('/var/www/server/Datasets/MOLF/OriginalDataset/DB1_Lumidgm/10_4_5.wsq', '10.5.4', '10.5', 352, 544, 500);

INSERT INTO Features
Values('10.5.4', '10.5.4.1', 55);

INSERT INTO Minutiaes
Values('10.5.4.1.1', '10.5.4.1', '/var/www/server/Datasets/MOLF/MindtctOutput/DB1_Lumidgm/10_4_5.xyt');

INSERT INTO Fingers
Values(NULL, 6, '10.6', '10');

INSERT INTO Images
Values('/var/www/server/Datasets/MOLF/OriginalDataset/DB1_Lumidgm/10_1_6.wsq', '10.6.1', '10.6', 352, 544, 500);

INSERT INTO Features
Values('10.6.1', '10.6.1.1', 54);

INSERT INTO Minutiaes
Values('10.6.1.1.1', '10.6.1.1', '/var/www/server/Datasets/MOLF/MindtctOutput/DB1_Lumidgm/10_1_6.xyt');

INSERT INTO Images
Values('/var/www/server/Datasets/MOLF/OriginalDataset/DB1_Lumidgm/10_2_6.wsq', '10.6.2', '10.6', 352, 544, 500);

INSERT INTO Features
Values('10.6.2', '10.6.2.1', 74);

INSERT INTO Minutiaes
Values('10.6.2.1.1', '10.6.2.1', '/var/www/server/Datasets/MOLF/MindtctOutput/DB1_Lumidgm/10_2_6.xyt');

INSERT INTO Images
Values('/var/www/server/Datasets/MOLF/OriginalDataset/DB1_Lumidgm/10_3_6.wsq', '10.6.3', '10.6', 352, 544, 500);

INSERT INTO Features
Values('10.6.3', '10.6.3.1', 57);

INSERT INTO Minutiaes
Values('10.6.3.1.1', '10.6.3.1', '/var/www/server/Datasets/MOLF/MindtctOutput/DB1_Lumidgm/10_3_6.xyt');

INSERT INTO Images
Values('/var/www/server/Datasets/MOLF/OriginalDataset/DB1_Lumidgm/10_4_6.wsq', '10.6.4', '10.6', 352, 544, 500);

INSERT INTO Features
Values('10.6.4', '10.6.4.1', 60);

INSERT INTO Minutiaes
Values('10.6.4.1.1', '10.6.4.1', '/var/www/server/Datasets/MOLF/MindtctOutput/DB1_Lumidgm/10_4_6.xyt');

INSERT INTO Fingers
Values(NULL, 7, '10.7', '10');

INSERT INTO Images
Values('/var/www/server/Datasets/MOLF/OriginalDataset/DB1_Lumidgm/10_1_7.wsq', '10.7.1', '10.7', 352, 544, 500);

INSERT INTO Features
Values('10.7.1', '10.7.1.1', 55);

INSERT INTO Minutiaes
Values('10.7.1.1.1', '10.7.1.1', '/var/www/server/Datasets/MOLF/MindtctOutput/DB1_Lumidgm/10_1_7.xyt');

INSERT INTO Images
Values('/var/www/server/Datasets/MOLF/OriginalDataset/DB1_Lumidgm/10_2_7.wsq', '10.7.2', '10.7', 352, 544, 500);

INSERT INTO Features
Values('10.7.2', '10.7.2.1', 70);

INSERT INTO Minutiaes
Values('10.7.2.1.1', '10.7.2.1', '/var/www/server/Datasets/MOLF/MindtctOutput/DB1_Lumidgm/10_2_7.xyt');

INSERT INTO Images
Values('/var/www/server/Datasets/MOLF/OriginalDataset/DB1_Lumidgm/10_3_7.wsq', '10.7.3', '10.7', 352, 544, 500);

INSERT INTO Features
Values('10.7.3', '10.7.3.1', 61);

INSERT INTO Minutiaes
Values('10.7.3.1.1', '10.7.3.1', '/var/www/server/Datasets/MOLF/MindtctOutput/DB1_Lumidgm/10_3_7.xyt');

INSERT INTO Images
Values('/var/www/server/Datasets/MOLF/OriginalDataset/DB1_Lumidgm/10_4_7.wsq', '10.7.4', '10.7', 352, 544, 500);

INSERT INTO Features
Values('10.7.4', '10.7.4.1', 56);

INSERT INTO Minutiaes
Values('10.7.4.1.1', '10.7.4.1', '/var/www/server/Datasets/MOLF/MindtctOutput/DB1_Lumidgm/10_4_7.xyt');

INSERT INTO Fingers
Values(NULL, 8, '10.8', '10');

INSERT INTO Images
Values('/var/www/server/Datasets/MOLF/OriginalDataset/DB1_Lumidgm/10_1_8.wsq', '10.8.1', '10.8', 352, 544, 500);

INSERT INTO Features
Values('10.8.1', '10.8.1.1', 78);

INSERT INTO Minutiaes
Values('10.8.1.1.1', '10.8.1.1', '/var/www/server/Datasets/MOLF/MindtctOutput/DB1_Lumidgm/10_1_8.xyt');

INSERT INTO Images
Values('/var/www/server/Datasets/MOLF/OriginalDataset/DB1_Lumidgm/10_2_8.wsq', '10.8.2', '10.8', 352, 544, 500);

INSERT INTO Features
Values('10.8.2', '10.8.2.1', 74);

INSERT INTO Minutiaes
Values('10.8.2.1.1', '10.8.2.1', '/var/www/server/Datasets/MOLF/MindtctOutput/DB1_Lumidgm/10_2_8.xyt');

INSERT INTO Images
Values('/var/www/server/Datasets/MOLF/OriginalDataset/DB1_Lumidgm/10_3_8.wsq', '10.8.3', '10.8', 352, 544, 500);

INSERT INTO Features
Values('10.8.3', '10.8.3.1', 70);

INSERT INTO Minutiaes
Values('10.8.3.1.1', '10.8.3.1', '/var/www/server/Datasets/MOLF/MindtctOutput/DB1_Lumidgm/10_3_8.xyt');

INSERT INTO Images
Values('/var/www/server/Datasets/MOLF/OriginalDataset/DB1_Lumidgm/10_4_8.wsq', '10.8.4', '10.8', 352, 544, 500);

INSERT INTO Features
Values('10.8.4', '10.8.4.1', 61);

INSERT INTO Minutiaes
Values('10.8.4.1.1', '10.8.4.1', '/var/www/server/Datasets/MOLF/MindtctOutput/DB1_Lumidgm/10_4_8.xyt');

INSERT INTO Fingers
Values(NULL, 9, '10.9', '10');

INSERT INTO Images
Values('/var/www/server/Datasets/MOLF/OriginalDataset/DB1_Lumidgm/10_1_9.wsq', '10.9.1', '10.9', 352, 544, 500);

INSERT INTO Features
Values('10.9.1', '10.9.1.1', 81);

INSERT INTO Minutiaes
Values('10.9.1.1.1', '10.9.1.1', '/var/www/server/Datasets/MOLF/MindtctOutput/DB1_Lumidgm/10_1_9.xyt');

INSERT INTO Images
Values('/var/www/server/Datasets/MOLF/OriginalDataset/DB1_Lumidgm/10_2_9.wsq', '10.9.2', '10.9', 352, 544, 500);

INSERT INTO Features
Values('10.9.2', '10.9.2.1', 83);

INSERT INTO Minutiaes
Values('10.9.2.1.1', '10.9.2.1', '/var/www/server/Datasets/MOLF/MindtctOutput/DB1_Lumidgm/10_2_9.xyt');

INSERT INTO Images
Values('/var/www/server/Datasets/MOLF/OriginalDataset/DB1_Lumidgm/10_3_9.wsq', '10.9.3', '10.9', 352, 544, 500);

INSERT INTO Features
Values('10.9.3', '10.9.3.1', 62);

INSERT INTO Minutiaes
Values('10.9.3.1.1', '10.9.3.1', '/var/www/server/Datasets/MOLF/MindtctOutput/DB1_Lumidgm/10_3_9.xyt');

INSERT INTO Images
Values('/var/www/server/Datasets/MOLF/OriginalDataset/DB1_Lumidgm/10_4_9.wsq', '10.9.4', '10.9', 352, 544, 500);

INSERT INTO Features
Values('10.9.4', '10.9.4.1', 61);

INSERT INTO Minutiaes
Values('10.9.4.1.1', '10.9.4.1', '/var/www/server/Datasets/MOLF/MindtctOutput/DB1_Lumidgm/10_4_9.xyt');

INSERT INTO Fingers
Values(NULL, 10, '10.10', '10');

INSERT INTO Images
Values('/var/www/server/Datasets/MOLF/OriginalDataset/DB1_Lumidgm/10_1_10.wsq', '10.10.1', '10.10', 352, 544, 500);

INSERT INTO Features
Values('10.10.1', '10.10.1.1', 72);

INSERT INTO Minutiaes
Values('10.10.1.1.1', '10.10.1.1', '/var/www/server/Datasets/MOLF/MindtctOutput/DB1_Lumidgm/10_1_10.xyt');

INSERT INTO Images
Values('/var/www/server/Datasets/MOLF/OriginalDataset/DB1_Lumidgm/10_2_10.wsq', '10.10.2', '10.10', 352, 544, 500);

INSERT INTO Features
Values('10.10.2', '10.10.2.1', 75);

INSERT INTO Minutiaes
Values('10.10.2.1.1', '10.10.2.1', '/var/www/server/Datasets/MOLF/MindtctOutput/DB1_Lumidgm/10_2_10.xyt');

INSERT INTO Images
Values('/var/www/server/Datasets/MOLF/OriginalDataset/DB1_Lumidgm/10_3_10.wsq', '10.10.3', '10.10', 352, 544, 500);

INSERT INTO Features
Values('10.10.3', '10.10.3.1', 42);

INSERT INTO Minutiaes
Values('10.10.3.1.1', '10.10.3.1', '/var/www/server/Datasets/MOLF/MindtctOutput/DB1_Lumidgm/10_3_10.xyt');

INSERT INTO Images
Values('/var/www/server/Datasets/MOLF/OriginalDataset/DB1_Lumidgm/10_4_10.wsq', '10.10.4', '10.10', 352, 544, 500);

INSERT INTO Features
Values('10.10.4', '10.10.4.1', 73);

INSERT INTO Minutiaes
Values('10.10.4.1.1', '10.10.4.1', '/var/www/server/Datasets/MOLF/MindtctOutput/DB1_Lumidgm/10_4_10.xyt');

#------------------------SUBJECT 11------------------------
INSERT INTO Subjects
Values('11');

INSERT INTO Fingers
Values(NULL, 1, '11.1', '11');

INSERT INTO Images
Values('/var/www/server/Datasets/MOLF/OriginalDataset/DB1_Lumidgm/11_1_1.wsq', '11.1.1', '11.1', 352, 544, 500);

INSERT INTO Features
Values('11.1.1', '11.1.1.1', 60);

INSERT INTO Minutiaes
Values('11.1.1.1.1', '11.1.1.1', '/var/www/server/Datasets/MOLF/MindtctOutput/DB1_Lumidgm/11_1_1.xyt');

INSERT INTO Images
Values('/var/www/server/Datasets/MOLF/OriginalDataset/DB1_Lumidgm/11_2_1.wsq', '11.1.2', '11.1', 352, 544, 500);

INSERT INTO Features
Values('11.1.2', '11.1.2.1', 60);

INSERT INTO Minutiaes
Values('11.1.2.1.1', '11.1.2.1', '/var/www/server/Datasets/MOLF/MindtctOutput/DB1_Lumidgm/11_2_1.xyt');

INSERT INTO Images
Values('/var/www/server/Datasets/MOLF/OriginalDataset/DB1_Lumidgm/11_3_1.wsq', '11.1.3', '11.1', 352, 544, 500);

INSERT INTO Features
Values('11.1.3', '11.1.3.1', 60);

INSERT INTO Minutiaes
Values('11.1.3.1.1', '11.1.3.1', '/var/www/server/Datasets/MOLF/MindtctOutput/DB1_Lumidgm/11_3_1.xyt');

INSERT INTO Images
Values('/var/www/server/Datasets/MOLF/OriginalDataset/DB1_Lumidgm/11_4_1.wsq', '11.1.4', '11.1', 352, 544, 500);

INSERT INTO Features
Values('11.1.4', '11.1.4.1', 60);

INSERT INTO Minutiaes
Values('11.1.4.1.1', '11.1.4.1', '/var/www/server/Datasets/MOLF/MindtctOutput/DB1_Lumidgm/11_4_1.xyt');

INSERT INTO Fingers
Values(NULL, 2, '11.2', '11');

INSERT INTO Images
Values('/var/www/server/Datasets/MOLF/OriginalDataset/DB1_Lumidgm/11_1_2.wsq', '11.2.1', '11.2', 352, 544, 500);

INSERT INTO Features
Values('11.2.1', '11.2.1.1', 60);

INSERT INTO Minutiaes
Values('11.2.1.1.1', '11.2.1.1', '/var/www/server/Datasets/MOLF/MindtctOutput/DB1_Lumidgm/11_1_2.xyt');

INSERT INTO Images
Values('/var/www/server/Datasets/MOLF/OriginalDataset/DB1_Lumidgm/11_2_2.wsq', '11.2.2', '11.2', 352, 544, 500);

INSERT INTO Features
Values('11.2.2', '11.2.2.1', 60);

INSERT INTO Minutiaes
Values('11.2.2.1.1', '11.2.2.1', '/var/www/server/Datasets/MOLF/MindtctOutput/DB1_Lumidgm/11_2_2.xyt');

INSERT INTO Images
Values('/var/www/server/Datasets/MOLF/OriginalDataset/DB1_Lumidgm/11_3_2.wsq', '11.2.3', '11.2', 352, 544, 500);

INSERT INTO Features
Values('11.2.3', '11.2.3.1', 73);

INSERT INTO Minutiaes
Values('11.2.3.1.1', '11.2.3.1', '/var/www/server/Datasets/MOLF/MindtctOutput/DB1_Lumidgm/11_3_2.xyt');

INSERT INTO Images
Values('/var/www/server/Datasets/MOLF/OriginalDataset/DB1_Lumidgm/11_4_2.wsq', '11.2.4', '11.2', 352, 544, 500);

INSERT INTO Features
Values('11.2.4', '11.2.4.1', 73);

INSERT INTO Minutiaes
Values('11.2.4.1.1', '11.2.4.1', '/var/www/server/Datasets/MOLF/MindtctOutput/DB1_Lumidgm/11_4_2.xyt');

INSERT INTO Fingers
Values(NULL, 3, '11.3', '11');

INSERT INTO Images
Values('/var/www/server/Datasets/MOLF/OriginalDataset/DB1_Lumidgm/11_1_3.wsq', '11.3.1', '11.3', 352, 544, 500);

INSERT INTO Features
Values('11.3.1', '11.3.1.1', 82);

INSERT INTO Minutiaes
Values('11.3.1.1.1', '11.3.1.1', '/var/www/server/Datasets/MOLF/MindtctOutput/DB1_Lumidgm/11_1_3.xyt');

INSERT INTO Images
Values('/var/www/server/Datasets/MOLF/OriginalDataset/DB1_Lumidgm/11_2_3.wsq', '11.3.2', '11.3', 352, 544, 500);

INSERT INTO Features
Values('11.3.2', '11.3.2.1', 82);

INSERT INTO Minutiaes
Values('11.3.2.1.1', '11.3.2.1', '/var/www/server/Datasets/MOLF/MindtctOutput/DB1_Lumidgm/11_2_3.xyt');

INSERT INTO Images
Values('/var/www/server/Datasets/MOLF/OriginalDataset/DB1_Lumidgm/11_3_3.wsq', '11.3.3', '11.3', 352, 544, 500);

INSERT INTO Features
Values('11.3.3', '11.3.3.1', 80);

INSERT INTO Minutiaes
Values('11.3.3.1.1', '11.3.3.1', '/var/www/server/Datasets/MOLF/MindtctOutput/DB1_Lumidgm/11_3_3.xyt');

INSERT INTO Images
Values('/var/www/server/Datasets/MOLF/OriginalDataset/DB1_Lumidgm/11_4_3.wsq', '11.3.4', '11.3', 352, 544, 500);

INSERT INTO Features
Values('11.3.4', '11.3.4.1', 80);

INSERT INTO Minutiaes
Values('11.3.4.1.1', '11.3.4.1', '/var/www/server/Datasets/MOLF/MindtctOutput/DB1_Lumidgm/11_4_3.xyt');

INSERT INTO Fingers
Values(NULL, 4, '11.4', '11');

INSERT INTO Images
Values('/var/www/server/Datasets/MOLF/OriginalDataset/DB1_Lumidgm/11_1_4.wsq', '11.4.1', '11.4', 352, 544, 500);

INSERT INTO Features
Values('11.4.1', '11.4.1.1', 69);

INSERT INTO Minutiaes
Values('11.4.1.1.1', '11.4.1.1', '/var/www/server/Datasets/MOLF/MindtctOutput/DB1_Lumidgm/11_1_4.xyt');

INSERT INTO Images
Values('/var/www/server/Datasets/MOLF/OriginalDataset/DB1_Lumidgm/11_2_4.wsq', '11.4.2', '11.4', 352, 544, 500);

INSERT INTO Features
Values('11.4.2', '11.4.2.1', 69);

INSERT INTO Minutiaes
Values('11.4.2.1.1', '11.4.2.1', '/var/www/server/Datasets/MOLF/MindtctOutput/DB1_Lumidgm/11_2_4.xyt');

INSERT INTO Images
Values('/var/www/server/Datasets/MOLF/OriginalDataset/DB1_Lumidgm/11_3_4.wsq', '11.4.3', '11.4', 352, 544, 500);

INSERT INTO Features
Values('11.4.3', '11.4.3.1', 76);

INSERT INTO Minutiaes
Values('11.4.3.1.1', '11.4.3.1', '/var/www/server/Datasets/MOLF/MindtctOutput/DB1_Lumidgm/11_3_4.xyt');

INSERT INTO Images
Values('/var/www/server/Datasets/MOLF/OriginalDataset/DB1_Lumidgm/11_4_4.wsq', '11.4.4', '11.4', 352, 544, 500);

INSERT INTO Features
Values('11.4.4', '11.4.4.1', 76);

INSERT INTO Minutiaes
Values('11.4.4.1.1', '11.4.4.1', '/var/www/server/Datasets/MOLF/MindtctOutput/DB1_Lumidgm/11_4_4.xyt');

INSERT INTO Fingers
Values(NULL, 5, '11.5', '11');

INSERT INTO Images
Values('/var/www/server/Datasets/MOLF/OriginalDataset/DB1_Lumidgm/11_1_5.wsq', '11.5.1', '11.5', 352, 544, 500);

INSERT INTO Features
Values('11.5.1', '11.5.1.1', 62);

INSERT INTO Minutiaes
Values('11.5.1.1.1', '11.5.1.1', '/var/www/server/Datasets/MOLF/MindtctOutput/DB1_Lumidgm/11_1_5.xyt');

INSERT INTO Images
Values('/var/www/server/Datasets/MOLF/OriginalDataset/DB1_Lumidgm/11_2_5.wsq', '11.5.2', '11.5', 352, 544, 500);

INSERT INTO Features
Values('11.5.2', '11.5.2.1', 62);

INSERT INTO Minutiaes
Values('11.5.2.1.1', '11.5.2.1', '/var/www/server/Datasets/MOLF/MindtctOutput/DB1_Lumidgm/11_2_5.xyt');

INSERT INTO Images
Values('/var/www/server/Datasets/MOLF/OriginalDataset/DB1_Lumidgm/11_3_5.wsq', '11.5.3', '11.5', 352, 544, 500);

INSERT INTO Features
Values('11.5.3', '11.5.3.1', 75);

INSERT INTO Minutiaes
Values('11.5.3.1.1', '11.5.3.1', '/var/www/server/Datasets/MOLF/MindtctOutput/DB1_Lumidgm/11_3_5.xyt');

INSERT INTO Images
Values('/var/www/server/Datasets/MOLF/OriginalDataset/DB1_Lumidgm/11_4_5.wsq', '11.5.4', '11.5', 352, 544, 500);

INSERT INTO Features
Values('11.5.4', '11.5.4.1', 75);

INSERT INTO Minutiaes
Values('11.5.4.1.1', '11.5.4.1', '/var/www/server/Datasets/MOLF/MindtctOutput/DB1_Lumidgm/11_4_5.xyt');

INSERT INTO Fingers
Values(NULL, 6, '11.6', '11');

INSERT INTO Images
Values('/var/www/server/Datasets/MOLF/OriginalDataset/DB1_Lumidgm/11_1_6.wsq', '11.6.1', '11.6', 352, 544, 500);

INSERT INTO Features
Values('11.6.1', '11.6.1.1', 52);

INSERT INTO Minutiaes
Values('11.6.1.1.1', '11.6.1.1', '/var/www/server/Datasets/MOLF/MindtctOutput/DB1_Lumidgm/11_1_6.xyt');

INSERT INTO Images
Values('/var/www/server/Datasets/MOLF/OriginalDataset/DB1_Lumidgm/11_2_6.wsq', '11.6.2', '11.6', 352, 544, 500);

INSERT INTO Features
Values('11.6.2', '11.6.2.1', 52);

INSERT INTO Minutiaes
Values('11.6.2.1.1', '11.6.2.1', '/var/www/server/Datasets/MOLF/MindtctOutput/DB1_Lumidgm/11_2_6.xyt');

INSERT INTO Images
Values('/var/www/server/Datasets/MOLF/OriginalDataset/DB1_Lumidgm/11_3_6.wsq', '11.6.3', '11.6', 352, 544, 500);

INSERT INTO Features
Values('11.6.3', '11.6.3.1', 94);

INSERT INTO Minutiaes
Values('11.6.3.1.1', '11.6.3.1', '/var/www/server/Datasets/MOLF/MindtctOutput/DB1_Lumidgm/11_3_6.xyt');

INSERT INTO Images
Values('/var/www/server/Datasets/MOLF/OriginalDataset/DB1_Lumidgm/11_4_6.wsq', '11.6.4', '11.6', 352, 544, 500);

INSERT INTO Features
Values('11.6.4', '11.6.4.1', 94);

INSERT INTO Minutiaes
Values('11.6.4.1.1', '11.6.4.1', '/var/www/server/Datasets/MOLF/MindtctOutput/DB1_Lumidgm/11_4_6.xyt');

INSERT INTO Fingers
Values(NULL, 7, '11.7', '11');

INSERT INTO Images
Values('/var/www/server/Datasets/MOLF/OriginalDataset/DB1_Lumidgm/11_1_7.wsq', '11.7.1', '11.7', 352, 544, 500);

INSERT INTO Features
Values('11.7.1', '11.7.1.1', 79);

INSERT INTO Minutiaes
Values('11.7.1.1.1', '11.7.1.1', '/var/www/server/Datasets/MOLF/MindtctOutput/DB1_Lumidgm/11_1_7.xyt');

INSERT INTO Images
Values('/var/www/server/Datasets/MOLF/OriginalDataset/DB1_Lumidgm/11_2_7.wsq', '11.7.2', '11.7', 352, 544, 500);

INSERT INTO Features
Values('11.7.2', '11.7.2.1', 79);

INSERT INTO Minutiaes
Values('11.7.2.1.1', '11.7.2.1', '/var/www/server/Datasets/MOLF/MindtctOutput/DB1_Lumidgm/11_2_7.xyt');

INSERT INTO Images
Values('/var/www/server/Datasets/MOLF/OriginalDataset/DB1_Lumidgm/11_3_7.wsq', '11.7.3', '11.7', 352, 544, 500);

INSERT INTO Features
Values('11.7.3', '11.7.3.1', 70);

INSERT INTO Minutiaes
Values('11.7.3.1.1', '11.7.3.1', '/var/www/server/Datasets/MOLF/MindtctOutput/DB1_Lumidgm/11_3_7.xyt');

INSERT INTO Images
Values('/var/www/server/Datasets/MOLF/OriginalDataset/DB1_Lumidgm/11_4_7.wsq', '11.7.4', '11.7', 352, 544, 500);

INSERT INTO Features
Values('11.7.4', '11.7.4.1', 70);

INSERT INTO Minutiaes
Values('11.7.4.1.1', '11.7.4.1', '/var/www/server/Datasets/MOLF/MindtctOutput/DB1_Lumidgm/11_4_7.xyt');

INSERT INTO Fingers
Values(NULL, 8, '11.8', '11');

INSERT INTO Images
Values('/var/www/server/Datasets/MOLF/OriginalDataset/DB1_Lumidgm/11_1_8.wsq', '11.8.1', '11.8', 352, 544, 500);

INSERT INTO Features
Values('11.8.1', '11.8.1.1', 78);

INSERT INTO Minutiaes
Values('11.8.1.1.1', '11.8.1.1', '/var/www/server/Datasets/MOLF/MindtctOutput/DB1_Lumidgm/11_1_8.xyt');

INSERT INTO Images
Values('/var/www/server/Datasets/MOLF/OriginalDataset/DB1_Lumidgm/11_2_8.wsq', '11.8.2', '11.8', 352, 544, 500);

INSERT INTO Features
Values('11.8.2', '11.8.2.1', 78);

INSERT INTO Minutiaes
Values('11.8.2.1.1', '11.8.2.1', '/var/www/server/Datasets/MOLF/MindtctOutput/DB1_Lumidgm/11_2_8.xyt');

INSERT INTO Images
Values('/var/www/server/Datasets/MOLF/OriginalDataset/DB1_Lumidgm/11_3_8.wsq', '11.8.3', '11.8', 352, 544, 500);

INSERT INTO Features
Values('11.8.3', '11.8.3.1', 83);

INSERT INTO Minutiaes
Values('11.8.3.1.1', '11.8.3.1', '/var/www/server/Datasets/MOLF/MindtctOutput/DB1_Lumidgm/11_3_8.xyt');

INSERT INTO Images
Values('/var/www/server/Datasets/MOLF/OriginalDataset/DB1_Lumidgm/11_4_8.wsq', '11.8.4', '11.8', 352, 544, 500);

INSERT INTO Features
Values('11.8.4', '11.8.4.1', 83);

INSERT INTO Minutiaes
Values('11.8.4.1.1', '11.8.4.1', '/var/www/server/Datasets/MOLF/MindtctOutput/DB1_Lumidgm/11_4_8.xyt');

INSERT INTO Fingers
Values(NULL, 9, '11.9', '11');

INSERT INTO Images
Values('/var/www/server/Datasets/MOLF/OriginalDataset/DB1_Lumidgm/11_1_9.wsq', '11.9.1', '11.9', 352, 544, 500);

INSERT INTO Features
Values('11.9.1', '11.9.1.1', 85);

INSERT INTO Minutiaes
Values('11.9.1.1.1', '11.9.1.1', '/var/www/server/Datasets/MOLF/MindtctOutput/DB1_Lumidgm/11_1_9.xyt');

INSERT INTO Images
Values('/var/www/server/Datasets/MOLF/OriginalDataset/DB1_Lumidgm/11_2_9.wsq', '11.9.2', '11.9', 352, 544, 500);

INSERT INTO Features
Values('11.9.2', '11.9.2.1', 85);

INSERT INTO Minutiaes
Values('11.9.2.1.1', '11.9.2.1', '/var/www/server/Datasets/MOLF/MindtctOutput/DB1_Lumidgm/11_2_9.xyt');

INSERT INTO Images
Values('/var/www/server/Datasets/MOLF/OriginalDataset/DB1_Lumidgm/11_3_9.wsq', '11.9.3', '11.9', 352, 544, 500);

INSERT INTO Features
Values('11.9.3', '11.9.3.1', 75);

INSERT INTO Minutiaes
Values('11.9.3.1.1', '11.9.3.1', '/var/www/server/Datasets/MOLF/MindtctOutput/DB1_Lumidgm/11_3_9.xyt');

INSERT INTO Images
Values('/var/www/server/Datasets/MOLF/OriginalDataset/DB1_Lumidgm/11_4_9.wsq', '11.9.4', '11.9', 352, 544, 500);

INSERT INTO Features
Values('11.9.4', '11.9.4.1', 75);

INSERT INTO Minutiaes
Values('11.9.4.1.1', '11.9.4.1', '/var/www/server/Datasets/MOLF/MindtctOutput/DB1_Lumidgm/11_4_9.xyt');

INSERT INTO Fingers
Values(NULL, 10, '11.10', '11');

INSERT INTO Images
Values('/var/www/server/Datasets/MOLF/OriginalDataset/DB1_Lumidgm/11_1_10.wsq', '11.10.1', '11.10', 352, 544, 500);

INSERT INTO Features
Values('11.10.1', '11.10.1.1', 70);

INSERT INTO Minutiaes
Values('11.10.1.1.1', '11.10.1.1', '/var/www/server/Datasets/MOLF/MindtctOutput/DB1_Lumidgm/11_1_10.xyt');

INSERT INTO Images
Values('/var/www/server/Datasets/MOLF/OriginalDataset/DB1_Lumidgm/11_2_10.wsq', '11.10.2', '11.10', 352, 544, 500);

INSERT INTO Features
Values('11.10.2', '11.10.2.1', 70);

INSERT INTO Minutiaes
Values('11.10.2.1.1', '11.10.2.1', '/var/www/server/Datasets/MOLF/MindtctOutput/DB1_Lumidgm/11_2_10.xyt');

INSERT INTO Images
Values('/var/www/server/Datasets/MOLF/OriginalDataset/DB1_Lumidgm/11_3_10.wsq', '11.10.3', '11.10', 352, 544, 500);

INSERT INTO Features
Values('11.10.3', '11.10.3.1', 70);

INSERT INTO Minutiaes
Values('11.10.3.1.1', '11.10.3.1', '/var/www/server/Datasets/MOLF/MindtctOutput/DB1_Lumidgm/11_3_10.xyt');

INSERT INTO Images
Values('/var/www/server/Datasets/MOLF/OriginalDataset/DB1_Lumidgm/11_4_10.wsq', '11.10.4', '11.10', 352, 544, 500);

INSERT INTO Features
Values('11.10.4', '11.10.4.1', 70);

INSERT INTO Minutiaes
Values('11.10.4.1.1', '11.10.4.1', '/var/www/server/Datasets/MOLF/MindtctOutput/DB1_Lumidgm/11_4_10.xyt');

#------------------------SUBJECT 12------------------------
INSERT INTO Subjects
Values('12');

INSERT INTO Fingers
Values(NULL, 1, '12.1', '12');

INSERT INTO Images
Values('/var/www/server/Datasets/MOLF/OriginalDataset/DB1_Lumidgm/12_1_1.wsq', '12.1.1', '12.1', 352, 544, 500);

INSERT INTO Features
Values('12.1.1', '12.1.1.1', 81);

INSERT INTO Minutiaes
Values('12.1.1.1.1', '12.1.1.1', '/var/www/server/Datasets/MOLF/MindtctOutput/DB1_Lumidgm/12_1_1.xyt');

INSERT INTO Images
Values('/var/www/server/Datasets/MOLF/OriginalDataset/DB1_Lumidgm/12_2_1.wsq', '12.1.2', '12.1', 352, 544, 500);

INSERT INTO Features
Values('12.1.2', '12.1.2.1', 70);

INSERT INTO Minutiaes
Values('12.1.2.1.1', '12.1.2.1', '/var/www/server/Datasets/MOLF/MindtctOutput/DB1_Lumidgm/12_2_1.xyt');

INSERT INTO Images
Values('/var/www/server/Datasets/MOLF/OriginalDataset/DB1_Lumidgm/12_3_1.wsq', '12.1.3', '12.1', 352, 544, 500);

INSERT INTO Features
Values('12.1.3', '12.1.3.1', 64);

INSERT INTO Minutiaes
Values('12.1.3.1.1', '12.1.3.1', '/var/www/server/Datasets/MOLF/MindtctOutput/DB1_Lumidgm/12_3_1.xyt');

INSERT INTO Images
Values('/var/www/server/Datasets/MOLF/OriginalDataset/DB1_Lumidgm/12_4_1.wsq', '12.1.4', '12.1', 352, 544, 500);

INSERT INTO Features
Values('12.1.4', '12.1.4.1', 51);

INSERT INTO Minutiaes
Values('12.1.4.1.1', '12.1.4.1', '/var/www/server/Datasets/MOLF/MindtctOutput/DB1_Lumidgm/12_4_1.xyt');

INSERT INTO Fingers
Values(NULL, 2, '12.2', '12');

INSERT INTO Images
Values('/var/www/server/Datasets/MOLF/OriginalDataset/DB1_Lumidgm/12_1_2.wsq', '12.2.1', '12.2', 352, 544, 500);

INSERT INTO Features
Values('12.2.1', '12.2.1.1', 57);

INSERT INTO Minutiaes
Values('12.2.1.1.1', '12.2.1.1', '/var/www/server/Datasets/MOLF/MindtctOutput/DB1_Lumidgm/12_1_2.xyt');

INSERT INTO Images
Values('/var/www/server/Datasets/MOLF/OriginalDataset/DB1_Lumidgm/12_2_2.wsq', '12.2.2', '12.2', 352, 544, 500);

INSERT INTO Features
Values('12.2.2', '12.2.2.1', 57);

INSERT INTO Minutiaes
Values('12.2.2.1.1', '12.2.2.1', '/var/www/server/Datasets/MOLF/MindtctOutput/DB1_Lumidgm/12_2_2.xyt');

INSERT INTO Images
Values('/var/www/server/Datasets/MOLF/OriginalDataset/DB1_Lumidgm/12_3_2.wsq', '12.2.3', '12.2', 352, 544, 500);

INSERT INTO Features
Values('12.2.3', '12.2.3.1', 58);

INSERT INTO Minutiaes
Values('12.2.3.1.1', '12.2.3.1', '/var/www/server/Datasets/MOLF/MindtctOutput/DB1_Lumidgm/12_3_2.xyt');

INSERT INTO Images
Values('/var/www/server/Datasets/MOLF/OriginalDataset/DB1_Lumidgm/12_4_2.wsq', '12.2.4', '12.2', 352, 544, 500);

INSERT INTO Features
Values('12.2.4', '12.2.4.1', 54);

INSERT INTO Minutiaes
Values('12.2.4.1.1', '12.2.4.1', '/var/www/server/Datasets/MOLF/MindtctOutput/DB1_Lumidgm/12_4_2.xyt');

INSERT INTO Fingers
Values(NULL, 3, '12.3', '12');

INSERT INTO Images
Values('/var/www/server/Datasets/MOLF/OriginalDataset/DB1_Lumidgm/12_1_3.wsq', '12.3.1', '12.3', 352, 544, 500);

INSERT INTO Features
Values('12.3.1', '12.3.1.1', 62);

INSERT INTO Minutiaes
Values('12.3.1.1.1', '12.3.1.1', '/var/www/server/Datasets/MOLF/MindtctOutput/DB1_Lumidgm/12_1_3.xyt');

INSERT INTO Images
Values('/var/www/server/Datasets/MOLF/OriginalDataset/DB1_Lumidgm/12_2_3.wsq', '12.3.2', '12.3', 352, 544, 500);

INSERT INTO Features
Values('12.3.2', '12.3.2.1', 59);

INSERT INTO Minutiaes
Values('12.3.2.1.1', '12.3.2.1', '/var/www/server/Datasets/MOLF/MindtctOutput/DB1_Lumidgm/12_2_3.xyt');

INSERT INTO Images
Values('/var/www/server/Datasets/MOLF/OriginalDataset/DB1_Lumidgm/12_3_3.wsq', '12.3.3', '12.3', 352, 544, 500);

INSERT INTO Features
Values('12.3.3', '12.3.3.1', 59);

INSERT INTO Minutiaes
Values('12.3.3.1.1', '12.3.3.1', '/var/www/server/Datasets/MOLF/MindtctOutput/DB1_Lumidgm/12_3_3.xyt');

INSERT INTO Images
Values('/var/www/server/Datasets/MOLF/OriginalDataset/DB1_Lumidgm/12_4_3.wsq', '12.3.4', '12.3', 352, 544, 500);

INSERT INTO Features
Values('12.3.4', '12.3.4.1', 73);

INSERT INTO Minutiaes
Values('12.3.4.1.1', '12.3.4.1', '/var/www/server/Datasets/MOLF/MindtctOutput/DB1_Lumidgm/12_4_3.xyt');

INSERT INTO Fingers
Values(NULL, 4, '12.4', '12');

INSERT INTO Images
Values('/var/www/server/Datasets/MOLF/OriginalDataset/DB1_Lumidgm/12_1_4.wsq', '12.4.1', '12.4', 352, 544, 500);

INSERT INTO Features
Values('12.4.1', '12.4.1.1', 77);

INSERT INTO Minutiaes
Values('12.4.1.1.1', '12.4.1.1', '/var/www/server/Datasets/MOLF/MindtctOutput/DB1_Lumidgm/12_1_4.xyt');

INSERT INTO Images
Values('/var/www/server/Datasets/MOLF/OriginalDataset/DB1_Lumidgm/12_2_4.wsq', '12.4.2', '12.4', 352, 544, 500);

INSERT INTO Features
Values('12.4.2', '12.4.2.1', 65);

INSERT INTO Minutiaes
Values('12.4.2.1.1', '12.4.2.1', '/var/www/server/Datasets/MOLF/MindtctOutput/DB1_Lumidgm/12_2_4.xyt');

INSERT INTO Images
Values('/var/www/server/Datasets/MOLF/OriginalDataset/DB1_Lumidgm/12_3_4.wsq', '12.4.3', '12.4', 352, 544, 500);

INSERT INTO Features
Values('12.4.3', '12.4.3.1', 67);

INSERT INTO Minutiaes
Values('12.4.3.1.1', '12.4.3.1', '/var/www/server/Datasets/MOLF/MindtctOutput/DB1_Lumidgm/12_3_4.xyt');

INSERT INTO Images
Values('/var/www/server/Datasets/MOLF/OriginalDataset/DB1_Lumidgm/12_4_4.wsq', '12.4.4', '12.4', 352, 544, 500);

INSERT INTO Features
Values('12.4.4', '12.4.4.1', 60);

INSERT INTO Minutiaes
Values('12.4.4.1.1', '12.4.4.1', '/var/www/server/Datasets/MOLF/MindtctOutput/DB1_Lumidgm/12_4_4.xyt');

INSERT INTO Fingers
Values(NULL, 5, '12.5', '12');

INSERT INTO Images
Values('/var/www/server/Datasets/MOLF/OriginalDataset/DB1_Lumidgm/12_1_5.wsq', '12.5.1', '12.5', 352, 544, 500);

INSERT INTO Features
Values('12.5.1', '12.5.1.1', 72);

INSERT INTO Minutiaes
Values('12.5.1.1.1', '12.5.1.1', '/var/www/server/Datasets/MOLF/MindtctOutput/DB1_Lumidgm/12_1_5.xyt');

INSERT INTO Images
Values('/var/www/server/Datasets/MOLF/OriginalDataset/DB1_Lumidgm/12_2_5.wsq', '12.5.2', '12.5', 352, 544, 500);

INSERT INTO Features
Values('12.5.2', '12.5.2.1', 70);

INSERT INTO Minutiaes
Values('12.5.2.1.1', '12.5.2.1', '/var/www/server/Datasets/MOLF/MindtctOutput/DB1_Lumidgm/12_2_5.xyt');

INSERT INTO Images
Values('/var/www/server/Datasets/MOLF/OriginalDataset/DB1_Lumidgm/12_3_5.wsq', '12.5.3', '12.5', 352, 544, 500);

INSERT INTO Features
Values('12.5.3', '12.5.3.1', 78);

INSERT INTO Minutiaes
Values('12.5.3.1.1', '12.5.3.1', '/var/www/server/Datasets/MOLF/MindtctOutput/DB1_Lumidgm/12_3_5.xyt');

INSERT INTO Images
Values('/var/www/server/Datasets/MOLF/OriginalDataset/DB1_Lumidgm/12_4_5.wsq', '12.5.4', '12.5', 352, 544, 500);

INSERT INTO Features
Values('12.5.4', '12.5.4.1', 45);

INSERT INTO Minutiaes
Values('12.5.4.1.1', '12.5.4.1', '/var/www/server/Datasets/MOLF/MindtctOutput/DB1_Lumidgm/12_4_5.xyt');

INSERT INTO Fingers
Values(NULL, 6, '12.6', '12');

INSERT INTO Images
Values('/var/www/server/Datasets/MOLF/OriginalDataset/DB1_Lumidgm/12_1_6.wsq', '12.6.1', '12.6', 352, 544, 500);

INSERT INTO Features
Values('12.6.1', '12.6.1.1', 78);

INSERT INTO Minutiaes
Values('12.6.1.1.1', '12.6.1.1', '/var/www/server/Datasets/MOLF/MindtctOutput/DB1_Lumidgm/12_1_6.xyt');

INSERT INTO Images
Values('/var/www/server/Datasets/MOLF/OriginalDataset/DB1_Lumidgm/12_2_6.wsq', '12.6.2', '12.6', 352, 544, 500);

INSERT INTO Features
Values('12.6.2', '12.6.2.1', 80);

INSERT INTO Minutiaes
Values('12.6.2.1.1', '12.6.2.1', '/var/www/server/Datasets/MOLF/MindtctOutput/DB1_Lumidgm/12_2_6.xyt');

INSERT INTO Images
Values('/var/www/server/Datasets/MOLF/OriginalDataset/DB1_Lumidgm/12_3_6.wsq', '12.6.3', '12.6', 352, 544, 500);

INSERT INTO Features
Values('12.6.3', '12.6.3.1', 84);

INSERT INTO Minutiaes
Values('12.6.3.1.1', '12.6.3.1', '/var/www/server/Datasets/MOLF/MindtctOutput/DB1_Lumidgm/12_3_6.xyt');

INSERT INTO Images
Values('/var/www/server/Datasets/MOLF/OriginalDataset/DB1_Lumidgm/12_4_6.wsq', '12.6.4', '12.6', 352, 544, 500);

INSERT INTO Features
Values('12.6.4', '12.6.4.1', 85);

INSERT INTO Minutiaes
Values('12.6.4.1.1', '12.6.4.1', '/var/www/server/Datasets/MOLF/MindtctOutput/DB1_Lumidgm/12_4_6.xyt');

INSERT INTO Fingers
Values(NULL, 7, '12.7', '12');

INSERT INTO Images
Values('/var/www/server/Datasets/MOLF/OriginalDataset/DB1_Lumidgm/12_1_7.wsq', '12.7.1', '12.7', 352, 544, 500);

INSERT INTO Features
Values('12.7.1', '12.7.1.1', 68);

INSERT INTO Minutiaes
Values('12.7.1.1.1', '12.7.1.1', '/var/www/server/Datasets/MOLF/MindtctOutput/DB1_Lumidgm/12_1_7.xyt');

INSERT INTO Images
Values('/var/www/server/Datasets/MOLF/OriginalDataset/DB1_Lumidgm/12_2_7.wsq', '12.7.2', '12.7', 352, 544, 500);

INSERT INTO Features
Values('12.7.2', '12.7.2.1', 55);

INSERT INTO Minutiaes
Values('12.7.2.1.1', '12.7.2.1', '/var/www/server/Datasets/MOLF/MindtctOutput/DB1_Lumidgm/12_2_7.xyt');

INSERT INTO Images
Values('/var/www/server/Datasets/MOLF/OriginalDataset/DB1_Lumidgm/12_3_7.wsq', '12.7.3', '12.7', 352, 544, 500);

INSERT INTO Features
Values('12.7.3', '12.7.3.1', 53);

INSERT INTO Minutiaes
Values('12.7.3.1.1', '12.7.3.1', '/var/www/server/Datasets/MOLF/MindtctOutput/DB1_Lumidgm/12_3_7.xyt');

INSERT INTO Images
Values('/var/www/server/Datasets/MOLF/OriginalDataset/DB1_Lumidgm/12_4_7.wsq', '12.7.4', '12.7', 352, 544, 500);

INSERT INTO Features
Values('12.7.4', '12.7.4.1', 61);

INSERT INTO Minutiaes
Values('12.7.4.1.1', '12.7.4.1', '/var/www/server/Datasets/MOLF/MindtctOutput/DB1_Lumidgm/12_4_7.xyt');

INSERT INTO Fingers
Values(NULL, 8, '12.8', '12');

INSERT INTO Images
Values('/var/www/server/Datasets/MOLF/OriginalDataset/DB1_Lumidgm/12_1_8.wsq', '12.8.1', '12.8', 352, 544, 500);

INSERT INTO Features
Values('12.8.1', '12.8.1.1', 78);

INSERT INTO Minutiaes
Values('12.8.1.1.1', '12.8.1.1', '/var/www/server/Datasets/MOLF/MindtctOutput/DB1_Lumidgm/12_1_8.xyt');

INSERT INTO Images
Values('/var/www/server/Datasets/MOLF/OriginalDataset/DB1_Lumidgm/12_2_8.wsq', '12.8.2', '12.8', 352, 544, 500);

INSERT INTO Features
Values('12.8.2', '12.8.2.1', 60);

INSERT INTO Minutiaes
Values('12.8.2.1.1', '12.8.2.1', '/var/www/server/Datasets/MOLF/MindtctOutput/DB1_Lumidgm/12_2_8.xyt');

INSERT INTO Images
Values('/var/www/server/Datasets/MOLF/OriginalDataset/DB1_Lumidgm/12_3_8.wsq', '12.8.3', '12.8', 352, 544, 500);

INSERT INTO Features
Values('12.8.3', '12.8.3.1', 74);

INSERT INTO Minutiaes
Values('12.8.3.1.1', '12.8.3.1', '/var/www/server/Datasets/MOLF/MindtctOutput/DB1_Lumidgm/12_3_8.xyt');

INSERT INTO Images
Values('/var/www/server/Datasets/MOLF/OriginalDataset/DB1_Lumidgm/12_4_8.wsq', '12.8.4', '12.8', 352, 544, 500);

INSERT INTO Features
Values('12.8.4', '12.8.4.1', 80);

INSERT INTO Minutiaes
Values('12.8.4.1.1', '12.8.4.1', '/var/www/server/Datasets/MOLF/MindtctOutput/DB1_Lumidgm/12_4_8.xyt');

INSERT INTO Fingers
Values(NULL, 9, '12.9', '12');

INSERT INTO Images
Values('/var/www/server/Datasets/MOLF/OriginalDataset/DB1_Lumidgm/12_1_9.wsq', '12.9.1', '12.9', 352, 544, 500);

INSERT INTO Features
Values('12.9.1', '12.9.1.1', 72);

INSERT INTO Minutiaes
Values('12.9.1.1.1', '12.9.1.1', '/var/www/server/Datasets/MOLF/MindtctOutput/DB1_Lumidgm/12_1_9.xyt');

INSERT INTO Images
Values('/var/www/server/Datasets/MOLF/OriginalDataset/DB1_Lumidgm/12_2_9.wsq', '12.9.2', '12.9', 352, 544, 500);

INSERT INTO Features
Values('12.9.2', '12.9.2.1', 81);

INSERT INTO Minutiaes
Values('12.9.2.1.1', '12.9.2.1', '/var/www/server/Datasets/MOLF/MindtctOutput/DB1_Lumidgm/12_2_9.xyt');

INSERT INTO Images
Values('/var/www/server/Datasets/MOLF/OriginalDataset/DB1_Lumidgm/12_3_9.wsq', '12.9.3', '12.9', 352, 544, 500);

INSERT INTO Features
Values('12.9.3', '12.9.3.1', 65);

INSERT INTO Minutiaes
Values('12.9.3.1.1', '12.9.3.1', '/var/www/server/Datasets/MOLF/MindtctOutput/DB1_Lumidgm/12_3_9.xyt');

INSERT INTO Images
Values('/var/www/server/Datasets/MOLF/OriginalDataset/DB1_Lumidgm/12_4_9.wsq', '12.9.4', '12.9', 352, 544, 500);

INSERT INTO Features
Values('12.9.4', '12.9.4.1', 67);

INSERT INTO Minutiaes
Values('12.9.4.1.1', '12.9.4.1', '/var/www/server/Datasets/MOLF/MindtctOutput/DB1_Lumidgm/12_4_9.xyt');

INSERT INTO Fingers
Values(NULL, 10, '12.10', '12');

INSERT INTO Images
Values('/var/www/server/Datasets/MOLF/OriginalDataset/DB1_Lumidgm/12_1_10.wsq', '12.10.1', '12.10', 352, 544, 500);

INSERT INTO Features
Values('12.10.1', '12.10.1.1', 51);

INSERT INTO Minutiaes
Values('12.10.1.1.1', '12.10.1.1', '/var/www/server/Datasets/MOLF/MindtctOutput/DB1_Lumidgm/12_1_10.xyt');

INSERT INTO Images
Values('/var/www/server/Datasets/MOLF/OriginalDataset/DB1_Lumidgm/12_2_10.wsq', '12.10.2', '12.10', 352, 544, 500);

INSERT INTO Features
Values('12.10.2', '12.10.2.1', 64);

INSERT INTO Minutiaes
Values('12.10.2.1.1', '12.10.2.1', '/var/www/server/Datasets/MOLF/MindtctOutput/DB1_Lumidgm/12_2_10.xyt');

INSERT INTO Images
Values('/var/www/server/Datasets/MOLF/OriginalDataset/DB1_Lumidgm/12_3_10.wsq', '12.10.3', '12.10', 352, 544, 500);

INSERT INTO Features
Values('12.10.3', '12.10.3.1', 45);

INSERT INTO Minutiaes
Values('12.10.3.1.1', '12.10.3.1', '/var/www/server/Datasets/MOLF/MindtctOutput/DB1_Lumidgm/12_3_10.xyt');

INSERT INTO Images
Values('/var/www/server/Datasets/MOLF/OriginalDataset/DB1_Lumidgm/12_4_10.wsq', '12.10.4', '12.10', 352, 544, 500);

INSERT INTO Features
Values('12.10.4', '12.10.4.1', 57);

INSERT INTO Minutiaes
Values('12.10.4.1.1', '12.10.4.1', '/var/www/server/Datasets/MOLF/MindtctOutput/DB1_Lumidgm/12_4_10.xyt');

#------------------------SUBJECT 13------------------------
INSERT INTO Subjects
Values('13');

INSERT INTO Fingers
Values(NULL, 1, '13.1', '13');

INSERT INTO Images
Values('/var/www/server/Datasets/MOLF/OriginalDataset/DB1_Lumidgm/13_1_1.wsq', '13.1.1', '13.1', 352, 544, 500);

INSERT INTO Features
Values('13.1.1', '13.1.1.1', 49);

INSERT INTO Minutiaes
Values('13.1.1.1.1', '13.1.1.1', '/var/www/server/Datasets/MOLF/MindtctOutput/DB1_Lumidgm/13_1_1.xyt');

INSERT INTO Images
Values('/var/www/server/Datasets/MOLF/OriginalDataset/DB1_Lumidgm/13_2_1.wsq', '13.1.2', '13.1', 352, 544, 500);

INSERT INTO Features
Values('13.1.2', '13.1.2.1', 66);

INSERT INTO Minutiaes
Values('13.1.2.1.1', '13.1.2.1', '/var/www/server/Datasets/MOLF/MindtctOutput/DB1_Lumidgm/13_2_1.xyt');

INSERT INTO Images
Values('/var/www/server/Datasets/MOLF/OriginalDataset/DB1_Lumidgm/13_3_1.wsq', '13.1.3', '13.1', 352, 544, 500);

INSERT INTO Features
Values('13.1.3', '13.1.3.1', 69);

INSERT INTO Minutiaes
Values('13.1.3.1.1', '13.1.3.1', '/var/www/server/Datasets/MOLF/MindtctOutput/DB1_Lumidgm/13_3_1.xyt');

INSERT INTO Images
Values('/var/www/server/Datasets/MOLF/OriginalDataset/DB1_Lumidgm/13_4_1.wsq', '13.1.4', '13.1', 352, 544, 500);

INSERT INTO Features
Values('13.1.4', '13.1.4.1', 56);

INSERT INTO Minutiaes
Values('13.1.4.1.1', '13.1.4.1', '/var/www/server/Datasets/MOLF/MindtctOutput/DB1_Lumidgm/13_4_1.xyt');

INSERT INTO Fingers
Values(NULL, 2, '13.2', '13');

INSERT INTO Images
Values('/var/www/server/Datasets/MOLF/OriginalDataset/DB1_Lumidgm/13_1_2.wsq', '13.2.1', '13.2', 352, 544, 500);

INSERT INTO Features
Values('13.2.1', '13.2.1.1', 62);

INSERT INTO Minutiaes
Values('13.2.1.1.1', '13.2.1.1', '/var/www/server/Datasets/MOLF/MindtctOutput/DB1_Lumidgm/13_1_2.xyt');

INSERT INTO Images
Values('/var/www/server/Datasets/MOLF/OriginalDataset/DB1_Lumidgm/13_2_2.wsq', '13.2.2', '13.2', 352, 544, 500);

INSERT INTO Features
Values('13.2.2', '13.2.2.1', 61);

INSERT INTO Minutiaes
Values('13.2.2.1.1', '13.2.2.1', '/var/www/server/Datasets/MOLF/MindtctOutput/DB1_Lumidgm/13_2_2.xyt');

INSERT INTO Images
Values('/var/www/server/Datasets/MOLF/OriginalDataset/DB1_Lumidgm/13_3_2.wsq', '13.2.3', '13.2', 352, 544, 500);

INSERT INTO Features
Values('13.2.3', '13.2.3.1', 49);

INSERT INTO Minutiaes
Values('13.2.3.1.1', '13.2.3.1', '/var/www/server/Datasets/MOLF/MindtctOutput/DB1_Lumidgm/13_3_2.xyt');

INSERT INTO Images
Values('/var/www/server/Datasets/MOLF/OriginalDataset/DB1_Lumidgm/13_4_2.wsq', '13.2.4', '13.2', 352, 544, 500);

INSERT INTO Features
Values('13.2.4', '13.2.4.1', 50);

INSERT INTO Minutiaes
Values('13.2.4.1.1', '13.2.4.1', '/var/www/server/Datasets/MOLF/MindtctOutput/DB1_Lumidgm/13_4_2.xyt');

INSERT INTO Fingers
Values(NULL, 3, '13.3', '13');

INSERT INTO Images
Values('/var/www/server/Datasets/MOLF/OriginalDataset/DB1_Lumidgm/13_1_3.wsq', '13.3.1', '13.3', 352, 544, 500);

INSERT INTO Features
Values('13.3.1', '13.3.1.1', 51);

INSERT INTO Minutiaes
Values('13.3.1.1.1', '13.3.1.1', '/var/www/server/Datasets/MOLF/MindtctOutput/DB1_Lumidgm/13_1_3.xyt');

INSERT INTO Images
Values('/var/www/server/Datasets/MOLF/OriginalDataset/DB1_Lumidgm/13_2_3.wsq', '13.3.2', '13.3', 352, 544, 500);

INSERT INTO Features
Values('13.3.2', '13.3.2.1', 59);

INSERT INTO Minutiaes
Values('13.3.2.1.1', '13.3.2.1', '/var/www/server/Datasets/MOLF/MindtctOutput/DB1_Lumidgm/13_2_3.xyt');

INSERT INTO Images
Values('/var/www/server/Datasets/MOLF/OriginalDataset/DB1_Lumidgm/13_3_3.wsq', '13.3.3', '13.3', 352, 544, 500);

INSERT INTO Features
Values('13.3.3', '13.3.3.1', 45);

INSERT INTO Minutiaes
Values('13.3.3.1.1', '13.3.3.1', '/var/www/server/Datasets/MOLF/MindtctOutput/DB1_Lumidgm/13_3_3.xyt');

INSERT INTO Images
Values('/var/www/server/Datasets/MOLF/OriginalDataset/DB1_Lumidgm/13_4_3.wsq', '13.3.4', '13.3', 352, 544, 500);

INSERT INTO Features
Values('13.3.4', '13.3.4.1', 49);

INSERT INTO Minutiaes
Values('13.3.4.1.1', '13.3.4.1', '/var/www/server/Datasets/MOLF/MindtctOutput/DB1_Lumidgm/13_4_3.xyt');

INSERT INTO Fingers
Values(NULL, 4, '13.4', '13');

INSERT INTO Images
Values('/var/www/server/Datasets/MOLF/OriginalDataset/DB1_Lumidgm/13_1_4.wsq', '13.4.1', '13.4', 352, 544, 500);

INSERT INTO Features
Values('13.4.1', '13.4.1.1', 63);

INSERT INTO Minutiaes
Values('13.4.1.1.1', '13.4.1.1', '/var/www/server/Datasets/MOLF/MindtctOutput/DB1_Lumidgm/13_1_4.xyt');

INSERT INTO Images
Values('/var/www/server/Datasets/MOLF/OriginalDataset/DB1_Lumidgm/13_2_4.wsq', '13.4.2', '13.4', 352, 544, 500);

INSERT INTO Features
Values('13.4.2', '13.4.2.1', 57);

INSERT INTO Minutiaes
Values('13.4.2.1.1', '13.4.2.1', '/var/www/server/Datasets/MOLF/MindtctOutput/DB1_Lumidgm/13_2_4.xyt');

INSERT INTO Images
Values('/var/www/server/Datasets/MOLF/OriginalDataset/DB1_Lumidgm/13_3_4.wsq', '13.4.3', '13.4', 352, 544, 500);

INSERT INTO Features
Values('13.4.3', '13.4.3.1', 61);

INSERT INTO Minutiaes
Values('13.4.3.1.1', '13.4.3.1', '/var/www/server/Datasets/MOLF/MindtctOutput/DB1_Lumidgm/13_3_4.xyt');

INSERT INTO Images
Values('/var/www/server/Datasets/MOLF/OriginalDataset/DB1_Lumidgm/13_4_4.wsq', '13.4.4', '13.4', 352, 544, 500);

INSERT INTO Features
Values('13.4.4', '13.4.4.1', 56);

INSERT INTO Minutiaes
Values('13.4.4.1.1', '13.4.4.1', '/var/www/server/Datasets/MOLF/MindtctOutput/DB1_Lumidgm/13_4_4.xyt');

INSERT INTO Fingers
Values(NULL, 5, '13.5', '13');

INSERT INTO Images
Values('/var/www/server/Datasets/MOLF/OriginalDataset/DB1_Lumidgm/13_1_5.wsq', '13.5.1', '13.5', 352, 544, 500);

INSERT INTO Features
Values('13.5.1', '13.5.1.1', 38);

INSERT INTO Minutiaes
Values('13.5.1.1.1', '13.5.1.1', '/var/www/server/Datasets/MOLF/MindtctOutput/DB1_Lumidgm/13_1_5.xyt');

INSERT INTO Images
Values('/var/www/server/Datasets/MOLF/OriginalDataset/DB1_Lumidgm/13_2_5.wsq', '13.5.2', '13.5', 352, 544, 500);

INSERT INTO Features
Values('13.5.2', '13.5.2.1', 38);

INSERT INTO Minutiaes
Values('13.5.2.1.1', '13.5.2.1', '/var/www/server/Datasets/MOLF/MindtctOutput/DB1_Lumidgm/13_2_5.xyt');

INSERT INTO Images
Values('/var/www/server/Datasets/MOLF/OriginalDataset/DB1_Lumidgm/13_3_5.wsq', '13.5.3', '13.5', 352, 544, 500);

INSERT INTO Features
Values('13.5.3', '13.5.3.1', 45);

INSERT INTO Minutiaes
Values('13.5.3.1.1', '13.5.3.1', '/var/www/server/Datasets/MOLF/MindtctOutput/DB1_Lumidgm/13_3_5.xyt');

INSERT INTO Images
Values('/var/www/server/Datasets/MOLF/OriginalDataset/DB1_Lumidgm/13_4_5.wsq', '13.5.4', '13.5', 352, 544, 500);

INSERT INTO Features
Values('13.5.4', '13.5.4.1', 31);

INSERT INTO Minutiaes
Values('13.5.4.1.1', '13.5.4.1', '/var/www/server/Datasets/MOLF/MindtctOutput/DB1_Lumidgm/13_4_5.xyt');

INSERT INTO Fingers
Values(NULL, 6, '13.6', '13');

INSERT INTO Images
Values('/var/www/server/Datasets/MOLF/OriginalDataset/DB1_Lumidgm/13_1_6.wsq', '13.6.1', '13.6', 352, 544, 500);

INSERT INTO Features
Values('13.6.1', '13.6.1.1', 58);

INSERT INTO Minutiaes
Values('13.6.1.1.1', '13.6.1.1', '/var/www/server/Datasets/MOLF/MindtctOutput/DB1_Lumidgm/13_1_6.xyt');

INSERT INTO Images
Values('/var/www/server/Datasets/MOLF/OriginalDataset/DB1_Lumidgm/13_2_6.wsq', '13.6.2', '13.6', 352, 544, 500);

INSERT INTO Features
Values('13.6.2', '13.6.2.1', 65);

INSERT INTO Minutiaes
Values('13.6.2.1.1', '13.6.2.1', '/var/www/server/Datasets/MOLF/MindtctOutput/DB1_Lumidgm/13_2_6.xyt');

INSERT INTO Images
Values('/var/www/server/Datasets/MOLF/OriginalDataset/DB1_Lumidgm/13_3_6.wsq', '13.6.3', '13.6', 352, 544, 500);

INSERT INTO Features
Values('13.6.3', '13.6.3.1', 47);

INSERT INTO Minutiaes
Values('13.6.3.1.1', '13.6.3.1', '/var/www/server/Datasets/MOLF/MindtctOutput/DB1_Lumidgm/13_3_6.xyt');

INSERT INTO Images
Values('/var/www/server/Datasets/MOLF/OriginalDataset/DB1_Lumidgm/13_4_6.wsq', '13.6.4', '13.6', 352, 544, 500);

INSERT INTO Features
Values('13.6.4', '13.6.4.1', 56);

INSERT INTO Minutiaes
Values('13.6.4.1.1', '13.6.4.1', '/var/www/server/Datasets/MOLF/MindtctOutput/DB1_Lumidgm/13_4_6.xyt');

INSERT INTO Fingers
Values(NULL, 7, '13.7', '13');

INSERT INTO Images
Values('/var/www/server/Datasets/MOLF/OriginalDataset/DB1_Lumidgm/13_1_7.wsq', '13.7.1', '13.7', 352, 544, 500);

INSERT INTO Features
Values('13.7.1', '13.7.1.1', 67);

INSERT INTO Minutiaes
Values('13.7.1.1.1', '13.7.1.1', '/var/www/server/Datasets/MOLF/MindtctOutput/DB1_Lumidgm/13_1_7.xyt');

INSERT INTO Images
Values('/var/www/server/Datasets/MOLF/OriginalDataset/DB1_Lumidgm/13_2_7.wsq', '13.7.2', '13.7', 352, 544, 500);

INSERT INTO Features
Values('13.7.2', '13.7.2.1', 62);

INSERT INTO Minutiaes
Values('13.7.2.1.1', '13.7.2.1', '/var/www/server/Datasets/MOLF/MindtctOutput/DB1_Lumidgm/13_2_7.xyt');

INSERT INTO Images
Values('/var/www/server/Datasets/MOLF/OriginalDataset/DB1_Lumidgm/13_3_7.wsq', '13.7.3', '13.7', 352, 544, 500);

INSERT INTO Features
Values('13.7.3', '13.7.3.1', 60);

INSERT INTO Minutiaes
Values('13.7.3.1.1', '13.7.3.1', '/var/www/server/Datasets/MOLF/MindtctOutput/DB1_Lumidgm/13_3_7.xyt');

INSERT INTO Images
Values('/var/www/server/Datasets/MOLF/OriginalDataset/DB1_Lumidgm/13_4_7.wsq', '13.7.4', '13.7', 352, 544, 500);

INSERT INTO Features
Values('13.7.4', '13.7.4.1', 65);

INSERT INTO Minutiaes
Values('13.7.4.1.1', '13.7.4.1', '/var/www/server/Datasets/MOLF/MindtctOutput/DB1_Lumidgm/13_4_7.xyt');

INSERT INTO Fingers
Values(NULL, 8, '13.8', '13');

INSERT INTO Images
Values('/var/www/server/Datasets/MOLF/OriginalDataset/DB1_Lumidgm/13_1_8.wsq', '13.8.1', '13.8', 352, 544, 500);

INSERT INTO Features
Values('13.8.1', '13.8.1.1', 56);

INSERT INTO Minutiaes
Values('13.8.1.1.1', '13.8.1.1', '/var/www/server/Datasets/MOLF/MindtctOutput/DB1_Lumidgm/13_1_8.xyt');

INSERT INTO Images
Values('/var/www/server/Datasets/MOLF/OriginalDataset/DB1_Lumidgm/13_2_8.wsq', '13.8.2', '13.8', 352, 544, 500);

INSERT INTO Features
Values('13.8.2', '13.8.2.1', 56);

INSERT INTO Minutiaes
Values('13.8.2.1.1', '13.8.2.1', '/var/www/server/Datasets/MOLF/MindtctOutput/DB1_Lumidgm/13_2_8.xyt');

INSERT INTO Images
Values('/var/www/server/Datasets/MOLF/OriginalDataset/DB1_Lumidgm/13_3_8.wsq', '13.8.3', '13.8', 352, 544, 500);

INSERT INTO Features
Values('13.8.3', '13.8.3.1', 51);

INSERT INTO Minutiaes
Values('13.8.3.1.1', '13.8.3.1', '/var/www/server/Datasets/MOLF/MindtctOutput/DB1_Lumidgm/13_3_8.xyt');

INSERT INTO Images
Values('/var/www/server/Datasets/MOLF/OriginalDataset/DB1_Lumidgm/13_4_8.wsq', '13.8.4', '13.8', 352, 544, 500);

INSERT INTO Features
Values('13.8.4', '13.8.4.1', 44);

INSERT INTO Minutiaes
Values('13.8.4.1.1', '13.8.4.1', '/var/www/server/Datasets/MOLF/MindtctOutput/DB1_Lumidgm/13_4_8.xyt');

INSERT INTO Fingers
Values(NULL, 9, '13.9', '13');

INSERT INTO Images
Values('/var/www/server/Datasets/MOLF/OriginalDataset/DB1_Lumidgm/13_1_9.wsq', '13.9.1', '13.9', 352, 544, 500);

INSERT INTO Features
Values('13.9.1', '13.9.1.1', 45);

INSERT INTO Minutiaes
Values('13.9.1.1.1', '13.9.1.1', '/var/www/server/Datasets/MOLF/MindtctOutput/DB1_Lumidgm/13_1_9.xyt');

INSERT INTO Images
Values('/var/www/server/Datasets/MOLF/OriginalDataset/DB1_Lumidgm/13_2_9.wsq', '13.9.2', '13.9', 352, 544, 500);

INSERT INTO Features
Values('13.9.2', '13.9.2.1', 45);

INSERT INTO Minutiaes
Values('13.9.2.1.1', '13.9.2.1', '/var/www/server/Datasets/MOLF/MindtctOutput/DB1_Lumidgm/13_2_9.xyt');

INSERT INTO Images
Values('/var/www/server/Datasets/MOLF/OriginalDataset/DB1_Lumidgm/13_3_9.wsq', '13.9.3', '13.9', 352, 544, 500);

INSERT INTO Features
Values('13.9.3', '13.9.3.1', 39);

INSERT INTO Minutiaes
Values('13.9.3.1.1', '13.9.3.1', '/var/www/server/Datasets/MOLF/MindtctOutput/DB1_Lumidgm/13_3_9.xyt');

INSERT INTO Images
Values('/var/www/server/Datasets/MOLF/OriginalDataset/DB1_Lumidgm/13_4_9.wsq', '13.9.4', '13.9', 352, 544, 500);

INSERT INTO Features
Values('13.9.4', '13.9.4.1', 40);

INSERT INTO Minutiaes
Values('13.9.4.1.1', '13.9.4.1', '/var/www/server/Datasets/MOLF/MindtctOutput/DB1_Lumidgm/13_4_9.xyt');

INSERT INTO Fingers
Values(NULL, 10, '13.10', '13');

INSERT INTO Images
Values('/var/www/server/Datasets/MOLF/OriginalDataset/DB1_Lumidgm/13_1_10.wsq', '13.10.1', '13.10', 352, 544, 500);

INSERT INTO Features
Values('13.10.1', '13.10.1.1', 47);

INSERT INTO Minutiaes
Values('13.10.1.1.1', '13.10.1.1', '/var/www/server/Datasets/MOLF/MindtctOutput/DB1_Lumidgm/13_1_10.xyt');

INSERT INTO Images
Values('/var/www/server/Datasets/MOLF/OriginalDataset/DB1_Lumidgm/13_2_10.wsq', '13.10.2', '13.10', 352, 544, 500);

INSERT INTO Features
Values('13.10.2', '13.10.2.1', 60);

INSERT INTO Minutiaes
Values('13.10.2.1.1', '13.10.2.1', '/var/www/server/Datasets/MOLF/MindtctOutput/DB1_Lumidgm/13_2_10.xyt');

INSERT INTO Images
Values('/var/www/server/Datasets/MOLF/OriginalDataset/DB1_Lumidgm/13_3_10.wsq', '13.10.3', '13.10', 352, 544, 500);

INSERT INTO Features
Values('13.10.3', '13.10.3.1', 41);

INSERT INTO Minutiaes
Values('13.10.3.1.1', '13.10.3.1', '/var/www/server/Datasets/MOLF/MindtctOutput/DB1_Lumidgm/13_3_10.xyt');

INSERT INTO Images
Values('/var/www/server/Datasets/MOLF/OriginalDataset/DB1_Lumidgm/13_4_10.wsq', '13.10.4', '13.10', 352, 544, 500);

INSERT INTO Features
Values('13.10.4', '13.10.4.1', 51);

INSERT INTO Minutiaes
Values('13.10.4.1.1', '13.10.4.1', '/var/www/server/Datasets/MOLF/MindtctOutput/DB1_Lumidgm/13_4_10.xyt');

#------------------------SUBJECT 14------------------------
INSERT INTO Subjects
Values('14');

INSERT INTO Fingers
Values(NULL, 1, '14.1', '14');

INSERT INTO Images
Values('/var/www/server/Datasets/MOLF/OriginalDataset/DB1_Lumidgm/14_1_1.wsq', '14.1.1', '14.1', 352, 544, 500);

INSERT INTO Features
Values('14.1.1', '14.1.1.1', 61);

INSERT INTO Minutiaes
Values('14.1.1.1.1', '14.1.1.1', '/var/www/server/Datasets/MOLF/MindtctOutput/DB1_Lumidgm/14_1_1.xyt');

INSERT INTO Images
Values('/var/www/server/Datasets/MOLF/OriginalDataset/DB1_Lumidgm/14_2_1.wsq', '14.1.2', '14.1', 352, 544, 500);

INSERT INTO Features
Values('14.1.2', '14.1.2.1', 57);

INSERT INTO Minutiaes
Values('14.1.2.1.1', '14.1.2.1', '/var/www/server/Datasets/MOLF/MindtctOutput/DB1_Lumidgm/14_2_1.xyt');

INSERT INTO Images
Values('/var/www/server/Datasets/MOLF/OriginalDataset/DB1_Lumidgm/14_3_1.wsq', '14.1.3', '14.1', 352, 544, 500);

INSERT INTO Features
Values('14.1.3', '14.1.3.1', 60);

INSERT INTO Minutiaes
Values('14.1.3.1.1', '14.1.3.1', '/var/www/server/Datasets/MOLF/MindtctOutput/DB1_Lumidgm/14_3_1.xyt');

INSERT INTO Images
Values('/var/www/server/Datasets/MOLF/OriginalDataset/DB1_Lumidgm/14_4_1.wsq', '14.1.4', '14.1', 352, 544, 500);

INSERT INTO Features
Values('14.1.4', '14.1.4.1', 58);

INSERT INTO Minutiaes
Values('14.1.4.1.1', '14.1.4.1', '/var/www/server/Datasets/MOLF/MindtctOutput/DB1_Lumidgm/14_4_1.xyt');

INSERT INTO Fingers
Values(NULL, 2, '14.2', '14');

INSERT INTO Images
Values('/var/www/server/Datasets/MOLF/OriginalDataset/DB1_Lumidgm/14_1_2.wsq', '14.2.1', '14.2', 352, 544, 500);

INSERT INTO Features
Values('14.2.1', '14.2.1.1', 71);

INSERT INTO Minutiaes
Values('14.2.1.1.1', '14.2.1.1', '/var/www/server/Datasets/MOLF/MindtctOutput/DB1_Lumidgm/14_1_2.xyt');

INSERT INTO Images
Values('/var/www/server/Datasets/MOLF/OriginalDataset/DB1_Lumidgm/14_2_2.wsq', '14.2.2', '14.2', 352, 544, 500);

INSERT INTO Features
Values('14.2.2', '14.2.2.1', 87);

INSERT INTO Minutiaes
Values('14.2.2.1.1', '14.2.2.1', '/var/www/server/Datasets/MOLF/MindtctOutput/DB1_Lumidgm/14_2_2.xyt');

INSERT INTO Images
Values('/var/www/server/Datasets/MOLF/OriginalDataset/DB1_Lumidgm/14_3_2.wsq', '14.2.3', '14.2', 352, 544, 500);

INSERT INTO Features
Values('14.2.3', '14.2.3.1', 75);

INSERT INTO Minutiaes
Values('14.2.3.1.1', '14.2.3.1', '/var/www/server/Datasets/MOLF/MindtctOutput/DB1_Lumidgm/14_3_2.xyt');

INSERT INTO Images
Values('/var/www/server/Datasets/MOLF/OriginalDataset/DB1_Lumidgm/14_4_2.wsq', '14.2.4', '14.2', 352, 544, 500);

INSERT INTO Features
Values('14.2.4', '14.2.4.1', 71);

INSERT INTO Minutiaes
Values('14.2.4.1.1', '14.2.4.1', '/var/www/server/Datasets/MOLF/MindtctOutput/DB1_Lumidgm/14_4_2.xyt');

INSERT INTO Fingers
Values(NULL, 3, '14.3', '14');

INSERT INTO Images
Values('/var/www/server/Datasets/MOLF/OriginalDataset/DB1_Lumidgm/14_1_3.wsq', '14.3.1', '14.3', 352, 544, 500);

INSERT INTO Features
Values('14.3.1', '14.3.1.1', 66);

INSERT INTO Minutiaes
Values('14.3.1.1.1', '14.3.1.1', '/var/www/server/Datasets/MOLF/MindtctOutput/DB1_Lumidgm/14_1_3.xyt');

INSERT INTO Images
Values('/var/www/server/Datasets/MOLF/OriginalDataset/DB1_Lumidgm/14_2_3.wsq', '14.3.2', '14.3', 352, 544, 500);

INSERT INTO Features
Values('14.3.2', '14.3.2.1', 72);

INSERT INTO Minutiaes
Values('14.3.2.1.1', '14.3.2.1', '/var/www/server/Datasets/MOLF/MindtctOutput/DB1_Lumidgm/14_2_3.xyt');

INSERT INTO Images
Values('/var/www/server/Datasets/MOLF/OriginalDataset/DB1_Lumidgm/14_3_3.wsq', '14.3.3', '14.3', 352, 544, 500);

INSERT INTO Features
Values('14.3.3', '14.3.3.1', 79);

INSERT INTO Minutiaes
Values('14.3.3.1.1', '14.3.3.1', '/var/www/server/Datasets/MOLF/MindtctOutput/DB1_Lumidgm/14_3_3.xyt');

INSERT INTO Images
Values('/var/www/server/Datasets/MOLF/OriginalDataset/DB1_Lumidgm/14_4_3.wsq', '14.3.4', '14.3', 352, 544, 500);

INSERT INTO Features
Values('14.3.4', '14.3.4.1', 61);

INSERT INTO Minutiaes
Values('14.3.4.1.1', '14.3.4.1', '/var/www/server/Datasets/MOLF/MindtctOutput/DB1_Lumidgm/14_4_3.xyt');

INSERT INTO Fingers
Values(NULL, 4, '14.4', '14');

INSERT INTO Images
Values('/var/www/server/Datasets/MOLF/OriginalDataset/DB1_Lumidgm/14_1_4.wsq', '14.4.1', '14.4', 352, 544, 500);

INSERT INTO Features
Values('14.4.1', '14.4.1.1', 72);

INSERT INTO Minutiaes
Values('14.4.1.1.1', '14.4.1.1', '/var/www/server/Datasets/MOLF/MindtctOutput/DB1_Lumidgm/14_1_4.xyt');

INSERT INTO Images
Values('/var/www/server/Datasets/MOLF/OriginalDataset/DB1_Lumidgm/14_2_4.wsq', '14.4.2', '14.4', 352, 544, 500);

INSERT INTO Features
Values('14.4.2', '14.4.2.1', 86);

INSERT INTO Minutiaes
Values('14.4.2.1.1', '14.4.2.1', '/var/www/server/Datasets/MOLF/MindtctOutput/DB1_Lumidgm/14_2_4.xyt');

INSERT INTO Images
Values('/var/www/server/Datasets/MOLF/OriginalDataset/DB1_Lumidgm/14_3_4.wsq', '14.4.3', '14.4', 352, 544, 500);

INSERT INTO Features
Values('14.4.3', '14.4.3.1', 88);

INSERT INTO Minutiaes
Values('14.4.3.1.1', '14.4.3.1', '/var/www/server/Datasets/MOLF/MindtctOutput/DB1_Lumidgm/14_3_4.xyt');

INSERT INTO Images
Values('/var/www/server/Datasets/MOLF/OriginalDataset/DB1_Lumidgm/14_4_4.wsq', '14.4.4', '14.4', 352, 544, 500);

INSERT INTO Features
Values('14.4.4', '14.4.4.1', 88);

INSERT INTO Minutiaes
Values('14.4.4.1.1', '14.4.4.1', '/var/www/server/Datasets/MOLF/MindtctOutput/DB1_Lumidgm/14_4_4.xyt');

INSERT INTO Fingers
Values(NULL, 5, '14.5', '14');

INSERT INTO Images
Values('/var/www/server/Datasets/MOLF/OriginalDataset/DB1_Lumidgm/14_1_5.wsq', '14.5.1', '14.5', 352, 544, 500);

INSERT INTO Features
Values('14.5.1', '14.5.1.1', 61);

INSERT INTO Minutiaes
Values('14.5.1.1.1', '14.5.1.1', '/var/www/server/Datasets/MOLF/MindtctOutput/DB1_Lumidgm/14_1_5.xyt');

INSERT INTO Images
Values('/var/www/server/Datasets/MOLF/OriginalDataset/DB1_Lumidgm/14_2_5.wsq', '14.5.2', '14.5', 352, 544, 500);

INSERT INTO Features
Values('14.5.2', '14.5.2.1', 64);

INSERT INTO Minutiaes
Values('14.5.2.1.1', '14.5.2.1', '/var/www/server/Datasets/MOLF/MindtctOutput/DB1_Lumidgm/14_2_5.xyt');

INSERT INTO Images
Values('/var/www/server/Datasets/MOLF/OriginalDataset/DB1_Lumidgm/14_3_5.wsq', '14.5.3', '14.5', 352, 544, 500);

INSERT INTO Features
Values('14.5.3', '14.5.3.1', 90);

INSERT INTO Minutiaes
Values('14.5.3.1.1', '14.5.3.1', '/var/www/server/Datasets/MOLF/MindtctOutput/DB1_Lumidgm/14_3_5.xyt');

INSERT INTO Images
Values('/var/www/server/Datasets/MOLF/OriginalDataset/DB1_Lumidgm/14_4_5.wsq', '14.5.4', '14.5', 352, 544, 500);

INSERT INTO Features
Values('14.5.4', '14.5.4.1', 102);

INSERT INTO Minutiaes
Values('14.5.4.1.1', '14.5.4.1', '/var/www/server/Datasets/MOLF/MindtctOutput/DB1_Lumidgm/14_4_5.xyt');

INSERT INTO Fingers
Values(NULL, 6, '14.6', '14');

INSERT INTO Images
Values('/var/www/server/Datasets/MOLF/OriginalDataset/DB1_Lumidgm/14_1_6.wsq', '14.6.1', '14.6', 352, 544, 500);

INSERT INTO Features
Values('14.6.1', '14.6.1.1', 77);

INSERT INTO Minutiaes
Values('14.6.1.1.1', '14.6.1.1', '/var/www/server/Datasets/MOLF/MindtctOutput/DB1_Lumidgm/14_1_6.xyt');

INSERT INTO Images
Values('/var/www/server/Datasets/MOLF/OriginalDataset/DB1_Lumidgm/14_2_6.wsq', '14.6.2', '14.6', 352, 544, 500);

INSERT INTO Features
Values('14.6.2', '14.6.2.1', 78);

INSERT INTO Minutiaes
Values('14.6.2.1.1', '14.6.2.1', '/var/www/server/Datasets/MOLF/MindtctOutput/DB1_Lumidgm/14_2_6.xyt');

INSERT INTO Images
Values('/var/www/server/Datasets/MOLF/OriginalDataset/DB1_Lumidgm/14_3_6.wsq', '14.6.3', '14.6', 352, 544, 500);

INSERT INTO Features
Values('14.6.3', '14.6.3.1', 66);

INSERT INTO Minutiaes
Values('14.6.3.1.1', '14.6.3.1', '/var/www/server/Datasets/MOLF/MindtctOutput/DB1_Lumidgm/14_3_6.xyt');

INSERT INTO Images
Values('/var/www/server/Datasets/MOLF/OriginalDataset/DB1_Lumidgm/14_4_6.wsq', '14.6.4', '14.6', 352, 544, 500);

INSERT INTO Features
Values('14.6.4', '14.6.4.1', 85);

INSERT INTO Minutiaes
Values('14.6.4.1.1', '14.6.4.1', '/var/www/server/Datasets/MOLF/MindtctOutput/DB1_Lumidgm/14_4_6.xyt');

INSERT INTO Fingers
Values(NULL, 7, '14.7', '14');

INSERT INTO Images
Values('/var/www/server/Datasets/MOLF/OriginalDataset/DB1_Lumidgm/14_1_7.wsq', '14.7.1', '14.7', 352, 544, 500);

INSERT INTO Features
Values('14.7.1', '14.7.1.1', 61);

INSERT INTO Minutiaes
Values('14.7.1.1.1', '14.7.1.1', '/var/www/server/Datasets/MOLF/MindtctOutput/DB1_Lumidgm/14_1_7.xyt');

INSERT INTO Images
Values('/var/www/server/Datasets/MOLF/OriginalDataset/DB1_Lumidgm/14_2_7.wsq', '14.7.2', '14.7', 352, 544, 500);

INSERT INTO Features
Values('14.7.2', '14.7.2.1', 82);

INSERT INTO Minutiaes
Values('14.7.2.1.1', '14.7.2.1', '/var/www/server/Datasets/MOLF/MindtctOutput/DB1_Lumidgm/14_2_7.xyt');

INSERT INTO Images
Values('/var/www/server/Datasets/MOLF/OriginalDataset/DB1_Lumidgm/14_3_7.wsq', '14.7.3', '14.7', 352, 544, 500);

INSERT INTO Features
Values('14.7.3', '14.7.3.1', 66);

INSERT INTO Minutiaes
Values('14.7.3.1.1', '14.7.3.1', '/var/www/server/Datasets/MOLF/MindtctOutput/DB1_Lumidgm/14_3_7.xyt');

INSERT INTO Images
Values('/var/www/server/Datasets/MOLF/OriginalDataset/DB1_Lumidgm/14_4_7.wsq', '14.7.4', '14.7', 352, 544, 500);

INSERT INTO Features
Values('14.7.4', '14.7.4.1', 77);

INSERT INTO Minutiaes
Values('14.7.4.1.1', '14.7.4.1', '/var/www/server/Datasets/MOLF/MindtctOutput/DB1_Lumidgm/14_4_7.xyt');

INSERT INTO Fingers
Values(NULL, 8, '14.8', '14');

INSERT INTO Images
Values('/var/www/server/Datasets/MOLF/OriginalDataset/DB1_Lumidgm/14_1_8.wsq', '14.8.1', '14.8', 352, 544, 500);

INSERT INTO Features
Values('14.8.1', '14.8.1.1', 83);

INSERT INTO Minutiaes
Values('14.8.1.1.1', '14.8.1.1', '/var/www/server/Datasets/MOLF/MindtctOutput/DB1_Lumidgm/14_1_8.xyt');

INSERT INTO Images
Values('/var/www/server/Datasets/MOLF/OriginalDataset/DB1_Lumidgm/14_2_8.wsq', '14.8.2', '14.8', 352, 544, 500);

INSERT INTO Features
Values('14.8.2', '14.8.2.1', 82);

INSERT INTO Minutiaes
Values('14.8.2.1.1', '14.8.2.1', '/var/www/server/Datasets/MOLF/MindtctOutput/DB1_Lumidgm/14_2_8.xyt');

INSERT INTO Images
Values('/var/www/server/Datasets/MOLF/OriginalDataset/DB1_Lumidgm/14_3_8.wsq', '14.8.3', '14.8', 352, 544, 500);

INSERT INTO Features
Values('14.8.3', '14.8.3.1', 102);

INSERT INTO Minutiaes
Values('14.8.3.1.1', '14.8.3.1', '/var/www/server/Datasets/MOLF/MindtctOutput/DB1_Lumidgm/14_3_8.xyt');

INSERT INTO Images
Values('/var/www/server/Datasets/MOLF/OriginalDataset/DB1_Lumidgm/14_4_8.wsq', '14.8.4', '14.8', 352, 544, 500);

INSERT INTO Features
Values('14.8.4', '14.8.4.1', 97);

INSERT INTO Minutiaes
Values('14.8.4.1.1', '14.8.4.1', '/var/www/server/Datasets/MOLF/MindtctOutput/DB1_Lumidgm/14_4_8.xyt');

INSERT INTO Fingers
Values(NULL, 9, '14.9', '14');

INSERT INTO Images
Values('/var/www/server/Datasets/MOLF/OriginalDataset/DB1_Lumidgm/14_1_9.wsq', '14.9.1', '14.9', 352, 544, 500);

INSERT INTO Features
Values('14.9.1', '14.9.1.1', 107);

INSERT INTO Minutiaes
Values('14.9.1.1.1', '14.9.1.1', '/var/www/server/Datasets/MOLF/MindtctOutput/DB1_Lumidgm/14_1_9.xyt');

INSERT INTO Images
Values('/var/www/server/Datasets/MOLF/OriginalDataset/DB1_Lumidgm/14_2_9.wsq', '14.9.2', '14.9', 352, 544, 500);

INSERT INTO Features
Values('14.9.2', '14.9.2.1', 98);

INSERT INTO Minutiaes
Values('14.9.2.1.1', '14.9.2.1', '/var/www/server/Datasets/MOLF/MindtctOutput/DB1_Lumidgm/14_2_9.xyt');

INSERT INTO Images
Values('/var/www/server/Datasets/MOLF/OriginalDataset/DB1_Lumidgm/14_3_9.wsq', '14.9.3', '14.9', 352, 544, 500);

INSERT INTO Features
Values('14.9.3', '14.9.3.1', 111);

INSERT INTO Minutiaes
Values('14.9.3.1.1', '14.9.3.1', '/var/www/server/Datasets/MOLF/MindtctOutput/DB1_Lumidgm/14_3_9.xyt');

INSERT INTO Images
Values('/var/www/server/Datasets/MOLF/OriginalDataset/DB1_Lumidgm/14_4_9.wsq', '14.9.4', '14.9', 352, 544, 500);

INSERT INTO Features
Values('14.9.4', '14.9.4.1', 90);

INSERT INTO Minutiaes
Values('14.9.4.1.1', '14.9.4.1', '/var/www/server/Datasets/MOLF/MindtctOutput/DB1_Lumidgm/14_4_9.xyt');

INSERT INTO Fingers
Values(NULL, 10, '14.10', '14');

INSERT INTO Images
Values('/var/www/server/Datasets/MOLF/OriginalDataset/DB1_Lumidgm/14_1_10.wsq', '14.10.1', '14.10', 352, 544, 500);

INSERT INTO Features
Values('14.10.1', '14.10.1.1', 77);

INSERT INTO Minutiaes
Values('14.10.1.1.1', '14.10.1.1', '/var/www/server/Datasets/MOLF/MindtctOutput/DB1_Lumidgm/14_1_10.xyt');

INSERT INTO Images
Values('/var/www/server/Datasets/MOLF/OriginalDataset/DB1_Lumidgm/14_2_10.wsq', '14.10.2', '14.10', 352, 544, 500);

INSERT INTO Features
Values('14.10.2', '14.10.2.1', 85);

INSERT INTO Minutiaes
Values('14.10.2.1.1', '14.10.2.1', '/var/www/server/Datasets/MOLF/MindtctOutput/DB1_Lumidgm/14_2_10.xyt');

INSERT INTO Images
Values('/var/www/server/Datasets/MOLF/OriginalDataset/DB1_Lumidgm/14_3_10.wsq', '14.10.3', '14.10', 352, 544, 500);

INSERT INTO Features
Values('14.10.3', '14.10.3.1', 83);

INSERT INTO Minutiaes
Values('14.10.3.1.1', '14.10.3.1', '/var/www/server/Datasets/MOLF/MindtctOutput/DB1_Lumidgm/14_3_10.xyt');

INSERT INTO Images
Values('/var/www/server/Datasets/MOLF/OriginalDataset/DB1_Lumidgm/14_4_10.wsq', '14.10.4', '14.10', 352, 544, 500);

INSERT INTO Features
Values('14.10.4', '14.10.4.1', 114);

INSERT INTO Minutiaes
Values('14.10.4.1.1', '14.10.4.1', '/var/www/server/Datasets/MOLF/MindtctOutput/DB1_Lumidgm/14_4_10.xyt');

#------------------------SUBJECT 15------------------------
INSERT INTO Subjects
Values('15');

INSERT INTO Fingers
Values(NULL, 1, '15.1', '15');

INSERT INTO Images
Values('/var/www/server/Datasets/MOLF/OriginalDataset/DB1_Lumidgm/15_1_1.wsq', '15.1.1', '15.1', 352, 544, 500);

INSERT INTO Features
Values('15.1.1', '15.1.1.1', 84);

INSERT INTO Minutiaes
Values('15.1.1.1.1', '15.1.1.1', '/var/www/server/Datasets/MOLF/MindtctOutput/DB1_Lumidgm/15_1_1.xyt');

INSERT INTO Images
Values('/var/www/server/Datasets/MOLF/OriginalDataset/DB1_Lumidgm/15_2_1.wsq', '15.1.2', '15.1', 352, 544, 500);

INSERT INTO Features
Values('15.1.2', '15.1.2.1', 74);

INSERT INTO Minutiaes
Values('15.1.2.1.1', '15.1.2.1', '/var/www/server/Datasets/MOLF/MindtctOutput/DB1_Lumidgm/15_2_1.xyt');

INSERT INTO Images
Values('/var/www/server/Datasets/MOLF/OriginalDataset/DB1_Lumidgm/15_3_1.wsq', '15.1.3', '15.1', 352, 544, 500);

INSERT INTO Features
Values('15.1.3', '15.1.3.1', 108);

INSERT INTO Minutiaes
Values('15.1.3.1.1', '15.1.3.1', '/var/www/server/Datasets/MOLF/MindtctOutput/DB1_Lumidgm/15_3_1.xyt');

INSERT INTO Images
Values('/var/www/server/Datasets/MOLF/OriginalDataset/DB1_Lumidgm/15_4_1.wsq', '15.1.4', '15.1', 352, 544, 500);

INSERT INTO Features
Values('15.1.4', '15.1.4.1', 77);

INSERT INTO Minutiaes
Values('15.1.4.1.1', '15.1.4.1', '/var/www/server/Datasets/MOLF/MindtctOutput/DB1_Lumidgm/15_4_1.xyt');

INSERT INTO Fingers
Values(NULL, 2, '15.2', '15');

INSERT INTO Images
Values('/var/www/server/Datasets/MOLF/OriginalDataset/DB1_Lumidgm/15_1_2.wsq', '15.2.1', '15.2', 352, 544, 500);

INSERT INTO Features
Values('15.2.1', '15.2.1.1', 65);

INSERT INTO Minutiaes
Values('15.2.1.1.1', '15.2.1.1', '/var/www/server/Datasets/MOLF/MindtctOutput/DB1_Lumidgm/15_1_2.xyt');

INSERT INTO Images
Values('/var/www/server/Datasets/MOLF/OriginalDataset/DB1_Lumidgm/15_2_2.wsq', '15.2.2', '15.2', 352, 544, 500);

INSERT INTO Features
Values('15.2.2', '15.2.2.1', 72);

INSERT INTO Minutiaes
Values('15.2.2.1.1', '15.2.2.1', '/var/www/server/Datasets/MOLF/MindtctOutput/DB1_Lumidgm/15_2_2.xyt');

INSERT INTO Images
Values('/var/www/server/Datasets/MOLF/OriginalDataset/DB1_Lumidgm/15_3_2.wsq', '15.2.3', '15.2', 352, 544, 500);

INSERT INTO Features
Values('15.2.3', '15.2.3.1', 73);

INSERT INTO Minutiaes
Values('15.2.3.1.1', '15.2.3.1', '/var/www/server/Datasets/MOLF/MindtctOutput/DB1_Lumidgm/15_3_2.xyt');

INSERT INTO Images
Values('/var/www/server/Datasets/MOLF/OriginalDataset/DB1_Lumidgm/15_4_2.wsq', '15.2.4', '15.2', 352, 544, 500);

INSERT INTO Features
Values('15.2.4', '15.2.4.1', 77);

INSERT INTO Minutiaes
Values('15.2.4.1.1', '15.2.4.1', '/var/www/server/Datasets/MOLF/MindtctOutput/DB1_Lumidgm/15_4_2.xyt');

INSERT INTO Fingers
Values(NULL, 3, '15.3', '15');

INSERT INTO Images
Values('/var/www/server/Datasets/MOLF/OriginalDataset/DB1_Lumidgm/15_1_3.wsq', '15.3.1', '15.3', 352, 544, 500);

INSERT INTO Features
Values('15.3.1', '15.3.1.1', 81);

INSERT INTO Minutiaes
Values('15.3.1.1.1', '15.3.1.1', '/var/www/server/Datasets/MOLF/MindtctOutput/DB1_Lumidgm/15_1_3.xyt');

INSERT INTO Images
Values('/var/www/server/Datasets/MOLF/OriginalDataset/DB1_Lumidgm/15_2_3.wsq', '15.3.2', '15.3', 352, 544, 500);

INSERT INTO Features
Values('15.3.2', '15.3.2.1', 60);

INSERT INTO Minutiaes
Values('15.3.2.1.1', '15.3.2.1', '/var/www/server/Datasets/MOLF/MindtctOutput/DB1_Lumidgm/15_2_3.xyt');

INSERT INTO Images
Values('/var/www/server/Datasets/MOLF/OriginalDataset/DB1_Lumidgm/15_3_3.wsq', '15.3.3', '15.3', 352, 544, 500);

INSERT INTO Features
Values('15.3.3', '15.3.3.1', 98);

INSERT INTO Minutiaes
Values('15.3.3.1.1', '15.3.3.1', '/var/www/server/Datasets/MOLF/MindtctOutput/DB1_Lumidgm/15_3_3.xyt');

INSERT INTO Images
Values('/var/www/server/Datasets/MOLF/OriginalDataset/DB1_Lumidgm/15_4_3.wsq', '15.3.4', '15.3', 352, 544, 500);

INSERT INTO Features
Values('15.3.4', '15.3.4.1', 72);

INSERT INTO Minutiaes
Values('15.3.4.1.1', '15.3.4.1', '/var/www/server/Datasets/MOLF/MindtctOutput/DB1_Lumidgm/15_4_3.xyt');

INSERT INTO Fingers
Values(NULL, 4, '15.4', '15');

INSERT INTO Images
Values('/var/www/server/Datasets/MOLF/OriginalDataset/DB1_Lumidgm/15_1_4.wsq', '15.4.1', '15.4', 352, 544, 500);

INSERT INTO Features
Values('15.4.1', '15.4.1.1', 88);

INSERT INTO Minutiaes
Values('15.4.1.1.1', '15.4.1.1', '/var/www/server/Datasets/MOLF/MindtctOutput/DB1_Lumidgm/15_1_4.xyt');

INSERT INTO Images
Values('/var/www/server/Datasets/MOLF/OriginalDataset/DB1_Lumidgm/15_2_4.wsq', '15.4.2', '15.4', 352, 544, 500);

INSERT INTO Features
Values('15.4.2', '15.4.2.1', 70);

INSERT INTO Minutiaes
Values('15.4.2.1.1', '15.4.2.1', '/var/www/server/Datasets/MOLF/MindtctOutput/DB1_Lumidgm/15_2_4.xyt');

INSERT INTO Images
Values('/var/www/server/Datasets/MOLF/OriginalDataset/DB1_Lumidgm/15_3_4.wsq', '15.4.3', '15.4', 352, 544, 500);

INSERT INTO Features
Values('15.4.3', '15.4.3.1', 74);

INSERT INTO Minutiaes
Values('15.4.3.1.1', '15.4.3.1', '/var/www/server/Datasets/MOLF/MindtctOutput/DB1_Lumidgm/15_3_4.xyt');

INSERT INTO Images
Values('/var/www/server/Datasets/MOLF/OriginalDataset/DB1_Lumidgm/15_4_4.wsq', '15.4.4', '15.4', 352, 544, 500);

INSERT INTO Features
Values('15.4.4', '15.4.4.1', 95);

INSERT INTO Minutiaes
Values('15.4.4.1.1', '15.4.4.1', '/var/www/server/Datasets/MOLF/MindtctOutput/DB1_Lumidgm/15_4_4.xyt');

INSERT INTO Fingers
Values(NULL, 5, '15.5', '15');

INSERT INTO Images
Values('/var/www/server/Datasets/MOLF/OriginalDataset/DB1_Lumidgm/15_1_5.wsq', '15.5.1', '15.5', 352, 544, 500);

INSERT INTO Features
Values('15.5.1', '15.5.1.1', 61);

INSERT INTO Minutiaes
Values('15.5.1.1.1', '15.5.1.1', '/var/www/server/Datasets/MOLF/MindtctOutput/DB1_Lumidgm/15_1_5.xyt');

INSERT INTO Images
Values('/var/www/server/Datasets/MOLF/OriginalDataset/DB1_Lumidgm/15_2_5.wsq', '15.5.2', '15.5', 352, 544, 500);

INSERT INTO Features
Values('15.5.2', '15.5.2.1', 54);

INSERT INTO Minutiaes
Values('15.5.2.1.1', '15.5.2.1', '/var/www/server/Datasets/MOLF/MindtctOutput/DB1_Lumidgm/15_2_5.xyt');

INSERT INTO Images
Values('/var/www/server/Datasets/MOLF/OriginalDataset/DB1_Lumidgm/15_3_5.wsq', '15.5.3', '15.5', 352, 544, 500);

INSERT INTO Features
Values('15.5.3', '15.5.3.1', 61);

INSERT INTO Minutiaes
Values('15.5.3.1.1', '15.5.3.1', '/var/www/server/Datasets/MOLF/MindtctOutput/DB1_Lumidgm/15_3_5.xyt');

INSERT INTO Images
Values('/var/www/server/Datasets/MOLF/OriginalDataset/DB1_Lumidgm/15_4_5.wsq', '15.5.4', '15.5', 352, 544, 500);

INSERT INTO Features
Values('15.5.4', '15.5.4.1', 67);

INSERT INTO Minutiaes
Values('15.5.4.1.1', '15.5.4.1', '/var/www/server/Datasets/MOLF/MindtctOutput/DB1_Lumidgm/15_4_5.xyt');

INSERT INTO Fingers
Values(NULL, 6, '15.6', '15');

INSERT INTO Images
Values('/var/www/server/Datasets/MOLF/OriginalDataset/DB1_Lumidgm/15_1_6.wsq', '15.6.1', '15.6', 352, 544, 500);

INSERT INTO Features
Values('15.6.1', '15.6.1.1', 79);

INSERT INTO Minutiaes
Values('15.6.1.1.1', '15.6.1.1', '/var/www/server/Datasets/MOLF/MindtctOutput/DB1_Lumidgm/15_1_6.xyt');

INSERT INTO Images
Values('/var/www/server/Datasets/MOLF/OriginalDataset/DB1_Lumidgm/15_2_6.wsq', '15.6.2', '15.6', 352, 544, 500);

INSERT INTO Features
Values('15.6.2', '15.6.2.1', 85);

INSERT INTO Minutiaes
Values('15.6.2.1.1', '15.6.2.1', '/var/www/server/Datasets/MOLF/MindtctOutput/DB1_Lumidgm/15_2_6.xyt');

INSERT INTO Images
Values('/var/www/server/Datasets/MOLF/OriginalDataset/DB1_Lumidgm/15_3_6.wsq', '15.6.3', '15.6', 352, 544, 500);

INSERT INTO Features
Values('15.6.3', '15.6.3.1', 91);

INSERT INTO Minutiaes
Values('15.6.3.1.1', '15.6.3.1', '/var/www/server/Datasets/MOLF/MindtctOutput/DB1_Lumidgm/15_3_6.xyt');

INSERT INTO Images
Values('/var/www/server/Datasets/MOLF/OriginalDataset/DB1_Lumidgm/15_4_6.wsq', '15.6.4', '15.6', 352, 544, 500);

INSERT INTO Features
Values('15.6.4', '15.6.4.1', 109);

INSERT INTO Minutiaes
Values('15.6.4.1.1', '15.6.4.1', '/var/www/server/Datasets/MOLF/MindtctOutput/DB1_Lumidgm/15_4_6.xyt');

INSERT INTO Fingers
Values(NULL, 7, '15.7', '15');

INSERT INTO Images
Values('/var/www/server/Datasets/MOLF/OriginalDataset/DB1_Lumidgm/15_1_7.wsq', '15.7.1', '15.7', 352, 544, 500);

INSERT INTO Features
Values('15.7.1', '15.7.1.1', 87);

INSERT INTO Minutiaes
Values('15.7.1.1.1', '15.7.1.1', '/var/www/server/Datasets/MOLF/MindtctOutput/DB1_Lumidgm/15_1_7.xyt');

INSERT INTO Images
Values('/var/www/server/Datasets/MOLF/OriginalDataset/DB1_Lumidgm/15_2_7.wsq', '15.7.2', '15.7', 352, 544, 500);

INSERT INTO Features
Values('15.7.2', '15.7.2.1', 92);

INSERT INTO Minutiaes
Values('15.7.2.1.1', '15.7.2.1', '/var/www/server/Datasets/MOLF/MindtctOutput/DB1_Lumidgm/15_2_7.xyt');

INSERT INTO Images
Values('/var/www/server/Datasets/MOLF/OriginalDataset/DB1_Lumidgm/15_3_7.wsq', '15.7.3', '15.7', 352, 544, 500);

INSERT INTO Features
Values('15.7.3', '15.7.3.1', 82);

INSERT INTO Minutiaes
Values('15.7.3.1.1', '15.7.3.1', '/var/www/server/Datasets/MOLF/MindtctOutput/DB1_Lumidgm/15_3_7.xyt');

INSERT INTO Images
Values('/var/www/server/Datasets/MOLF/OriginalDataset/DB1_Lumidgm/15_4_7.wsq', '15.7.4', '15.7', 352, 544, 500);

INSERT INTO Features
Values('15.7.4', '15.7.4.1', 94);

INSERT INTO Minutiaes
Values('15.7.4.1.1', '15.7.4.1', '/var/www/server/Datasets/MOLF/MindtctOutput/DB1_Lumidgm/15_4_7.xyt');

INSERT INTO Fingers
Values(NULL, 8, '15.8', '15');

INSERT INTO Images
Values('/var/www/server/Datasets/MOLF/OriginalDataset/DB1_Lumidgm/15_1_8.wsq', '15.8.1', '15.8', 352, 544, 500);

INSERT INTO Features
Values('15.8.1', '15.8.1.1', 58);

INSERT INTO Minutiaes
Values('15.8.1.1.1', '15.8.1.1', '/var/www/server/Datasets/MOLF/MindtctOutput/DB1_Lumidgm/15_1_8.xyt');

INSERT INTO Images
Values('/var/www/server/Datasets/MOLF/OriginalDataset/DB1_Lumidgm/15_2_8.wsq', '15.8.2', '15.8', 352, 544, 500);

INSERT INTO Features
Values('15.8.2', '15.8.2.1', 66);

INSERT INTO Minutiaes
Values('15.8.2.1.1', '15.8.2.1', '/var/www/server/Datasets/MOLF/MindtctOutput/DB1_Lumidgm/15_2_8.xyt');

INSERT INTO Images
Values('/var/www/server/Datasets/MOLF/OriginalDataset/DB1_Lumidgm/15_3_8.wsq', '15.8.3', '15.8', 352, 544, 500);

INSERT INTO Features
Values('15.8.3', '15.8.3.1', 60);

INSERT INTO Minutiaes
Values('15.8.3.1.1', '15.8.3.1', '/var/www/server/Datasets/MOLF/MindtctOutput/DB1_Lumidgm/15_3_8.xyt');

INSERT INTO Images
Values('/var/www/server/Datasets/MOLF/OriginalDataset/DB1_Lumidgm/15_4_8.wsq', '15.8.4', '15.8', 352, 544, 500);

INSERT INTO Features
Values('15.8.4', '15.8.4.1', 71);

INSERT INTO Minutiaes
Values('15.8.4.1.1', '15.8.4.1', '/var/www/server/Datasets/MOLF/MindtctOutput/DB1_Lumidgm/15_4_8.xyt');

INSERT INTO Fingers
Values(NULL, 9, '15.9', '15');

INSERT INTO Images
Values('/var/www/server/Datasets/MOLF/OriginalDataset/DB1_Lumidgm/15_1_9.wsq', '15.9.1', '15.9', 352, 544, 500);

INSERT INTO Features
Values('15.9.1', '15.9.1.1', 101);

INSERT INTO Minutiaes
Values('15.9.1.1.1', '15.9.1.1', '/var/www/server/Datasets/MOLF/MindtctOutput/DB1_Lumidgm/15_1_9.xyt');

INSERT INTO Images
Values('/var/www/server/Datasets/MOLF/OriginalDataset/DB1_Lumidgm/15_2_9.wsq', '15.9.2', '15.9', 352, 544, 500);

INSERT INTO Features
Values('15.9.2', '15.9.2.1', 93);

INSERT INTO Minutiaes
Values('15.9.2.1.1', '15.9.2.1', '/var/www/server/Datasets/MOLF/MindtctOutput/DB1_Lumidgm/15_2_9.xyt');

INSERT INTO Images
Values('/var/www/server/Datasets/MOLF/OriginalDataset/DB1_Lumidgm/15_3_9.wsq', '15.9.3', '15.9', 352, 544, 500);

INSERT INTO Features
Values('15.9.3', '15.9.3.1', 97);

INSERT INTO Minutiaes
Values('15.9.3.1.1', '15.9.3.1', '/var/www/server/Datasets/MOLF/MindtctOutput/DB1_Lumidgm/15_3_9.xyt');

INSERT INTO Images
Values('/var/www/server/Datasets/MOLF/OriginalDataset/DB1_Lumidgm/15_4_9.wsq', '15.9.4', '15.9', 352, 544, 500);

INSERT INTO Features
Values('15.9.4', '15.9.4.1', 99);

INSERT INTO Minutiaes
Values('15.9.4.1.1', '15.9.4.1', '/var/www/server/Datasets/MOLF/MindtctOutput/DB1_Lumidgm/15_4_9.xyt');

INSERT INTO Fingers
Values(NULL, 10, '15.10', '15');

INSERT INTO Images
Values('/var/www/server/Datasets/MOLF/OriginalDataset/DB1_Lumidgm/15_1_10.wsq', '15.10.1', '15.10', 352, 544, 500);

INSERT INTO Features
Values('15.10.1', '15.10.1.1', 64);

INSERT INTO Minutiaes
Values('15.10.1.1.1', '15.10.1.1', '/var/www/server/Datasets/MOLF/MindtctOutput/DB1_Lumidgm/15_1_10.xyt');

INSERT INTO Images
Values('/var/www/server/Datasets/MOLF/OriginalDataset/DB1_Lumidgm/15_2_10.wsq', '15.10.2', '15.10', 352, 544, 500);

INSERT INTO Features
Values('15.10.2', '15.10.2.1', 73);

INSERT INTO Minutiaes
Values('15.10.2.1.1', '15.10.2.1', '/var/www/server/Datasets/MOLF/MindtctOutput/DB1_Lumidgm/15_2_10.xyt');

INSERT INTO Images
Values('/var/www/server/Datasets/MOLF/OriginalDataset/DB1_Lumidgm/15_3_10.wsq', '15.10.3', '15.10', 352, 544, 500);

INSERT INTO Features
Values('15.10.3', '15.10.3.1', 70);

INSERT INTO Minutiaes
Values('15.10.3.1.1', '15.10.3.1', '/var/www/server/Datasets/MOLF/MindtctOutput/DB1_Lumidgm/15_3_10.xyt');

INSERT INTO Images
Values('/var/www/server/Datasets/MOLF/OriginalDataset/DB1_Lumidgm/15_4_10.wsq', '15.10.4', '15.10', 352, 544, 500);

INSERT INTO Features
Values('15.10.4', '15.10.4.1', 77);

INSERT INTO Minutiaes
Values('15.10.4.1.1', '15.10.4.1', '/var/www/server/Datasets/MOLF/MindtctOutput/DB1_Lumidgm/15_4_10.xyt');

#------------------------SUBJECT 16------------------------
INSERT INTO Subjects
Values('16');

INSERT INTO Fingers
Values(NULL, 1, '16.1', '16');

INSERT INTO Images
Values('/var/www/server/Datasets/MOLF/OriginalDataset/DB1_Lumidgm/16_1_1.wsq', '16.1.1', '16.1', 352, 544, 500);

INSERT INTO Features
Values('16.1.1', '16.1.1.1', 42);

INSERT INTO Minutiaes
Values('16.1.1.1.1', '16.1.1.1', '/var/www/server/Datasets/MOLF/MindtctOutput/DB1_Lumidgm/16_1_1.xyt');

INSERT INTO Images
Values('/var/www/server/Datasets/MOLF/OriginalDataset/DB1_Lumidgm/16_2_1.wsq', '16.1.2', '16.1', 352, 544, 500);

INSERT INTO Features
Values('16.1.2', '16.1.2.1', 45);

INSERT INTO Minutiaes
Values('16.1.2.1.1', '16.1.2.1', '/var/www/server/Datasets/MOLF/MindtctOutput/DB1_Lumidgm/16_2_1.xyt');

INSERT INTO Images
Values('/var/www/server/Datasets/MOLF/OriginalDataset/DB1_Lumidgm/16_3_1.wsq', '16.1.3', '16.1', 352, 544, 500);

INSERT INTO Features
Values('16.1.3', '16.1.3.1', 39);

INSERT INTO Minutiaes
Values('16.1.3.1.1', '16.1.3.1', '/var/www/server/Datasets/MOLF/MindtctOutput/DB1_Lumidgm/16_3_1.xyt');

INSERT INTO Images
Values('/var/www/server/Datasets/MOLF/OriginalDataset/DB1_Lumidgm/16_4_1.wsq', '16.1.4', '16.1', 352, 544, 500);

INSERT INTO Features
Values('16.1.4', '16.1.4.1', 39);

INSERT INTO Minutiaes
Values('16.1.4.1.1', '16.1.4.1', '/var/www/server/Datasets/MOLF/MindtctOutput/DB1_Lumidgm/16_4_1.xyt');

INSERT INTO Fingers
Values(NULL, 2, '16.2', '16');

INSERT INTO Images
Values('/var/www/server/Datasets/MOLF/OriginalDataset/DB1_Lumidgm/16_1_2.wsq', '16.2.1', '16.2', 352, 544, 500);

INSERT INTO Features
Values('16.2.1', '16.2.1.1', 41);

INSERT INTO Minutiaes
Values('16.2.1.1.1', '16.2.1.1', '/var/www/server/Datasets/MOLF/MindtctOutput/DB1_Lumidgm/16_1_2.xyt');

INSERT INTO Images
Values('/var/www/server/Datasets/MOLF/OriginalDataset/DB1_Lumidgm/16_2_2.wsq', '16.2.2', '16.2', 352, 544, 500);

INSERT INTO Features
Values('16.2.2', '16.2.2.1', 43);

INSERT INTO Minutiaes
Values('16.2.2.1.1', '16.2.2.1', '/var/www/server/Datasets/MOLF/MindtctOutput/DB1_Lumidgm/16_2_2.xyt');

INSERT INTO Images
Values('/var/www/server/Datasets/MOLF/OriginalDataset/DB1_Lumidgm/16_3_2.wsq', '16.2.3', '16.2', 352, 544, 500);

INSERT INTO Features
Values('16.2.3', '16.2.3.1', 40);

INSERT INTO Minutiaes
Values('16.2.3.1.1', '16.2.3.1', '/var/www/server/Datasets/MOLF/MindtctOutput/DB1_Lumidgm/16_3_2.xyt');

INSERT INTO Images
Values('/var/www/server/Datasets/MOLF/OriginalDataset/DB1_Lumidgm/16_4_2.wsq', '16.2.4', '16.2', 352, 544, 500);

INSERT INTO Features
Values('16.2.4', '16.2.4.1', 44);

INSERT INTO Minutiaes
Values('16.2.4.1.1', '16.2.4.1', '/var/www/server/Datasets/MOLF/MindtctOutput/DB1_Lumidgm/16_4_2.xyt');

INSERT INTO Fingers
Values(NULL, 3, '16.3', '16');

INSERT INTO Images
Values('/var/www/server/Datasets/MOLF/OriginalDataset/DB1_Lumidgm/16_1_3.wsq', '16.3.1', '16.3', 352, 544, 500);

INSERT INTO Features
Values('16.3.1', '16.3.1.1', 54);

INSERT INTO Minutiaes
Values('16.3.1.1.1', '16.3.1.1', '/var/www/server/Datasets/MOLF/MindtctOutput/DB1_Lumidgm/16_1_3.xyt');

INSERT INTO Images
Values('/var/www/server/Datasets/MOLF/OriginalDataset/DB1_Lumidgm/16_2_3.wsq', '16.3.2', '16.3', 352, 544, 500);

INSERT INTO Features
Values('16.3.2', '16.3.2.1', 45);

INSERT INTO Minutiaes
Values('16.3.2.1.1', '16.3.2.1', '/var/www/server/Datasets/MOLF/MindtctOutput/DB1_Lumidgm/16_2_3.xyt');

INSERT INTO Images
Values('/var/www/server/Datasets/MOLF/OriginalDataset/DB1_Lumidgm/16_3_3.wsq', '16.3.3', '16.3', 352, 544, 500);

INSERT INTO Features
Values('16.3.3', '16.3.3.1', 50);

INSERT INTO Minutiaes
Values('16.3.3.1.1', '16.3.3.1', '/var/www/server/Datasets/MOLF/MindtctOutput/DB1_Lumidgm/16_3_3.xyt');

INSERT INTO Images
Values('/var/www/server/Datasets/MOLF/OriginalDataset/DB1_Lumidgm/16_4_3.wsq', '16.3.4', '16.3', 352, 544, 500);

INSERT INTO Features
Values('16.3.4', '16.3.4.1', 44);

INSERT INTO Minutiaes
Values('16.3.4.1.1', '16.3.4.1', '/var/www/server/Datasets/MOLF/MindtctOutput/DB1_Lumidgm/16_4_3.xyt');

INSERT INTO Fingers
Values(NULL, 4, '16.4', '16');

INSERT INTO Images
Values('/var/www/server/Datasets/MOLF/OriginalDataset/DB1_Lumidgm/16_1_4.wsq', '16.4.1', '16.4', 352, 544, 500);

INSERT INTO Features
Values('16.4.1', '16.4.1.1', 58);

INSERT INTO Minutiaes
Values('16.4.1.1.1', '16.4.1.1', '/var/www/server/Datasets/MOLF/MindtctOutput/DB1_Lumidgm/16_1_4.xyt');

INSERT INTO Images
Values('/var/www/server/Datasets/MOLF/OriginalDataset/DB1_Lumidgm/16_2_4.wsq', '16.4.2', '16.4', 352, 544, 500);

INSERT INTO Features
Values('16.4.2', '16.4.2.1', 58);

INSERT INTO Minutiaes
Values('16.4.2.1.1', '16.4.2.1', '/var/www/server/Datasets/MOLF/MindtctOutput/DB1_Lumidgm/16_2_4.xyt');

INSERT INTO Images
Values('/var/www/server/Datasets/MOLF/OriginalDataset/DB1_Lumidgm/16_3_4.wsq', '16.4.3', '16.4', 352, 544, 500);

INSERT INTO Features
Values('16.4.3', '16.4.3.1', 64);

INSERT INTO Minutiaes
Values('16.4.3.1.1', '16.4.3.1', '/var/www/server/Datasets/MOLF/MindtctOutput/DB1_Lumidgm/16_3_4.xyt');

INSERT INTO Images
Values('/var/www/server/Datasets/MOLF/OriginalDataset/DB1_Lumidgm/16_4_4.wsq', '16.4.4', '16.4', 352, 544, 500);

INSERT INTO Features
Values('16.4.4', '16.4.4.1', 70);

INSERT INTO Minutiaes
Values('16.4.4.1.1', '16.4.4.1', '/var/www/server/Datasets/MOLF/MindtctOutput/DB1_Lumidgm/16_4_4.xyt');

INSERT INTO Fingers
Values(NULL, 5, '16.5', '16');

INSERT INTO Images
Values('/var/www/server/Datasets/MOLF/OriginalDataset/DB1_Lumidgm/16_1_5.wsq', '16.5.1', '16.5', 352, 544, 500);

INSERT INTO Features
Values('16.5.1', '16.5.1.1', 55);

INSERT INTO Minutiaes
Values('16.5.1.1.1', '16.5.1.1', '/var/www/server/Datasets/MOLF/MindtctOutput/DB1_Lumidgm/16_1_5.xyt');

INSERT INTO Images
Values('/var/www/server/Datasets/MOLF/OriginalDataset/DB1_Lumidgm/16_2_5.wsq', '16.5.2', '16.5', 352, 544, 500);

INSERT INTO Features
Values('16.5.2', '16.5.2.1', 51);

INSERT INTO Minutiaes
Values('16.5.2.1.1', '16.5.2.1', '/var/www/server/Datasets/MOLF/MindtctOutput/DB1_Lumidgm/16_2_5.xyt');

INSERT INTO Images
Values('/var/www/server/Datasets/MOLF/OriginalDataset/DB1_Lumidgm/16_3_5.wsq', '16.5.3', '16.5', 352, 544, 500);

INSERT INTO Features
Values('16.5.3', '16.5.3.1', 88);

INSERT INTO Minutiaes
Values('16.5.3.1.1', '16.5.3.1', '/var/www/server/Datasets/MOLF/MindtctOutput/DB1_Lumidgm/16_3_5.xyt');

INSERT INTO Images
Values('/var/www/server/Datasets/MOLF/OriginalDataset/DB1_Lumidgm/16_4_5.wsq', '16.5.4', '16.5', 352, 544, 500);

INSERT INTO Features
Values('16.5.4', '16.5.4.1', 55);

INSERT INTO Minutiaes
Values('16.5.4.1.1', '16.5.4.1', '/var/www/server/Datasets/MOLF/MindtctOutput/DB1_Lumidgm/16_4_5.xyt');

INSERT INTO Fingers
Values(NULL, 6, '16.6', '16');

INSERT INTO Images
Values('/var/www/server/Datasets/MOLF/OriginalDataset/DB1_Lumidgm/16_1_6.wsq', '16.6.1', '16.6', 352, 544, 500);

INSERT INTO Features
Values('16.6.1', '16.6.1.1', 60);

INSERT INTO Minutiaes
Values('16.6.1.1.1', '16.6.1.1', '/var/www/server/Datasets/MOLF/MindtctOutput/DB1_Lumidgm/16_1_6.xyt');

INSERT INTO Images
Values('/var/www/server/Datasets/MOLF/OriginalDataset/DB1_Lumidgm/16_2_6.wsq', '16.6.2', '16.6', 352, 544, 500);

INSERT INTO Features
Values('16.6.2', '16.6.2.1', 47);

INSERT INTO Minutiaes
Values('16.6.2.1.1', '16.6.2.1', '/var/www/server/Datasets/MOLF/MindtctOutput/DB1_Lumidgm/16_2_6.xyt');

INSERT INTO Images
Values('/var/www/server/Datasets/MOLF/OriginalDataset/DB1_Lumidgm/16_3_6.wsq', '16.6.3', '16.6', 352, 544, 500);

INSERT INTO Features
Values('16.6.3', '16.6.3.1', 52);

INSERT INTO Minutiaes
Values('16.6.3.1.1', '16.6.3.1', '/var/www/server/Datasets/MOLF/MindtctOutput/DB1_Lumidgm/16_3_6.xyt');

INSERT INTO Images
Values('/var/www/server/Datasets/MOLF/OriginalDataset/DB1_Lumidgm/16_4_6.wsq', '16.6.4', '16.6', 352, 544, 500);

INSERT INTO Features
Values('16.6.4', '16.6.4.1', 42);

INSERT INTO Minutiaes
Values('16.6.4.1.1', '16.6.4.1', '/var/www/server/Datasets/MOLF/MindtctOutput/DB1_Lumidgm/16_4_6.xyt');

INSERT INTO Fingers
Values(NULL, 7, '16.7', '16');

INSERT INTO Images
Values('/var/www/server/Datasets/MOLF/OriginalDataset/DB1_Lumidgm/16_1_7.wsq', '16.7.1', '16.7', 352, 544, 500);

INSERT INTO Features
Values('16.7.1', '16.7.1.1', 44);

INSERT INTO Minutiaes
Values('16.7.1.1.1', '16.7.1.1', '/var/www/server/Datasets/MOLF/MindtctOutput/DB1_Lumidgm/16_1_7.xyt');

INSERT INTO Images
Values('/var/www/server/Datasets/MOLF/OriginalDataset/DB1_Lumidgm/16_2_7.wsq', '16.7.2', '16.7', 352, 544, 500);

INSERT INTO Features
Values('16.7.2', '16.7.2.1', 46);

INSERT INTO Minutiaes
Values('16.7.2.1.1', '16.7.2.1', '/var/www/server/Datasets/MOLF/MindtctOutput/DB1_Lumidgm/16_2_7.xyt');

INSERT INTO Images
Values('/var/www/server/Datasets/MOLF/OriginalDataset/DB1_Lumidgm/16_3_7.wsq', '16.7.3', '16.7', 352, 544, 500);

INSERT INTO Features
Values('16.7.3', '16.7.3.1', 43);

INSERT INTO Minutiaes
Values('16.7.3.1.1', '16.7.3.1', '/var/www/server/Datasets/MOLF/MindtctOutput/DB1_Lumidgm/16_3_7.xyt');

INSERT INTO Images
Values('/var/www/server/Datasets/MOLF/OriginalDataset/DB1_Lumidgm/16_4_7.wsq', '16.7.4', '16.7', 352, 544, 500);

INSERT INTO Features
Values('16.7.4', '16.7.4.1', 45);

INSERT INTO Minutiaes
Values('16.7.4.1.1', '16.7.4.1', '/var/www/server/Datasets/MOLF/MindtctOutput/DB1_Lumidgm/16_4_7.xyt');

INSERT INTO Fingers
Values(NULL, 8, '16.8', '16');

INSERT INTO Images
Values('/var/www/server/Datasets/MOLF/OriginalDataset/DB1_Lumidgm/16_1_8.wsq', '16.8.1', '16.8', 352, 544, 500);

INSERT INTO Features
Values('16.8.1', '16.8.1.1', 56);

INSERT INTO Minutiaes
Values('16.8.1.1.1', '16.8.1.1', '/var/www/server/Datasets/MOLF/MindtctOutput/DB1_Lumidgm/16_1_8.xyt');

INSERT INTO Images
Values('/var/www/server/Datasets/MOLF/OriginalDataset/DB1_Lumidgm/16_2_8.wsq', '16.8.2', '16.8', 352, 544, 500);

INSERT INTO Features
Values('16.8.2', '16.8.2.1', 48);

INSERT INTO Minutiaes
Values('16.8.2.1.1', '16.8.2.1', '/var/www/server/Datasets/MOLF/MindtctOutput/DB1_Lumidgm/16_2_8.xyt');

INSERT INTO Images
Values('/var/www/server/Datasets/MOLF/OriginalDataset/DB1_Lumidgm/16_3_8.wsq', '16.8.3', '16.8', 352, 544, 500);

INSERT INTO Features
Values('16.8.3', '16.8.3.1', 43);

INSERT INTO Minutiaes
Values('16.8.3.1.1', '16.8.3.1', '/var/www/server/Datasets/MOLF/MindtctOutput/DB1_Lumidgm/16_3_8.xyt');

INSERT INTO Images
Values('/var/www/server/Datasets/MOLF/OriginalDataset/DB1_Lumidgm/16_4_8.wsq', '16.8.4', '16.8', 352, 544, 500);

INSERT INTO Features
Values('16.8.4', '16.8.4.1', 44);

INSERT INTO Minutiaes
Values('16.8.4.1.1', '16.8.4.1', '/var/www/server/Datasets/MOLF/MindtctOutput/DB1_Lumidgm/16_4_8.xyt');

INSERT INTO Fingers
Values(NULL, 9, '16.9', '16');

INSERT INTO Images
Values('/var/www/server/Datasets/MOLF/OriginalDataset/DB1_Lumidgm/16_1_9.wsq', '16.9.1', '16.9', 352, 544, 500);

INSERT INTO Features
Values('16.9.1', '16.9.1.1', 55);

INSERT INTO Minutiaes
Values('16.9.1.1.1', '16.9.1.1', '/var/www/server/Datasets/MOLF/MindtctOutput/DB1_Lumidgm/16_1_9.xyt');

INSERT INTO Images
Values('/var/www/server/Datasets/MOLF/OriginalDataset/DB1_Lumidgm/16_2_9.wsq', '16.9.2', '16.9', 352, 544, 500);

INSERT INTO Features
Values('16.9.2', '16.9.2.1', 53);

INSERT INTO Minutiaes
Values('16.9.2.1.1', '16.9.2.1', '/var/www/server/Datasets/MOLF/MindtctOutput/DB1_Lumidgm/16_2_9.xyt');

INSERT INTO Images
Values('/var/www/server/Datasets/MOLF/OriginalDataset/DB1_Lumidgm/16_3_9.wsq', '16.9.3', '16.9', 352, 544, 500);

INSERT INTO Features
Values('16.9.3', '16.9.3.1', 49);

INSERT INTO Minutiaes
Values('16.9.3.1.1', '16.9.3.1', '/var/www/server/Datasets/MOLF/MindtctOutput/DB1_Lumidgm/16_3_9.xyt');

INSERT INTO Images
Values('/var/www/server/Datasets/MOLF/OriginalDataset/DB1_Lumidgm/16_4_9.wsq', '16.9.4', '16.9', 352, 544, 500);

INSERT INTO Features
Values('16.9.4', '16.9.4.1', 60);

INSERT INTO Minutiaes
Values('16.9.4.1.1', '16.9.4.1', '/var/www/server/Datasets/MOLF/MindtctOutput/DB1_Lumidgm/16_4_9.xyt');

INSERT INTO Fingers
Values(NULL, 10, '16.10', '16');

INSERT INTO Images
Values('/var/www/server/Datasets/MOLF/OriginalDataset/DB1_Lumidgm/16_1_10.wsq', '16.10.1', '16.10', 352, 544, 500);

INSERT INTO Features
Values('16.10.1', '16.10.1.1', 53);

INSERT INTO Minutiaes
Values('16.10.1.1.1', '16.10.1.1', '/var/www/server/Datasets/MOLF/MindtctOutput/DB1_Lumidgm/16_1_10.xyt');

INSERT INTO Images
Values('/var/www/server/Datasets/MOLF/OriginalDataset/DB1_Lumidgm/16_2_10.wsq', '16.10.2', '16.10', 352, 544, 500);

INSERT INTO Features
Values('16.10.2', '16.10.2.1', 58);

INSERT INTO Minutiaes
Values('16.10.2.1.1', '16.10.2.1', '/var/www/server/Datasets/MOLF/MindtctOutput/DB1_Lumidgm/16_2_10.xyt');

INSERT INTO Images
Values('/var/www/server/Datasets/MOLF/OriginalDataset/DB1_Lumidgm/16_3_10.wsq', '16.10.3', '16.10', 352, 544, 500);

INSERT INTO Features
Values('16.10.3', '16.10.3.1', 48);

INSERT INTO Minutiaes
Values('16.10.3.1.1', '16.10.3.1', '/var/www/server/Datasets/MOLF/MindtctOutput/DB1_Lumidgm/16_3_10.xyt');

INSERT INTO Images
Values('/var/www/server/Datasets/MOLF/OriginalDataset/DB1_Lumidgm/16_4_10.wsq', '16.10.4', '16.10', 352, 544, 500);

INSERT INTO Features
Values('16.10.4', '16.10.4.1', 56);

INSERT INTO Minutiaes
Values('16.10.4.1.1', '16.10.4.1', '/var/www/server/Datasets/MOLF/MindtctOutput/DB1_Lumidgm/16_4_10.xyt');

#------------------------SUBJECT 17------------------------
INSERT INTO Subjects
Values('17');

INSERT INTO Fingers
Values(NULL, 1, '17.1', '17');

INSERT INTO Images
Values('/var/www/server/Datasets/MOLF/OriginalDataset/DB1_Lumidgm/17_1_1.wsq', '17.1.1', '17.1', 352, 544, 500);

INSERT INTO Features
Values('17.1.1', '17.1.1.1', 32);

INSERT INTO Minutiaes
Values('17.1.1.1.1', '17.1.1.1', '/var/www/server/Datasets/MOLF/MindtctOutput/DB1_Lumidgm/17_1_1.xyt');

INSERT INTO Images
Values('/var/www/server/Datasets/MOLF/OriginalDataset/DB1_Lumidgm/17_2_1.wsq', '17.1.2', '17.1', 352, 544, 500);

INSERT INTO Features
Values('17.1.2', '17.1.2.1', 39);

INSERT INTO Minutiaes
Values('17.1.2.1.1', '17.1.2.1', '/var/www/server/Datasets/MOLF/MindtctOutput/DB1_Lumidgm/17_2_1.xyt');

INSERT INTO Images
Values('/var/www/server/Datasets/MOLF/OriginalDataset/DB1_Lumidgm/17_3_1.wsq', '17.1.3', '17.1', 352, 544, 500);

INSERT INTO Features
Values('17.1.3', '17.1.3.1', 48);

INSERT INTO Minutiaes
Values('17.1.3.1.1', '17.1.3.1', '/var/www/server/Datasets/MOLF/MindtctOutput/DB1_Lumidgm/17_3_1.xyt');

INSERT INTO Images
Values('/var/www/server/Datasets/MOLF/OriginalDataset/DB1_Lumidgm/17_4_1.wsq', '17.1.4', '17.1', 352, 544, 500);

INSERT INTO Features
Values('17.1.4', '17.1.4.1', 56);

INSERT INTO Minutiaes
Values('17.1.4.1.1', '17.1.4.1', '/var/www/server/Datasets/MOLF/MindtctOutput/DB1_Lumidgm/17_4_1.xyt');

INSERT INTO Fingers
Values(NULL, 2, '17.2', '17');

INSERT INTO Images
Values('/var/www/server/Datasets/MOLF/OriginalDataset/DB1_Lumidgm/17_1_2.wsq', '17.2.1', '17.2', 352, 544, 500);

INSERT INTO Features
Values('17.2.1', '17.2.1.1', 51);

INSERT INTO Minutiaes
Values('17.2.1.1.1', '17.2.1.1', '/var/www/server/Datasets/MOLF/MindtctOutput/DB1_Lumidgm/17_1_2.xyt');

INSERT INTO Images
Values('/var/www/server/Datasets/MOLF/OriginalDataset/DB1_Lumidgm/17_2_2.wsq', '17.2.2', '17.2', 352, 544, 500);

INSERT INTO Features
Values('17.2.2', '17.2.2.1', 65);

INSERT INTO Minutiaes
Values('17.2.2.1.1', '17.2.2.1', '/var/www/server/Datasets/MOLF/MindtctOutput/DB1_Lumidgm/17_2_2.xyt');

INSERT INTO Images
Values('/var/www/server/Datasets/MOLF/OriginalDataset/DB1_Lumidgm/17_3_2.wsq', '17.2.3', '17.2', 352, 544, 500);

INSERT INTO Features
Values('17.2.3', '17.2.3.1', 78);

INSERT INTO Minutiaes
Values('17.2.3.1.1', '17.2.3.1', '/var/www/server/Datasets/MOLF/MindtctOutput/DB1_Lumidgm/17_3_2.xyt');

INSERT INTO Images
Values('/var/www/server/Datasets/MOLF/OriginalDataset/DB1_Lumidgm/17_4_2.wsq', '17.2.4', '17.2', 352, 544, 500);

INSERT INTO Features
Values('17.2.4', '17.2.4.1', 72);

INSERT INTO Minutiaes
Values('17.2.4.1.1', '17.2.4.1', '/var/www/server/Datasets/MOLF/MindtctOutput/DB1_Lumidgm/17_4_2.xyt');

INSERT INTO Fingers
Values(NULL, 3, '17.3', '17');

INSERT INTO Images
Values('/var/www/server/Datasets/MOLF/OriginalDataset/DB1_Lumidgm/17_1_3.wsq', '17.3.1', '17.3', 352, 544, 500);

INSERT INTO Features
Values('17.3.1', '17.3.1.1', 46);

INSERT INTO Minutiaes
Values('17.3.1.1.1', '17.3.1.1', '/var/www/server/Datasets/MOLF/MindtctOutput/DB1_Lumidgm/17_1_3.xyt');

INSERT INTO Images
Values('/var/www/server/Datasets/MOLF/OriginalDataset/DB1_Lumidgm/17_2_3.wsq', '17.3.2', '17.3', 352, 544, 500);

INSERT INTO Features
Values('17.3.2', '17.3.2.1', 40);

INSERT INTO Minutiaes
Values('17.3.2.1.1', '17.3.2.1', '/var/www/server/Datasets/MOLF/MindtctOutput/DB1_Lumidgm/17_2_3.xyt');

INSERT INTO Images
Values('/var/www/server/Datasets/MOLF/OriginalDataset/DB1_Lumidgm/17_3_3.wsq', '17.3.3', '17.3', 352, 544, 500);

INSERT INTO Features
Values('17.3.3', '17.3.3.1', 44);

INSERT INTO Minutiaes
Values('17.3.3.1.1', '17.3.3.1', '/var/www/server/Datasets/MOLF/MindtctOutput/DB1_Lumidgm/17_3_3.xyt');

INSERT INTO Images
Values('/var/www/server/Datasets/MOLF/OriginalDataset/DB1_Lumidgm/17_4_3.wsq', '17.3.4', '17.3', 352, 544, 500);

INSERT INTO Features
Values('17.3.4', '17.3.4.1', 49);

INSERT INTO Minutiaes
Values('17.3.4.1.1', '17.3.4.1', '/var/www/server/Datasets/MOLF/MindtctOutput/DB1_Lumidgm/17_4_3.xyt');

INSERT INTO Fingers
Values(NULL, 4, '17.4', '17');

INSERT INTO Images
Values('/var/www/server/Datasets/MOLF/OriginalDataset/DB1_Lumidgm/17_1_4.wsq', '17.4.1', '17.4', 352, 544, 500);

INSERT INTO Features
Values('17.4.1', '17.4.1.1', 33);

INSERT INTO Minutiaes
Values('17.4.1.1.1', '17.4.1.1', '/var/www/server/Datasets/MOLF/MindtctOutput/DB1_Lumidgm/17_1_4.xyt');

INSERT INTO Images
Values('/var/www/server/Datasets/MOLF/OriginalDataset/DB1_Lumidgm/17_2_4.wsq', '17.4.2', '17.4', 352, 544, 500);

INSERT INTO Features
Values('17.4.2', '17.4.2.1', 52);

INSERT INTO Minutiaes
Values('17.4.2.1.1', '17.4.2.1', '/var/www/server/Datasets/MOLF/MindtctOutput/DB1_Lumidgm/17_2_4.xyt');

INSERT INTO Images
Values('/var/www/server/Datasets/MOLF/OriginalDataset/DB1_Lumidgm/17_3_4.wsq', '17.4.3', '17.4', 352, 544, 500);

INSERT INTO Features
Values('17.4.3', '17.4.3.1', 49);

INSERT INTO Minutiaes
Values('17.4.3.1.1', '17.4.3.1', '/var/www/server/Datasets/MOLF/MindtctOutput/DB1_Lumidgm/17_3_4.xyt');

INSERT INTO Images
Values('/var/www/server/Datasets/MOLF/OriginalDataset/DB1_Lumidgm/17_4_4.wsq', '17.4.4', '17.4', 352, 544, 500);

INSERT INTO Features
Values('17.4.4', '17.4.4.1', 43);

INSERT INTO Minutiaes
Values('17.4.4.1.1', '17.4.4.1', '/var/www/server/Datasets/MOLF/MindtctOutput/DB1_Lumidgm/17_4_4.xyt');

INSERT INTO Fingers
Values(NULL, 5, '17.5', '17');

INSERT INTO Images
Values('/var/www/server/Datasets/MOLF/OriginalDataset/DB1_Lumidgm/17_1_5.wsq', '17.5.1', '17.5', 352, 544, 500);

INSERT INTO Features
Values('17.5.1', '17.5.1.1', 44);

INSERT INTO Minutiaes
Values('17.5.1.1.1', '17.5.1.1', '/var/www/server/Datasets/MOLF/MindtctOutput/DB1_Lumidgm/17_1_5.xyt');

INSERT INTO Images
Values('/var/www/server/Datasets/MOLF/OriginalDataset/DB1_Lumidgm/17_2_5.wsq', '17.5.2', '17.5', 352, 544, 500);

INSERT INTO Features
Values('17.5.2', '17.5.2.1', 34);

INSERT INTO Minutiaes
Values('17.5.2.1.1', '17.5.2.1', '/var/www/server/Datasets/MOLF/MindtctOutput/DB1_Lumidgm/17_2_5.xyt');

INSERT INTO Images
Values('/var/www/server/Datasets/MOLF/OriginalDataset/DB1_Lumidgm/17_3_5.wsq', '17.5.3', '17.5', 352, 544, 500);

INSERT INTO Features
Values('17.5.3', '17.5.3.1', 40);

INSERT INTO Minutiaes
Values('17.5.3.1.1', '17.5.3.1', '/var/www/server/Datasets/MOLF/MindtctOutput/DB1_Lumidgm/17_3_5.xyt');

INSERT INTO Images
Values('/var/www/server/Datasets/MOLF/OriginalDataset/DB1_Lumidgm/17_4_5.wsq', '17.5.4', '17.5', 352, 544, 500);

INSERT INTO Features
Values('17.5.4', '17.5.4.1', 50);

INSERT INTO Minutiaes
Values('17.5.4.1.1', '17.5.4.1', '/var/www/server/Datasets/MOLF/MindtctOutput/DB1_Lumidgm/17_4_5.xyt');

INSERT INTO Fingers
Values(NULL, 6, '17.6', '17');

INSERT INTO Images
Values('/var/www/server/Datasets/MOLF/OriginalDataset/DB1_Lumidgm/17_1_6.wsq', '17.6.1', '17.6', 352, 544, 500);

INSERT INTO Features
Values('17.6.1', '17.6.1.1', 54);

INSERT INTO Minutiaes
Values('17.6.1.1.1', '17.6.1.1', '/var/www/server/Datasets/MOLF/MindtctOutput/DB1_Lumidgm/17_1_6.xyt');

INSERT INTO Images
Values('/var/www/server/Datasets/MOLF/OriginalDataset/DB1_Lumidgm/17_2_6.wsq', '17.6.2', '17.6', 352, 544, 500);

INSERT INTO Features
Values('17.6.2', '17.6.2.1', 46);

INSERT INTO Minutiaes
Values('17.6.2.1.1', '17.6.2.1', '/var/www/server/Datasets/MOLF/MindtctOutput/DB1_Lumidgm/17_2_6.xyt');

INSERT INTO Images
Values('/var/www/server/Datasets/MOLF/OriginalDataset/DB1_Lumidgm/17_3_6.wsq', '17.6.3', '17.6', 352, 544, 500);

INSERT INTO Features
Values('17.6.3', '17.6.3.1', 54);

INSERT INTO Minutiaes
Values('17.6.3.1.1', '17.6.3.1', '/var/www/server/Datasets/MOLF/MindtctOutput/DB1_Lumidgm/17_3_6.xyt');

INSERT INTO Images
Values('/var/www/server/Datasets/MOLF/OriginalDataset/DB1_Lumidgm/17_4_6.wsq', '17.6.4', '17.6', 352, 544, 500);

INSERT INTO Features
Values('17.6.4', '17.6.4.1', 45);

INSERT INTO Minutiaes
Values('17.6.4.1.1', '17.6.4.1', '/var/www/server/Datasets/MOLF/MindtctOutput/DB1_Lumidgm/17_4_6.xyt');

INSERT INTO Fingers
Values(NULL, 7, '17.7', '17');

INSERT INTO Images
Values('/var/www/server/Datasets/MOLF/OriginalDataset/DB1_Lumidgm/17_1_7.wsq', '17.7.1', '17.7', 352, 544, 500);

INSERT INTO Features
Values('17.7.1', '17.7.1.1', 56);

INSERT INTO Minutiaes
Values('17.7.1.1.1', '17.7.1.1', '/var/www/server/Datasets/MOLF/MindtctOutput/DB1_Lumidgm/17_1_7.xyt');

INSERT INTO Images
Values('/var/www/server/Datasets/MOLF/OriginalDataset/DB1_Lumidgm/17_2_7.wsq', '17.7.2', '17.7', 352, 544, 500);

INSERT INTO Features
Values('17.7.2', '17.7.2.1', 74);

INSERT INTO Minutiaes
Values('17.7.2.1.1', '17.7.2.1', '/var/www/server/Datasets/MOLF/MindtctOutput/DB1_Lumidgm/17_2_7.xyt');

INSERT INTO Images
Values('/var/www/server/Datasets/MOLF/OriginalDataset/DB1_Lumidgm/17_3_7.wsq', '17.7.3', '17.7', 352, 544, 500);

INSERT INTO Features
Values('17.7.3', '17.7.3.1', 63);

INSERT INTO Minutiaes
Values('17.7.3.1.1', '17.7.3.1', '/var/www/server/Datasets/MOLF/MindtctOutput/DB1_Lumidgm/17_3_7.xyt');

INSERT INTO Images
Values('/var/www/server/Datasets/MOLF/OriginalDataset/DB1_Lumidgm/17_4_7.wsq', '17.7.4', '17.7', 352, 544, 500);

INSERT INTO Features
Values('17.7.4', '17.7.4.1', 63);

INSERT INTO Minutiaes
Values('17.7.4.1.1', '17.7.4.1', '/var/www/server/Datasets/MOLF/MindtctOutput/DB1_Lumidgm/17_4_7.xyt');

INSERT INTO Fingers
Values(NULL, 8, '17.8', '17');

INSERT INTO Images
Values('/var/www/server/Datasets/MOLF/OriginalDataset/DB1_Lumidgm/17_1_8.wsq', '17.8.1', '17.8', 352, 544, 500);

INSERT INTO Features
Values('17.8.1', '17.8.1.1', 47);

INSERT INTO Minutiaes
Values('17.8.1.1.1', '17.8.1.1', '/var/www/server/Datasets/MOLF/MindtctOutput/DB1_Lumidgm/17_1_8.xyt');

INSERT INTO Images
Values('/var/www/server/Datasets/MOLF/OriginalDataset/DB1_Lumidgm/17_2_8.wsq', '17.8.2', '17.8', 352, 544, 500);

INSERT INTO Features
Values('17.8.2', '17.8.2.1', 50);

INSERT INTO Minutiaes
Values('17.8.2.1.1', '17.8.2.1', '/var/www/server/Datasets/MOLF/MindtctOutput/DB1_Lumidgm/17_2_8.xyt');

INSERT INTO Images
Values('/var/www/server/Datasets/MOLF/OriginalDataset/DB1_Lumidgm/17_3_8.wsq', '17.8.3', '17.8', 352, 544, 500);

INSERT INTO Features
Values('17.8.3', '17.8.3.1', 50);

INSERT INTO Minutiaes
Values('17.8.3.1.1', '17.8.3.1', '/var/www/server/Datasets/MOLF/MindtctOutput/DB1_Lumidgm/17_3_8.xyt');

INSERT INTO Images
Values('/var/www/server/Datasets/MOLF/OriginalDataset/DB1_Lumidgm/17_4_8.wsq', '17.8.4', '17.8', 352, 544, 500);

INSERT INTO Features
Values('17.8.4', '17.8.4.1', 52);

INSERT INTO Minutiaes
Values('17.8.4.1.1', '17.8.4.1', '/var/www/server/Datasets/MOLF/MindtctOutput/DB1_Lumidgm/17_4_8.xyt');

INSERT INTO Fingers
Values(NULL, 9, '17.9', '17');

INSERT INTO Images
Values('/var/www/server/Datasets/MOLF/OriginalDataset/DB1_Lumidgm/17_1_9.wsq', '17.9.1', '17.9', 352, 544, 500);

INSERT INTO Features
Values('17.9.1', '17.9.1.1', 58);

INSERT INTO Minutiaes
Values('17.9.1.1.1', '17.9.1.1', '/var/www/server/Datasets/MOLF/MindtctOutput/DB1_Lumidgm/17_1_9.xyt');

INSERT INTO Images
Values('/var/www/server/Datasets/MOLF/OriginalDataset/DB1_Lumidgm/17_2_9.wsq', '17.9.2', '17.9', 352, 544, 500);

INSERT INTO Features
Values('17.9.2', '17.9.2.1', 41);

INSERT INTO Minutiaes
Values('17.9.2.1.1', '17.9.2.1', '/var/www/server/Datasets/MOLF/MindtctOutput/DB1_Lumidgm/17_2_9.xyt');

INSERT INTO Images
Values('/var/www/server/Datasets/MOLF/OriginalDataset/DB1_Lumidgm/17_3_9.wsq', '17.9.3', '17.9', 352, 544, 500);

INSERT INTO Features
Values('17.9.3', '17.9.3.1', 60);

INSERT INTO Minutiaes
Values('17.9.3.1.1', '17.9.3.1', '/var/www/server/Datasets/MOLF/MindtctOutput/DB1_Lumidgm/17_3_9.xyt');

INSERT INTO Images
Values('/var/www/server/Datasets/MOLF/OriginalDataset/DB1_Lumidgm/17_4_9.wsq', '17.9.4', '17.9', 352, 544, 500);

INSERT INTO Features
Values('17.9.4', '17.9.4.1', 57);

INSERT INTO Minutiaes
Values('17.9.4.1.1', '17.9.4.1', '/var/www/server/Datasets/MOLF/MindtctOutput/DB1_Lumidgm/17_4_9.xyt');

INSERT INTO Fingers
Values(NULL, 10, '17.10', '17');

INSERT INTO Images
Values('/var/www/server/Datasets/MOLF/OriginalDataset/DB1_Lumidgm/17_1_10.wsq', '17.10.1', '17.10', 352, 544, 500);

INSERT INTO Features
Values('17.10.1', '17.10.1.1', 28);

INSERT INTO Minutiaes
Values('17.10.1.1.1', '17.10.1.1', '/var/www/server/Datasets/MOLF/MindtctOutput/DB1_Lumidgm/17_1_10.xyt');

INSERT INTO Images
Values('/var/www/server/Datasets/MOLF/OriginalDataset/DB1_Lumidgm/17_2_10.wsq', '17.10.2', '17.10', 352, 544, 500);

INSERT INTO Features
Values('17.10.2', '17.10.2.1', 37);

INSERT INTO Minutiaes
Values('17.10.2.1.1', '17.10.2.1', '/var/www/server/Datasets/MOLF/MindtctOutput/DB1_Lumidgm/17_2_10.xyt');

INSERT INTO Images
Values('/var/www/server/Datasets/MOLF/OriginalDataset/DB1_Lumidgm/17_3_10.wsq', '17.10.3', '17.10', 352, 544, 500);

INSERT INTO Features
Values('17.10.3', '17.10.3.1', 78);

INSERT INTO Minutiaes
Values('17.10.3.1.1', '17.10.3.1', '/var/www/server/Datasets/MOLF/MindtctOutput/DB1_Lumidgm/17_3_10.xyt');

INSERT INTO Images
Values('/var/www/server/Datasets/MOLF/OriginalDataset/DB1_Lumidgm/17_4_10.wsq', '17.10.4', '17.10', 352, 544, 500);

INSERT INTO Features
Values('17.10.4', '17.10.4.1', 64);

INSERT INTO Minutiaes
Values('17.10.4.1.1', '17.10.4.1', '/var/www/server/Datasets/MOLF/MindtctOutput/DB1_Lumidgm/17_4_10.xyt');

#------------------------SUBJECT 18------------------------
INSERT INTO Subjects
Values('18');

INSERT INTO Fingers
Values(NULL, 1, '18.1', '18');

INSERT INTO Images
Values('/var/www/server/Datasets/MOLF/OriginalDataset/DB1_Lumidgm/18_1_1.wsq', '18.1.1', '18.1', 352, 544, 500);

INSERT INTO Features
Values('18.1.1', '18.1.1.1', 80);

INSERT INTO Minutiaes
Values('18.1.1.1.1', '18.1.1.1', '/var/www/server/Datasets/MOLF/MindtctOutput/DB1_Lumidgm/18_1_1.xyt');

INSERT INTO Images
Values('/var/www/server/Datasets/MOLF/OriginalDataset/DB1_Lumidgm/18_2_1.wsq', '18.1.2', '18.1', 352, 544, 500);

INSERT INTO Features
Values('18.1.2', '18.1.2.1', 76);

INSERT INTO Minutiaes
Values('18.1.2.1.1', '18.1.2.1', '/var/www/server/Datasets/MOLF/MindtctOutput/DB1_Lumidgm/18_2_1.xyt');

INSERT INTO Images
Values('/var/www/server/Datasets/MOLF/OriginalDataset/DB1_Lumidgm/18_3_1.wsq', '18.1.3', '18.1', 352, 544, 500);

INSERT INTO Features
Values('18.1.3', '18.1.3.1', 77);

INSERT INTO Minutiaes
Values('18.1.3.1.1', '18.1.3.1', '/var/www/server/Datasets/MOLF/MindtctOutput/DB1_Lumidgm/18_3_1.xyt');

INSERT INTO Images
Values('/var/www/server/Datasets/MOLF/OriginalDataset/DB1_Lumidgm/18_4_1.wsq', '18.1.4', '18.1', 352, 544, 500);

INSERT INTO Features
Values('18.1.4', '18.1.4.1', 62);

INSERT INTO Minutiaes
Values('18.1.4.1.1', '18.1.4.1', '/var/www/server/Datasets/MOLF/MindtctOutput/DB1_Lumidgm/18_4_1.xyt');

INSERT INTO Fingers
Values(NULL, 2, '18.2', '18');

INSERT INTO Images
Values('/var/www/server/Datasets/MOLF/OriginalDataset/DB1_Lumidgm/18_1_2.wsq', '18.2.1', '18.2', 352, 544, 500);

INSERT INTO Features
Values('18.2.1', '18.2.1.1', 66);

INSERT INTO Minutiaes
Values('18.2.1.1.1', '18.2.1.1', '/var/www/server/Datasets/MOLF/MindtctOutput/DB1_Lumidgm/18_1_2.xyt');

INSERT INTO Images
Values('/var/www/server/Datasets/MOLF/OriginalDataset/DB1_Lumidgm/18_2_2.wsq', '18.2.2', '18.2', 352, 544, 500);

INSERT INTO Features
Values('18.2.2', '18.2.2.1', 68);

INSERT INTO Minutiaes
Values('18.2.2.1.1', '18.2.2.1', '/var/www/server/Datasets/MOLF/MindtctOutput/DB1_Lumidgm/18_2_2.xyt');

INSERT INTO Images
Values('/var/www/server/Datasets/MOLF/OriginalDataset/DB1_Lumidgm/18_3_2.wsq', '18.2.3', '18.2', 352, 544, 500);

INSERT INTO Features
Values('18.2.3', '18.2.3.1', 70);

INSERT INTO Minutiaes
Values('18.2.3.1.1', '18.2.3.1', '/var/www/server/Datasets/MOLF/MindtctOutput/DB1_Lumidgm/18_3_2.xyt');

INSERT INTO Images
Values('/var/www/server/Datasets/MOLF/OriginalDataset/DB1_Lumidgm/18_4_2.wsq', '18.2.4', '18.2', 352, 544, 500);

INSERT INTO Features
Values('18.2.4', '18.2.4.1', 80);

INSERT INTO Minutiaes
Values('18.2.4.1.1', '18.2.4.1', '/var/www/server/Datasets/MOLF/MindtctOutput/DB1_Lumidgm/18_4_2.xyt');

INSERT INTO Fingers
Values(NULL, 3, '18.3', '18');

INSERT INTO Images
Values('/var/www/server/Datasets/MOLF/OriginalDataset/DB1_Lumidgm/18_1_3.wsq', '18.3.1', '18.3', 352, 544, 500);

INSERT INTO Features
Values('18.3.1', '18.3.1.1', 64);

INSERT INTO Minutiaes
Values('18.3.1.1.1', '18.3.1.1', '/var/www/server/Datasets/MOLF/MindtctOutput/DB1_Lumidgm/18_1_3.xyt');

INSERT INTO Images
Values('/var/www/server/Datasets/MOLF/OriginalDataset/DB1_Lumidgm/18_2_3.wsq', '18.3.2', '18.3', 352, 544, 500);

INSERT INTO Features
Values('18.3.2', '18.3.2.1', 72);

INSERT INTO Minutiaes
Values('18.3.2.1.1', '18.3.2.1', '/var/www/server/Datasets/MOLF/MindtctOutput/DB1_Lumidgm/18_2_3.xyt');

INSERT INTO Images
Values('/var/www/server/Datasets/MOLF/OriginalDataset/DB1_Lumidgm/18_3_3.wsq', '18.3.3', '18.3', 352, 544, 500);

INSERT INTO Features
Values('18.3.3', '18.3.3.1', 61);

INSERT INTO Minutiaes
Values('18.3.3.1.1', '18.3.3.1', '/var/www/server/Datasets/MOLF/MindtctOutput/DB1_Lumidgm/18_3_3.xyt');

INSERT INTO Images
Values('/var/www/server/Datasets/MOLF/OriginalDataset/DB1_Lumidgm/18_4_3.wsq', '18.3.4', '18.3', 352, 544, 500);

INSERT INTO Features
Values('18.3.4', '18.3.4.1', 89);

INSERT INTO Minutiaes
Values('18.3.4.1.1', '18.3.4.1', '/var/www/server/Datasets/MOLF/MindtctOutput/DB1_Lumidgm/18_4_3.xyt');

INSERT INTO Fingers
Values(NULL, 4, '18.4', '18');

INSERT INTO Images
Values('/var/www/server/Datasets/MOLF/OriginalDataset/DB1_Lumidgm/18_1_4.wsq', '18.4.1', '18.4', 352, 544, 500);

INSERT INTO Features
Values('18.4.1', '18.4.1.1', 89);

INSERT INTO Minutiaes
Values('18.4.1.1.1', '18.4.1.1', '/var/www/server/Datasets/MOLF/MindtctOutput/DB1_Lumidgm/18_1_4.xyt');

INSERT INTO Images
Values('/var/www/server/Datasets/MOLF/OriginalDataset/DB1_Lumidgm/18_2_4.wsq', '18.4.2', '18.4', 352, 544, 500);

INSERT INTO Features
Values('18.4.2', '18.4.2.1', 72);

INSERT INTO Minutiaes
Values('18.4.2.1.1', '18.4.2.1', '/var/www/server/Datasets/MOLF/MindtctOutput/DB1_Lumidgm/18_2_4.xyt');

INSERT INTO Images
Values('/var/www/server/Datasets/MOLF/OriginalDataset/DB1_Lumidgm/18_3_4.wsq', '18.4.3', '18.4', 352, 544, 500);

INSERT INTO Features
Values('18.4.3', '18.4.3.1', 88);

INSERT INTO Minutiaes
Values('18.4.3.1.1', '18.4.3.1', '/var/www/server/Datasets/MOLF/MindtctOutput/DB1_Lumidgm/18_3_4.xyt');

INSERT INTO Images
Values('/var/www/server/Datasets/MOLF/OriginalDataset/DB1_Lumidgm/18_4_4.wsq', '18.4.4', '18.4', 352, 544, 500);

INSERT INTO Features
Values('18.4.4', '18.4.4.1', 73);

INSERT INTO Minutiaes
Values('18.4.4.1.1', '18.4.4.1', '/var/www/server/Datasets/MOLF/MindtctOutput/DB1_Lumidgm/18_4_4.xyt');

INSERT INTO Fingers
Values(NULL, 5, '18.5', '18');

INSERT INTO Images
Values('/var/www/server/Datasets/MOLF/OriginalDataset/DB1_Lumidgm/18_1_5.wsq', '18.5.1', '18.5', 352, 544, 500);

INSERT INTO Features
Values('18.5.1', '18.5.1.1', 62);

INSERT INTO Minutiaes
Values('18.5.1.1.1', '18.5.1.1', '/var/www/server/Datasets/MOLF/MindtctOutput/DB1_Lumidgm/18_1_5.xyt');

INSERT INTO Images
Values('/var/www/server/Datasets/MOLF/OriginalDataset/DB1_Lumidgm/18_2_5.wsq', '18.5.2', '18.5', 352, 544, 500);

INSERT INTO Features
Values('18.5.2', '18.5.2.1', 74);

INSERT INTO Minutiaes
Values('18.5.2.1.1', '18.5.2.1', '/var/www/server/Datasets/MOLF/MindtctOutput/DB1_Lumidgm/18_2_5.xyt');

INSERT INTO Images
Values('/var/www/server/Datasets/MOLF/OriginalDataset/DB1_Lumidgm/18_3_5.wsq', '18.5.3', '18.5', 352, 544, 500);

INSERT INTO Features
Values('18.5.3', '18.5.3.1', 60);

INSERT INTO Minutiaes
Values('18.5.3.1.1', '18.5.3.1', '/var/www/server/Datasets/MOLF/MindtctOutput/DB1_Lumidgm/18_3_5.xyt');

INSERT INTO Images
Values('/var/www/server/Datasets/MOLF/OriginalDataset/DB1_Lumidgm/18_4_5.wsq', '18.5.4', '18.5', 352, 544, 500);

INSERT INTO Features
Values('18.5.4', '18.5.4.1', 72);

INSERT INTO Minutiaes
Values('18.5.4.1.1', '18.5.4.1', '/var/www/server/Datasets/MOLF/MindtctOutput/DB1_Lumidgm/18_4_5.xyt');

INSERT INTO Fingers
Values(NULL, 6, '18.6', '18');

INSERT INTO Images
Values('/var/www/server/Datasets/MOLF/OriginalDataset/DB1_Lumidgm/18_1_6.wsq', '18.6.1', '18.6', 352, 544, 500);

INSERT INTO Features
Values('18.6.1', '18.6.1.1', 82);

INSERT INTO Minutiaes
Values('18.6.1.1.1', '18.6.1.1', '/var/www/server/Datasets/MOLF/MindtctOutput/DB1_Lumidgm/18_1_6.xyt');

INSERT INTO Images
Values('/var/www/server/Datasets/MOLF/OriginalDataset/DB1_Lumidgm/18_2_6.wsq', '18.6.2', '18.6', 352, 544, 500);

INSERT INTO Features
Values('18.6.2', '18.6.2.1', 77);

INSERT INTO Minutiaes
Values('18.6.2.1.1', '18.6.2.1', '/var/www/server/Datasets/MOLF/MindtctOutput/DB1_Lumidgm/18_2_6.xyt');

INSERT INTO Images
Values('/var/www/server/Datasets/MOLF/OriginalDataset/DB1_Lumidgm/18_3_6.wsq', '18.6.3', '18.6', 352, 544, 500);

INSERT INTO Features
Values('18.6.3', '18.6.3.1', 70);

INSERT INTO Minutiaes
Values('18.6.3.1.1', '18.6.3.1', '/var/www/server/Datasets/MOLF/MindtctOutput/DB1_Lumidgm/18_3_6.xyt');

INSERT INTO Images
Values('/var/www/server/Datasets/MOLF/OriginalDataset/DB1_Lumidgm/18_4_6.wsq', '18.6.4', '18.6', 352, 544, 500);

INSERT INTO Features
Values('18.6.4', '18.6.4.1', 82);

INSERT INTO Minutiaes
Values('18.6.4.1.1', '18.6.4.1', '/var/www/server/Datasets/MOLF/MindtctOutput/DB1_Lumidgm/18_4_6.xyt');

INSERT INTO Fingers
Values(NULL, 7, '18.7', '18');

INSERT INTO Images
Values('/var/www/server/Datasets/MOLF/OriginalDataset/DB1_Lumidgm/18_1_7.wsq', '18.7.1', '18.7', 352, 544, 500);

INSERT INTO Features
Values('18.7.1', '18.7.1.1', 62);

INSERT INTO Minutiaes
Values('18.7.1.1.1', '18.7.1.1', '/var/www/server/Datasets/MOLF/MindtctOutput/DB1_Lumidgm/18_1_7.xyt');

INSERT INTO Images
Values('/var/www/server/Datasets/MOLF/OriginalDataset/DB1_Lumidgm/18_2_7.wsq', '18.7.2', '18.7', 352, 544, 500);

INSERT INTO Features
Values('18.7.2', '18.7.2.1', 67);

INSERT INTO Minutiaes
Values('18.7.2.1.1', '18.7.2.1', '/var/www/server/Datasets/MOLF/MindtctOutput/DB1_Lumidgm/18_2_7.xyt');

INSERT INTO Images
Values('/var/www/server/Datasets/MOLF/OriginalDataset/DB1_Lumidgm/18_3_7.wsq', '18.7.3', '18.7', 352, 544, 500);

INSERT INTO Features
Values('18.7.3', '18.7.3.1', 71);

INSERT INTO Minutiaes
Values('18.7.3.1.1', '18.7.3.1', '/var/www/server/Datasets/MOLF/MindtctOutput/DB1_Lumidgm/18_3_7.xyt');

INSERT INTO Images
Values('/var/www/server/Datasets/MOLF/OriginalDataset/DB1_Lumidgm/18_4_7.wsq', '18.7.4', '18.7', 352, 544, 500);

INSERT INTO Features
Values('18.7.4', '18.7.4.1', 63);

INSERT INTO Minutiaes
Values('18.7.4.1.1', '18.7.4.1', '/var/www/server/Datasets/MOLF/MindtctOutput/DB1_Lumidgm/18_4_7.xyt');

INSERT INTO Fingers
Values(NULL, 8, '18.8', '18');

INSERT INTO Images
Values('/var/www/server/Datasets/MOLF/OriginalDataset/DB1_Lumidgm/18_1_8.wsq', '18.8.1', '18.8', 352, 544, 500);

INSERT INTO Features
Values('18.8.1', '18.8.1.1', 79);

INSERT INTO Minutiaes
Values('18.8.1.1.1', '18.8.1.1', '/var/www/server/Datasets/MOLF/MindtctOutput/DB1_Lumidgm/18_1_8.xyt');

INSERT INTO Images
Values('/var/www/server/Datasets/MOLF/OriginalDataset/DB1_Lumidgm/18_2_8.wsq', '18.8.2', '18.8', 352, 544, 500);

INSERT INTO Features
Values('18.8.2', '18.8.2.1', 90);

INSERT INTO Minutiaes
Values('18.8.2.1.1', '18.8.2.1', '/var/www/server/Datasets/MOLF/MindtctOutput/DB1_Lumidgm/18_2_8.xyt');

INSERT INTO Images
Values('/var/www/server/Datasets/MOLF/OriginalDataset/DB1_Lumidgm/18_3_8.wsq', '18.8.3', '18.8', 352, 544, 500);

INSERT INTO Features
Values('18.8.3', '18.8.3.1', 83);

INSERT INTO Minutiaes
Values('18.8.3.1.1', '18.8.3.1', '/var/www/server/Datasets/MOLF/MindtctOutput/DB1_Lumidgm/18_3_8.xyt');

INSERT INTO Images
Values('/var/www/server/Datasets/MOLF/OriginalDataset/DB1_Lumidgm/18_4_8.wsq', '18.8.4', '18.8', 352, 544, 500);

INSERT INTO Features
Values('18.8.4', '18.8.4.1', 74);

INSERT INTO Minutiaes
Values('18.8.4.1.1', '18.8.4.1', '/var/www/server/Datasets/MOLF/MindtctOutput/DB1_Lumidgm/18_4_8.xyt');

INSERT INTO Fingers
Values(NULL, 9, '18.9', '18');

INSERT INTO Images
Values('/var/www/server/Datasets/MOLF/OriginalDataset/DB1_Lumidgm/18_1_9.wsq', '18.9.1', '18.9', 352, 544, 500);

INSERT INTO Features
Values('18.9.1', '18.9.1.1', 61);

INSERT INTO Minutiaes
Values('18.9.1.1.1', '18.9.1.1', '/var/www/server/Datasets/MOLF/MindtctOutput/DB1_Lumidgm/18_1_9.xyt');

INSERT INTO Images
Values('/var/www/server/Datasets/MOLF/OriginalDataset/DB1_Lumidgm/18_2_9.wsq', '18.9.2', '18.9', 352, 544, 500);

INSERT INTO Features
Values('18.9.2', '18.9.2.1', 55);

INSERT INTO Minutiaes
Values('18.9.2.1.1', '18.9.2.1', '/var/www/server/Datasets/MOLF/MindtctOutput/DB1_Lumidgm/18_2_9.xyt');

INSERT INTO Images
Values('/var/www/server/Datasets/MOLF/OriginalDataset/DB1_Lumidgm/18_3_9.wsq', '18.9.3', '18.9', 352, 544, 500);

INSERT INTO Features
Values('18.9.3', '18.9.3.1', 90);

INSERT INTO Minutiaes
Values('18.9.3.1.1', '18.9.3.1', '/var/www/server/Datasets/MOLF/MindtctOutput/DB1_Lumidgm/18_3_9.xyt');

INSERT INTO Images
Values('/var/www/server/Datasets/MOLF/OriginalDataset/DB1_Lumidgm/18_4_9.wsq', '18.9.4', '18.9', 352, 544, 500);

INSERT INTO Features
Values('18.9.4', '18.9.4.1', 50);

INSERT INTO Minutiaes
Values('18.9.4.1.1', '18.9.4.1', '/var/www/server/Datasets/MOLF/MindtctOutput/DB1_Lumidgm/18_4_9.xyt');

INSERT INTO Fingers
Values(NULL, 10, '18.10', '18');

INSERT INTO Images
Values('/var/www/server/Datasets/MOLF/OriginalDataset/DB1_Lumidgm/18_1_10.wsq', '18.10.1', '18.10', 352, 544, 500);

INSERT INTO Features
Values('18.10.1', '18.10.1.1', 65);

INSERT INTO Minutiaes
Values('18.10.1.1.1', '18.10.1.1', '/var/www/server/Datasets/MOLF/MindtctOutput/DB1_Lumidgm/18_1_10.xyt');

INSERT INTO Images
Values('/var/www/server/Datasets/MOLF/OriginalDataset/DB1_Lumidgm/18_2_10.wsq', '18.10.2', '18.10', 352, 544, 500);

INSERT INTO Features
Values('18.10.2', '18.10.2.1', 68);

INSERT INTO Minutiaes
Values('18.10.2.1.1', '18.10.2.1', '/var/www/server/Datasets/MOLF/MindtctOutput/DB1_Lumidgm/18_2_10.xyt');

INSERT INTO Images
Values('/var/www/server/Datasets/MOLF/OriginalDataset/DB1_Lumidgm/18_3_10.wsq', '18.10.3', '18.10', 352, 544, 500);

INSERT INTO Features
Values('18.10.3', '18.10.3.1', 63);

INSERT INTO Minutiaes
Values('18.10.3.1.1', '18.10.3.1', '/var/www/server/Datasets/MOLF/MindtctOutput/DB1_Lumidgm/18_3_10.xyt');

INSERT INTO Images
Values('/var/www/server/Datasets/MOLF/OriginalDataset/DB1_Lumidgm/18_4_10.wsq', '18.10.4', '18.10', 352, 544, 500);

INSERT INTO Features
Values('18.10.4', '18.10.4.1', 74);

INSERT INTO Minutiaes
Values('18.10.4.1.1', '18.10.4.1', '/var/www/server/Datasets/MOLF/MindtctOutput/DB1_Lumidgm/18_4_10.xyt');

#------------------------SUBJECT 19------------------------
INSERT INTO Subjects
Values('19');

INSERT INTO Fingers
Values(NULL, 1, '19.1', '19');

INSERT INTO Images
Values('/var/www/server/Datasets/MOLF/OriginalDataset/DB1_Lumidgm/19_1_1.wsq', '19.1.1', '19.1', 352, 544, 500);

INSERT INTO Features
Values('19.1.1', '19.1.1.1', 34);

INSERT INTO Minutiaes
Values('19.1.1.1.1', '19.1.1.1', '/var/www/server/Datasets/MOLF/MindtctOutput/DB1_Lumidgm/19_1_1.xyt');

INSERT INTO Images
Values('/var/www/server/Datasets/MOLF/OriginalDataset/DB1_Lumidgm/19_2_1.wsq', '19.1.2', '19.1', 352, 544, 500);

INSERT INTO Features
Values('19.1.2', '19.1.2.1', 39);

INSERT INTO Minutiaes
Values('19.1.2.1.1', '19.1.2.1', '/var/www/server/Datasets/MOLF/MindtctOutput/DB1_Lumidgm/19_2_1.xyt');

INSERT INTO Images
Values('/var/www/server/Datasets/MOLF/OriginalDataset/DB1_Lumidgm/19_3_1.wsq', '19.1.3', '19.1', 352, 544, 500);

INSERT INTO Features
Values('19.1.3', '19.1.3.1', 40);

INSERT INTO Minutiaes
Values('19.1.3.1.1', '19.1.3.1', '/var/www/server/Datasets/MOLF/MindtctOutput/DB1_Lumidgm/19_3_1.xyt');

INSERT INTO Images
Values('/var/www/server/Datasets/MOLF/OriginalDataset/DB1_Lumidgm/19_4_1.wsq', '19.1.4', '19.1', 352, 544, 500);

INSERT INTO Features
Values('19.1.4', '19.1.4.1', 42);

INSERT INTO Minutiaes
Values('19.1.4.1.1', '19.1.4.1', '/var/www/server/Datasets/MOLF/MindtctOutput/DB1_Lumidgm/19_4_1.xyt');

INSERT INTO Fingers
Values(NULL, 2, '19.2', '19');

INSERT INTO Images
Values('/var/www/server/Datasets/MOLF/OriginalDataset/DB1_Lumidgm/19_1_2.wsq', '19.2.1', '19.2', 352, 544, 500);

INSERT INTO Features
Values('19.2.1', '19.2.1.1', 60);

INSERT INTO Minutiaes
Values('19.2.1.1.1', '19.2.1.1', '/var/www/server/Datasets/MOLF/MindtctOutput/DB1_Lumidgm/19_1_2.xyt');

INSERT INTO Images
Values('/var/www/server/Datasets/MOLF/OriginalDataset/DB1_Lumidgm/19_2_2.wsq', '19.2.2', '19.2', 352, 544, 500);

INSERT INTO Features
Values('19.2.2', '19.2.2.1', 54);

INSERT INTO Minutiaes
Values('19.2.2.1.1', '19.2.2.1', '/var/www/server/Datasets/MOLF/MindtctOutput/DB1_Lumidgm/19_2_2.xyt');

INSERT INTO Images
Values('/var/www/server/Datasets/MOLF/OriginalDataset/DB1_Lumidgm/19_3_2.wsq', '19.2.3', '19.2', 352, 544, 500);

INSERT INTO Features
Values('19.2.3', '19.2.3.1', 48);

INSERT INTO Minutiaes
Values('19.2.3.1.1', '19.2.3.1', '/var/www/server/Datasets/MOLF/MindtctOutput/DB1_Lumidgm/19_3_2.xyt');

INSERT INTO Images
Values('/var/www/server/Datasets/MOLF/OriginalDataset/DB1_Lumidgm/19_4_2.wsq', '19.2.4', '19.2', 352, 544, 500);

INSERT INTO Features
Values('19.2.4', '19.2.4.1', 46);

INSERT INTO Minutiaes
Values('19.2.4.1.1', '19.2.4.1', '/var/www/server/Datasets/MOLF/MindtctOutput/DB1_Lumidgm/19_4_2.xyt');

INSERT INTO Fingers
Values(NULL, 3, '19.3', '19');

INSERT INTO Images
Values('/var/www/server/Datasets/MOLF/OriginalDataset/DB1_Lumidgm/19_1_3.wsq', '19.3.1', '19.3', 352, 544, 500);

INSERT INTO Features
Values('19.3.1', '19.3.1.1', 43);

INSERT INTO Minutiaes
Values('19.3.1.1.1', '19.3.1.1', '/var/www/server/Datasets/MOLF/MindtctOutput/DB1_Lumidgm/19_1_3.xyt');

INSERT INTO Images
Values('/var/www/server/Datasets/MOLF/OriginalDataset/DB1_Lumidgm/19_2_3.wsq', '19.3.2', '19.3', 352, 544, 500);

INSERT INTO Features
Values('19.3.2', '19.3.2.1', 48);

INSERT INTO Minutiaes
Values('19.3.2.1.1', '19.3.2.1', '/var/www/server/Datasets/MOLF/MindtctOutput/DB1_Lumidgm/19_2_3.xyt');

INSERT INTO Images
Values('/var/www/server/Datasets/MOLF/OriginalDataset/DB1_Lumidgm/19_3_3.wsq', '19.3.3', '19.3', 352, 544, 500);

INSERT INTO Features
Values('19.3.3', '19.3.3.1', 45);

INSERT INTO Minutiaes
Values('19.3.3.1.1', '19.3.3.1', '/var/www/server/Datasets/MOLF/MindtctOutput/DB1_Lumidgm/19_3_3.xyt');

INSERT INTO Images
Values('/var/www/server/Datasets/MOLF/OriginalDataset/DB1_Lumidgm/19_4_3.wsq', '19.3.4', '19.3', 352, 544, 500);

INSERT INTO Features
Values('19.3.4', '19.3.4.1', 39);

INSERT INTO Minutiaes
Values('19.3.4.1.1', '19.3.4.1', '/var/www/server/Datasets/MOLF/MindtctOutput/DB1_Lumidgm/19_4_3.xyt');

INSERT INTO Fingers
Values(NULL, 4, '19.4', '19');

INSERT INTO Images
Values('/var/www/server/Datasets/MOLF/OriginalDataset/DB1_Lumidgm/19_1_4.wsq', '19.4.1', '19.4', 352, 544, 500);

INSERT INTO Features
Values('19.4.1', '19.4.1.1', 70);

INSERT INTO Minutiaes
Values('19.4.1.1.1', '19.4.1.1', '/var/www/server/Datasets/MOLF/MindtctOutput/DB1_Lumidgm/19_1_4.xyt');

INSERT INTO Images
Values('/var/www/server/Datasets/MOLF/OriginalDataset/DB1_Lumidgm/19_2_4.wsq', '19.4.2', '19.4', 352, 544, 500);

INSERT INTO Features
Values('19.4.2', '19.4.2.1', 54);

INSERT INTO Minutiaes
Values('19.4.2.1.1', '19.4.2.1', '/var/www/server/Datasets/MOLF/MindtctOutput/DB1_Lumidgm/19_2_4.xyt');

INSERT INTO Images
Values('/var/www/server/Datasets/MOLF/OriginalDataset/DB1_Lumidgm/19_3_4.wsq', '19.4.3', '19.4', 352, 544, 500);

INSERT INTO Features
Values('19.4.3', '19.4.3.1', 60);

INSERT INTO Minutiaes
Values('19.4.3.1.1', '19.4.3.1', '/var/www/server/Datasets/MOLF/MindtctOutput/DB1_Lumidgm/19_3_4.xyt');

INSERT INTO Images
Values('/var/www/server/Datasets/MOLF/OriginalDataset/DB1_Lumidgm/19_4_4.wsq', '19.4.4', '19.4', 352, 544, 500);

INSERT INTO Features
Values('19.4.4', '19.4.4.1', 72);

INSERT INTO Minutiaes
Values('19.4.4.1.1', '19.4.4.1', '/var/www/server/Datasets/MOLF/MindtctOutput/DB1_Lumidgm/19_4_4.xyt');

INSERT INTO Fingers
Values(NULL, 5, '19.5', '19');

INSERT INTO Images
Values('/var/www/server/Datasets/MOLF/OriginalDataset/DB1_Lumidgm/19_1_5.wsq', '19.5.1', '19.5', 352, 544, 500);

INSERT INTO Features
Values('19.5.1', '19.5.1.1', 32);

INSERT INTO Minutiaes
Values('19.5.1.1.1', '19.5.1.1', '/var/www/server/Datasets/MOLF/MindtctOutput/DB1_Lumidgm/19_1_5.xyt');

INSERT INTO Images
Values('/var/www/server/Datasets/MOLF/OriginalDataset/DB1_Lumidgm/19_2_5.wsq', '19.5.2', '19.5', 352, 544, 500);

INSERT INTO Features
Values('19.5.2', '19.5.2.1', 39);

INSERT INTO Minutiaes
Values('19.5.2.1.1', '19.5.2.1', '/var/www/server/Datasets/MOLF/MindtctOutput/DB1_Lumidgm/19_2_5.xyt');

INSERT INTO Images
Values('/var/www/server/Datasets/MOLF/OriginalDataset/DB1_Lumidgm/19_3_5.wsq', '19.5.3', '19.5', 352, 544, 500);

INSERT INTO Features
Values('19.5.3', '19.5.3.1', 34);

INSERT INTO Minutiaes
Values('19.5.3.1.1', '19.5.3.1', '/var/www/server/Datasets/MOLF/MindtctOutput/DB1_Lumidgm/19_3_5.xyt');

INSERT INTO Images
Values('/var/www/server/Datasets/MOLF/OriginalDataset/DB1_Lumidgm/19_4_5.wsq', '19.5.4', '19.5', 352, 544, 500);

INSERT INTO Features
Values('19.5.4', '19.5.4.1', 50);

INSERT INTO Minutiaes
Values('19.5.4.1.1', '19.5.4.1', '/var/www/server/Datasets/MOLF/MindtctOutput/DB1_Lumidgm/19_4_5.xyt');

INSERT INTO Fingers
Values(NULL, 6, '19.6', '19');

INSERT INTO Images
Values('/var/www/server/Datasets/MOLF/OriginalDataset/DB1_Lumidgm/19_1_6.wsq', '19.6.1', '19.6', 352, 544, 500);

INSERT INTO Features
Values('19.6.1', '19.6.1.1', 47);

INSERT INTO Minutiaes
Values('19.6.1.1.1', '19.6.1.1', '/var/www/server/Datasets/MOLF/MindtctOutput/DB1_Lumidgm/19_1_6.xyt');

INSERT INTO Images
Values('/var/www/server/Datasets/MOLF/OriginalDataset/DB1_Lumidgm/19_2_6.wsq', '19.6.2', '19.6', 352, 544, 500);

INSERT INTO Features
Values('19.6.2', '19.6.2.1', 43);

INSERT INTO Minutiaes
Values('19.6.2.1.1', '19.6.2.1', '/var/www/server/Datasets/MOLF/MindtctOutput/DB1_Lumidgm/19_2_6.xyt');

INSERT INTO Images
Values('/var/www/server/Datasets/MOLF/OriginalDataset/DB1_Lumidgm/19_3_6.wsq', '19.6.3', '19.6', 352, 544, 500);

INSERT INTO Features
Values('19.6.3', '19.6.3.1', 50);

INSERT INTO Minutiaes
Values('19.6.3.1.1', '19.6.3.1', '/var/www/server/Datasets/MOLF/MindtctOutput/DB1_Lumidgm/19_3_6.xyt');

INSERT INTO Images
Values('/var/www/server/Datasets/MOLF/OriginalDataset/DB1_Lumidgm/19_4_6.wsq', '19.6.4', '19.6', 352, 544, 500);

INSERT INTO Features
Values('19.6.4', '19.6.4.1', 47);

INSERT INTO Minutiaes
Values('19.6.4.1.1', '19.6.4.1', '/var/www/server/Datasets/MOLF/MindtctOutput/DB1_Lumidgm/19_4_6.xyt');

INSERT INTO Fingers
Values(NULL, 7, '19.7', '19');

INSERT INTO Images
Values('/var/www/server/Datasets/MOLF/OriginalDataset/DB1_Lumidgm/19_1_7.wsq', '19.7.1', '19.7', 352, 544, 500);

INSERT INTO Features
Values('19.7.1', '19.7.1.1', 57);

INSERT INTO Minutiaes
Values('19.7.1.1.1', '19.7.1.1', '/var/www/server/Datasets/MOLF/MindtctOutput/DB1_Lumidgm/19_1_7.xyt');

INSERT INTO Images
Values('/var/www/server/Datasets/MOLF/OriginalDataset/DB1_Lumidgm/19_2_7.wsq', '19.7.2', '19.7', 352, 544, 500);

INSERT INTO Features
Values('19.7.2', '19.7.2.1', 56);

INSERT INTO Minutiaes
Values('19.7.2.1.1', '19.7.2.1', '/var/www/server/Datasets/MOLF/MindtctOutput/DB1_Lumidgm/19_2_7.xyt');

INSERT INTO Images
Values('/var/www/server/Datasets/MOLF/OriginalDataset/DB1_Lumidgm/19_3_7.wsq', '19.7.3', '19.7', 352, 544, 500);

INSERT INTO Features
Values('19.7.3', '19.7.3.1', 50);

INSERT INTO Minutiaes
Values('19.7.3.1.1', '19.7.3.1', '/var/www/server/Datasets/MOLF/MindtctOutput/DB1_Lumidgm/19_3_7.xyt');

INSERT INTO Images
Values('/var/www/server/Datasets/MOLF/OriginalDataset/DB1_Lumidgm/19_4_7.wsq', '19.7.4', '19.7', 352, 544, 500);

INSERT INTO Features
Values('19.7.4', '19.7.4.1', 55);

INSERT INTO Minutiaes
Values('19.7.4.1.1', '19.7.4.1', '/var/www/server/Datasets/MOLF/MindtctOutput/DB1_Lumidgm/19_4_7.xyt');

INSERT INTO Fingers
Values(NULL, 8, '19.8', '19');

INSERT INTO Images
Values('/var/www/server/Datasets/MOLF/OriginalDataset/DB1_Lumidgm/19_1_8.wsq', '19.8.1', '19.8', 352, 544, 500);

INSERT INTO Features
Values('19.8.1', '19.8.1.1', 37);

INSERT INTO Minutiaes
Values('19.8.1.1.1', '19.8.1.1', '/var/www/server/Datasets/MOLF/MindtctOutput/DB1_Lumidgm/19_1_8.xyt');

INSERT INTO Images
Values('/var/www/server/Datasets/MOLF/OriginalDataset/DB1_Lumidgm/19_2_8.wsq', '19.8.2', '19.8', 352, 544, 500);

INSERT INTO Features
Values('19.8.2', '19.8.2.1', 34);

INSERT INTO Minutiaes
Values('19.8.2.1.1', '19.8.2.1', '/var/www/server/Datasets/MOLF/MindtctOutput/DB1_Lumidgm/19_2_8.xyt');

INSERT INTO Images
Values('/var/www/server/Datasets/MOLF/OriginalDataset/DB1_Lumidgm/19_3_8.wsq', '19.8.3', '19.8', 352, 544, 500);

INSERT INTO Features
Values('19.8.3', '19.8.3.1', 40);

INSERT INTO Minutiaes
Values('19.8.3.1.1', '19.8.3.1', '/var/www/server/Datasets/MOLF/MindtctOutput/DB1_Lumidgm/19_3_8.xyt');

INSERT INTO Images
Values('/var/www/server/Datasets/MOLF/OriginalDataset/DB1_Lumidgm/19_4_8.wsq', '19.8.4', '19.8', 352, 544, 500);

INSERT INTO Features
Values('19.8.4', '19.8.4.1', 39);

INSERT INTO Minutiaes
Values('19.8.4.1.1', '19.8.4.1', '/var/www/server/Datasets/MOLF/MindtctOutput/DB1_Lumidgm/19_4_8.xyt');

INSERT INTO Fingers
Values(NULL, 9, '19.9', '19');

INSERT INTO Images
Values('/var/www/server/Datasets/MOLF/OriginalDataset/DB1_Lumidgm/19_1_9.wsq', '19.9.1', '19.9', 352, 544, 500);

INSERT INTO Features
Values('19.9.1', '19.9.1.1', 43);

INSERT INTO Minutiaes
Values('19.9.1.1.1', '19.9.1.1', '/var/www/server/Datasets/MOLF/MindtctOutput/DB1_Lumidgm/19_1_9.xyt');

INSERT INTO Images
Values('/var/www/server/Datasets/MOLF/OriginalDataset/DB1_Lumidgm/19_2_9.wsq', '19.9.2', '19.9', 352, 544, 500);

INSERT INTO Features
Values('19.9.2', '19.9.2.1', 45);

INSERT INTO Minutiaes
Values('19.9.2.1.1', '19.9.2.1', '/var/www/server/Datasets/MOLF/MindtctOutput/DB1_Lumidgm/19_2_9.xyt');

INSERT INTO Images
Values('/var/www/server/Datasets/MOLF/OriginalDataset/DB1_Lumidgm/19_3_9.wsq', '19.9.3', '19.9', 352, 544, 500);

INSERT INTO Features
Values('19.9.3', '19.9.3.1', 45);

INSERT INTO Minutiaes
Values('19.9.3.1.1', '19.9.3.1', '/var/www/server/Datasets/MOLF/MindtctOutput/DB1_Lumidgm/19_3_9.xyt');

INSERT INTO Images
Values('/var/www/server/Datasets/MOLF/OriginalDataset/DB1_Lumidgm/19_4_9.wsq', '19.9.4', '19.9', 352, 544, 500);

INSERT INTO Features
Values('19.9.4', '19.9.4.1', 44);

INSERT INTO Minutiaes
Values('19.9.4.1.1', '19.9.4.1', '/var/www/server/Datasets/MOLF/MindtctOutput/DB1_Lumidgm/19_4_9.xyt');

INSERT INTO Fingers
Values(NULL, 10, '19.10', '19');

INSERT INTO Images
Values('/var/www/server/Datasets/MOLF/OriginalDataset/DB1_Lumidgm/19_1_10.wsq', '19.10.1', '19.10', 352, 544, 500);

INSERT INTO Features
Values('19.10.1', '19.10.1.1', 46);

INSERT INTO Minutiaes
Values('19.10.1.1.1', '19.10.1.1', '/var/www/server/Datasets/MOLF/MindtctOutput/DB1_Lumidgm/19_1_10.xyt');

INSERT INTO Images
Values('/var/www/server/Datasets/MOLF/OriginalDataset/DB1_Lumidgm/19_2_10.wsq', '19.10.2', '19.10', 352, 544, 500);

INSERT INTO Features
Values('19.10.2', '19.10.2.1', 51);

INSERT INTO Minutiaes
Values('19.10.2.1.1', '19.10.2.1', '/var/www/server/Datasets/MOLF/MindtctOutput/DB1_Lumidgm/19_2_10.xyt');

INSERT INTO Images
Values('/var/www/server/Datasets/MOLF/OriginalDataset/DB1_Lumidgm/19_3_10.wsq', '19.10.3', '19.10', 352, 544, 500);

INSERT INTO Features
Values('19.10.3', '19.10.3.1', 45);

INSERT INTO Minutiaes
Values('19.10.3.1.1', '19.10.3.1', '/var/www/server/Datasets/MOLF/MindtctOutput/DB1_Lumidgm/19_3_10.xyt');

INSERT INTO Images
Values('/var/www/server/Datasets/MOLF/OriginalDataset/DB1_Lumidgm/19_4_10.wsq', '19.10.4', '19.10', 352, 544, 500);

INSERT INTO Features
Values('19.10.4', '19.10.4.1', 40);

INSERT INTO Minutiaes
Values('19.10.4.1.1', '19.10.4.1', '/var/www/server/Datasets/MOLF/MindtctOutput/DB1_Lumidgm/19_4_10.xyt');

#------------------------SUBJECT 20------------------------
INSERT INTO Subjects
Values('20');

INSERT INTO Fingers
Values(NULL, 1, '20.1', '20');

INSERT INTO Images
Values('/var/www/server/Datasets/MOLF/OriginalDataset/DB1_Lumidgm/20_1_1.wsq', '20.1.1', '20.1', 352, 544, 500);

INSERT INTO Features
Values('20.1.1', '20.1.1.1', 70);

INSERT INTO Minutiaes
Values('20.1.1.1.1', '20.1.1.1', '/var/www/server/Datasets/MOLF/MindtctOutput/DB1_Lumidgm/20_1_1.xyt');

INSERT INTO Images
Values('/var/www/server/Datasets/MOLF/OriginalDataset/DB1_Lumidgm/20_2_1.wsq', '20.1.2', '20.1', 352, 544, 500);

INSERT INTO Features
Values('20.1.2', '20.1.2.1', 60);

INSERT INTO Minutiaes
Values('20.1.2.1.1', '20.1.2.1', '/var/www/server/Datasets/MOLF/MindtctOutput/DB1_Lumidgm/20_2_1.xyt');

INSERT INTO Images
Values('/var/www/server/Datasets/MOLF/OriginalDataset/DB1_Lumidgm/20_3_1.wsq', '20.1.3', '20.1', 352, 544, 500);

INSERT INTO Features
Values('20.1.3', '20.1.3.1', 53);

INSERT INTO Minutiaes
Values('20.1.3.1.1', '20.1.3.1', '/var/www/server/Datasets/MOLF/MindtctOutput/DB1_Lumidgm/20_3_1.xyt');

INSERT INTO Images
Values('/var/www/server/Datasets/MOLF/OriginalDataset/DB1_Lumidgm/20_4_1.wsq', '20.1.4', '20.1', 352, 544, 500);

INSERT INTO Features
Values('20.1.4', '20.1.4.1', 61);

INSERT INTO Minutiaes
Values('20.1.4.1.1', '20.1.4.1', '/var/www/server/Datasets/MOLF/MindtctOutput/DB1_Lumidgm/20_4_1.xyt');

INSERT INTO Fingers
Values(NULL, 2, '20.2', '20');

INSERT INTO Images
Values('/var/www/server/Datasets/MOLF/OriginalDataset/DB1_Lumidgm/20_1_2.wsq', '20.2.1', '20.2', 352, 544, 500);

INSERT INTO Features
Values('20.2.1', '20.2.1.1', 50);

INSERT INTO Minutiaes
Values('20.2.1.1.1', '20.2.1.1', '/var/www/server/Datasets/MOLF/MindtctOutput/DB1_Lumidgm/20_1_2.xyt');

INSERT INTO Images
Values('/var/www/server/Datasets/MOLF/OriginalDataset/DB1_Lumidgm/20_2_2.wsq', '20.2.2', '20.2', 352, 544, 500);

INSERT INTO Features
Values('20.2.2', '20.2.2.1', 49);

INSERT INTO Minutiaes
Values('20.2.2.1.1', '20.2.2.1', '/var/www/server/Datasets/MOLF/MindtctOutput/DB1_Lumidgm/20_2_2.xyt');

INSERT INTO Images
Values('/var/www/server/Datasets/MOLF/OriginalDataset/DB1_Lumidgm/20_3_2.wsq', '20.2.3', '20.2', 352, 544, 500);

INSERT INTO Features
Values('20.2.3', '20.2.3.1', 64);

INSERT INTO Minutiaes
Values('20.2.3.1.1', '20.2.3.1', '/var/www/server/Datasets/MOLF/MindtctOutput/DB1_Lumidgm/20_3_2.xyt');

INSERT INTO Images
Values('/var/www/server/Datasets/MOLF/OriginalDataset/DB1_Lumidgm/20_4_2.wsq', '20.2.4', '20.2', 352, 544, 500);

INSERT INTO Features
Values('20.2.4', '20.2.4.1', 50);

INSERT INTO Minutiaes
Values('20.2.4.1.1', '20.2.4.1', '/var/www/server/Datasets/MOLF/MindtctOutput/DB1_Lumidgm/20_4_2.xyt');

INSERT INTO Fingers
Values(NULL, 3, '20.3', '20');

INSERT INTO Images
Values('/var/www/server/Datasets/MOLF/OriginalDataset/DB1_Lumidgm/20_1_3.wsq', '20.3.1', '20.3', 352, 544, 500);

INSERT INTO Features
Values('20.3.1', '20.3.1.1', 43);

INSERT INTO Minutiaes
Values('20.3.1.1.1', '20.3.1.1', '/var/www/server/Datasets/MOLF/MindtctOutput/DB1_Lumidgm/20_1_3.xyt');

INSERT INTO Images
Values('/var/www/server/Datasets/MOLF/OriginalDataset/DB1_Lumidgm/20_2_3.wsq', '20.3.2', '20.3', 352, 544, 500);

INSERT INTO Features
Values('20.3.2', '20.3.2.1', 52);

INSERT INTO Minutiaes
Values('20.3.2.1.1', '20.3.2.1', '/var/www/server/Datasets/MOLF/MindtctOutput/DB1_Lumidgm/20_2_3.xyt');

INSERT INTO Images
Values('/var/www/server/Datasets/MOLF/OriginalDataset/DB1_Lumidgm/20_3_3.wsq', '20.3.3', '20.3', 352, 544, 500);

INSERT INTO Features
Values('20.3.3', '20.3.3.1', 47);

INSERT INTO Minutiaes
Values('20.3.3.1.1', '20.3.3.1', '/var/www/server/Datasets/MOLF/MindtctOutput/DB1_Lumidgm/20_3_3.xyt');

INSERT INTO Images
Values('/var/www/server/Datasets/MOLF/OriginalDataset/DB1_Lumidgm/20_4_3.wsq', '20.3.4', '20.3', 352, 544, 500);

INSERT INTO Features
Values('20.3.4', '20.3.4.1', 44);

INSERT INTO Minutiaes
Values('20.3.4.1.1', '20.3.4.1', '/var/www/server/Datasets/MOLF/MindtctOutput/DB1_Lumidgm/20_4_3.xyt');

INSERT INTO Fingers
Values(NULL, 4, '20.4', '20');

INSERT INTO Images
Values('/var/www/server/Datasets/MOLF/OriginalDataset/DB1_Lumidgm/20_1_4.wsq', '20.4.1', '20.4', 352, 544, 500);

INSERT INTO Features
Values('20.4.1', '20.4.1.1', 46);

INSERT INTO Minutiaes
Values('20.4.1.1.1', '20.4.1.1', '/var/www/server/Datasets/MOLF/MindtctOutput/DB1_Lumidgm/20_1_4.xyt');

INSERT INTO Images
Values('/var/www/server/Datasets/MOLF/OriginalDataset/DB1_Lumidgm/20_2_4.wsq', '20.4.2', '20.4', 352, 544, 500);

INSERT INTO Features
Values('20.4.2', '20.4.2.1', 37);

INSERT INTO Minutiaes
Values('20.4.2.1.1', '20.4.2.1', '/var/www/server/Datasets/MOLF/MindtctOutput/DB1_Lumidgm/20_2_4.xyt');

INSERT INTO Images
Values('/var/www/server/Datasets/MOLF/OriginalDataset/DB1_Lumidgm/20_3_4.wsq', '20.4.3', '20.4', 352, 544, 500);

INSERT INTO Features
Values('20.4.3', '20.4.3.1', 51);

INSERT INTO Minutiaes
Values('20.4.3.1.1', '20.4.3.1', '/var/www/server/Datasets/MOLF/MindtctOutput/DB1_Lumidgm/20_3_4.xyt');

INSERT INTO Images
Values('/var/www/server/Datasets/MOLF/OriginalDataset/DB1_Lumidgm/20_4_4.wsq', '20.4.4', '20.4', 352, 544, 500);

INSERT INTO Features
Values('20.4.4', '20.4.4.1', 48);

INSERT INTO Minutiaes
Values('20.4.4.1.1', '20.4.4.1', '/var/www/server/Datasets/MOLF/MindtctOutput/DB1_Lumidgm/20_4_4.xyt');

INSERT INTO Fingers
Values(NULL, 5, '20.5', '20');

INSERT INTO Images
Values('/var/www/server/Datasets/MOLF/OriginalDataset/DB1_Lumidgm/20_1_5.wsq', '20.5.1', '20.5', 352, 544, 500);

INSERT INTO Features
Values('20.5.1', '20.5.1.1', 60);

INSERT INTO Minutiaes
Values('20.5.1.1.1', '20.5.1.1', '/var/www/server/Datasets/MOLF/MindtctOutput/DB1_Lumidgm/20_1_5.xyt');

INSERT INTO Images
Values('/var/www/server/Datasets/MOLF/OriginalDataset/DB1_Lumidgm/20_2_5.wsq', '20.5.2', '20.5', 352, 544, 500);

INSERT INTO Features
Values('20.5.2', '20.5.2.1', 67);

INSERT INTO Minutiaes
Values('20.5.2.1.1', '20.5.2.1', '/var/www/server/Datasets/MOLF/MindtctOutput/DB1_Lumidgm/20_2_5.xyt');

INSERT INTO Images
Values('/var/www/server/Datasets/MOLF/OriginalDataset/DB1_Lumidgm/20_3_5.wsq', '20.5.3', '20.5', 352, 544, 500);

INSERT INTO Features
Values('20.5.3', '20.5.3.1', 48);

INSERT INTO Minutiaes
Values('20.5.3.1.1', '20.5.3.1', '/var/www/server/Datasets/MOLF/MindtctOutput/DB1_Lumidgm/20_3_5.xyt');

INSERT INTO Images
Values('/var/www/server/Datasets/MOLF/OriginalDataset/DB1_Lumidgm/20_4_5.wsq', '20.5.4', '20.5', 352, 544, 500);

INSERT INTO Features
Values('20.5.4', '20.5.4.1', 74);

INSERT INTO Minutiaes
Values('20.5.4.1.1', '20.5.4.1', '/var/www/server/Datasets/MOLF/MindtctOutput/DB1_Lumidgm/20_4_5.xyt');

INSERT INTO Fingers
Values(NULL, 6, '20.6', '20');

INSERT INTO Images
Values('/var/www/server/Datasets/MOLF/OriginalDataset/DB1_Lumidgm/20_1_6.wsq', '20.6.1', '20.6', 352, 544, 500);

INSERT INTO Features
Values('20.6.1', '20.6.1.1', 43);

INSERT INTO Minutiaes
Values('20.6.1.1.1', '20.6.1.1', '/var/www/server/Datasets/MOLF/MindtctOutput/DB1_Lumidgm/20_1_6.xyt');

INSERT INTO Images
Values('/var/www/server/Datasets/MOLF/OriginalDataset/DB1_Lumidgm/20_2_6.wsq', '20.6.2', '20.6', 352, 544, 500);

INSERT INTO Features
Values('20.6.2', '20.6.2.1', 43);

INSERT INTO Minutiaes
Values('20.6.2.1.1', '20.6.2.1', '/var/www/server/Datasets/MOLF/MindtctOutput/DB1_Lumidgm/20_2_6.xyt');

INSERT INTO Images
Values('/var/www/server/Datasets/MOLF/OriginalDataset/DB1_Lumidgm/20_3_6.wsq', '20.6.3', '20.6', 352, 544, 500);

INSERT INTO Features
Values('20.6.3', '20.6.3.1', 52);

INSERT INTO Minutiaes
Values('20.6.3.1.1', '20.6.3.1', '/var/www/server/Datasets/MOLF/MindtctOutput/DB1_Lumidgm/20_3_6.xyt');

INSERT INTO Images
Values('/var/www/server/Datasets/MOLF/OriginalDataset/DB1_Lumidgm/20_4_6.wsq', '20.6.4', '20.6', 352, 544, 500);

INSERT INTO Features
Values('20.6.4', '20.6.4.1', 49);

INSERT INTO Minutiaes
Values('20.6.4.1.1', '20.6.4.1', '/var/www/server/Datasets/MOLF/MindtctOutput/DB1_Lumidgm/20_4_6.xyt');

INSERT INTO Fingers
Values(NULL, 7, '20.7', '20');

INSERT INTO Images
Values('/var/www/server/Datasets/MOLF/OriginalDataset/DB1_Lumidgm/20_1_7.wsq', '20.7.1', '20.7', 352, 544, 500);

INSERT INTO Features
Values('20.7.1', '20.7.1.1', 37);

INSERT INTO Minutiaes
Values('20.7.1.1.1', '20.7.1.1', '/var/www/server/Datasets/MOLF/MindtctOutput/DB1_Lumidgm/20_1_7.xyt');

INSERT INTO Images
Values('/var/www/server/Datasets/MOLF/OriginalDataset/DB1_Lumidgm/20_2_7.wsq', '20.7.2', '20.7', 352, 544, 500);

INSERT INTO Features
Values('20.7.2', '20.7.2.1', 48);

INSERT INTO Minutiaes
Values('20.7.2.1.1', '20.7.2.1', '/var/www/server/Datasets/MOLF/MindtctOutput/DB1_Lumidgm/20_2_7.xyt');

INSERT INTO Images
Values('/var/www/server/Datasets/MOLF/OriginalDataset/DB1_Lumidgm/20_3_7.wsq', '20.7.3', '20.7', 352, 544, 500);

INSERT INTO Features
Values('20.7.3', '20.7.3.1', 47);

INSERT INTO Minutiaes
Values('20.7.3.1.1', '20.7.3.1', '/var/www/server/Datasets/MOLF/MindtctOutput/DB1_Lumidgm/20_3_7.xyt');

INSERT INTO Images
Values('/var/www/server/Datasets/MOLF/OriginalDataset/DB1_Lumidgm/20_4_7.wsq', '20.7.4', '20.7', 352, 544, 500);

INSERT INTO Features
Values('20.7.4', '20.7.4.1', 49);

INSERT INTO Minutiaes
Values('20.7.4.1.1', '20.7.4.1', '/var/www/server/Datasets/MOLF/MindtctOutput/DB1_Lumidgm/20_4_7.xyt');

INSERT INTO Fingers
Values(NULL, 8, '20.8', '20');

INSERT INTO Images
Values('/var/www/server/Datasets/MOLF/OriginalDataset/DB1_Lumidgm/20_1_8.wsq', '20.8.1', '20.8', 352, 544, 500);

INSERT INTO Features
Values('20.8.1', '20.8.1.1', 47);

INSERT INTO Minutiaes
Values('20.8.1.1.1', '20.8.1.1', '/var/www/server/Datasets/MOLF/MindtctOutput/DB1_Lumidgm/20_1_8.xyt');

INSERT INTO Images
Values('/var/www/server/Datasets/MOLF/OriginalDataset/DB1_Lumidgm/20_2_8.wsq', '20.8.2', '20.8', 352, 544, 500);

INSERT INTO Features
Values('20.8.2', '20.8.2.1', 49);

INSERT INTO Minutiaes
Values('20.8.2.1.1', '20.8.2.1', '/var/www/server/Datasets/MOLF/MindtctOutput/DB1_Lumidgm/20_2_8.xyt');

INSERT INTO Images
Values('/var/www/server/Datasets/MOLF/OriginalDataset/DB1_Lumidgm/20_3_8.wsq', '20.8.3', '20.8', 352, 544, 500);

INSERT INTO Features
Values('20.8.3', '20.8.3.1', 43);

INSERT INTO Minutiaes
Values('20.8.3.1.1', '20.8.3.1', '/var/www/server/Datasets/MOLF/MindtctOutput/DB1_Lumidgm/20_3_8.xyt');

INSERT INTO Images
Values('/var/www/server/Datasets/MOLF/OriginalDataset/DB1_Lumidgm/20_4_8.wsq', '20.8.4', '20.8', 352, 544, 500);

INSERT INTO Features
Values('20.8.4', '20.8.4.1', 63);

INSERT INTO Minutiaes
Values('20.8.4.1.1', '20.8.4.1', '/var/www/server/Datasets/MOLF/MindtctOutput/DB1_Lumidgm/20_4_8.xyt');

INSERT INTO Fingers
Values(NULL, 9, '20.9', '20');

INSERT INTO Images
Values('/var/www/server/Datasets/MOLF/OriginalDataset/DB1_Lumidgm/20_1_9.wsq', '20.9.1', '20.9', 352, 544, 500);

INSERT INTO Features
Values('20.9.1', '20.9.1.1', 58);

INSERT INTO Minutiaes
Values('20.9.1.1.1', '20.9.1.1', '/var/www/server/Datasets/MOLF/MindtctOutput/DB1_Lumidgm/20_1_9.xyt');

INSERT INTO Images
Values('/var/www/server/Datasets/MOLF/OriginalDataset/DB1_Lumidgm/20_2_9.wsq', '20.9.2', '20.9', 352, 544, 500);

INSERT INTO Features
Values('20.9.2', '20.9.2.1', 66);

INSERT INTO Minutiaes
Values('20.9.2.1.1', '20.9.2.1', '/var/www/server/Datasets/MOLF/MindtctOutput/DB1_Lumidgm/20_2_9.xyt');

INSERT INTO Images
Values('/var/www/server/Datasets/MOLF/OriginalDataset/DB1_Lumidgm/20_3_9.wsq', '20.9.3', '20.9', 352, 544, 500);

INSERT INTO Features
Values('20.9.3', '20.9.3.1', 61);

INSERT INTO Minutiaes
Values('20.9.3.1.1', '20.9.3.1', '/var/www/server/Datasets/MOLF/MindtctOutput/DB1_Lumidgm/20_3_9.xyt');

INSERT INTO Images
Values('/var/www/server/Datasets/MOLF/OriginalDataset/DB1_Lumidgm/20_4_9.wsq', '20.9.4', '20.9', 352, 544, 500);

INSERT INTO Features
Values('20.9.4', '20.9.4.1', 60);

INSERT INTO Minutiaes
Values('20.9.4.1.1', '20.9.4.1', '/var/www/server/Datasets/MOLF/MindtctOutput/DB1_Lumidgm/20_4_9.xyt');

INSERT INTO Fingers
Values(NULL, 10, '20.10', '20');

INSERT INTO Images
Values('/var/www/server/Datasets/MOLF/OriginalDataset/DB1_Lumidgm/20_1_10.wsq', '20.10.1', '20.10', 352, 544, 500);

INSERT INTO Features
Values('20.10.1', '20.10.1.1', 49);

INSERT INTO Minutiaes
Values('20.10.1.1.1', '20.10.1.1', '/var/www/server/Datasets/MOLF/MindtctOutput/DB1_Lumidgm/20_1_10.xyt');

INSERT INTO Images
Values('/var/www/server/Datasets/MOLF/OriginalDataset/DB1_Lumidgm/20_2_10.wsq', '20.10.2', '20.10', 352, 544, 500);

INSERT INTO Features
Values('20.10.2', '20.10.2.1', 50);

INSERT INTO Minutiaes
Values('20.10.2.1.1', '20.10.2.1', '/var/www/server/Datasets/MOLF/MindtctOutput/DB1_Lumidgm/20_2_10.xyt');

INSERT INTO Images
Values('/var/www/server/Datasets/MOLF/OriginalDataset/DB1_Lumidgm/20_3_10.wsq', '20.10.3', '20.10', 352, 544, 500);

INSERT INTO Features
Values('20.10.3', '20.10.3.1', 65);

INSERT INTO Minutiaes
Values('20.10.3.1.1', '20.10.3.1', '/var/www/server/Datasets/MOLF/MindtctOutput/DB1_Lumidgm/20_3_10.xyt');

INSERT INTO Images
Values('/var/www/server/Datasets/MOLF/OriginalDataset/DB1_Lumidgm/20_4_10.wsq', '20.10.4', '20.10', 352, 544, 500);

INSERT INTO Features
Values('20.10.4', '20.10.4.1', 73);

INSERT INTO Minutiaes
Values('20.10.4.1.1', '20.10.4.1', '/var/www/server/Datasets/MOLF/MindtctOutput/DB1_Lumidgm/20_4_10.xyt');

#------------------------SUBJECT 21------------------------
INSERT INTO Subjects
Values('21');

INSERT INTO Fingers
Values(NULL, 1, '21.1', '21');

INSERT INTO Images
Values('/var/www/server/Datasets/MOLF/OriginalDataset/DB1_Lumidgm/21_1_1.wsq', '21.1.1', '21.1', 352, 544, 500);

INSERT INTO Features
Values('21.1.1', '21.1.1.1', 65);

INSERT INTO Minutiaes
Values('21.1.1.1.1', '21.1.1.1', '/var/www/server/Datasets/MOLF/MindtctOutput/DB1_Lumidgm/21_1_1.xyt');

INSERT INTO Images
Values('/var/www/server/Datasets/MOLF/OriginalDataset/DB1_Lumidgm/21_2_1.wsq', '21.1.2', '21.1', 352, 544, 500);

INSERT INTO Features
Values('21.1.2', '21.1.2.1', 63);

INSERT INTO Minutiaes
Values('21.1.2.1.1', '21.1.2.1', '/var/www/server/Datasets/MOLF/MindtctOutput/DB1_Lumidgm/21_2_1.xyt');

INSERT INTO Images
Values('/var/www/server/Datasets/MOLF/OriginalDataset/DB1_Lumidgm/21_3_1.wsq', '21.1.3', '21.1', 352, 544, 500);

INSERT INTO Features
Values('21.1.3', '21.1.3.1', 60);

INSERT INTO Minutiaes
Values('21.1.3.1.1', '21.1.3.1', '/var/www/server/Datasets/MOLF/MindtctOutput/DB1_Lumidgm/21_3_1.xyt');

INSERT INTO Images
Values('/var/www/server/Datasets/MOLF/OriginalDataset/DB1_Lumidgm/21_4_1.wsq', '21.1.4', '21.1', 352, 544, 500);

INSERT INTO Features
Values('21.1.4', '21.1.4.1', 57);

INSERT INTO Minutiaes
Values('21.1.4.1.1', '21.1.4.1', '/var/www/server/Datasets/MOLF/MindtctOutput/DB1_Lumidgm/21_4_1.xyt');

INSERT INTO Fingers
Values(NULL, 2, '21.2', '21');

INSERT INTO Images
Values('/var/www/server/Datasets/MOLF/OriginalDataset/DB1_Lumidgm/21_1_2.wsq', '21.2.1', '21.2', 352, 544, 500);

INSERT INTO Features
Values('21.2.1', '21.2.1.1', 72);

INSERT INTO Minutiaes
Values('21.2.1.1.1', '21.2.1.1', '/var/www/server/Datasets/MOLF/MindtctOutput/DB1_Lumidgm/21_1_2.xyt');

INSERT INTO Images
Values('/var/www/server/Datasets/MOLF/OriginalDataset/DB1_Lumidgm/21_2_2.wsq', '21.2.2', '21.2', 352, 544, 500);

INSERT INTO Features
Values('21.2.2', '21.2.2.1', 56);

INSERT INTO Minutiaes
Values('21.2.2.1.1', '21.2.2.1', '/var/www/server/Datasets/MOLF/MindtctOutput/DB1_Lumidgm/21_2_2.xyt');

INSERT INTO Images
Values('/var/www/server/Datasets/MOLF/OriginalDataset/DB1_Lumidgm/21_3_2.wsq', '21.2.3', '21.2', 352, 544, 500);

INSERT INTO Features
Values('21.2.3', '21.2.3.1', 53);

INSERT INTO Minutiaes
Values('21.2.3.1.1', '21.2.3.1', '/var/www/server/Datasets/MOLF/MindtctOutput/DB1_Lumidgm/21_3_2.xyt');

INSERT INTO Images
Values('/var/www/server/Datasets/MOLF/OriginalDataset/DB1_Lumidgm/21_4_2.wsq', '21.2.4', '21.2', 352, 544, 500);

INSERT INTO Features
Values('21.2.4', '21.2.4.1', 59);

INSERT INTO Minutiaes
Values('21.2.4.1.1', '21.2.4.1', '/var/www/server/Datasets/MOLF/MindtctOutput/DB1_Lumidgm/21_4_2.xyt');

INSERT INTO Fingers
Values(NULL, 3, '21.3', '21');

INSERT INTO Images
Values('/var/www/server/Datasets/MOLF/OriginalDataset/DB1_Lumidgm/21_1_3.wsq', '21.3.1', '21.3', 352, 544, 500);

INSERT INTO Features
Values('21.3.1', '21.3.1.1', 65);

INSERT INTO Minutiaes
Values('21.3.1.1.1', '21.3.1.1', '/var/www/server/Datasets/MOLF/MindtctOutput/DB1_Lumidgm/21_1_3.xyt');

INSERT INTO Images
Values('/var/www/server/Datasets/MOLF/OriginalDataset/DB1_Lumidgm/21_2_3.wsq', '21.3.2', '21.3', 352, 544, 500);

INSERT INTO Features
Values('21.3.2', '21.3.2.1', 61);

INSERT INTO Minutiaes
Values('21.3.2.1.1', '21.3.2.1', '/var/www/server/Datasets/MOLF/MindtctOutput/DB1_Lumidgm/21_2_3.xyt');

INSERT INTO Images
Values('/var/www/server/Datasets/MOLF/OriginalDataset/DB1_Lumidgm/21_3_3.wsq', '21.3.3', '21.3', 352, 544, 500);

INSERT INTO Features
Values('21.3.3', '21.3.3.1', 63);

INSERT INTO Minutiaes
Values('21.3.3.1.1', '21.3.3.1', '/var/www/server/Datasets/MOLF/MindtctOutput/DB1_Lumidgm/21_3_3.xyt');

INSERT INTO Images
Values('/var/www/server/Datasets/MOLF/OriginalDataset/DB1_Lumidgm/21_4_3.wsq', '21.3.4', '21.3', 352, 544, 500);

INSERT INTO Features
Values('21.3.4', '21.3.4.1', 64);

INSERT INTO Minutiaes
Values('21.3.4.1.1', '21.3.4.1', '/var/www/server/Datasets/MOLF/MindtctOutput/DB1_Lumidgm/21_4_3.xyt');

INSERT INTO Fingers
Values(NULL, 4, '21.4', '21');

INSERT INTO Images
Values('/var/www/server/Datasets/MOLF/OriginalDataset/DB1_Lumidgm/21_1_4.wsq', '21.4.1', '21.4', 352, 544, 500);

INSERT INTO Features
Values('21.4.1', '21.4.1.1', 72);

INSERT INTO Minutiaes
Values('21.4.1.1.1', '21.4.1.1', '/var/www/server/Datasets/MOLF/MindtctOutput/DB1_Lumidgm/21_1_4.xyt');

INSERT INTO Images
Values('/var/www/server/Datasets/MOLF/OriginalDataset/DB1_Lumidgm/21_2_4.wsq', '21.4.2', '21.4', 352, 544, 500);

INSERT INTO Features
Values('21.4.2', '21.4.2.1', 78);

INSERT INTO Minutiaes
Values('21.4.2.1.1', '21.4.2.1', '/var/www/server/Datasets/MOLF/MindtctOutput/DB1_Lumidgm/21_2_4.xyt');

INSERT INTO Images
Values('/var/www/server/Datasets/MOLF/OriginalDataset/DB1_Lumidgm/21_3_4.wsq', '21.4.3', '21.4', 352, 544, 500);

INSERT INTO Features
Values('21.4.3', '21.4.3.1', 70);

INSERT INTO Minutiaes
Values('21.4.3.1.1', '21.4.3.1', '/var/www/server/Datasets/MOLF/MindtctOutput/DB1_Lumidgm/21_3_4.xyt');

INSERT INTO Images
Values('/var/www/server/Datasets/MOLF/OriginalDataset/DB1_Lumidgm/21_4_4.wsq', '21.4.4', '21.4', 352, 544, 500);

INSERT INTO Features
Values('21.4.4', '21.4.4.1', 79);

INSERT INTO Minutiaes
Values('21.4.4.1.1', '21.4.4.1', '/var/www/server/Datasets/MOLF/MindtctOutput/DB1_Lumidgm/21_4_4.xyt');

INSERT INTO Fingers
Values(NULL, 5, '21.5', '21');

INSERT INTO Images
Values('/var/www/server/Datasets/MOLF/OriginalDataset/DB1_Lumidgm/21_1_5.wsq', '21.5.1', '21.5', 352, 544, 500);

INSERT INTO Features
Values('21.5.1', '21.5.1.1', 75);

INSERT INTO Minutiaes
Values('21.5.1.1.1', '21.5.1.1', '/var/www/server/Datasets/MOLF/MindtctOutput/DB1_Lumidgm/21_1_5.xyt');

INSERT INTO Images
Values('/var/www/server/Datasets/MOLF/OriginalDataset/DB1_Lumidgm/21_2_5.wsq', '21.5.2', '21.5', 352, 544, 500);

INSERT INTO Features
Values('21.5.2', '21.5.2.1', 61);

INSERT INTO Minutiaes
Values('21.5.2.1.1', '21.5.2.1', '/var/www/server/Datasets/MOLF/MindtctOutput/DB1_Lumidgm/21_2_5.xyt');

INSERT INTO Images
Values('/var/www/server/Datasets/MOLF/OriginalDataset/DB1_Lumidgm/21_3_5.wsq', '21.5.3', '21.5', 352, 544, 500);

INSERT INTO Features
Values('21.5.3', '21.5.3.1', 73);

INSERT INTO Minutiaes
Values('21.5.3.1.1', '21.5.3.1', '/var/www/server/Datasets/MOLF/MindtctOutput/DB1_Lumidgm/21_3_5.xyt');

INSERT INTO Images
Values('/var/www/server/Datasets/MOLF/OriginalDataset/DB1_Lumidgm/21_4_5.wsq', '21.5.4', '21.5', 352, 544, 500);

INSERT INTO Features
Values('21.5.4', '21.5.4.1', 56);

INSERT INTO Minutiaes
Values('21.5.4.1.1', '21.5.4.1', '/var/www/server/Datasets/MOLF/MindtctOutput/DB1_Lumidgm/21_4_5.xyt');

INSERT INTO Fingers
Values(NULL, 6, '21.6', '21');

INSERT INTO Images
Values('/var/www/server/Datasets/MOLF/OriginalDataset/DB1_Lumidgm/21_1_6.wsq', '21.6.1', '21.6', 352, 544, 500);

INSERT INTO Features
Values('21.6.1', '21.6.1.1', 63);

INSERT INTO Minutiaes
Values('21.6.1.1.1', '21.6.1.1', '/var/www/server/Datasets/MOLF/MindtctOutput/DB1_Lumidgm/21_1_6.xyt');

INSERT INTO Images
Values('/var/www/server/Datasets/MOLF/OriginalDataset/DB1_Lumidgm/21_2_6.wsq', '21.6.2', '21.6', 352, 544, 500);

INSERT INTO Features
Values('21.6.2', '21.6.2.1', 63);

INSERT INTO Minutiaes
Values('21.6.2.1.1', '21.6.2.1', '/var/www/server/Datasets/MOLF/MindtctOutput/DB1_Lumidgm/21_2_6.xyt');

INSERT INTO Images
Values('/var/www/server/Datasets/MOLF/OriginalDataset/DB1_Lumidgm/21_3_6.wsq', '21.6.3', '21.6', 352, 544, 500);

INSERT INTO Features
Values('21.6.3', '21.6.3.1', 60);

INSERT INTO Minutiaes
Values('21.6.3.1.1', '21.6.3.1', '/var/www/server/Datasets/MOLF/MindtctOutput/DB1_Lumidgm/21_3_6.xyt');

INSERT INTO Images
Values('/var/www/server/Datasets/MOLF/OriginalDataset/DB1_Lumidgm/21_4_6.wsq', '21.6.4', '21.6', 352, 544, 500);

INSERT INTO Features
Values('21.6.4', '21.6.4.1', 54);

INSERT INTO Minutiaes
Values('21.6.4.1.1', '21.6.4.1', '/var/www/server/Datasets/MOLF/MindtctOutput/DB1_Lumidgm/21_4_6.xyt');

INSERT INTO Fingers
Values(NULL, 7, '21.7', '21');

INSERT INTO Images
Values('/var/www/server/Datasets/MOLF/OriginalDataset/DB1_Lumidgm/21_1_7.wsq', '21.7.1', '21.7', 352, 544, 500);

INSERT INTO Features
Values('21.7.1', '21.7.1.1', 77);

INSERT INTO Minutiaes
Values('21.7.1.1.1', '21.7.1.1', '/var/www/server/Datasets/MOLF/MindtctOutput/DB1_Lumidgm/21_1_7.xyt');

INSERT INTO Images
Values('/var/www/server/Datasets/MOLF/OriginalDataset/DB1_Lumidgm/21_2_7.wsq', '21.7.2', '21.7', 352, 544, 500);

INSERT INTO Features
Values('21.7.2', '21.7.2.1', 72);

INSERT INTO Minutiaes
Values('21.7.2.1.1', '21.7.2.1', '/var/www/server/Datasets/MOLF/MindtctOutput/DB1_Lumidgm/21_2_7.xyt');

INSERT INTO Images
Values('/var/www/server/Datasets/MOLF/OriginalDataset/DB1_Lumidgm/21_3_7.wsq', '21.7.3', '21.7', 352, 544, 500);

INSERT INTO Features
Values('21.7.3', '21.7.3.1', 56);

INSERT INTO Minutiaes
Values('21.7.3.1.1', '21.7.3.1', '/var/www/server/Datasets/MOLF/MindtctOutput/DB1_Lumidgm/21_3_7.xyt');

INSERT INTO Images
Values('/var/www/server/Datasets/MOLF/OriginalDataset/DB1_Lumidgm/21_4_7.wsq', '21.7.4', '21.7', 352, 544, 500);

INSERT INTO Features
Values('21.7.4', '21.7.4.1', 61);

INSERT INTO Minutiaes
Values('21.7.4.1.1', '21.7.4.1', '/var/www/server/Datasets/MOLF/MindtctOutput/DB1_Lumidgm/21_4_7.xyt');

INSERT INTO Fingers
Values(NULL, 8, '21.8', '21');

INSERT INTO Images
Values('/var/www/server/Datasets/MOLF/OriginalDataset/DB1_Lumidgm/21_1_8.wsq', '21.8.1', '21.8', 352, 544, 500);

INSERT INTO Features
Values('21.8.1', '21.8.1.1', 62);

INSERT INTO Minutiaes
Values('21.8.1.1.1', '21.8.1.1', '/var/www/server/Datasets/MOLF/MindtctOutput/DB1_Lumidgm/21_1_8.xyt');

INSERT INTO Images
Values('/var/www/server/Datasets/MOLF/OriginalDataset/DB1_Lumidgm/21_2_8.wsq', '21.8.2', '21.8', 352, 544, 500);

INSERT INTO Features
Values('21.8.2', '21.8.2.1', 69);

INSERT INTO Minutiaes
Values('21.8.2.1.1', '21.8.2.1', '/var/www/server/Datasets/MOLF/MindtctOutput/DB1_Lumidgm/21_2_8.xyt');

INSERT INTO Images
Values('/var/www/server/Datasets/MOLF/OriginalDataset/DB1_Lumidgm/21_3_8.wsq', '21.8.3', '21.8', 352, 544, 500);

INSERT INTO Features
Values('21.8.3', '21.8.3.1', 75);

INSERT INTO Minutiaes
Values('21.8.3.1.1', '21.8.3.1', '/var/www/server/Datasets/MOLF/MindtctOutput/DB1_Lumidgm/21_3_8.xyt');

INSERT INTO Images
Values('/var/www/server/Datasets/MOLF/OriginalDataset/DB1_Lumidgm/21_4_8.wsq', '21.8.4', '21.8', 352, 544, 500);

INSERT INTO Features
Values('21.8.4', '21.8.4.1', 56);

INSERT INTO Minutiaes
Values('21.8.4.1.1', '21.8.4.1', '/var/www/server/Datasets/MOLF/MindtctOutput/DB1_Lumidgm/21_4_8.xyt');

INSERT INTO Fingers
Values(NULL, 9, '21.9', '21');

INSERT INTO Images
Values('/var/www/server/Datasets/MOLF/OriginalDataset/DB1_Lumidgm/21_1_9.wsq', '21.9.1', '21.9', 352, 544, 500);

INSERT INTO Features
Values('21.9.1', '21.9.1.1', 79);

INSERT INTO Minutiaes
Values('21.9.1.1.1', '21.9.1.1', '/var/www/server/Datasets/MOLF/MindtctOutput/DB1_Lumidgm/21_1_9.xyt');

INSERT INTO Images
Values('/var/www/server/Datasets/MOLF/OriginalDataset/DB1_Lumidgm/21_2_9.wsq', '21.9.2', '21.9', 352, 544, 500);

INSERT INTO Features
Values('21.9.2', '21.9.2.1', 72);

INSERT INTO Minutiaes
Values('21.9.2.1.1', '21.9.2.1', '/var/www/server/Datasets/MOLF/MindtctOutput/DB1_Lumidgm/21_2_9.xyt');

INSERT INTO Images
Values('/var/www/server/Datasets/MOLF/OriginalDataset/DB1_Lumidgm/21_3_9.wsq', '21.9.3', '21.9', 352, 544, 500);

INSERT INTO Features
Values('21.9.3', '21.9.3.1', 80);

INSERT INTO Minutiaes
Values('21.9.3.1.1', '21.9.3.1', '/var/www/server/Datasets/MOLF/MindtctOutput/DB1_Lumidgm/21_3_9.xyt');

INSERT INTO Images
Values('/var/www/server/Datasets/MOLF/OriginalDataset/DB1_Lumidgm/21_4_9.wsq', '21.9.4', '21.9', 352, 544, 500);

INSERT INTO Features
Values('21.9.4', '21.9.4.1', 71);

INSERT INTO Minutiaes
Values('21.9.4.1.1', '21.9.4.1', '/var/www/server/Datasets/MOLF/MindtctOutput/DB1_Lumidgm/21_4_9.xyt');

INSERT INTO Fingers
Values(NULL, 10, '21.10', '21');

INSERT INTO Images
Values('/var/www/server/Datasets/MOLF/OriginalDataset/DB1_Lumidgm/21_1_10.wsq', '21.10.1', '21.10', 352, 544, 500);

INSERT INTO Features
Values('21.10.1', '21.10.1.1', 67);

INSERT INTO Minutiaes
Values('21.10.1.1.1', '21.10.1.1', '/var/www/server/Datasets/MOLF/MindtctOutput/DB1_Lumidgm/21_1_10.xyt');

INSERT INTO Images
Values('/var/www/server/Datasets/MOLF/OriginalDataset/DB1_Lumidgm/21_2_10.wsq', '21.10.2', '21.10', 352, 544, 500);

INSERT INTO Features
Values('21.10.2', '21.10.2.1', 69);

INSERT INTO Minutiaes
Values('21.10.2.1.1', '21.10.2.1', '/var/www/server/Datasets/MOLF/MindtctOutput/DB1_Lumidgm/21_2_10.xyt');

INSERT INTO Images
Values('/var/www/server/Datasets/MOLF/OriginalDataset/DB1_Lumidgm/21_3_10.wsq', '21.10.3', '21.10', 352, 544, 500);

INSERT INTO Features
Values('21.10.3', '21.10.3.1', 56);

INSERT INTO Minutiaes
Values('21.10.3.1.1', '21.10.3.1', '/var/www/server/Datasets/MOLF/MindtctOutput/DB1_Lumidgm/21_3_10.xyt');

INSERT INTO Images
Values('/var/www/server/Datasets/MOLF/OriginalDataset/DB1_Lumidgm/21_4_10.wsq', '21.10.4', '21.10', 352, 544, 500);

INSERT INTO Features
Values('21.10.4', '21.10.4.1', 67);

INSERT INTO Minutiaes
Values('21.10.4.1.1', '21.10.4.1', '/var/www/server/Datasets/MOLF/MindtctOutput/DB1_Lumidgm/21_4_10.xyt');

#------------------------SUBJECT 22------------------------
INSERT INTO Subjects
Values('22');

INSERT INTO Fingers
Values(NULL, 1, '22.1', '22');

INSERT INTO Images
Values('/var/www/server/Datasets/MOLF/OriginalDataset/DB1_Lumidgm/22_1_1.wsq', '22.1.1', '22.1', 352, 544, 500);

INSERT INTO Features
Values('22.1.1', '22.1.1.1', 54);

INSERT INTO Minutiaes
Values('22.1.1.1.1', '22.1.1.1', '/var/www/server/Datasets/MOLF/MindtctOutput/DB1_Lumidgm/22_1_1.xyt');

INSERT INTO Images
Values('/var/www/server/Datasets/MOLF/OriginalDataset/DB1_Lumidgm/22_2_1.wsq', '22.1.2', '22.1', 352, 544, 500);

INSERT INTO Features
Values('22.1.2', '22.1.2.1', 62);

INSERT INTO Minutiaes
Values('22.1.2.1.1', '22.1.2.1', '/var/www/server/Datasets/MOLF/MindtctOutput/DB1_Lumidgm/22_2_1.xyt');

INSERT INTO Images
Values('/var/www/server/Datasets/MOLF/OriginalDataset/DB1_Lumidgm/22_3_1.wsq', '22.1.3', '22.1', 352, 544, 500);

INSERT INTO Features
Values('22.1.3', '22.1.3.1', 39);

INSERT INTO Minutiaes
Values('22.1.3.1.1', '22.1.3.1', '/var/www/server/Datasets/MOLF/MindtctOutput/DB1_Lumidgm/22_3_1.xyt');

INSERT INTO Images
Values('/var/www/server/Datasets/MOLF/OriginalDataset/DB1_Lumidgm/22_4_1.wsq', '22.1.4', '22.1', 352, 544, 500);

INSERT INTO Features
Values('22.1.4', '22.1.4.1', 46);

INSERT INTO Minutiaes
Values('22.1.4.1.1', '22.1.4.1', '/var/www/server/Datasets/MOLF/MindtctOutput/DB1_Lumidgm/22_4_1.xyt');

INSERT INTO Fingers
Values(NULL, 2, '22.2', '22');

INSERT INTO Images
Values('/var/www/server/Datasets/MOLF/OriginalDataset/DB1_Lumidgm/22_1_2.wsq', '22.2.1', '22.2', 352, 544, 500);

INSERT INTO Features
Values('22.2.1', '22.2.1.1', 58);

INSERT INTO Minutiaes
Values('22.2.1.1.1', '22.2.1.1', '/var/www/server/Datasets/MOLF/MindtctOutput/DB1_Lumidgm/22_1_2.xyt');

INSERT INTO Images
Values('/var/www/server/Datasets/MOLF/OriginalDataset/DB1_Lumidgm/22_2_2.wsq', '22.2.2', '22.2', 352, 544, 500);

INSERT INTO Features
Values('22.2.2', '22.2.2.1', 65);

INSERT INTO Minutiaes
Values('22.2.2.1.1', '22.2.2.1', '/var/www/server/Datasets/MOLF/MindtctOutput/DB1_Lumidgm/22_2_2.xyt');

INSERT INTO Images
Values('/var/www/server/Datasets/MOLF/OriginalDataset/DB1_Lumidgm/22_3_2.wsq', '22.2.3', '22.2', 352, 544, 500);

INSERT INTO Features
Values('22.2.3', '22.2.3.1', 72);

INSERT INTO Minutiaes
Values('22.2.3.1.1', '22.2.3.1', '/var/www/server/Datasets/MOLF/MindtctOutput/DB1_Lumidgm/22_3_2.xyt');

INSERT INTO Images
Values('/var/www/server/Datasets/MOLF/OriginalDataset/DB1_Lumidgm/22_4_2.wsq', '22.2.4', '22.2', 352, 544, 500);

INSERT INTO Features
Values('22.2.4', '22.2.4.1', 71);

INSERT INTO Minutiaes
Values('22.2.4.1.1', '22.2.4.1', '/var/www/server/Datasets/MOLF/MindtctOutput/DB1_Lumidgm/22_4_2.xyt');

INSERT INTO Fingers
Values(NULL, 3, '22.3', '22');

INSERT INTO Images
Values('/var/www/server/Datasets/MOLF/OriginalDataset/DB1_Lumidgm/22_1_3.wsq', '22.3.1', '22.3', 352, 544, 500);

INSERT INTO Features
Values('22.3.1', '22.3.1.1', 79);

INSERT INTO Minutiaes
Values('22.3.1.1.1', '22.3.1.1', '/var/www/server/Datasets/MOLF/MindtctOutput/DB1_Lumidgm/22_1_3.xyt');

INSERT INTO Images
Values('/var/www/server/Datasets/MOLF/OriginalDataset/DB1_Lumidgm/22_2_3.wsq', '22.3.2', '22.3', 352, 544, 500);

INSERT INTO Features
Values('22.3.2', '22.3.2.1', 86);

INSERT INTO Minutiaes
Values('22.3.2.1.1', '22.3.2.1', '/var/www/server/Datasets/MOLF/MindtctOutput/DB1_Lumidgm/22_2_3.xyt');

INSERT INTO Images
Values('/var/www/server/Datasets/MOLF/OriginalDataset/DB1_Lumidgm/22_3_3.wsq', '22.3.3', '22.3', 352, 544, 500);

INSERT INTO Features
Values('22.3.3', '22.3.3.1', 87);

INSERT INTO Minutiaes
Values('22.3.3.1.1', '22.3.3.1', '/var/www/server/Datasets/MOLF/MindtctOutput/DB1_Lumidgm/22_3_3.xyt');

INSERT INTO Images
Values('/var/www/server/Datasets/MOLF/OriginalDataset/DB1_Lumidgm/22_4_3.wsq', '22.3.4', '22.3', 352, 544, 500);

INSERT INTO Features
Values('22.3.4', '22.3.4.1', 99);

INSERT INTO Minutiaes
Values('22.3.4.1.1', '22.3.4.1', '/var/www/server/Datasets/MOLF/MindtctOutput/DB1_Lumidgm/22_4_3.xyt');

INSERT INTO Fingers
Values(NULL, 4, '22.4', '22');

INSERT INTO Images
Values('/var/www/server/Datasets/MOLF/OriginalDataset/DB1_Lumidgm/22_1_4.wsq', '22.4.1', '22.4', 352, 544, 500);

INSERT INTO Features
Values('22.4.1', '22.4.1.1', 68);

INSERT INTO Minutiaes
Values('22.4.1.1.1', '22.4.1.1', '/var/www/server/Datasets/MOLF/MindtctOutput/DB1_Lumidgm/22_1_4.xyt');

INSERT INTO Images
Values('/var/www/server/Datasets/MOLF/OriginalDataset/DB1_Lumidgm/22_2_4.wsq', '22.4.2', '22.4', 352, 544, 500);

INSERT INTO Features
Values('22.4.2', '22.4.2.1', 80);

INSERT INTO Minutiaes
Values('22.4.2.1.1', '22.4.2.1', '/var/www/server/Datasets/MOLF/MindtctOutput/DB1_Lumidgm/22_2_4.xyt');

INSERT INTO Images
Values('/var/www/server/Datasets/MOLF/OriginalDataset/DB1_Lumidgm/22_3_4.wsq', '22.4.3', '22.4', 352, 544, 500);

INSERT INTO Features
Values('22.4.3', '22.4.3.1', 75);

INSERT INTO Minutiaes
Values('22.4.3.1.1', '22.4.3.1', '/var/www/server/Datasets/MOLF/MindtctOutput/DB1_Lumidgm/22_3_4.xyt');

INSERT INTO Images
Values('/var/www/server/Datasets/MOLF/OriginalDataset/DB1_Lumidgm/22_4_4.wsq', '22.4.4', '22.4', 352, 544, 500);

INSERT INTO Features
Values('22.4.4', '22.4.4.1', 67);

INSERT INTO Minutiaes
Values('22.4.4.1.1', '22.4.4.1', '/var/www/server/Datasets/MOLF/MindtctOutput/DB1_Lumidgm/22_4_4.xyt');

INSERT INTO Fingers
Values(NULL, 5, '22.5', '22');

INSERT INTO Images
Values('/var/www/server/Datasets/MOLF/OriginalDataset/DB1_Lumidgm/22_1_5.wsq', '22.5.1', '22.5', 352, 544, 500);

INSERT INTO Features
Values('22.5.1', '22.5.1.1', 53);

INSERT INTO Minutiaes
Values('22.5.1.1.1', '22.5.1.1', '/var/www/server/Datasets/MOLF/MindtctOutput/DB1_Lumidgm/22_1_5.xyt');

INSERT INTO Images
Values('/var/www/server/Datasets/MOLF/OriginalDataset/DB1_Lumidgm/22_2_5.wsq', '22.5.2', '22.5', 352, 544, 500);

INSERT INTO Features
Values('22.5.2', '22.5.2.1', 53);

INSERT INTO Minutiaes
Values('22.5.2.1.1', '22.5.2.1', '/var/www/server/Datasets/MOLF/MindtctOutput/DB1_Lumidgm/22_2_5.xyt');

INSERT INTO Images
Values('/var/www/server/Datasets/MOLF/OriginalDataset/DB1_Lumidgm/22_3_5.wsq', '22.5.3', '22.5', 352, 544, 500);

INSERT INTO Features
Values('22.5.3', '22.5.3.1', 40);

INSERT INTO Minutiaes
Values('22.5.3.1.1', '22.5.3.1', '/var/www/server/Datasets/MOLF/MindtctOutput/DB1_Lumidgm/22_3_5.xyt');

INSERT INTO Images
Values('/var/www/server/Datasets/MOLF/OriginalDataset/DB1_Lumidgm/22_4_5.wsq', '22.5.4', '22.5', 352, 544, 500);

INSERT INTO Features
Values('22.5.4', '22.5.4.1', 43);

INSERT INTO Minutiaes
Values('22.5.4.1.1', '22.5.4.1', '/var/www/server/Datasets/MOLF/MindtctOutput/DB1_Lumidgm/22_4_5.xyt');

INSERT INTO Fingers
Values(NULL, 6, '22.6', '22');

INSERT INTO Images
Values('/var/www/server/Datasets/MOLF/OriginalDataset/DB1_Lumidgm/22_1_6.wsq', '22.6.1', '22.6', 352, 544, 500);

INSERT INTO Features
Values('22.6.1', '22.6.1.1', 46);

INSERT INTO Minutiaes
Values('22.6.1.1.1', '22.6.1.1', '/var/www/server/Datasets/MOLF/MindtctOutput/DB1_Lumidgm/22_1_6.xyt');

INSERT INTO Images
Values('/var/www/server/Datasets/MOLF/OriginalDataset/DB1_Lumidgm/22_2_6.wsq', '22.6.2', '22.6', 352, 544, 500);

INSERT INTO Features
Values('22.6.2', '22.6.2.1', 51);

INSERT INTO Minutiaes
Values('22.6.2.1.1', '22.6.2.1', '/var/www/server/Datasets/MOLF/MindtctOutput/DB1_Lumidgm/22_2_6.xyt');

INSERT INTO Images
Values('/var/www/server/Datasets/MOLF/OriginalDataset/DB1_Lumidgm/22_3_6.wsq', '22.6.3', '22.6', 352, 544, 500);

INSERT INTO Features
Values('22.6.3', '22.6.3.1', 68);

INSERT INTO Minutiaes
Values('22.6.3.1.1', '22.6.3.1', '/var/www/server/Datasets/MOLF/MindtctOutput/DB1_Lumidgm/22_3_6.xyt');

INSERT INTO Images
Values('/var/www/server/Datasets/MOLF/OriginalDataset/DB1_Lumidgm/22_4_6.wsq', '22.6.4', '22.6', 352, 544, 500);

INSERT INTO Features
Values('22.6.4', '22.6.4.1', 53);

INSERT INTO Minutiaes
Values('22.6.4.1.1', '22.6.4.1', '/var/www/server/Datasets/MOLF/MindtctOutput/DB1_Lumidgm/22_4_6.xyt');

INSERT INTO Fingers
Values(NULL, 7, '22.7', '22');

INSERT INTO Images
Values('/var/www/server/Datasets/MOLF/OriginalDataset/DB1_Lumidgm/22_1_7.wsq', '22.7.1', '22.7', 352, 544, 500);

INSERT INTO Features
Values('22.7.1', '22.7.1.1', 79);

INSERT INTO Minutiaes
Values('22.7.1.1.1', '22.7.1.1', '/var/www/server/Datasets/MOLF/MindtctOutput/DB1_Lumidgm/22_1_7.xyt');

INSERT INTO Images
Values('/var/www/server/Datasets/MOLF/OriginalDataset/DB1_Lumidgm/22_2_7.wsq', '22.7.2', '22.7', 352, 544, 500);

INSERT INTO Features
Values('22.7.2', '22.7.2.1', 75);

INSERT INTO Minutiaes
Values('22.7.2.1.1', '22.7.2.1', '/var/www/server/Datasets/MOLF/MindtctOutput/DB1_Lumidgm/22_2_7.xyt');

INSERT INTO Images
Values('/var/www/server/Datasets/MOLF/OriginalDataset/DB1_Lumidgm/22_3_7.wsq', '22.7.3', '22.7', 352, 544, 500);

INSERT INTO Features
Values('22.7.3', '22.7.3.1', 91);

INSERT INTO Minutiaes
Values('22.7.3.1.1', '22.7.3.1', '/var/www/server/Datasets/MOLF/MindtctOutput/DB1_Lumidgm/22_3_7.xyt');

INSERT INTO Images
Values('/var/www/server/Datasets/MOLF/OriginalDataset/DB1_Lumidgm/22_4_7.wsq', '22.7.4', '22.7', 352, 544, 500);

INSERT INTO Features
Values('22.7.4', '22.7.4.1', 83);

INSERT INTO Minutiaes
Values('22.7.4.1.1', '22.7.4.1', '/var/www/server/Datasets/MOLF/MindtctOutput/DB1_Lumidgm/22_4_7.xyt');

INSERT INTO Fingers
Values(NULL, 8, '22.8', '22');

INSERT INTO Images
Values('/var/www/server/Datasets/MOLF/OriginalDataset/DB1_Lumidgm/22_1_8.wsq', '22.8.1', '22.8', 352, 544, 500);

INSERT INTO Features
Values('22.8.1', '22.8.1.1', 77);

INSERT INTO Minutiaes
Values('22.8.1.1.1', '22.8.1.1', '/var/www/server/Datasets/MOLF/MindtctOutput/DB1_Lumidgm/22_1_8.xyt');

INSERT INTO Images
Values('/var/www/server/Datasets/MOLF/OriginalDataset/DB1_Lumidgm/22_2_8.wsq', '22.8.2', '22.8', 352, 544, 500);

INSERT INTO Features
Values('22.8.2', '22.8.2.1', 81);

INSERT INTO Minutiaes
Values('22.8.2.1.1', '22.8.2.1', '/var/www/server/Datasets/MOLF/MindtctOutput/DB1_Lumidgm/22_2_8.xyt');

INSERT INTO Images
Values('/var/www/server/Datasets/MOLF/OriginalDataset/DB1_Lumidgm/22_3_8.wsq', '22.8.3', '22.8', 352, 544, 500);

INSERT INTO Features
Values('22.8.3', '22.8.3.1', 106);

INSERT INTO Minutiaes
Values('22.8.3.1.1', '22.8.3.1', '/var/www/server/Datasets/MOLF/MindtctOutput/DB1_Lumidgm/22_3_8.xyt');

INSERT INTO Images
Values('/var/www/server/Datasets/MOLF/OriginalDataset/DB1_Lumidgm/22_4_8.wsq', '22.8.4', '22.8', 352, 544, 500);

INSERT INTO Features
Values('22.8.4', '22.8.4.1', 74);

INSERT INTO Minutiaes
Values('22.8.4.1.1', '22.8.4.1', '/var/www/server/Datasets/MOLF/MindtctOutput/DB1_Lumidgm/22_4_8.xyt');

INSERT INTO Fingers
Values(NULL, 9, '22.9', '22');

INSERT INTO Images
Values('/var/www/server/Datasets/MOLF/OriginalDataset/DB1_Lumidgm/22_1_9.wsq', '22.9.1', '22.9', 352, 544, 500);

INSERT INTO Features
Values('22.9.1', '22.9.1.1', 71);

INSERT INTO Minutiaes
Values('22.9.1.1.1', '22.9.1.1', '/var/www/server/Datasets/MOLF/MindtctOutput/DB1_Lumidgm/22_1_9.xyt');

INSERT INTO Images
Values('/var/www/server/Datasets/MOLF/OriginalDataset/DB1_Lumidgm/22_2_9.wsq', '22.9.2', '22.9', 352, 544, 500);

INSERT INTO Features
Values('22.9.2', '22.9.2.1', 76);

INSERT INTO Minutiaes
Values('22.9.2.1.1', '22.9.2.1', '/var/www/server/Datasets/MOLF/MindtctOutput/DB1_Lumidgm/22_2_9.xyt');

INSERT INTO Images
Values('/var/www/server/Datasets/MOLF/OriginalDataset/DB1_Lumidgm/22_3_9.wsq', '22.9.3', '22.9', 352, 544, 500);

INSERT INTO Features
Values('22.9.3', '22.9.3.1', 70);

INSERT INTO Minutiaes
Values('22.9.3.1.1', '22.9.3.1', '/var/www/server/Datasets/MOLF/MindtctOutput/DB1_Lumidgm/22_3_9.xyt');

INSERT INTO Images
Values('/var/www/server/Datasets/MOLF/OriginalDataset/DB1_Lumidgm/22_4_9.wsq', '22.9.4', '22.9', 352, 544, 500);

INSERT INTO Features
Values('22.9.4', '22.9.4.1', 76);

INSERT INTO Minutiaes
Values('22.9.4.1.1', '22.9.4.1', '/var/www/server/Datasets/MOLF/MindtctOutput/DB1_Lumidgm/22_4_9.xyt');

INSERT INTO Fingers
Values(NULL, 10, '22.10', '22');

INSERT INTO Images
Values('/var/www/server/Datasets/MOLF/OriginalDataset/DB1_Lumidgm/22_1_10.wsq', '22.10.1', '22.10', 352, 544, 500);

INSERT INTO Features
Values('22.10.1', '22.10.1.1', 55);

INSERT INTO Minutiaes
Values('22.10.1.1.1', '22.10.1.1', '/var/www/server/Datasets/MOLF/MindtctOutput/DB1_Lumidgm/22_1_10.xyt');

INSERT INTO Images
Values('/var/www/server/Datasets/MOLF/OriginalDataset/DB1_Lumidgm/22_2_10.wsq', '22.10.2', '22.10', 352, 544, 500);

INSERT INTO Features
Values('22.10.2', '22.10.2.1', 65);

INSERT INTO Minutiaes
Values('22.10.2.1.1', '22.10.2.1', '/var/www/server/Datasets/MOLF/MindtctOutput/DB1_Lumidgm/22_2_10.xyt');

INSERT INTO Images
Values('/var/www/server/Datasets/MOLF/OriginalDataset/DB1_Lumidgm/22_3_10.wsq', '22.10.3', '22.10', 352, 544, 500);

INSERT INTO Features
Values('22.10.3', '22.10.3.1', 53);

INSERT INTO Minutiaes
Values('22.10.3.1.1', '22.10.3.1', '/var/www/server/Datasets/MOLF/MindtctOutput/DB1_Lumidgm/22_3_10.xyt');

INSERT INTO Images
Values('/var/www/server/Datasets/MOLF/OriginalDataset/DB1_Lumidgm/22_4_10.wsq', '22.10.4', '22.10', 352, 544, 500);

INSERT INTO Features
Values('22.10.4', '22.10.4.1', 63);

INSERT INTO Minutiaes
Values('22.10.4.1.1', '22.10.4.1', '/var/www/server/Datasets/MOLF/MindtctOutput/DB1_Lumidgm/22_4_10.xyt');

#------------------------SUBJECT 23------------------------
INSERT INTO Subjects
Values('23');

INSERT INTO Fingers
Values(NULL, 1, '23.1', '23');

INSERT INTO Images
Values('/var/www/server/Datasets/MOLF/OriginalDataset/DB1_Lumidgm/23_1_1.wsq', '23.1.1', '23.1', 352, 544, 500);

INSERT INTO Features
Values('23.1.1', '23.1.1.1', 54);

INSERT INTO Minutiaes
Values('23.1.1.1.1', '23.1.1.1', '/var/www/server/Datasets/MOLF/MindtctOutput/DB1_Lumidgm/23_1_1.xyt');

INSERT INTO Images
Values('/var/www/server/Datasets/MOLF/OriginalDataset/DB1_Lumidgm/23_2_1.wsq', '23.1.2', '23.1', 352, 544, 500);

INSERT INTO Features
Values('23.1.2', '23.1.2.1', 56);

INSERT INTO Minutiaes
Values('23.1.2.1.1', '23.1.2.1', '/var/www/server/Datasets/MOLF/MindtctOutput/DB1_Lumidgm/23_2_1.xyt');

INSERT INTO Images
Values('/var/www/server/Datasets/MOLF/OriginalDataset/DB1_Lumidgm/23_3_1.wsq', '23.1.3', '23.1', 352, 544, 500);

INSERT INTO Features
Values('23.1.3', '23.1.3.1', 48);

INSERT INTO Minutiaes
Values('23.1.3.1.1', '23.1.3.1', '/var/www/server/Datasets/MOLF/MindtctOutput/DB1_Lumidgm/23_3_1.xyt');

INSERT INTO Images
Values('/var/www/server/Datasets/MOLF/OriginalDataset/DB1_Lumidgm/23_4_1.wsq', '23.1.4', '23.1', 352, 544, 500);

INSERT INTO Features
Values('23.1.4', '23.1.4.1', 52);

INSERT INTO Minutiaes
Values('23.1.4.1.1', '23.1.4.1', '/var/www/server/Datasets/MOLF/MindtctOutput/DB1_Lumidgm/23_4_1.xyt');

INSERT INTO Fingers
Values(NULL, 2, '23.2', '23');

INSERT INTO Images
Values('/var/www/server/Datasets/MOLF/OriginalDataset/DB1_Lumidgm/23_1_2.wsq', '23.2.1', '23.2', 352, 544, 500);

INSERT INTO Features
Values('23.2.1', '23.2.1.1', 81);

INSERT INTO Minutiaes
Values('23.2.1.1.1', '23.2.1.1', '/var/www/server/Datasets/MOLF/MindtctOutput/DB1_Lumidgm/23_1_2.xyt');

INSERT INTO Images
Values('/var/www/server/Datasets/MOLF/OriginalDataset/DB1_Lumidgm/23_2_2.wsq', '23.2.2', '23.2', 352, 544, 500);

INSERT INTO Features
Values('23.2.2', '23.2.2.1', 67);

INSERT INTO Minutiaes
Values('23.2.2.1.1', '23.2.2.1', '/var/www/server/Datasets/MOLF/MindtctOutput/DB1_Lumidgm/23_2_2.xyt');

INSERT INTO Images
Values('/var/www/server/Datasets/MOLF/OriginalDataset/DB1_Lumidgm/23_3_2.wsq', '23.2.3', '23.2', 352, 544, 500);

INSERT INTO Features
Values('23.2.3', '23.2.3.1', 76);

INSERT INTO Minutiaes
Values('23.2.3.1.1', '23.2.3.1', '/var/www/server/Datasets/MOLF/MindtctOutput/DB1_Lumidgm/23_3_2.xyt');

INSERT INTO Images
Values('/var/www/server/Datasets/MOLF/OriginalDataset/DB1_Lumidgm/23_4_2.wsq', '23.2.4', '23.2', 352, 544, 500);

INSERT INTO Features
Values('23.2.4', '23.2.4.1', 65);

INSERT INTO Minutiaes
Values('23.2.4.1.1', '23.2.4.1', '/var/www/server/Datasets/MOLF/MindtctOutput/DB1_Lumidgm/23_4_2.xyt');

INSERT INTO Fingers
Values(NULL, 3, '23.3', '23');

INSERT INTO Images
Values('/var/www/server/Datasets/MOLF/OriginalDataset/DB1_Lumidgm/23_1_3.wsq', '23.3.1', '23.3', 352, 544, 500);

INSERT INTO Features
Values('23.3.1', '23.3.1.1', 61);

INSERT INTO Minutiaes
Values('23.3.1.1.1', '23.3.1.1', '/var/www/server/Datasets/MOLF/MindtctOutput/DB1_Lumidgm/23_1_3.xyt');

INSERT INTO Images
Values('/var/www/server/Datasets/MOLF/OriginalDataset/DB1_Lumidgm/23_2_3.wsq', '23.3.2', '23.3', 352, 544, 500);

INSERT INTO Features
Values('23.3.2', '23.3.2.1', 57);

INSERT INTO Minutiaes
Values('23.3.2.1.1', '23.3.2.1', '/var/www/server/Datasets/MOLF/MindtctOutput/DB1_Lumidgm/23_2_3.xyt');

INSERT INTO Images
Values('/var/www/server/Datasets/MOLF/OriginalDataset/DB1_Lumidgm/23_3_3.wsq', '23.3.3', '23.3', 352, 544, 500);

INSERT INTO Features
Values('23.3.3', '23.3.3.1', 53);

INSERT INTO Minutiaes
Values('23.3.3.1.1', '23.3.3.1', '/var/www/server/Datasets/MOLF/MindtctOutput/DB1_Lumidgm/23_3_3.xyt');

INSERT INTO Images
Values('/var/www/server/Datasets/MOLF/OriginalDataset/DB1_Lumidgm/23_4_3.wsq', '23.3.4', '23.3', 352, 544, 500);

INSERT INTO Features
Values('23.3.4', '23.3.4.1', 58);

INSERT INTO Minutiaes
Values('23.3.4.1.1', '23.3.4.1', '/var/www/server/Datasets/MOLF/MindtctOutput/DB1_Lumidgm/23_4_3.xyt');

INSERT INTO Fingers
Values(NULL, 4, '23.4', '23');

INSERT INTO Images
Values('/var/www/server/Datasets/MOLF/OriginalDataset/DB1_Lumidgm/23_1_4.wsq', '23.4.1', '23.4', 352, 544, 500);

INSERT INTO Features
Values('23.4.1', '23.4.1.1', 51);

INSERT INTO Minutiaes
Values('23.4.1.1.1', '23.4.1.1', '/var/www/server/Datasets/MOLF/MindtctOutput/DB1_Lumidgm/23_1_4.xyt');

INSERT INTO Images
Values('/var/www/server/Datasets/MOLF/OriginalDataset/DB1_Lumidgm/23_2_4.wsq', '23.4.2', '23.4', 352, 544, 500);

INSERT INTO Features
Values('23.4.2', '23.4.2.1', 54);

INSERT INTO Minutiaes
Values('23.4.2.1.1', '23.4.2.1', '/var/www/server/Datasets/MOLF/MindtctOutput/DB1_Lumidgm/23_2_4.xyt');

INSERT INTO Images
Values('/var/www/server/Datasets/MOLF/OriginalDataset/DB1_Lumidgm/23_3_4.wsq', '23.4.3', '23.4', 352, 544, 500);

INSERT INTO Features
Values('23.4.3', '23.4.3.1', 51);

INSERT INTO Minutiaes
Values('23.4.3.1.1', '23.4.3.1', '/var/www/server/Datasets/MOLF/MindtctOutput/DB1_Lumidgm/23_3_4.xyt');

INSERT INTO Images
Values('/var/www/server/Datasets/MOLF/OriginalDataset/DB1_Lumidgm/23_4_4.wsq', '23.4.4', '23.4', 352, 544, 500);

INSERT INTO Features
Values('23.4.4', '23.4.4.1', 57);

INSERT INTO Minutiaes
Values('23.4.4.1.1', '23.4.4.1', '/var/www/server/Datasets/MOLF/MindtctOutput/DB1_Lumidgm/23_4_4.xyt');

INSERT INTO Fingers
Values(NULL, 5, '23.5', '23');

INSERT INTO Images
Values('/var/www/server/Datasets/MOLF/OriginalDataset/DB1_Lumidgm/23_1_5.wsq', '23.5.1', '23.5', 352, 544, 500);

INSERT INTO Features
Values('23.5.1', '23.5.1.1', 43);

INSERT INTO Minutiaes
Values('23.5.1.1.1', '23.5.1.1', '/var/www/server/Datasets/MOLF/MindtctOutput/DB1_Lumidgm/23_1_5.xyt');

INSERT INTO Images
Values('/var/www/server/Datasets/MOLF/OriginalDataset/DB1_Lumidgm/23_2_5.wsq', '23.5.2', '23.5', 352, 544, 500);

INSERT INTO Features
Values('23.5.2', '23.5.2.1', 46);

INSERT INTO Minutiaes
Values('23.5.2.1.1', '23.5.2.1', '/var/www/server/Datasets/MOLF/MindtctOutput/DB1_Lumidgm/23_2_5.xyt');

INSERT INTO Images
Values('/var/www/server/Datasets/MOLF/OriginalDataset/DB1_Lumidgm/23_3_5.wsq', '23.5.3', '23.5', 352, 544, 500);

INSERT INTO Features
Values('23.5.3', '23.5.3.1', 46);

INSERT INTO Minutiaes
Values('23.5.3.1.1', '23.5.3.1', '/var/www/server/Datasets/MOLF/MindtctOutput/DB1_Lumidgm/23_3_5.xyt');

INSERT INTO Images
Values('/var/www/server/Datasets/MOLF/OriginalDataset/DB1_Lumidgm/23_4_5.wsq', '23.5.4', '23.5', 352, 544, 500);

INSERT INTO Features
Values('23.5.4', '23.5.4.1', 56);

INSERT INTO Minutiaes
Values('23.5.4.1.1', '23.5.4.1', '/var/www/server/Datasets/MOLF/MindtctOutput/DB1_Lumidgm/23_4_5.xyt');

INSERT INTO Fingers
Values(NULL, 6, '23.6', '23');

INSERT INTO Images
Values('/var/www/server/Datasets/MOLF/OriginalDataset/DB1_Lumidgm/23_1_6.wsq', '23.6.1', '23.6', 352, 544, 500);

INSERT INTO Features
Values('23.6.1', '23.6.1.1', 59);

INSERT INTO Minutiaes
Values('23.6.1.1.1', '23.6.1.1', '/var/www/server/Datasets/MOLF/MindtctOutput/DB1_Lumidgm/23_1_6.xyt');

INSERT INTO Images
Values('/var/www/server/Datasets/MOLF/OriginalDataset/DB1_Lumidgm/23_2_6.wsq', '23.6.2', '23.6', 352, 544, 500);

INSERT INTO Features
Values('23.6.2', '23.6.2.1', 61);

INSERT INTO Minutiaes
Values('23.6.2.1.1', '23.6.2.1', '/var/www/server/Datasets/MOLF/MindtctOutput/DB1_Lumidgm/23_2_6.xyt');

INSERT INTO Images
Values('/var/www/server/Datasets/MOLF/OriginalDataset/DB1_Lumidgm/23_3_6.wsq', '23.6.3', '23.6', 352, 544, 500);

INSERT INTO Features
Values('23.6.3', '23.6.3.1', 67);

INSERT INTO Minutiaes
Values('23.6.3.1.1', '23.6.3.1', '/var/www/server/Datasets/MOLF/MindtctOutput/DB1_Lumidgm/23_3_6.xyt');

INSERT INTO Images
Values('/var/www/server/Datasets/MOLF/OriginalDataset/DB1_Lumidgm/23_4_6.wsq', '23.6.4', '23.6', 352, 544, 500);

INSERT INTO Features
Values('23.6.4', '23.6.4.1', 64);

INSERT INTO Minutiaes
Values('23.6.4.1.1', '23.6.4.1', '/var/www/server/Datasets/MOLF/MindtctOutput/DB1_Lumidgm/23_4_6.xyt');

INSERT INTO Fingers
Values(NULL, 7, '23.7', '23');

INSERT INTO Images
Values('/var/www/server/Datasets/MOLF/OriginalDataset/DB1_Lumidgm/23_1_7.wsq', '23.7.1', '23.7', 352, 544, 500);

INSERT INTO Features
Values('23.7.1', '23.7.1.1', 52);

INSERT INTO Minutiaes
Values('23.7.1.1.1', '23.7.1.1', '/var/www/server/Datasets/MOLF/MindtctOutput/DB1_Lumidgm/23_1_7.xyt');

INSERT INTO Images
Values('/var/www/server/Datasets/MOLF/OriginalDataset/DB1_Lumidgm/23_2_7.wsq', '23.7.2', '23.7', 352, 544, 500);

INSERT INTO Features
Values('23.7.2', '23.7.2.1', 48);

INSERT INTO Minutiaes
Values('23.7.2.1.1', '23.7.2.1', '/var/www/server/Datasets/MOLF/MindtctOutput/DB1_Lumidgm/23_2_7.xyt');

INSERT INTO Images
Values('/var/www/server/Datasets/MOLF/OriginalDataset/DB1_Lumidgm/23_3_7.wsq', '23.7.3', '23.7', 352, 544, 500);

INSERT INTO Features
Values('23.7.3', '23.7.3.1', 39);

INSERT INTO Minutiaes
Values('23.7.3.1.1', '23.7.3.1', '/var/www/server/Datasets/MOLF/MindtctOutput/DB1_Lumidgm/23_3_7.xyt');

INSERT INTO Images
Values('/var/www/server/Datasets/MOLF/OriginalDataset/DB1_Lumidgm/23_4_7.wsq', '23.7.4', '23.7', 352, 544, 500);

INSERT INTO Features
Values('23.7.4', '23.7.4.1', 54);

INSERT INTO Minutiaes
Values('23.7.4.1.1', '23.7.4.1', '/var/www/server/Datasets/MOLF/MindtctOutput/DB1_Lumidgm/23_4_7.xyt');

INSERT INTO Fingers
Values(NULL, 8, '23.8', '23');

INSERT INTO Images
Values('/var/www/server/Datasets/MOLF/OriginalDataset/DB1_Lumidgm/23_1_8.wsq', '23.8.1', '23.8', 352, 544, 500);

INSERT INTO Features
Values('23.8.1', '23.8.1.1', 57);

INSERT INTO Minutiaes
Values('23.8.1.1.1', '23.8.1.1', '/var/www/server/Datasets/MOLF/MindtctOutput/DB1_Lumidgm/23_1_8.xyt');

INSERT INTO Images
Values('/var/www/server/Datasets/MOLF/OriginalDataset/DB1_Lumidgm/23_2_8.wsq', '23.8.2', '23.8', 352, 544, 500);

INSERT INTO Features
Values('23.8.2', '23.8.2.1', 61);

INSERT INTO Minutiaes
Values('23.8.2.1.1', '23.8.2.1', '/var/www/server/Datasets/MOLF/MindtctOutput/DB1_Lumidgm/23_2_8.xyt');

INSERT INTO Images
Values('/var/www/server/Datasets/MOLF/OriginalDataset/DB1_Lumidgm/23_3_8.wsq', '23.8.3', '23.8', 352, 544, 500);

INSERT INTO Features
Values('23.8.3', '23.8.3.1', 70);

INSERT INTO Minutiaes
Values('23.8.3.1.1', '23.8.3.1', '/var/www/server/Datasets/MOLF/MindtctOutput/DB1_Lumidgm/23_3_8.xyt');

INSERT INTO Images
Values('/var/www/server/Datasets/MOLF/OriginalDataset/DB1_Lumidgm/23_4_8.wsq', '23.8.4', '23.8', 352, 544, 500);

INSERT INTO Features
Values('23.8.4', '23.8.4.1', 69);

INSERT INTO Minutiaes
Values('23.8.4.1.1', '23.8.4.1', '/var/www/server/Datasets/MOLF/MindtctOutput/DB1_Lumidgm/23_4_8.xyt');

INSERT INTO Fingers
Values(NULL, 9, '23.9', '23');

INSERT INTO Images
Values('/var/www/server/Datasets/MOLF/OriginalDataset/DB1_Lumidgm/23_1_9.wsq', '23.9.1', '23.9', 352, 544, 500);

INSERT INTO Features
Values('23.9.1', '23.9.1.1', 64);

INSERT INTO Minutiaes
Values('23.9.1.1.1', '23.9.1.1', '/var/www/server/Datasets/MOLF/MindtctOutput/DB1_Lumidgm/23_1_9.xyt');

INSERT INTO Images
Values('/var/www/server/Datasets/MOLF/OriginalDataset/DB1_Lumidgm/23_2_9.wsq', '23.9.2', '23.9', 352, 544, 500);

INSERT INTO Features
Values('23.9.2', '23.9.2.1', 46);

INSERT INTO Minutiaes
Values('23.9.2.1.1', '23.9.2.1', '/var/www/server/Datasets/MOLF/MindtctOutput/DB1_Lumidgm/23_2_9.xyt');

INSERT INTO Images
Values('/var/www/server/Datasets/MOLF/OriginalDataset/DB1_Lumidgm/23_3_9.wsq', '23.9.3', '23.9', 352, 544, 500);

INSERT INTO Features
Values('23.9.3', '23.9.3.1', 56);

INSERT INTO Minutiaes
Values('23.9.3.1.1', '23.9.3.1', '/var/www/server/Datasets/MOLF/MindtctOutput/DB1_Lumidgm/23_3_9.xyt');

INSERT INTO Images
Values('/var/www/server/Datasets/MOLF/OriginalDataset/DB1_Lumidgm/23_4_9.wsq', '23.9.4', '23.9', 352, 544, 500);

INSERT INTO Features
Values('23.9.4', '23.9.4.1', 69);

INSERT INTO Minutiaes
Values('23.9.4.1.1', '23.9.4.1', '/var/www/server/Datasets/MOLF/MindtctOutput/DB1_Lumidgm/23_4_9.xyt');

INSERT INTO Fingers
Values(NULL, 10, '23.10', '23');

INSERT INTO Images
Values('/var/www/server/Datasets/MOLF/OriginalDataset/DB1_Lumidgm/23_1_10.wsq', '23.10.1', '23.10', 352, 544, 500);

INSERT INTO Features
Values('23.10.1', '23.10.1.1', 46);

INSERT INTO Minutiaes
Values('23.10.1.1.1', '23.10.1.1', '/var/www/server/Datasets/MOLF/MindtctOutput/DB1_Lumidgm/23_1_10.xyt');

INSERT INTO Images
Values('/var/www/server/Datasets/MOLF/OriginalDataset/DB1_Lumidgm/23_2_10.wsq', '23.10.2', '23.10', 352, 544, 500);

INSERT INTO Features
Values('23.10.2', '23.10.2.1', 72);

INSERT INTO Minutiaes
Values('23.10.2.1.1', '23.10.2.1', '/var/www/server/Datasets/MOLF/MindtctOutput/DB1_Lumidgm/23_2_10.xyt');

INSERT INTO Images
Values('/var/www/server/Datasets/MOLF/OriginalDataset/DB1_Lumidgm/23_3_10.wsq', '23.10.3', '23.10', 352, 544, 500);

INSERT INTO Features
Values('23.10.3', '23.10.3.1', 64);

INSERT INTO Minutiaes
Values('23.10.3.1.1', '23.10.3.1', '/var/www/server/Datasets/MOLF/MindtctOutput/DB1_Lumidgm/23_3_10.xyt');

INSERT INTO Images
Values('/var/www/server/Datasets/MOLF/OriginalDataset/DB1_Lumidgm/23_4_10.wsq', '23.10.4', '23.10', 352, 544, 500);

INSERT INTO Features
Values('23.10.4', '23.10.4.1', 51);

INSERT INTO Minutiaes
Values('23.10.4.1.1', '23.10.4.1', '/var/www/server/Datasets/MOLF/MindtctOutput/DB1_Lumidgm/23_4_10.xyt');

#------------------------SUBJECT 24------------------------
INSERT INTO Subjects
Values('24');

INSERT INTO Fingers
Values(NULL, 1, '24.1', '24');

INSERT INTO Images
Values('/var/www/server/Datasets/MOLF/OriginalDataset/DB1_Lumidgm/24_1_1.wsq', '24.1.1', '24.1', 352, 544, 500);

INSERT INTO Features
Values('24.1.1', '24.1.1.1', 49);

INSERT INTO Minutiaes
Values('24.1.1.1.1', '24.1.1.1', '/var/www/server/Datasets/MOLF/MindtctOutput/DB1_Lumidgm/24_1_1.xyt');

INSERT INTO Images
Values('/var/www/server/Datasets/MOLF/OriginalDataset/DB1_Lumidgm/24_2_1.wsq', '24.1.2', '24.1', 352, 544, 500);

INSERT INTO Features
Values('24.1.2', '24.1.2.1', 31);

INSERT INTO Minutiaes
Values('24.1.2.1.1', '24.1.2.1', '/var/www/server/Datasets/MOLF/MindtctOutput/DB1_Lumidgm/24_2_1.xyt');

INSERT INTO Images
Values('/var/www/server/Datasets/MOLF/OriginalDataset/DB1_Lumidgm/24_3_1.wsq', '24.1.3', '24.1', 352, 544, 500);

INSERT INTO Features
Values('24.1.3', '24.1.3.1', 37);

INSERT INTO Minutiaes
Values('24.1.3.1.1', '24.1.3.1', '/var/www/server/Datasets/MOLF/MindtctOutput/DB1_Lumidgm/24_3_1.xyt');

INSERT INTO Images
Values('/var/www/server/Datasets/MOLF/OriginalDataset/DB1_Lumidgm/24_4_1.wsq', '24.1.4', '24.1', 352, 544, 500);

INSERT INTO Features
Values('24.1.4', '24.1.4.1', 39);

INSERT INTO Minutiaes
Values('24.1.4.1.1', '24.1.4.1', '/var/www/server/Datasets/MOLF/MindtctOutput/DB1_Lumidgm/24_4_1.xyt');

INSERT INTO Fingers
Values(NULL, 2, '24.2', '24');

INSERT INTO Images
Values('/var/www/server/Datasets/MOLF/OriginalDataset/DB1_Lumidgm/24_1_2.wsq', '24.2.1', '24.2', 352, 544, 500);

INSERT INTO Features
Values('24.2.1', '24.2.1.1', 42);

INSERT INTO Minutiaes
Values('24.2.1.1.1', '24.2.1.1', '/var/www/server/Datasets/MOLF/MindtctOutput/DB1_Lumidgm/24_1_2.xyt');

INSERT INTO Images
Values('/var/www/server/Datasets/MOLF/OriginalDataset/DB1_Lumidgm/24_2_2.wsq', '24.2.2', '24.2', 352, 544, 500);

INSERT INTO Features
Values('24.2.2', '24.2.2.1', 47);

INSERT INTO Minutiaes
Values('24.2.2.1.1', '24.2.2.1', '/var/www/server/Datasets/MOLF/MindtctOutput/DB1_Lumidgm/24_2_2.xyt');

INSERT INTO Images
Values('/var/www/server/Datasets/MOLF/OriginalDataset/DB1_Lumidgm/24_3_2.wsq', '24.2.3', '24.2', 352, 544, 500);

INSERT INTO Features
Values('24.2.3', '24.2.3.1', 62);

INSERT INTO Minutiaes
Values('24.2.3.1.1', '24.2.3.1', '/var/www/server/Datasets/MOLF/MindtctOutput/DB1_Lumidgm/24_3_2.xyt');

INSERT INTO Images
Values('/var/www/server/Datasets/MOLF/OriginalDataset/DB1_Lumidgm/24_4_2.wsq', '24.2.4', '24.2', 352, 544, 500);

INSERT INTO Features
Values('24.2.4', '24.2.4.1', 48);

INSERT INTO Minutiaes
Values('24.2.4.1.1', '24.2.4.1', '/var/www/server/Datasets/MOLF/MindtctOutput/DB1_Lumidgm/24_4_2.xyt');

INSERT INTO Fingers
Values(NULL, 3, '24.3', '24');

INSERT INTO Images
Values('/var/www/server/Datasets/MOLF/OriginalDataset/DB1_Lumidgm/24_1_3.wsq', '24.3.1', '24.3', 352, 544, 500);

INSERT INTO Features
Values('24.3.1', '24.3.1.1', 58);

INSERT INTO Minutiaes
Values('24.3.1.1.1', '24.3.1.1', '/var/www/server/Datasets/MOLF/MindtctOutput/DB1_Lumidgm/24_1_3.xyt');

INSERT INTO Images
Values('/var/www/server/Datasets/MOLF/OriginalDataset/DB1_Lumidgm/24_2_3.wsq', '24.3.2', '24.3', 352, 544, 500);

INSERT INTO Features
Values('24.3.2', '24.3.2.1', 55);

INSERT INTO Minutiaes
Values('24.3.2.1.1', '24.3.2.1', '/var/www/server/Datasets/MOLF/MindtctOutput/DB1_Lumidgm/24_2_3.xyt');

INSERT INTO Images
Values('/var/www/server/Datasets/MOLF/OriginalDataset/DB1_Lumidgm/24_3_3.wsq', '24.3.3', '24.3', 352, 544, 500);

INSERT INTO Features
Values('24.3.3', '24.3.3.1', 60);

INSERT INTO Minutiaes
Values('24.3.3.1.1', '24.3.3.1', '/var/www/server/Datasets/MOLF/MindtctOutput/DB1_Lumidgm/24_3_3.xyt');

INSERT INTO Images
Values('/var/www/server/Datasets/MOLF/OriginalDataset/DB1_Lumidgm/24_4_3.wsq', '24.3.4', '24.3', 352, 544, 500);

INSERT INTO Features
Values('24.3.4', '24.3.4.1', 64);

INSERT INTO Minutiaes
Values('24.3.4.1.1', '24.3.4.1', '/var/www/server/Datasets/MOLF/MindtctOutput/DB1_Lumidgm/24_4_3.xyt');

INSERT INTO Fingers
Values(NULL, 4, '24.4', '24');

INSERT INTO Images
Values('/var/www/server/Datasets/MOLF/OriginalDataset/DB1_Lumidgm/24_1_4.wsq', '24.4.1', '24.4', 352, 544, 500);

INSERT INTO Features
Values('24.4.1', '24.4.1.1', 55);

INSERT INTO Minutiaes
Values('24.4.1.1.1', '24.4.1.1', '/var/www/server/Datasets/MOLF/MindtctOutput/DB1_Lumidgm/24_1_4.xyt');

INSERT INTO Images
Values('/var/www/server/Datasets/MOLF/OriginalDataset/DB1_Lumidgm/24_2_4.wsq', '24.4.2', '24.4', 352, 544, 500);

INSERT INTO Features
Values('24.4.2', '24.4.2.1', 53);

INSERT INTO Minutiaes
Values('24.4.2.1.1', '24.4.2.1', '/var/www/server/Datasets/MOLF/MindtctOutput/DB1_Lumidgm/24_2_4.xyt');

INSERT INTO Images
Values('/var/www/server/Datasets/MOLF/OriginalDataset/DB1_Lumidgm/24_3_4.wsq', '24.4.3', '24.4', 352, 544, 500);

INSERT INTO Features
Values('24.4.3', '24.4.3.1', 53);

INSERT INTO Minutiaes
Values('24.4.3.1.1', '24.4.3.1', '/var/www/server/Datasets/MOLF/MindtctOutput/DB1_Lumidgm/24_3_4.xyt');

INSERT INTO Images
Values('/var/www/server/Datasets/MOLF/OriginalDataset/DB1_Lumidgm/24_4_4.wsq', '24.4.4', '24.4', 352, 544, 500);

INSERT INTO Features
Values('24.4.4', '24.4.4.1', 44);

INSERT INTO Minutiaes
Values('24.4.4.1.1', '24.4.4.1', '/var/www/server/Datasets/MOLF/MindtctOutput/DB1_Lumidgm/24_4_4.xyt');

INSERT INTO Fingers
Values(NULL, 5, '24.5', '24');

INSERT INTO Images
Values('/var/www/server/Datasets/MOLF/OriginalDataset/DB1_Lumidgm/24_1_5.wsq', '24.5.1', '24.5', 352, 544, 500);

INSERT INTO Features
Values('24.5.1', '24.5.1.1', 50);

INSERT INTO Minutiaes
Values('24.5.1.1.1', '24.5.1.1', '/var/www/server/Datasets/MOLF/MindtctOutput/DB1_Lumidgm/24_1_5.xyt');

INSERT INTO Images
Values('/var/www/server/Datasets/MOLF/OriginalDataset/DB1_Lumidgm/24_2_5.wsq', '24.5.2', '24.5', 352, 544, 500);

INSERT INTO Features
Values('24.5.2', '24.5.2.1', 44);

INSERT INTO Minutiaes
Values('24.5.2.1.1', '24.5.2.1', '/var/www/server/Datasets/MOLF/MindtctOutput/DB1_Lumidgm/24_2_5.xyt');

INSERT INTO Images
Values('/var/www/server/Datasets/MOLF/OriginalDataset/DB1_Lumidgm/24_3_5.wsq', '24.5.3', '24.5', 352, 544, 500);

INSERT INTO Features
Values('24.5.3', '24.5.3.1', 60);

INSERT INTO Minutiaes
Values('24.5.3.1.1', '24.5.3.1', '/var/www/server/Datasets/MOLF/MindtctOutput/DB1_Lumidgm/24_3_5.xyt');

INSERT INTO Images
Values('/var/www/server/Datasets/MOLF/OriginalDataset/DB1_Lumidgm/24_4_5.wsq', '24.5.4', '24.5', 352, 544, 500);

INSERT INTO Features
Values('24.5.4', '24.5.4.1', 66);

INSERT INTO Minutiaes
Values('24.5.4.1.1', '24.5.4.1', '/var/www/server/Datasets/MOLF/MindtctOutput/DB1_Lumidgm/24_4_5.xyt');

INSERT INTO Fingers
Values(NULL, 6, '24.6', '24');

INSERT INTO Images
Values('/var/www/server/Datasets/MOLF/OriginalDataset/DB1_Lumidgm/24_1_6.wsq', '24.6.1', '24.6', 352, 544, 500);

INSERT INTO Features
Values('24.6.1', '24.6.1.1', 50);

INSERT INTO Minutiaes
Values('24.6.1.1.1', '24.6.1.1', '/var/www/server/Datasets/MOLF/MindtctOutput/DB1_Lumidgm/24_1_6.xyt');

INSERT INTO Images
Values('/var/www/server/Datasets/MOLF/OriginalDataset/DB1_Lumidgm/24_2_6.wsq', '24.6.2', '24.6', 352, 544, 500);

INSERT INTO Features
Values('24.6.2', '24.6.2.1', 48);

INSERT INTO Minutiaes
Values('24.6.2.1.1', '24.6.2.1', '/var/www/server/Datasets/MOLF/MindtctOutput/DB1_Lumidgm/24_2_6.xyt');

INSERT INTO Images
Values('/var/www/server/Datasets/MOLF/OriginalDataset/DB1_Lumidgm/24_3_6.wsq', '24.6.3', '24.6', 352, 544, 500);

INSERT INTO Features
Values('24.6.3', '24.6.3.1', 39);

INSERT INTO Minutiaes
Values('24.6.3.1.1', '24.6.3.1', '/var/www/server/Datasets/MOLF/MindtctOutput/DB1_Lumidgm/24_3_6.xyt');

INSERT INTO Images
Values('/var/www/server/Datasets/MOLF/OriginalDataset/DB1_Lumidgm/24_4_6.wsq', '24.6.4', '24.6', 352, 544, 500);

INSERT INTO Features
Values('24.6.4', '24.6.4.1', 46);

INSERT INTO Minutiaes
Values('24.6.4.1.1', '24.6.4.1', '/var/www/server/Datasets/MOLF/MindtctOutput/DB1_Lumidgm/24_4_6.xyt');

INSERT INTO Fingers
Values(NULL, 7, '24.7', '24');

INSERT INTO Images
Values('/var/www/server/Datasets/MOLF/OriginalDataset/DB1_Lumidgm/24_1_7.wsq', '24.7.1', '24.7', 352, 544, 500);

INSERT INTO Features
Values('24.7.1', '24.7.1.1', 48);

INSERT INTO Minutiaes
Values('24.7.1.1.1', '24.7.1.1', '/var/www/server/Datasets/MOLF/MindtctOutput/DB1_Lumidgm/24_1_7.xyt');

INSERT INTO Images
Values('/var/www/server/Datasets/MOLF/OriginalDataset/DB1_Lumidgm/24_2_7.wsq', '24.7.2', '24.7', 352, 544, 500);

INSERT INTO Features
Values('24.7.2', '24.7.2.1', 51);

INSERT INTO Minutiaes
Values('24.7.2.1.1', '24.7.2.1', '/var/www/server/Datasets/MOLF/MindtctOutput/DB1_Lumidgm/24_2_7.xyt');

INSERT INTO Images
Values('/var/www/server/Datasets/MOLF/OriginalDataset/DB1_Lumidgm/24_3_7.wsq', '24.7.3', '24.7', 352, 544, 500);

INSERT INTO Features
Values('24.7.3', '24.7.3.1', 54);

INSERT INTO Minutiaes
Values('24.7.3.1.1', '24.7.3.1', '/var/www/server/Datasets/MOLF/MindtctOutput/DB1_Lumidgm/24_3_7.xyt');

INSERT INTO Images
Values('/var/www/server/Datasets/MOLF/OriginalDataset/DB1_Lumidgm/24_4_7.wsq', '24.7.4', '24.7', 352, 544, 500);

INSERT INTO Features
Values('24.7.4', '24.7.4.1', 61);

INSERT INTO Minutiaes
Values('24.7.4.1.1', '24.7.4.1', '/var/www/server/Datasets/MOLF/MindtctOutput/DB1_Lumidgm/24_4_7.xyt');

INSERT INTO Fingers
Values(NULL, 8, '24.8', '24');

INSERT INTO Images
Values('/var/www/server/Datasets/MOLF/OriginalDataset/DB1_Lumidgm/24_1_8.wsq', '24.8.1', '24.8', 352, 544, 500);

INSERT INTO Features
Values('24.8.1', '24.8.1.1', 50);

INSERT INTO Minutiaes
Values('24.8.1.1.1', '24.8.1.1', '/var/www/server/Datasets/MOLF/MindtctOutput/DB1_Lumidgm/24_1_8.xyt');

INSERT INTO Images
Values('/var/www/server/Datasets/MOLF/OriginalDataset/DB1_Lumidgm/24_2_8.wsq', '24.8.2', '24.8', 352, 544, 500);

INSERT INTO Features
Values('24.8.2', '24.8.2.1', 45);

INSERT INTO Minutiaes
Values('24.8.2.1.1', '24.8.2.1', '/var/www/server/Datasets/MOLF/MindtctOutput/DB1_Lumidgm/24_2_8.xyt');

INSERT INTO Images
Values('/var/www/server/Datasets/MOLF/OriginalDataset/DB1_Lumidgm/24_3_8.wsq', '24.8.3', '24.8', 352, 544, 500);

INSERT INTO Features
Values('24.8.3', '24.8.3.1', 51);

INSERT INTO Minutiaes
Values('24.8.3.1.1', '24.8.3.1', '/var/www/server/Datasets/MOLF/MindtctOutput/DB1_Lumidgm/24_3_8.xyt');

INSERT INTO Images
Values('/var/www/server/Datasets/MOLF/OriginalDataset/DB1_Lumidgm/24_4_8.wsq', '24.8.4', '24.8', 352, 544, 500);

INSERT INTO Features
Values('24.8.4', '24.8.4.1', 58);

INSERT INTO Minutiaes
Values('24.8.4.1.1', '24.8.4.1', '/var/www/server/Datasets/MOLF/MindtctOutput/DB1_Lumidgm/24_4_8.xyt');

INSERT INTO Fingers
Values(NULL, 9, '24.9', '24');

INSERT INTO Images
Values('/var/www/server/Datasets/MOLF/OriginalDataset/DB1_Lumidgm/24_1_9.wsq', '24.9.1', '24.9', 352, 544, 500);

INSERT INTO Features
Values('24.9.1', '24.9.1.1', 48);

INSERT INTO Minutiaes
Values('24.9.1.1.1', '24.9.1.1', '/var/www/server/Datasets/MOLF/MindtctOutput/DB1_Lumidgm/24_1_9.xyt');

INSERT INTO Images
Values('/var/www/server/Datasets/MOLF/OriginalDataset/DB1_Lumidgm/24_2_9.wsq', '24.9.2', '24.9', 352, 544, 500);

INSERT INTO Features
Values('24.9.2', '24.9.2.1', 43);

INSERT INTO Minutiaes
Values('24.9.2.1.1', '24.9.2.1', '/var/www/server/Datasets/MOLF/MindtctOutput/DB1_Lumidgm/24_2_9.xyt');

INSERT INTO Images
Values('/var/www/server/Datasets/MOLF/OriginalDataset/DB1_Lumidgm/24_3_9.wsq', '24.9.3', '24.9', 352, 544, 500);

INSERT INTO Features
Values('24.9.3', '24.9.3.1', 46);

INSERT INTO Minutiaes
Values('24.9.3.1.1', '24.9.3.1', '/var/www/server/Datasets/MOLF/MindtctOutput/DB1_Lumidgm/24_3_9.xyt');

INSERT INTO Images
Values('/var/www/server/Datasets/MOLF/OriginalDataset/DB1_Lumidgm/24_4_9.wsq', '24.9.4', '24.9', 352, 544, 500);

INSERT INTO Features
Values('24.9.4', '24.9.4.1', 71);

INSERT INTO Minutiaes
Values('24.9.4.1.1', '24.9.4.1', '/var/www/server/Datasets/MOLF/MindtctOutput/DB1_Lumidgm/24_4_9.xyt');

INSERT INTO Fingers
Values(NULL, 10, '24.10', '24');

INSERT INTO Images
Values('/var/www/server/Datasets/MOLF/OriginalDataset/DB1_Lumidgm/24_1_10.wsq', '24.10.1', '24.10', 352, 544, 500);

INSERT INTO Features
Values('24.10.1', '24.10.1.1', 51);

INSERT INTO Minutiaes
Values('24.10.1.1.1', '24.10.1.1', '/var/www/server/Datasets/MOLF/MindtctOutput/DB1_Lumidgm/24_1_10.xyt');

INSERT INTO Images
Values('/var/www/server/Datasets/MOLF/OriginalDataset/DB1_Lumidgm/24_2_10.wsq', '24.10.2', '24.10', 352, 544, 500);

INSERT INTO Features
Values('24.10.2', '24.10.2.1', 40);

INSERT INTO Minutiaes
Values('24.10.2.1.1', '24.10.2.1', '/var/www/server/Datasets/MOLF/MindtctOutput/DB1_Lumidgm/24_2_10.xyt');

INSERT INTO Images
Values('/var/www/server/Datasets/MOLF/OriginalDataset/DB1_Lumidgm/24_3_10.wsq', '24.10.3', '24.10', 352, 544, 500);

INSERT INTO Features
Values('24.10.3', '24.10.3.1', 48);

INSERT INTO Minutiaes
Values('24.10.3.1.1', '24.10.3.1', '/var/www/server/Datasets/MOLF/MindtctOutput/DB1_Lumidgm/24_3_10.xyt');

INSERT INTO Images
Values('/var/www/server/Datasets/MOLF/OriginalDataset/DB1_Lumidgm/24_4_10.wsq', '24.10.4', '24.10', 352, 544, 500);

INSERT INTO Features
Values('24.10.4', '24.10.4.1', 63);

INSERT INTO Minutiaes
Values('24.10.4.1.1', '24.10.4.1', '/var/www/server/Datasets/MOLF/MindtctOutput/DB1_Lumidgm/24_4_10.xyt');

#------------------------SUBJECT 25------------------------
INSERT INTO Subjects
Values('25');

INSERT INTO Fingers
Values(NULL, 1, '25.1', '25');

INSERT INTO Images
Values('/var/www/server/Datasets/MOLF/OriginalDataset/DB1_Lumidgm/25_1_1.wsq', '25.1.1', '25.1', 352, 544, 500);

INSERT INTO Features
Values('25.1.1', '25.1.1.1', 55);

INSERT INTO Minutiaes
Values('25.1.1.1.1', '25.1.1.1', '/var/www/server/Datasets/MOLF/MindtctOutput/DB1_Lumidgm/25_1_1.xyt');

INSERT INTO Images
Values('/var/www/server/Datasets/MOLF/OriginalDataset/DB1_Lumidgm/25_2_1.wsq', '25.1.2', '25.1', 352, 544, 500);

INSERT INTO Features
Values('25.1.2', '25.1.2.1', 64);

INSERT INTO Minutiaes
Values('25.1.2.1.1', '25.1.2.1', '/var/www/server/Datasets/MOLF/MindtctOutput/DB1_Lumidgm/25_2_1.xyt');

INSERT INTO Images
Values('/var/www/server/Datasets/MOLF/OriginalDataset/DB1_Lumidgm/25_3_1.wsq', '25.1.3', '25.1', 352, 544, 500);

INSERT INTO Features
Values('25.1.3', '25.1.3.1', 43);

INSERT INTO Minutiaes
Values('25.1.3.1.1', '25.1.3.1', '/var/www/server/Datasets/MOLF/MindtctOutput/DB1_Lumidgm/25_3_1.xyt');

INSERT INTO Images
Values('/var/www/server/Datasets/MOLF/OriginalDataset/DB1_Lumidgm/25_4_1.wsq', '25.1.4', '25.1', 352, 544, 500);

INSERT INTO Features
Values('25.1.4', '25.1.4.1', 60);

INSERT INTO Minutiaes
Values('25.1.4.1.1', '25.1.4.1', '/var/www/server/Datasets/MOLF/MindtctOutput/DB1_Lumidgm/25_4_1.xyt');

INSERT INTO Fingers
Values(NULL, 2, '25.2', '25');

INSERT INTO Images
Values('/var/www/server/Datasets/MOLF/OriginalDataset/DB1_Lumidgm/25_1_2.wsq', '25.2.1', '25.2', 352, 544, 500);

INSERT INTO Features
Values('25.2.1', '25.2.1.1', 44);

INSERT INTO Minutiaes
Values('25.2.1.1.1', '25.2.1.1', '/var/www/server/Datasets/MOLF/MindtctOutput/DB1_Lumidgm/25_1_2.xyt');

INSERT INTO Images
Values('/var/www/server/Datasets/MOLF/OriginalDataset/DB1_Lumidgm/25_2_2.wsq', '25.2.2', '25.2', 352, 544, 500);

INSERT INTO Features
Values('25.2.2', '25.2.2.1', 42);

INSERT INTO Minutiaes
Values('25.2.2.1.1', '25.2.2.1', '/var/www/server/Datasets/MOLF/MindtctOutput/DB1_Lumidgm/25_2_2.xyt');

INSERT INTO Images
Values('/var/www/server/Datasets/MOLF/OriginalDataset/DB1_Lumidgm/25_3_2.wsq', '25.2.3', '25.2', 352, 544, 500);

INSERT INTO Features
Values('25.2.3', '25.2.3.1', 46);

INSERT INTO Minutiaes
Values('25.2.3.1.1', '25.2.3.1', '/var/www/server/Datasets/MOLF/MindtctOutput/DB1_Lumidgm/25_3_2.xyt');

INSERT INTO Images
Values('/var/www/server/Datasets/MOLF/OriginalDataset/DB1_Lumidgm/25_4_2.wsq', '25.2.4', '25.2', 352, 544, 500);

INSERT INTO Features
Values('25.2.4', '25.2.4.1', 43);

INSERT INTO Minutiaes
Values('25.2.4.1.1', '25.2.4.1', '/var/www/server/Datasets/MOLF/MindtctOutput/DB1_Lumidgm/25_4_2.xyt');

INSERT INTO Fingers
Values(NULL, 3, '25.3', '25');

INSERT INTO Images
Values('/var/www/server/Datasets/MOLF/OriginalDataset/DB1_Lumidgm/25_1_3.wsq', '25.3.1', '25.3', 352, 544, 500);

INSERT INTO Features
Values('25.3.1', '25.3.1.1', 51);

INSERT INTO Minutiaes
Values('25.3.1.1.1', '25.3.1.1', '/var/www/server/Datasets/MOLF/MindtctOutput/DB1_Lumidgm/25_1_3.xyt');

INSERT INTO Images
Values('/var/www/server/Datasets/MOLF/OriginalDataset/DB1_Lumidgm/25_2_3.wsq', '25.3.2', '25.3', 352, 544, 500);

INSERT INTO Features
Values('25.3.2', '25.3.2.1', 50);

INSERT INTO Minutiaes
Values('25.3.2.1.1', '25.3.2.1', '/var/www/server/Datasets/MOLF/MindtctOutput/DB1_Lumidgm/25_2_3.xyt');

INSERT INTO Images
Values('/var/www/server/Datasets/MOLF/OriginalDataset/DB1_Lumidgm/25_3_3.wsq', '25.3.3', '25.3', 352, 544, 500);

INSERT INTO Features
Values('25.3.3', '25.3.3.1', 58);

INSERT INTO Minutiaes
Values('25.3.3.1.1', '25.3.3.1', '/var/www/server/Datasets/MOLF/MindtctOutput/DB1_Lumidgm/25_3_3.xyt');

INSERT INTO Images
Values('/var/www/server/Datasets/MOLF/OriginalDataset/DB1_Lumidgm/25_4_3.wsq', '25.3.4', '25.3', 352, 544, 500);

INSERT INTO Features
Values('25.3.4', '25.3.4.1', 60);

INSERT INTO Minutiaes
Values('25.3.4.1.1', '25.3.4.1', '/var/www/server/Datasets/MOLF/MindtctOutput/DB1_Lumidgm/25_4_3.xyt');

INSERT INTO Fingers
Values(NULL, 4, '25.4', '25');

INSERT INTO Images
Values('/var/www/server/Datasets/MOLF/OriginalDataset/DB1_Lumidgm/25_1_4.wsq', '25.4.1', '25.4', 352, 544, 500);

INSERT INTO Features
Values('25.4.1', '25.4.1.1', 52);

INSERT INTO Minutiaes
Values('25.4.1.1.1', '25.4.1.1', '/var/www/server/Datasets/MOLF/MindtctOutput/DB1_Lumidgm/25_1_4.xyt');

INSERT INTO Images
Values('/var/www/server/Datasets/MOLF/OriginalDataset/DB1_Lumidgm/25_2_4.wsq', '25.4.2', '25.4', 352, 544, 500);

INSERT INTO Features
Values('25.4.2', '25.4.2.1', 50);

INSERT INTO Minutiaes
Values('25.4.2.1.1', '25.4.2.1', '/var/www/server/Datasets/MOLF/MindtctOutput/DB1_Lumidgm/25_2_4.xyt');

INSERT INTO Images
Values('/var/www/server/Datasets/MOLF/OriginalDataset/DB1_Lumidgm/25_3_4.wsq', '25.4.3', '25.4', 352, 544, 500);

INSERT INTO Features
Values('25.4.3', '25.4.3.1', 56);

INSERT INTO Minutiaes
Values('25.4.3.1.1', '25.4.3.1', '/var/www/server/Datasets/MOLF/MindtctOutput/DB1_Lumidgm/25_3_4.xyt');

INSERT INTO Images
Values('/var/www/server/Datasets/MOLF/OriginalDataset/DB1_Lumidgm/25_4_4.wsq', '25.4.4', '25.4', 352, 544, 500);

INSERT INTO Features
Values('25.4.4', '25.4.4.1', 64);

INSERT INTO Minutiaes
Values('25.4.4.1.1', '25.4.4.1', '/var/www/server/Datasets/MOLF/MindtctOutput/DB1_Lumidgm/25_4_4.xyt');

INSERT INTO Fingers
Values(NULL, 5, '25.5', '25');

INSERT INTO Images
Values('/var/www/server/Datasets/MOLF/OriginalDataset/DB1_Lumidgm/25_1_5.wsq', '25.5.1', '25.5', 352, 544, 500);

INSERT INTO Features
Values('25.5.1', '25.5.1.1', 50);

INSERT INTO Minutiaes
Values('25.5.1.1.1', '25.5.1.1', '/var/www/server/Datasets/MOLF/MindtctOutput/DB1_Lumidgm/25_1_5.xyt');

INSERT INTO Images
Values('/var/www/server/Datasets/MOLF/OriginalDataset/DB1_Lumidgm/25_2_5.wsq', '25.5.2', '25.5', 352, 544, 500);

INSERT INTO Features
Values('25.5.2', '25.5.2.1', 62);

INSERT INTO Minutiaes
Values('25.5.2.1.1', '25.5.2.1', '/var/www/server/Datasets/MOLF/MindtctOutput/DB1_Lumidgm/25_2_5.xyt');

INSERT INTO Images
Values('/var/www/server/Datasets/MOLF/OriginalDataset/DB1_Lumidgm/25_3_5.wsq', '25.5.3', '25.5', 352, 544, 500);

INSERT INTO Features
Values('25.5.3', '25.5.3.1', 69);

INSERT INTO Minutiaes
Values('25.5.3.1.1', '25.5.3.1', '/var/www/server/Datasets/MOLF/MindtctOutput/DB1_Lumidgm/25_3_5.xyt');

INSERT INTO Images
Values('/var/www/server/Datasets/MOLF/OriginalDataset/DB1_Lumidgm/25_4_5.wsq', '25.5.4', '25.5', 352, 544, 500);

INSERT INTO Features
Values('25.5.4', '25.5.4.1', 73);

INSERT INTO Minutiaes
Values('25.5.4.1.1', '25.5.4.1', '/var/www/server/Datasets/MOLF/MindtctOutput/DB1_Lumidgm/25_4_5.xyt');

INSERT INTO Fingers
Values(NULL, 6, '25.6', '25');

INSERT INTO Images
Values('/var/www/server/Datasets/MOLF/OriginalDataset/DB1_Lumidgm/25_1_6.wsq', '25.6.1', '25.6', 352, 544, 500);

INSERT INTO Features
Values('25.6.1', '25.6.1.1', 55);

INSERT INTO Minutiaes
Values('25.6.1.1.1', '25.6.1.1', '/var/www/server/Datasets/MOLF/MindtctOutput/DB1_Lumidgm/25_1_6.xyt');

INSERT INTO Images
Values('/var/www/server/Datasets/MOLF/OriginalDataset/DB1_Lumidgm/25_2_6.wsq', '25.6.2', '25.6', 352, 544, 500);

INSERT INTO Features
Values('25.6.2', '25.6.2.1', 58);

INSERT INTO Minutiaes
Values('25.6.2.1.1', '25.6.2.1', '/var/www/server/Datasets/MOLF/MindtctOutput/DB1_Lumidgm/25_2_6.xyt');

INSERT INTO Images
Values('/var/www/server/Datasets/MOLF/OriginalDataset/DB1_Lumidgm/25_3_6.wsq', '25.6.3', '25.6', 352, 544, 500);

INSERT INTO Features
Values('25.6.3', '25.6.3.1', 57);

INSERT INTO Minutiaes
Values('25.6.3.1.1', '25.6.3.1', '/var/www/server/Datasets/MOLF/MindtctOutput/DB1_Lumidgm/25_3_6.xyt');

INSERT INTO Images
Values('/var/www/server/Datasets/MOLF/OriginalDataset/DB1_Lumidgm/25_4_6.wsq', '25.6.4', '25.6', 352, 544, 500);

INSERT INTO Features
Values('25.6.4', '25.6.4.1', 55);

INSERT INTO Minutiaes
Values('25.6.4.1.1', '25.6.4.1', '/var/www/server/Datasets/MOLF/MindtctOutput/DB1_Lumidgm/25_4_6.xyt');

INSERT INTO Fingers
Values(NULL, 7, '25.7', '25');

INSERT INTO Images
Values('/var/www/server/Datasets/MOLF/OriginalDataset/DB1_Lumidgm/25_1_7.wsq', '25.7.1', '25.7', 352, 544, 500);

INSERT INTO Features
Values('25.7.1', '25.7.1.1', 65);

INSERT INTO Minutiaes
Values('25.7.1.1.1', '25.7.1.1', '/var/www/server/Datasets/MOLF/MindtctOutput/DB1_Lumidgm/25_1_7.xyt');

INSERT INTO Images
Values('/var/www/server/Datasets/MOLF/OriginalDataset/DB1_Lumidgm/25_2_7.wsq', '25.7.2', '25.7', 352, 544, 500);

INSERT INTO Features
Values('25.7.2', '25.7.2.1', 57);

INSERT INTO Minutiaes
Values('25.7.2.1.1', '25.7.2.1', '/var/www/server/Datasets/MOLF/MindtctOutput/DB1_Lumidgm/25_2_7.xyt');

INSERT INTO Images
Values('/var/www/server/Datasets/MOLF/OriginalDataset/DB1_Lumidgm/25_3_7.wsq', '25.7.3', '25.7', 352, 544, 500);

INSERT INTO Features
Values('25.7.3', '25.7.3.1', 67);

INSERT INTO Minutiaes
Values('25.7.3.1.1', '25.7.3.1', '/var/www/server/Datasets/MOLF/MindtctOutput/DB1_Lumidgm/25_3_7.xyt');

INSERT INTO Images
Values('/var/www/server/Datasets/MOLF/OriginalDataset/DB1_Lumidgm/25_4_7.wsq', '25.7.4', '25.7', 352, 544, 500);

INSERT INTO Features
Values('25.7.4', '25.7.4.1', 70);

INSERT INTO Minutiaes
Values('25.7.4.1.1', '25.7.4.1', '/var/www/server/Datasets/MOLF/MindtctOutput/DB1_Lumidgm/25_4_7.xyt');

INSERT INTO Fingers
Values(NULL, 8, '25.8', '25');

INSERT INTO Images
Values('/var/www/server/Datasets/MOLF/OriginalDataset/DB1_Lumidgm/25_1_8.wsq', '25.8.1', '25.8', 352, 544, 500);

INSERT INTO Features
Values('25.8.1', '25.8.1.1', 51);

INSERT INTO Minutiaes
Values('25.8.1.1.1', '25.8.1.1', '/var/www/server/Datasets/MOLF/MindtctOutput/DB1_Lumidgm/25_1_8.xyt');

INSERT INTO Images
Values('/var/www/server/Datasets/MOLF/OriginalDataset/DB1_Lumidgm/25_2_8.wsq', '25.8.2', '25.8', 352, 544, 500);

INSERT INTO Features
Values('25.8.2', '25.8.2.1', 55);

INSERT INTO Minutiaes
Values('25.8.2.1.1', '25.8.2.1', '/var/www/server/Datasets/MOLF/MindtctOutput/DB1_Lumidgm/25_2_8.xyt');

INSERT INTO Images
Values('/var/www/server/Datasets/MOLF/OriginalDataset/DB1_Lumidgm/25_3_8.wsq', '25.8.3', '25.8', 352, 544, 500);

INSERT INTO Features
Values('25.8.3', '25.8.3.1', 51);

INSERT INTO Minutiaes
Values('25.8.3.1.1', '25.8.3.1', '/var/www/server/Datasets/MOLF/MindtctOutput/DB1_Lumidgm/25_3_8.xyt');

INSERT INTO Images
Values('/var/www/server/Datasets/MOLF/OriginalDataset/DB1_Lumidgm/25_4_8.wsq', '25.8.4', '25.8', 352, 544, 500);

INSERT INTO Features
Values('25.8.4', '25.8.4.1', 60);

INSERT INTO Minutiaes
Values('25.8.4.1.1', '25.8.4.1', '/var/www/server/Datasets/MOLF/MindtctOutput/DB1_Lumidgm/25_4_8.xyt');

INSERT INTO Fingers
Values(NULL, 9, '25.9', '25');

INSERT INTO Images
Values('/var/www/server/Datasets/MOLF/OriginalDataset/DB1_Lumidgm/25_1_9.wsq', '25.9.1', '25.9', 352, 544, 500);

INSERT INTO Features
Values('25.9.1', '25.9.1.1', 83);

INSERT INTO Minutiaes
Values('25.9.1.1.1', '25.9.1.1', '/var/www/server/Datasets/MOLF/MindtctOutput/DB1_Lumidgm/25_1_9.xyt');

INSERT INTO Images
Values('/var/www/server/Datasets/MOLF/OriginalDataset/DB1_Lumidgm/25_2_9.wsq', '25.9.2', '25.9', 352, 544, 500);

INSERT INTO Features
Values('25.9.2', '25.9.2.1', 85);

INSERT INTO Minutiaes
Values('25.9.2.1.1', '25.9.2.1', '/var/www/server/Datasets/MOLF/MindtctOutput/DB1_Lumidgm/25_2_9.xyt');

INSERT INTO Images
Values('/var/www/server/Datasets/MOLF/OriginalDataset/DB1_Lumidgm/25_3_9.wsq', '25.9.3', '25.9', 352, 544, 500);

INSERT INTO Features
Values('25.9.3', '25.9.3.1', 85);

INSERT INTO Minutiaes
Values('25.9.3.1.1', '25.9.3.1', '/var/www/server/Datasets/MOLF/MindtctOutput/DB1_Lumidgm/25_3_9.xyt');

INSERT INTO Images
Values('/var/www/server/Datasets/MOLF/OriginalDataset/DB1_Lumidgm/25_4_9.wsq', '25.9.4', '25.9', 352, 544, 500);

INSERT INTO Features
Values('25.9.4', '25.9.4.1', 92);

INSERT INTO Minutiaes
Values('25.9.4.1.1', '25.9.4.1', '/var/www/server/Datasets/MOLF/MindtctOutput/DB1_Lumidgm/25_4_9.xyt');

INSERT INTO Fingers
Values(NULL, 10, '25.10', '25');

INSERT INTO Images
Values('/var/www/server/Datasets/MOLF/OriginalDataset/DB1_Lumidgm/25_1_10.wsq', '25.10.1', '25.10', 352, 544, 500);

INSERT INTO Features
Values('25.10.1', '25.10.1.1', 69);

INSERT INTO Minutiaes
Values('25.10.1.1.1', '25.10.1.1', '/var/www/server/Datasets/MOLF/MindtctOutput/DB1_Lumidgm/25_1_10.xyt');

INSERT INTO Images
Values('/var/www/server/Datasets/MOLF/OriginalDataset/DB1_Lumidgm/25_2_10.wsq', '25.10.2', '25.10', 352, 544, 500);

INSERT INTO Features
Values('25.10.2', '25.10.2.1', 75);

INSERT INTO Minutiaes
Values('25.10.2.1.1', '25.10.2.1', '/var/www/server/Datasets/MOLF/MindtctOutput/DB1_Lumidgm/25_2_10.xyt');

INSERT INTO Images
Values('/var/www/server/Datasets/MOLF/OriginalDataset/DB1_Lumidgm/25_3_10.wsq', '25.10.3', '25.10', 352, 544, 500);

INSERT INTO Features
Values('25.10.3', '25.10.3.1', 69);

INSERT INTO Minutiaes
Values('25.10.3.1.1', '25.10.3.1', '/var/www/server/Datasets/MOLF/MindtctOutput/DB1_Lumidgm/25_3_10.xyt');

INSERT INTO Images
Values('/var/www/server/Datasets/MOLF/OriginalDataset/DB1_Lumidgm/25_4_10.wsq', '25.10.4', '25.10', 352, 544, 500);

INSERT INTO Features
Values('25.10.4', '25.10.4.1', 71);

INSERT INTO Minutiaes
Values('25.10.4.1.1', '25.10.4.1', '/var/www/server/Datasets/MOLF/MindtctOutput/DB1_Lumidgm/25_4_10.xyt');

#------------------------SUBJECT 26------------------------
INSERT INTO Subjects
Values('26');

INSERT INTO Fingers
Values(NULL, 1, '26.1', '26');

INSERT INTO Images
Values('/var/www/server/Datasets/MOLF/OriginalDataset/DB1_Lumidgm/26_1_1.wsq', '26.1.1', '26.1', 352, 544, 500);

INSERT INTO Features
Values('26.1.1', '26.1.1.1', 53);

INSERT INTO Minutiaes
Values('26.1.1.1.1', '26.1.1.1', '/var/www/server/Datasets/MOLF/MindtctOutput/DB1_Lumidgm/26_1_1.xyt');

INSERT INTO Images
Values('/var/www/server/Datasets/MOLF/OriginalDataset/DB1_Lumidgm/26_2_1.wsq', '26.1.2', '26.1', 352, 544, 500);

INSERT INTO Features
Values('26.1.2', '26.1.2.1', 56);

INSERT INTO Minutiaes
Values('26.1.2.1.1', '26.1.2.1', '/var/www/server/Datasets/MOLF/MindtctOutput/DB1_Lumidgm/26_2_1.xyt');

INSERT INTO Images
Values('/var/www/server/Datasets/MOLF/OriginalDataset/DB1_Lumidgm/26_3_1.wsq', '26.1.3', '26.1', 352, 544, 500);

INSERT INTO Features
Values('26.1.3', '26.1.3.1', 48);

INSERT INTO Minutiaes
Values('26.1.3.1.1', '26.1.3.1', '/var/www/server/Datasets/MOLF/MindtctOutput/DB1_Lumidgm/26_3_1.xyt');

INSERT INTO Images
Values('/var/www/server/Datasets/MOLF/OriginalDataset/DB1_Lumidgm/26_4_1.wsq', '26.1.4', '26.1', 352, 544, 500);

INSERT INTO Features
Values('26.1.4', '26.1.4.1', 55);

INSERT INTO Minutiaes
Values('26.1.4.1.1', '26.1.4.1', '/var/www/server/Datasets/MOLF/MindtctOutput/DB1_Lumidgm/26_4_1.xyt');

INSERT INTO Fingers
Values(NULL, 2, '26.2', '26');

INSERT INTO Images
Values('/var/www/server/Datasets/MOLF/OriginalDataset/DB1_Lumidgm/26_1_2.wsq', '26.2.1', '26.2', 352, 544, 500);

INSERT INTO Features
Values('26.2.1', '26.2.1.1', 46);

INSERT INTO Minutiaes
Values('26.2.1.1.1', '26.2.1.1', '/var/www/server/Datasets/MOLF/MindtctOutput/DB1_Lumidgm/26_1_2.xyt');

INSERT INTO Images
Values('/var/www/server/Datasets/MOLF/OriginalDataset/DB1_Lumidgm/26_2_2.wsq', '26.2.2', '26.2', 352, 544, 500);

INSERT INTO Features
Values('26.2.2', '26.2.2.1', 54);

INSERT INTO Minutiaes
Values('26.2.2.1.1', '26.2.2.1', '/var/www/server/Datasets/MOLF/MindtctOutput/DB1_Lumidgm/26_2_2.xyt');

INSERT INTO Images
Values('/var/www/server/Datasets/MOLF/OriginalDataset/DB1_Lumidgm/26_3_2.wsq', '26.2.3', '26.2', 352, 544, 500);

INSERT INTO Features
Values('26.2.3', '26.2.3.1', 45);

INSERT INTO Minutiaes
Values('26.2.3.1.1', '26.2.3.1', '/var/www/server/Datasets/MOLF/MindtctOutput/DB1_Lumidgm/26_3_2.xyt');

INSERT INTO Images
Values('/var/www/server/Datasets/MOLF/OriginalDataset/DB1_Lumidgm/26_4_2.wsq', '26.2.4', '26.2', 352, 544, 500);

INSERT INTO Features
Values('26.2.4', '26.2.4.1', 41);

INSERT INTO Minutiaes
Values('26.2.4.1.1', '26.2.4.1', '/var/www/server/Datasets/MOLF/MindtctOutput/DB1_Lumidgm/26_4_2.xyt');

INSERT INTO Fingers
Values(NULL, 3, '26.3', '26');

INSERT INTO Images
Values('/var/www/server/Datasets/MOLF/OriginalDataset/DB1_Lumidgm/26_1_3.wsq', '26.3.1', '26.3', 352, 544, 500);

INSERT INTO Features
Values('26.3.1', '26.3.1.1', 81);

INSERT INTO Minutiaes
Values('26.3.1.1.1', '26.3.1.1', '/var/www/server/Datasets/MOLF/MindtctOutput/DB1_Lumidgm/26_1_3.xyt');

INSERT INTO Images
Values('/var/www/server/Datasets/MOLF/OriginalDataset/DB1_Lumidgm/26_2_3.wsq', '26.3.2', '26.3', 352, 544, 500);

INSERT INTO Features
Values('26.3.2', '26.3.2.1', 51);

INSERT INTO Minutiaes
Values('26.3.2.1.1', '26.3.2.1', '/var/www/server/Datasets/MOLF/MindtctOutput/DB1_Lumidgm/26_2_3.xyt');

INSERT INTO Images
Values('/var/www/server/Datasets/MOLF/OriginalDataset/DB1_Lumidgm/26_3_3.wsq', '26.3.3', '26.3', 352, 544, 500);

INSERT INTO Features
Values('26.3.3', '26.3.3.1', 38);

INSERT INTO Minutiaes
Values('26.3.3.1.1', '26.3.3.1', '/var/www/server/Datasets/MOLF/MindtctOutput/DB1_Lumidgm/26_3_3.xyt');

INSERT INTO Images
Values('/var/www/server/Datasets/MOLF/OriginalDataset/DB1_Lumidgm/26_4_3.wsq', '26.3.4', '26.3', 352, 544, 500);

INSERT INTO Features
Values('26.3.4', '26.3.4.1', 50);

INSERT INTO Minutiaes
Values('26.3.4.1.1', '26.3.4.1', '/var/www/server/Datasets/MOLF/MindtctOutput/DB1_Lumidgm/26_4_3.xyt');

INSERT INTO Fingers
Values(NULL, 4, '26.4', '26');

INSERT INTO Images
Values('/var/www/server/Datasets/MOLF/OriginalDataset/DB1_Lumidgm/26_1_4.wsq', '26.4.1', '26.4', 352, 544, 500);

INSERT INTO Features
Values('26.4.1', '26.4.1.1', 81);

INSERT INTO Minutiaes
Values('26.4.1.1.1', '26.4.1.1', '/var/www/server/Datasets/MOLF/MindtctOutput/DB1_Lumidgm/26_1_4.xyt');

INSERT INTO Images
Values('/var/www/server/Datasets/MOLF/OriginalDataset/DB1_Lumidgm/26_2_4.wsq', '26.4.2', '26.4', 352, 544, 500);

INSERT INTO Features
Values('26.4.2', '26.4.2.1', 69);

INSERT INTO Minutiaes
Values('26.4.2.1.1', '26.4.2.1', '/var/www/server/Datasets/MOLF/MindtctOutput/DB1_Lumidgm/26_2_4.xyt');

INSERT INTO Images
Values('/var/www/server/Datasets/MOLF/OriginalDataset/DB1_Lumidgm/26_3_4.wsq', '26.4.3', '26.4', 352, 544, 500);

INSERT INTO Features
Values('26.4.3', '26.4.3.1', 62);

INSERT INTO Minutiaes
Values('26.4.3.1.1', '26.4.3.1', '/var/www/server/Datasets/MOLF/MindtctOutput/DB1_Lumidgm/26_3_4.xyt');

INSERT INTO Images
Values('/var/www/server/Datasets/MOLF/OriginalDataset/DB1_Lumidgm/26_4_4.wsq', '26.4.4', '26.4', 352, 544, 500);

INSERT INTO Features
Values('26.4.4', '26.4.4.1', 80);

INSERT INTO Minutiaes
Values('26.4.4.1.1', '26.4.4.1', '/var/www/server/Datasets/MOLF/MindtctOutput/DB1_Lumidgm/26_4_4.xyt');

INSERT INTO Fingers
Values(NULL, 5, '26.5', '26');

INSERT INTO Images
Values('/var/www/server/Datasets/MOLF/OriginalDataset/DB1_Lumidgm/26_1_5.wsq', '26.5.1', '26.5', 352, 544, 500);

INSERT INTO Features
Values('26.5.1', '26.5.1.1', 49);

INSERT INTO Minutiaes
Values('26.5.1.1.1', '26.5.1.1', '/var/www/server/Datasets/MOLF/MindtctOutput/DB1_Lumidgm/26_1_5.xyt');

INSERT INTO Images
Values('/var/www/server/Datasets/MOLF/OriginalDataset/DB1_Lumidgm/26_2_5.wsq', '26.5.2', '26.5', 352, 544, 500);

INSERT INTO Features
Values('26.5.2', '26.5.2.1', 36);

INSERT INTO Minutiaes
Values('26.5.2.1.1', '26.5.2.1', '/var/www/server/Datasets/MOLF/MindtctOutput/DB1_Lumidgm/26_2_5.xyt');

INSERT INTO Images
Values('/var/www/server/Datasets/MOLF/OriginalDataset/DB1_Lumidgm/26_3_5.wsq', '26.5.3', '26.5', 352, 544, 500);

INSERT INTO Features
Values('26.5.3', '26.5.3.1', 48);

INSERT INTO Minutiaes
Values('26.5.3.1.1', '26.5.3.1', '/var/www/server/Datasets/MOLF/MindtctOutput/DB1_Lumidgm/26_3_5.xyt');

INSERT INTO Images
Values('/var/www/server/Datasets/MOLF/OriginalDataset/DB1_Lumidgm/26_4_5.wsq', '26.5.4', '26.5', 352, 544, 500);

INSERT INTO Features
Values('26.5.4', '26.5.4.1', 59);

INSERT INTO Minutiaes
Values('26.5.4.1.1', '26.5.4.1', '/var/www/server/Datasets/MOLF/MindtctOutput/DB1_Lumidgm/26_4_5.xyt');

INSERT INTO Fingers
Values(NULL, 6, '26.6', '26');

INSERT INTO Images
Values('/var/www/server/Datasets/MOLF/OriginalDataset/DB1_Lumidgm/26_1_6.wsq', '26.6.1', '26.6', 352, 544, 500);

INSERT INTO Features
Values('26.6.1', '26.6.1.1', 51);

INSERT INTO Minutiaes
Values('26.6.1.1.1', '26.6.1.1', '/var/www/server/Datasets/MOLF/MindtctOutput/DB1_Lumidgm/26_1_6.xyt');

INSERT INTO Images
Values('/var/www/server/Datasets/MOLF/OriginalDataset/DB1_Lumidgm/26_2_6.wsq', '26.6.2', '26.6', 352, 544, 500);

INSERT INTO Features
Values('26.6.2', '26.6.2.1', 47);

INSERT INTO Minutiaes
Values('26.6.2.1.1', '26.6.2.1', '/var/www/server/Datasets/MOLF/MindtctOutput/DB1_Lumidgm/26_2_6.xyt');

INSERT INTO Images
Values('/var/www/server/Datasets/MOLF/OriginalDataset/DB1_Lumidgm/26_3_6.wsq', '26.6.3', '26.6', 352, 544, 500);

INSERT INTO Features
Values('26.6.3', '26.6.3.1', 45);

INSERT INTO Minutiaes
Values('26.6.3.1.1', '26.6.3.1', '/var/www/server/Datasets/MOLF/MindtctOutput/DB1_Lumidgm/26_3_6.xyt');

INSERT INTO Images
Values('/var/www/server/Datasets/MOLF/OriginalDataset/DB1_Lumidgm/26_4_6.wsq', '26.6.4', '26.6', 352, 544, 500);

INSERT INTO Features
Values('26.6.4', '26.6.4.1', 57);

INSERT INTO Minutiaes
Values('26.6.4.1.1', '26.6.4.1', '/var/www/server/Datasets/MOLF/MindtctOutput/DB1_Lumidgm/26_4_6.xyt');

INSERT INTO Fingers
Values(NULL, 7, '26.7', '26');

INSERT INTO Images
Values('/var/www/server/Datasets/MOLF/OriginalDataset/DB1_Lumidgm/26_1_7.wsq', '26.7.1', '26.7', 352, 544, 500);

INSERT INTO Features
Values('26.7.1', '26.7.1.1', 47);

INSERT INTO Minutiaes
Values('26.7.1.1.1', '26.7.1.1', '/var/www/server/Datasets/MOLF/MindtctOutput/DB1_Lumidgm/26_1_7.xyt');

INSERT INTO Images
Values('/var/www/server/Datasets/MOLF/OriginalDataset/DB1_Lumidgm/26_2_7.wsq', '26.7.2', '26.7', 352, 544, 500);

INSERT INTO Features
Values('26.7.2', '26.7.2.1', 49);

INSERT INTO Minutiaes
Values('26.7.2.1.1', '26.7.2.1', '/var/www/server/Datasets/MOLF/MindtctOutput/DB1_Lumidgm/26_2_7.xyt');

INSERT INTO Images
Values('/var/www/server/Datasets/MOLF/OriginalDataset/DB1_Lumidgm/26_3_7.wsq', '26.7.3', '26.7', 352, 544, 500);

INSERT INTO Features
Values('26.7.3', '26.7.3.1', 47);

INSERT INTO Minutiaes
Values('26.7.3.1.1', '26.7.3.1', '/var/www/server/Datasets/MOLF/MindtctOutput/DB1_Lumidgm/26_3_7.xyt');

INSERT INTO Images
Values('/var/www/server/Datasets/MOLF/OriginalDataset/DB1_Lumidgm/26_4_7.wsq', '26.7.4', '26.7', 352, 544, 500);

INSERT INTO Features
Values('26.7.4', '26.7.4.1', 53);

INSERT INTO Minutiaes
Values('26.7.4.1.1', '26.7.4.1', '/var/www/server/Datasets/MOLF/MindtctOutput/DB1_Lumidgm/26_4_7.xyt');

INSERT INTO Fingers
Values(NULL, 8, '26.8', '26');

INSERT INTO Images
Values('/var/www/server/Datasets/MOLF/OriginalDataset/DB1_Lumidgm/26_1_8.wsq', '26.8.1', '26.8', 352, 544, 500);

INSERT INTO Features
Values('26.8.1', '26.8.1.1', 47);

INSERT INTO Minutiaes
Values('26.8.1.1.1', '26.8.1.1', '/var/www/server/Datasets/MOLF/MindtctOutput/DB1_Lumidgm/26_1_8.xyt');

INSERT INTO Images
Values('/var/www/server/Datasets/MOLF/OriginalDataset/DB1_Lumidgm/26_2_8.wsq', '26.8.2', '26.8', 352, 544, 500);

INSERT INTO Features
Values('26.8.2', '26.8.2.1', 42);

INSERT INTO Minutiaes
Values('26.8.2.1.1', '26.8.2.1', '/var/www/server/Datasets/MOLF/MindtctOutput/DB1_Lumidgm/26_2_8.xyt');

INSERT INTO Images
Values('/var/www/server/Datasets/MOLF/OriginalDataset/DB1_Lumidgm/26_3_8.wsq', '26.8.3', '26.8', 352, 544, 500);

INSERT INTO Features
Values('26.8.3', '26.8.3.1', 44);

INSERT INTO Minutiaes
Values('26.8.3.1.1', '26.8.3.1', '/var/www/server/Datasets/MOLF/MindtctOutput/DB1_Lumidgm/26_3_8.xyt');

INSERT INTO Images
Values('/var/www/server/Datasets/MOLF/OriginalDataset/DB1_Lumidgm/26_4_8.wsq', '26.8.4', '26.8', 352, 544, 500);

INSERT INTO Features
Values('26.8.4', '26.8.4.1', 42);

INSERT INTO Minutiaes
Values('26.8.4.1.1', '26.8.4.1', '/var/www/server/Datasets/MOLF/MindtctOutput/DB1_Lumidgm/26_4_8.xyt');

INSERT INTO Fingers
Values(NULL, 9, '26.9', '26');

INSERT INTO Images
Values('/var/www/server/Datasets/MOLF/OriginalDataset/DB1_Lumidgm/26_1_9.wsq', '26.9.1', '26.9', 352, 544, 500);

INSERT INTO Features
Values('26.9.1', '26.9.1.1', 68);

INSERT INTO Minutiaes
Values('26.9.1.1.1', '26.9.1.1', '/var/www/server/Datasets/MOLF/MindtctOutput/DB1_Lumidgm/26_1_9.xyt');

INSERT INTO Images
Values('/var/www/server/Datasets/MOLF/OriginalDataset/DB1_Lumidgm/26_2_9.wsq', '26.9.2', '26.9', 352, 544, 500);

INSERT INTO Features
Values('26.9.2', '26.9.2.1', 73);

INSERT INTO Minutiaes
Values('26.9.2.1.1', '26.9.2.1', '/var/www/server/Datasets/MOLF/MindtctOutput/DB1_Lumidgm/26_2_9.xyt');

INSERT INTO Images
Values('/var/www/server/Datasets/MOLF/OriginalDataset/DB1_Lumidgm/26_3_9.wsq', '26.9.3', '26.9', 352, 544, 500);

INSERT INTO Features
Values('26.9.3', '26.9.3.1', 49);

INSERT INTO Minutiaes
Values('26.9.3.1.1', '26.9.3.1', '/var/www/server/Datasets/MOLF/MindtctOutput/DB1_Lumidgm/26_3_9.xyt');

INSERT INTO Images
Values('/var/www/server/Datasets/MOLF/OriginalDataset/DB1_Lumidgm/26_4_9.wsq', '26.9.4', '26.9', 352, 544, 500);

INSERT INTO Features
Values('26.9.4', '26.9.4.1', 72);

INSERT INTO Minutiaes
Values('26.9.4.1.1', '26.9.4.1', '/var/www/server/Datasets/MOLF/MindtctOutput/DB1_Lumidgm/26_4_9.xyt');

INSERT INTO Fingers
Values(NULL, 10, '26.10', '26');

INSERT INTO Images
Values('/var/www/server/Datasets/MOLF/OriginalDataset/DB1_Lumidgm/26_1_10.wsq', '26.10.1', '26.10', 352, 544, 500);

INSERT INTO Features
Values('26.10.1', '26.10.1.1', 57);

INSERT INTO Minutiaes
Values('26.10.1.1.1', '26.10.1.1', '/var/www/server/Datasets/MOLF/MindtctOutput/DB1_Lumidgm/26_1_10.xyt');

INSERT INTO Images
Values('/var/www/server/Datasets/MOLF/OriginalDataset/DB1_Lumidgm/26_2_10.wsq', '26.10.2', '26.10', 352, 544, 500);

INSERT INTO Features
Values('26.10.2', '26.10.2.1', 51);

INSERT INTO Minutiaes
Values('26.10.2.1.1', '26.10.2.1', '/var/www/server/Datasets/MOLF/MindtctOutput/DB1_Lumidgm/26_2_10.xyt');

INSERT INTO Images
Values('/var/www/server/Datasets/MOLF/OriginalDataset/DB1_Lumidgm/26_3_10.wsq', '26.10.3', '26.10', 352, 544, 500);

INSERT INTO Features
Values('26.10.3', '26.10.3.1', 42);

INSERT INTO Minutiaes
Values('26.10.3.1.1', '26.10.3.1', '/var/www/server/Datasets/MOLF/MindtctOutput/DB1_Lumidgm/26_3_10.xyt');

INSERT INTO Images
Values('/var/www/server/Datasets/MOLF/OriginalDataset/DB1_Lumidgm/26_4_10.wsq', '26.10.4', '26.10', 352, 544, 500);

INSERT INTO Features
Values('26.10.4', '26.10.4.1', 55);

INSERT INTO Minutiaes
Values('26.10.4.1.1', '26.10.4.1', '/var/www/server/Datasets/MOLF/MindtctOutput/DB1_Lumidgm/26_4_10.xyt');

#------------------------SUBJECT 27------------------------
INSERT INTO Subjects
Values('27');

INSERT INTO Fingers
Values(NULL, 1, '27.1', '27');

INSERT INTO Images
Values('/var/www/server/Datasets/MOLF/OriginalDataset/DB1_Lumidgm/27_1_1.wsq', '27.1.1', '27.1', 352, 544, 500);

INSERT INTO Features
Values('27.1.1', '27.1.1.1', 47);

INSERT INTO Minutiaes
Values('27.1.1.1.1', '27.1.1.1', '/var/www/server/Datasets/MOLF/MindtctOutput/DB1_Lumidgm/27_1_1.xyt');

INSERT INTO Images
Values('/var/www/server/Datasets/MOLF/OriginalDataset/DB1_Lumidgm/27_2_1.wsq', '27.1.2', '27.1', 352, 544, 500);

INSERT INTO Features
Values('27.1.2', '27.1.2.1', 56);

INSERT INTO Minutiaes
Values('27.1.2.1.1', '27.1.2.1', '/var/www/server/Datasets/MOLF/MindtctOutput/DB1_Lumidgm/27_2_1.xyt');

INSERT INTO Images
Values('/var/www/server/Datasets/MOLF/OriginalDataset/DB1_Lumidgm/27_3_1.wsq', '27.1.3', '27.1', 352, 544, 500);

INSERT INTO Features
Values('27.1.3', '27.1.3.1', 62);

INSERT INTO Minutiaes
Values('27.1.3.1.1', '27.1.3.1', '/var/www/server/Datasets/MOLF/MindtctOutput/DB1_Lumidgm/27_3_1.xyt');

INSERT INTO Images
Values('/var/www/server/Datasets/MOLF/OriginalDataset/DB1_Lumidgm/27_4_1.wsq', '27.1.4', '27.1', 352, 544, 500);

INSERT INTO Features
Values('27.1.4', '27.1.4.1', 73);

INSERT INTO Minutiaes
Values('27.1.4.1.1', '27.1.4.1', '/var/www/server/Datasets/MOLF/MindtctOutput/DB1_Lumidgm/27_4_1.xyt');

INSERT INTO Fingers
Values(NULL, 2, '27.2', '27');

INSERT INTO Images
Values('/var/www/server/Datasets/MOLF/OriginalDataset/DB1_Lumidgm/27_1_2.wsq', '27.2.1', '27.2', 352, 544, 500);

INSERT INTO Features
Values('27.2.1', '27.2.1.1', 54);

INSERT INTO Minutiaes
Values('27.2.1.1.1', '27.2.1.1', '/var/www/server/Datasets/MOLF/MindtctOutput/DB1_Lumidgm/27_1_2.xyt');

INSERT INTO Images
Values('/var/www/server/Datasets/MOLF/OriginalDataset/DB1_Lumidgm/27_2_2.wsq', '27.2.2', '27.2', 352, 544, 500);

INSERT INTO Features
Values('27.2.2', '27.2.2.1', 57);

INSERT INTO Minutiaes
Values('27.2.2.1.1', '27.2.2.1', '/var/www/server/Datasets/MOLF/MindtctOutput/DB1_Lumidgm/27_2_2.xyt');

INSERT INTO Images
Values('/var/www/server/Datasets/MOLF/OriginalDataset/DB1_Lumidgm/27_3_2.wsq', '27.2.3', '27.2', 352, 544, 500);

INSERT INTO Features
Values('27.2.3', '27.2.3.1', 60);

INSERT INTO Minutiaes
Values('27.2.3.1.1', '27.2.3.1', '/var/www/server/Datasets/MOLF/MindtctOutput/DB1_Lumidgm/27_3_2.xyt');

INSERT INTO Images
Values('/var/www/server/Datasets/MOLF/OriginalDataset/DB1_Lumidgm/27_4_2.wsq', '27.2.4', '27.2', 352, 544, 500);

INSERT INTO Features
Values('27.2.4', '27.2.4.1', 64);

INSERT INTO Minutiaes
Values('27.2.4.1.1', '27.2.4.1', '/var/www/server/Datasets/MOLF/MindtctOutput/DB1_Lumidgm/27_4_2.xyt');

INSERT INTO Fingers
Values(NULL, 3, '27.3', '27');

INSERT INTO Images
Values('/var/www/server/Datasets/MOLF/OriginalDataset/DB1_Lumidgm/27_1_3.wsq', '27.3.1', '27.3', 352, 544, 500);

INSERT INTO Features
Values('27.3.1', '27.3.1.1', 93);

INSERT INTO Minutiaes
Values('27.3.1.1.1', '27.3.1.1', '/var/www/server/Datasets/MOLF/MindtctOutput/DB1_Lumidgm/27_1_3.xyt');

INSERT INTO Images
Values('/var/www/server/Datasets/MOLF/OriginalDataset/DB1_Lumidgm/27_2_3.wsq', '27.3.2', '27.3', 352, 544, 500);

INSERT INTO Features
Values('27.3.2', '27.3.2.1', 78);

INSERT INTO Minutiaes
Values('27.3.2.1.1', '27.3.2.1', '/var/www/server/Datasets/MOLF/MindtctOutput/DB1_Lumidgm/27_2_3.xyt');

INSERT INTO Images
Values('/var/www/server/Datasets/MOLF/OriginalDataset/DB1_Lumidgm/27_3_3.wsq', '27.3.3', '27.3', 352, 544, 500);

INSERT INTO Features
Values('27.3.3', '27.3.3.1', 89);

INSERT INTO Minutiaes
Values('27.3.3.1.1', '27.3.3.1', '/var/www/server/Datasets/MOLF/MindtctOutput/DB1_Lumidgm/27_3_3.xyt');

INSERT INTO Images
Values('/var/www/server/Datasets/MOLF/OriginalDataset/DB1_Lumidgm/27_4_3.wsq', '27.3.4', '27.3', 352, 544, 500);

INSERT INTO Features
Values('27.3.4', '27.3.4.1', 96);

INSERT INTO Minutiaes
Values('27.3.4.1.1', '27.3.4.1', '/var/www/server/Datasets/MOLF/MindtctOutput/DB1_Lumidgm/27_4_3.xyt');

INSERT INTO Fingers
Values(NULL, 4, '27.4', '27');

INSERT INTO Images
Values('/var/www/server/Datasets/MOLF/OriginalDataset/DB1_Lumidgm/27_1_4.wsq', '27.4.1', '27.4', 352, 544, 500);

INSERT INTO Features
Values('27.4.1', '27.4.1.1', 63);

INSERT INTO Minutiaes
Values('27.4.1.1.1', '27.4.1.1', '/var/www/server/Datasets/MOLF/MindtctOutput/DB1_Lumidgm/27_1_4.xyt');

INSERT INTO Images
Values('/var/www/server/Datasets/MOLF/OriginalDataset/DB1_Lumidgm/27_2_4.wsq', '27.4.2', '27.4', 352, 544, 500);

INSERT INTO Features
Values('27.4.2', '27.4.2.1', 87);

INSERT INTO Minutiaes
Values('27.4.2.1.1', '27.4.2.1', '/var/www/server/Datasets/MOLF/MindtctOutput/DB1_Lumidgm/27_2_4.xyt');

INSERT INTO Images
Values('/var/www/server/Datasets/MOLF/OriginalDataset/DB1_Lumidgm/27_3_4.wsq', '27.4.3', '27.4', 352, 544, 500);

INSERT INTO Features
Values('27.4.3', '27.4.3.1', 79);

INSERT INTO Minutiaes
Values('27.4.3.1.1', '27.4.3.1', '/var/www/server/Datasets/MOLF/MindtctOutput/DB1_Lumidgm/27_3_4.xyt');

INSERT INTO Images
Values('/var/www/server/Datasets/MOLF/OriginalDataset/DB1_Lumidgm/27_4_4.wsq', '27.4.4', '27.4', 352, 544, 500);

INSERT INTO Features
Values('27.4.4', '27.4.4.1', 81);

INSERT INTO Minutiaes
Values('27.4.4.1.1', '27.4.4.1', '/var/www/server/Datasets/MOLF/MindtctOutput/DB1_Lumidgm/27_4_4.xyt');

INSERT INTO Fingers
Values(NULL, 5, '27.5', '27');

INSERT INTO Images
Values('/var/www/server/Datasets/MOLF/OriginalDataset/DB1_Lumidgm/27_1_5.wsq', '27.5.1', '27.5', 352, 544, 500);

INSERT INTO Features
Values('27.5.1', '27.5.1.1', 60);

INSERT INTO Minutiaes
Values('27.5.1.1.1', '27.5.1.1', '/var/www/server/Datasets/MOLF/MindtctOutput/DB1_Lumidgm/27_1_5.xyt');

INSERT INTO Images
Values('/var/www/server/Datasets/MOLF/OriginalDataset/DB1_Lumidgm/27_2_5.wsq', '27.5.2', '27.5', 352, 544, 500);

INSERT INTO Features
Values('27.5.2', '27.5.2.1', 63);

INSERT INTO Minutiaes
Values('27.5.2.1.1', '27.5.2.1', '/var/www/server/Datasets/MOLF/MindtctOutput/DB1_Lumidgm/27_2_5.xyt');

INSERT INTO Images
Values('/var/www/server/Datasets/MOLF/OriginalDataset/DB1_Lumidgm/27_3_5.wsq', '27.5.3', '27.5', 352, 544, 500);

INSERT INTO Features
Values('27.5.3', '27.5.3.1', 57);

INSERT INTO Minutiaes
Values('27.5.3.1.1', '27.5.3.1', '/var/www/server/Datasets/MOLF/MindtctOutput/DB1_Lumidgm/27_3_5.xyt');

INSERT INTO Images
Values('/var/www/server/Datasets/MOLF/OriginalDataset/DB1_Lumidgm/27_4_5.wsq', '27.5.4', '27.5', 352, 544, 500);

INSERT INTO Features
Values('27.5.4', '27.5.4.1', 77);

INSERT INTO Minutiaes
Values('27.5.4.1.1', '27.5.4.1', '/var/www/server/Datasets/MOLF/MindtctOutput/DB1_Lumidgm/27_4_5.xyt');

INSERT INTO Fingers
Values(NULL, 6, '27.6', '27');

INSERT INTO Images
Values('/var/www/server/Datasets/MOLF/OriginalDataset/DB1_Lumidgm/27_1_6.wsq', '27.6.1', '27.6', 352, 544, 500);

INSERT INTO Features
Values('27.6.1', '27.6.1.1', 82);

INSERT INTO Minutiaes
Values('27.6.1.1.1', '27.6.1.1', '/var/www/server/Datasets/MOLF/MindtctOutput/DB1_Lumidgm/27_1_6.xyt');

INSERT INTO Images
Values('/var/www/server/Datasets/MOLF/OriginalDataset/DB1_Lumidgm/27_2_6.wsq', '27.6.2', '27.6', 352, 544, 500);

INSERT INTO Features
Values('27.6.2', '27.6.2.1', 58);

INSERT INTO Minutiaes
Values('27.6.2.1.1', '27.6.2.1', '/var/www/server/Datasets/MOLF/MindtctOutput/DB1_Lumidgm/27_2_6.xyt');

INSERT INTO Images
Values('/var/www/server/Datasets/MOLF/OriginalDataset/DB1_Lumidgm/27_3_6.wsq', '27.6.3', '27.6', 352, 544, 500);

INSERT INTO Features
Values('27.6.3', '27.6.3.1', 106);

INSERT INTO Minutiaes
Values('27.6.3.1.1', '27.6.3.1', '/var/www/server/Datasets/MOLF/MindtctOutput/DB1_Lumidgm/27_3_6.xyt');

INSERT INTO Images
Values('/var/www/server/Datasets/MOLF/OriginalDataset/DB1_Lumidgm/27_4_6.wsq', '27.6.4', '27.6', 352, 544, 500);

INSERT INTO Features
Values('27.6.4', '27.6.4.1', 82);

INSERT INTO Minutiaes
Values('27.6.4.1.1', '27.6.4.1', '/var/www/server/Datasets/MOLF/MindtctOutput/DB1_Lumidgm/27_4_6.xyt');

INSERT INTO Fingers
Values(NULL, 7, '27.7', '27');

INSERT INTO Images
Values('/var/www/server/Datasets/MOLF/OriginalDataset/DB1_Lumidgm/27_1_7.wsq', '27.7.1', '27.7', 352, 544, 500);

INSERT INTO Features
Values('27.7.1', '27.7.1.1', 72);

INSERT INTO Minutiaes
Values('27.7.1.1.1', '27.7.1.1', '/var/www/server/Datasets/MOLF/MindtctOutput/DB1_Lumidgm/27_1_7.xyt');

INSERT INTO Images
Values('/var/www/server/Datasets/MOLF/OriginalDataset/DB1_Lumidgm/27_2_7.wsq', '27.7.2', '27.7', 352, 544, 500);

INSERT INTO Features
Values('27.7.2', '27.7.2.1', 63);

INSERT INTO Minutiaes
Values('27.7.2.1.1', '27.7.2.1', '/var/www/server/Datasets/MOLF/MindtctOutput/DB1_Lumidgm/27_2_7.xyt');

INSERT INTO Images
Values('/var/www/server/Datasets/MOLF/OriginalDataset/DB1_Lumidgm/27_3_7.wsq', '27.7.3', '27.7', 352, 544, 500);

INSERT INTO Features
Values('27.7.3', '27.7.3.1', 73);

INSERT INTO Minutiaes
Values('27.7.3.1.1', '27.7.3.1', '/var/www/server/Datasets/MOLF/MindtctOutput/DB1_Lumidgm/27_3_7.xyt');

INSERT INTO Images
Values('/var/www/server/Datasets/MOLF/OriginalDataset/DB1_Lumidgm/27_4_7.wsq', '27.7.4', '27.7', 352, 544, 500);

INSERT INTO Features
Values('27.7.4', '27.7.4.1', 95);

INSERT INTO Minutiaes
Values('27.7.4.1.1', '27.7.4.1', '/var/www/server/Datasets/MOLF/MindtctOutput/DB1_Lumidgm/27_4_7.xyt');

INSERT INTO Fingers
Values(NULL, 8, '27.8', '27');

INSERT INTO Images
Values('/var/www/server/Datasets/MOLF/OriginalDataset/DB1_Lumidgm/27_1_8.wsq', '27.8.1', '27.8', 352, 544, 500);

INSERT INTO Features
Values('27.8.1', '27.8.1.1', 76);

INSERT INTO Minutiaes
Values('27.8.1.1.1', '27.8.1.1', '/var/www/server/Datasets/MOLF/MindtctOutput/DB1_Lumidgm/27_1_8.xyt');

INSERT INTO Images
Values('/var/www/server/Datasets/MOLF/OriginalDataset/DB1_Lumidgm/27_2_8.wsq', '27.8.2', '27.8', 352, 544, 500);

INSERT INTO Features
Values('27.8.2', '27.8.2.1', 65);

INSERT INTO Minutiaes
Values('27.8.2.1.1', '27.8.2.1', '/var/www/server/Datasets/MOLF/MindtctOutput/DB1_Lumidgm/27_2_8.xyt');

INSERT INTO Images
Values('/var/www/server/Datasets/MOLF/OriginalDataset/DB1_Lumidgm/27_3_8.wsq', '27.8.3', '27.8', 352, 544, 500);

INSERT INTO Features
Values('27.8.3', '27.8.3.1', 72);

INSERT INTO Minutiaes
Values('27.8.3.1.1', '27.8.3.1', '/var/www/server/Datasets/MOLF/MindtctOutput/DB1_Lumidgm/27_3_8.xyt');

INSERT INTO Images
Values('/var/www/server/Datasets/MOLF/OriginalDataset/DB1_Lumidgm/27_4_8.wsq', '27.8.4', '27.8', 352, 544, 500);

INSERT INTO Features
Values('27.8.4', '27.8.4.1', 94);

INSERT INTO Minutiaes
Values('27.8.4.1.1', '27.8.4.1', '/var/www/server/Datasets/MOLF/MindtctOutput/DB1_Lumidgm/27_4_8.xyt');

INSERT INTO Fingers
Values(NULL, 9, '27.9', '27');

INSERT INTO Images
Values('/var/www/server/Datasets/MOLF/OriginalDataset/DB1_Lumidgm/27_1_9.wsq', '27.9.1', '27.9', 352, 544, 500);

INSERT INTO Features
Values('27.9.1', '27.9.1.1', 95);

INSERT INTO Minutiaes
Values('27.9.1.1.1', '27.9.1.1', '/var/www/server/Datasets/MOLF/MindtctOutput/DB1_Lumidgm/27_1_9.xyt');

INSERT INTO Images
Values('/var/www/server/Datasets/MOLF/OriginalDataset/DB1_Lumidgm/27_2_9.wsq', '27.9.2', '27.9', 352, 544, 500);

INSERT INTO Features
Values('27.9.2', '27.9.2.1', 80);

INSERT INTO Minutiaes
Values('27.9.2.1.1', '27.9.2.1', '/var/www/server/Datasets/MOLF/MindtctOutput/DB1_Lumidgm/27_2_9.xyt');

INSERT INTO Images
Values('/var/www/server/Datasets/MOLF/OriginalDataset/DB1_Lumidgm/27_3_9.wsq', '27.9.3', '27.9', 352, 544, 500);

INSERT INTO Features
Values('27.9.3', '27.9.3.1', 85);

INSERT INTO Minutiaes
Values('27.9.3.1.1', '27.9.3.1', '/var/www/server/Datasets/MOLF/MindtctOutput/DB1_Lumidgm/27_3_9.xyt');

INSERT INTO Images
Values('/var/www/server/Datasets/MOLF/OriginalDataset/DB1_Lumidgm/27_4_9.wsq', '27.9.4', '27.9', 352, 544, 500);

INSERT INTO Features
Values('27.9.4', '27.9.4.1', 94);

INSERT INTO Minutiaes
Values('27.9.4.1.1', '27.9.4.1', '/var/www/server/Datasets/MOLF/MindtctOutput/DB1_Lumidgm/27_4_9.xyt');

INSERT INTO Fingers
Values(NULL, 10, '27.10', '27');

INSERT INTO Images
Values('/var/www/server/Datasets/MOLF/OriginalDataset/DB1_Lumidgm/27_1_10.wsq', '27.10.1', '27.10', 352, 544, 500);

INSERT INTO Features
Values('27.10.1', '27.10.1.1', 76);

INSERT INTO Minutiaes
Values('27.10.1.1.1', '27.10.1.1', '/var/www/server/Datasets/MOLF/MindtctOutput/DB1_Lumidgm/27_1_10.xyt');

INSERT INTO Images
Values('/var/www/server/Datasets/MOLF/OriginalDataset/DB1_Lumidgm/27_2_10.wsq', '27.10.2', '27.10', 352, 544, 500);

INSERT INTO Features
Values('27.10.2', '27.10.2.1', 77);

INSERT INTO Minutiaes
Values('27.10.2.1.1', '27.10.2.1', '/var/www/server/Datasets/MOLF/MindtctOutput/DB1_Lumidgm/27_2_10.xyt');

INSERT INTO Images
Values('/var/www/server/Datasets/MOLF/OriginalDataset/DB1_Lumidgm/27_3_10.wsq', '27.10.3', '27.10', 352, 544, 500);

INSERT INTO Features
Values('27.10.3', '27.10.3.1', 92);

INSERT INTO Minutiaes
Values('27.10.3.1.1', '27.10.3.1', '/var/www/server/Datasets/MOLF/MindtctOutput/DB1_Lumidgm/27_3_10.xyt');

INSERT INTO Images
Values('/var/www/server/Datasets/MOLF/OriginalDataset/DB1_Lumidgm/27_4_10.wsq', '27.10.4', '27.10', 352, 544, 500);

INSERT INTO Features
Values('27.10.4', '27.10.4.1', 86);

INSERT INTO Minutiaes
Values('27.10.4.1.1', '27.10.4.1', '/var/www/server/Datasets/MOLF/MindtctOutput/DB1_Lumidgm/27_4_10.xyt');

#------------------------SUBJECT 28------------------------
INSERT INTO Subjects
Values('28');

INSERT INTO Fingers
Values(NULL, 1, '28.1', '28');

INSERT INTO Images
Values('/var/www/server/Datasets/MOLF/OriginalDataset/DB1_Lumidgm/28_1_1.wsq', '28.1.1', '28.1', 352, 544, 500);

INSERT INTO Features
Values('28.1.1', '28.1.1.1', 58);

INSERT INTO Minutiaes
Values('28.1.1.1.1', '28.1.1.1', '/var/www/server/Datasets/MOLF/MindtctOutput/DB1_Lumidgm/28_1_1.xyt');

INSERT INTO Images
Values('/var/www/server/Datasets/MOLF/OriginalDataset/DB1_Lumidgm/28_2_1.wsq', '28.1.2', '28.1', 352, 544, 500);

INSERT INTO Features
Values('28.1.2', '28.1.2.1', 64);

INSERT INTO Minutiaes
Values('28.1.2.1.1', '28.1.2.1', '/var/www/server/Datasets/MOLF/MindtctOutput/DB1_Lumidgm/28_2_1.xyt');

INSERT INTO Images
Values('/var/www/server/Datasets/MOLF/OriginalDataset/DB1_Lumidgm/28_3_1.wsq', '28.1.3', '28.1', 352, 544, 500);

INSERT INTO Features
Values('28.1.3', '28.1.3.1', 77);

INSERT INTO Minutiaes
Values('28.1.3.1.1', '28.1.3.1', '/var/www/server/Datasets/MOLF/MindtctOutput/DB1_Lumidgm/28_3_1.xyt');

INSERT INTO Images
Values('/var/www/server/Datasets/MOLF/OriginalDataset/DB1_Lumidgm/28_4_1.wsq', '28.1.4', '28.1', 352, 544, 500);

INSERT INTO Features
Values('28.1.4', '28.1.4.1', 71);

INSERT INTO Minutiaes
Values('28.1.4.1.1', '28.1.4.1', '/var/www/server/Datasets/MOLF/MindtctOutput/DB1_Lumidgm/28_4_1.xyt');

INSERT INTO Fingers
Values(NULL, 2, '28.2', '28');

INSERT INTO Images
Values('/var/www/server/Datasets/MOLF/OriginalDataset/DB1_Lumidgm/28_1_2.wsq', '28.2.1', '28.2', 352, 544, 500);

INSERT INTO Features
Values('28.2.1', '28.2.1.1', 73);

INSERT INTO Minutiaes
Values('28.2.1.1.1', '28.2.1.1', '/var/www/server/Datasets/MOLF/MindtctOutput/DB1_Lumidgm/28_1_2.xyt');

INSERT INTO Images
Values('/var/www/server/Datasets/MOLF/OriginalDataset/DB1_Lumidgm/28_2_2.wsq', '28.2.2', '28.2', 352, 544, 500);

INSERT INTO Features
Values('28.2.2', '28.2.2.1', 55);

INSERT INTO Minutiaes
Values('28.2.2.1.1', '28.2.2.1', '/var/www/server/Datasets/MOLF/MindtctOutput/DB1_Lumidgm/28_2_2.xyt');

INSERT INTO Images
Values('/var/www/server/Datasets/MOLF/OriginalDataset/DB1_Lumidgm/28_3_2.wsq', '28.2.3', '28.2', 352, 544, 500);

INSERT INTO Features
Values('28.2.3', '28.2.3.1', 69);

INSERT INTO Minutiaes
Values('28.2.3.1.1', '28.2.3.1', '/var/www/server/Datasets/MOLF/MindtctOutput/DB1_Lumidgm/28_3_2.xyt');

INSERT INTO Images
Values('/var/www/server/Datasets/MOLF/OriginalDataset/DB1_Lumidgm/28_4_2.wsq', '28.2.4', '28.2', 352, 544, 500);

INSERT INTO Features
Values('28.2.4', '28.2.4.1', 69);

INSERT INTO Minutiaes
Values('28.2.4.1.1', '28.2.4.1', '/var/www/server/Datasets/MOLF/MindtctOutput/DB1_Lumidgm/28_4_2.xyt');

INSERT INTO Fingers
Values(NULL, 3, '28.3', '28');

INSERT INTO Images
Values('/var/www/server/Datasets/MOLF/OriginalDataset/DB1_Lumidgm/28_1_3.wsq', '28.3.1', '28.3', 352, 544, 500);

INSERT INTO Features
Values('28.3.1', '28.3.1.1', 85);

INSERT INTO Minutiaes
Values('28.3.1.1.1', '28.3.1.1', '/var/www/server/Datasets/MOLF/MindtctOutput/DB1_Lumidgm/28_1_3.xyt');

INSERT INTO Images
Values('/var/www/server/Datasets/MOLF/OriginalDataset/DB1_Lumidgm/28_2_3.wsq', '28.3.2', '28.3', 352, 544, 500);

INSERT INTO Features
Values('28.3.2', '28.3.2.1', 69);

INSERT INTO Minutiaes
Values('28.3.2.1.1', '28.3.2.1', '/var/www/server/Datasets/MOLF/MindtctOutput/DB1_Lumidgm/28_2_3.xyt');

INSERT INTO Images
Values('/var/www/server/Datasets/MOLF/OriginalDataset/DB1_Lumidgm/28_3_3.wsq', '28.3.3', '28.3', 352, 544, 500);

INSERT INTO Features
Values('28.3.3', '28.3.3.1', 82);

INSERT INTO Minutiaes
Values('28.3.3.1.1', '28.3.3.1', '/var/www/server/Datasets/MOLF/MindtctOutput/DB1_Lumidgm/28_3_3.xyt');

INSERT INTO Images
Values('/var/www/server/Datasets/MOLF/OriginalDataset/DB1_Lumidgm/28_4_3.wsq', '28.3.4', '28.3', 352, 544, 500);

INSERT INTO Features
Values('28.3.4', '28.3.4.1', 62);

INSERT INTO Minutiaes
Values('28.3.4.1.1', '28.3.4.1', '/var/www/server/Datasets/MOLF/MindtctOutput/DB1_Lumidgm/28_4_3.xyt');

INSERT INTO Fingers
Values(NULL, 4, '28.4', '28');

INSERT INTO Images
Values('/var/www/server/Datasets/MOLF/OriginalDataset/DB1_Lumidgm/28_1_4.wsq', '28.4.1', '28.4', 352, 544, 500);

INSERT INTO Features
Values('28.4.1', '28.4.1.1', 119);

INSERT INTO Minutiaes
Values('28.4.1.1.1', '28.4.1.1', '/var/www/server/Datasets/MOLF/MindtctOutput/DB1_Lumidgm/28_1_4.xyt');

INSERT INTO Images
Values('/var/www/server/Datasets/MOLF/OriginalDataset/DB1_Lumidgm/28_2_4.wsq', '28.4.2', '28.4', 352, 544, 500);

INSERT INTO Features
Values('28.4.2', '28.4.2.1', 94);

INSERT INTO Minutiaes
Values('28.4.2.1.1', '28.4.2.1', '/var/www/server/Datasets/MOLF/MindtctOutput/DB1_Lumidgm/28_2_4.xyt');

INSERT INTO Images
Values('/var/www/server/Datasets/MOLF/OriginalDataset/DB1_Lumidgm/28_3_4.wsq', '28.4.3', '28.4', 352, 544, 500);

INSERT INTO Features
Values('28.4.3', '28.4.3.1', 76);

INSERT INTO Minutiaes
Values('28.4.3.1.1', '28.4.3.1', '/var/www/server/Datasets/MOLF/MindtctOutput/DB1_Lumidgm/28_3_4.xyt');

INSERT INTO Images
Values('/var/www/server/Datasets/MOLF/OriginalDataset/DB1_Lumidgm/28_4_4.wsq', '28.4.4', '28.4', 352, 544, 500);

INSERT INTO Features
Values('28.4.4', '28.4.4.1', 89);

INSERT INTO Minutiaes
Values('28.4.4.1.1', '28.4.4.1', '/var/www/server/Datasets/MOLF/MindtctOutput/DB1_Lumidgm/28_4_4.xyt');

INSERT INTO Fingers
Values(NULL, 5, '28.5', '28');

INSERT INTO Images
Values('/var/www/server/Datasets/MOLF/OriginalDataset/DB1_Lumidgm/28_1_5.wsq', '28.5.1', '28.5', 352, 544, 500);

INSERT INTO Features
Values('28.5.1', '28.5.1.1', 93);

INSERT INTO Minutiaes
Values('28.5.1.1.1', '28.5.1.1', '/var/www/server/Datasets/MOLF/MindtctOutput/DB1_Lumidgm/28_1_5.xyt');

INSERT INTO Images
Values('/var/www/server/Datasets/MOLF/OriginalDataset/DB1_Lumidgm/28_2_5.wsq', '28.5.2', '28.5', 352, 544, 500);

INSERT INTO Features
Values('28.5.2', '28.5.2.1', 60);

INSERT INTO Minutiaes
Values('28.5.2.1.1', '28.5.2.1', '/var/www/server/Datasets/MOLF/MindtctOutput/DB1_Lumidgm/28_2_5.xyt');

INSERT INTO Images
Values('/var/www/server/Datasets/MOLF/OriginalDataset/DB1_Lumidgm/28_3_5.wsq', '28.5.3', '28.5', 352, 544, 500);

INSERT INTO Features
Values('28.5.3', '28.5.3.1', 79);

INSERT INTO Minutiaes
Values('28.5.3.1.1', '28.5.3.1', '/var/www/server/Datasets/MOLF/MindtctOutput/DB1_Lumidgm/28_3_5.xyt');

INSERT INTO Images
Values('/var/www/server/Datasets/MOLF/OriginalDataset/DB1_Lumidgm/28_4_5.wsq', '28.5.4', '28.5', 352, 544, 500);

INSERT INTO Features
Values('28.5.4', '28.5.4.1', 78);

INSERT INTO Minutiaes
Values('28.5.4.1.1', '28.5.4.1', '/var/www/server/Datasets/MOLF/MindtctOutput/DB1_Lumidgm/28_4_5.xyt');

INSERT INTO Fingers
Values(NULL, 6, '28.6', '28');

INSERT INTO Images
Values('/var/www/server/Datasets/MOLF/OriginalDataset/DB1_Lumidgm/28_1_6.wsq', '28.6.1', '28.6', 352, 544, 500);

INSERT INTO Features
Values('28.6.1', '28.6.1.1', 81);

INSERT INTO Minutiaes
Values('28.6.1.1.1', '28.6.1.1', '/var/www/server/Datasets/MOLF/MindtctOutput/DB1_Lumidgm/28_1_6.xyt');

INSERT INTO Images
Values('/var/www/server/Datasets/MOLF/OriginalDataset/DB1_Lumidgm/28_2_6.wsq', '28.6.2', '28.6', 352, 544, 500);

INSERT INTO Features
Values('28.6.2', '28.6.2.1', 68);

INSERT INTO Minutiaes
Values('28.6.2.1.1', '28.6.2.1', '/var/www/server/Datasets/MOLF/MindtctOutput/DB1_Lumidgm/28_2_6.xyt');

INSERT INTO Images
Values('/var/www/server/Datasets/MOLF/OriginalDataset/DB1_Lumidgm/28_3_6.wsq', '28.6.3', '28.6', 352, 544, 500);

INSERT INTO Features
Values('28.6.3', '28.6.3.1', 59);

INSERT INTO Minutiaes
Values('28.6.3.1.1', '28.6.3.1', '/var/www/server/Datasets/MOLF/MindtctOutput/DB1_Lumidgm/28_3_6.xyt');

INSERT INTO Images
Values('/var/www/server/Datasets/MOLF/OriginalDataset/DB1_Lumidgm/28_4_6.wsq', '28.6.4', '28.6', 352, 544, 500);

INSERT INTO Features
Values('28.6.4', '28.6.4.1', 52);

INSERT INTO Minutiaes
Values('28.6.4.1.1', '28.6.4.1', '/var/www/server/Datasets/MOLF/MindtctOutput/DB1_Lumidgm/28_4_6.xyt');

INSERT INTO Fingers
Values(NULL, 7, '28.7', '28');

INSERT INTO Images
Values('/var/www/server/Datasets/MOLF/OriginalDataset/DB1_Lumidgm/28_1_7.wsq', '28.7.1', '28.7', 352, 544, 500);

INSERT INTO Features
Values('28.7.1', '28.7.1.1', 88);

INSERT INTO Minutiaes
Values('28.7.1.1.1', '28.7.1.1', '/var/www/server/Datasets/MOLF/MindtctOutput/DB1_Lumidgm/28_1_7.xyt');

INSERT INTO Images
Values('/var/www/server/Datasets/MOLF/OriginalDataset/DB1_Lumidgm/28_2_7.wsq', '28.7.2', '28.7', 352, 544, 500);

INSERT INTO Features
Values('28.7.2', '28.7.2.1', 83);

INSERT INTO Minutiaes
Values('28.7.2.1.1', '28.7.2.1', '/var/www/server/Datasets/MOLF/MindtctOutput/DB1_Lumidgm/28_2_7.xyt');

INSERT INTO Images
Values('/var/www/server/Datasets/MOLF/OriginalDataset/DB1_Lumidgm/28_3_7.wsq', '28.7.3', '28.7', 352, 544, 500);

INSERT INTO Features
Values('28.7.3', '28.7.3.1', 65);

INSERT INTO Minutiaes
Values('28.7.3.1.1', '28.7.3.1', '/var/www/server/Datasets/MOLF/MindtctOutput/DB1_Lumidgm/28_3_7.xyt');

INSERT INTO Images
Values('/var/www/server/Datasets/MOLF/OriginalDataset/DB1_Lumidgm/28_4_7.wsq', '28.7.4', '28.7', 352, 544, 500);

INSERT INTO Features
Values('28.7.4', '28.7.4.1', 74);

INSERT INTO Minutiaes
Values('28.7.4.1.1', '28.7.4.1', '/var/www/server/Datasets/MOLF/MindtctOutput/DB1_Lumidgm/28_4_7.xyt');

INSERT INTO Fingers
Values(NULL, 8, '28.8', '28');

INSERT INTO Images
Values('/var/www/server/Datasets/MOLF/OriginalDataset/DB1_Lumidgm/28_1_8.wsq', '28.8.1', '28.8', 352, 544, 500);

INSERT INTO Features
Values('28.8.1', '28.8.1.1', 90);

INSERT INTO Minutiaes
Values('28.8.1.1.1', '28.8.1.1', '/var/www/server/Datasets/MOLF/MindtctOutput/DB1_Lumidgm/28_1_8.xyt');

INSERT INTO Images
Values('/var/www/server/Datasets/MOLF/OriginalDataset/DB1_Lumidgm/28_2_8.wsq', '28.8.2', '28.8', 352, 544, 500);

INSERT INTO Features
Values('28.8.2', '28.8.2.1', 92);

INSERT INTO Minutiaes
Values('28.8.2.1.1', '28.8.2.1', '/var/www/server/Datasets/MOLF/MindtctOutput/DB1_Lumidgm/28_2_8.xyt');

INSERT INTO Images
Values('/var/www/server/Datasets/MOLF/OriginalDataset/DB1_Lumidgm/28_3_8.wsq', '28.8.3', '28.8', 352, 544, 500);

INSERT INTO Features
Values('28.8.3', '28.8.3.1', 62);

INSERT INTO Minutiaes
Values('28.8.3.1.1', '28.8.3.1', '/var/www/server/Datasets/MOLF/MindtctOutput/DB1_Lumidgm/28_3_8.xyt');

INSERT INTO Images
Values('/var/www/server/Datasets/MOLF/OriginalDataset/DB1_Lumidgm/28_4_8.wsq', '28.8.4', '28.8', 352, 544, 500);

INSERT INTO Features
Values('28.8.4', '28.8.4.1', 65);

INSERT INTO Minutiaes
Values('28.8.4.1.1', '28.8.4.1', '/var/www/server/Datasets/MOLF/MindtctOutput/DB1_Lumidgm/28_4_8.xyt');

INSERT INTO Fingers
Values(NULL, 9, '28.9', '28');

INSERT INTO Images
Values('/var/www/server/Datasets/MOLF/OriginalDataset/DB1_Lumidgm/28_1_9.wsq', '28.9.1', '28.9', 352, 544, 500);

INSERT INTO Features
Values('28.9.1', '28.9.1.1', 97);

INSERT INTO Minutiaes
Values('28.9.1.1.1', '28.9.1.1', '/var/www/server/Datasets/MOLF/MindtctOutput/DB1_Lumidgm/28_1_9.xyt');

INSERT INTO Images
Values('/var/www/server/Datasets/MOLF/OriginalDataset/DB1_Lumidgm/28_2_9.wsq', '28.9.2', '28.9', 352, 544, 500);

INSERT INTO Features
Values('28.9.2', '28.9.2.1', 110);

INSERT INTO Minutiaes
Values('28.9.2.1.1', '28.9.2.1', '/var/www/server/Datasets/MOLF/MindtctOutput/DB1_Lumidgm/28_2_9.xyt');

INSERT INTO Images
Values('/var/www/server/Datasets/MOLF/OriginalDataset/DB1_Lumidgm/28_3_9.wsq', '28.9.3', '28.9', 352, 544, 500);

INSERT INTO Features
Values('28.9.3', '28.9.3.1', 88);

INSERT INTO Minutiaes
Values('28.9.3.1.1', '28.9.3.1', '/var/www/server/Datasets/MOLF/MindtctOutput/DB1_Lumidgm/28_3_9.xyt');

INSERT INTO Images
Values('/var/www/server/Datasets/MOLF/OriginalDataset/DB1_Lumidgm/28_4_9.wsq', '28.9.4', '28.9', 352, 544, 500);

INSERT INTO Features
Values('28.9.4', '28.9.4.1', 93);

INSERT INTO Minutiaes
Values('28.9.4.1.1', '28.9.4.1', '/var/www/server/Datasets/MOLF/MindtctOutput/DB1_Lumidgm/28_4_9.xyt');

INSERT INTO Fingers
Values(NULL, 10, '28.10', '28');

INSERT INTO Images
Values('/var/www/server/Datasets/MOLF/OriginalDataset/DB1_Lumidgm/28_1_10.wsq', '28.10.1', '28.10', 352, 544, 500);

INSERT INTO Features
Values('28.10.1', '28.10.1.1', 104);

INSERT INTO Minutiaes
Values('28.10.1.1.1', '28.10.1.1', '/var/www/server/Datasets/MOLF/MindtctOutput/DB1_Lumidgm/28_1_10.xyt');

INSERT INTO Images
Values('/var/www/server/Datasets/MOLF/OriginalDataset/DB1_Lumidgm/28_2_10.wsq', '28.10.2', '28.10', 352, 544, 500);

INSERT INTO Features
Values('28.10.2', '28.10.2.1', 108);

INSERT INTO Minutiaes
Values('28.10.2.1.1', '28.10.2.1', '/var/www/server/Datasets/MOLF/MindtctOutput/DB1_Lumidgm/28_2_10.xyt');

INSERT INTO Images
Values('/var/www/server/Datasets/MOLF/OriginalDataset/DB1_Lumidgm/28_3_10.wsq', '28.10.3', '28.10', 352, 544, 500);

INSERT INTO Features
Values('28.10.3', '28.10.3.1', 79);

INSERT INTO Minutiaes
Values('28.10.3.1.1', '28.10.3.1', '/var/www/server/Datasets/MOLF/MindtctOutput/DB1_Lumidgm/28_3_10.xyt');

INSERT INTO Images
Values('/var/www/server/Datasets/MOLF/OriginalDataset/DB1_Lumidgm/28_4_10.wsq', '28.10.4', '28.10', 352, 544, 500);

INSERT INTO Features
Values('28.10.4', '28.10.4.1', 101);

INSERT INTO Minutiaes
Values('28.10.4.1.1', '28.10.4.1', '/var/www/server/Datasets/MOLF/MindtctOutput/DB1_Lumidgm/28_4_10.xyt');

#------------------------SUBJECT 29------------------------
INSERT INTO Subjects
Values('29');

INSERT INTO Fingers
Values(NULL, 1, '29.1', '29');

INSERT INTO Images
Values('/var/www/server/Datasets/MOLF/OriginalDataset/DB1_Lumidgm/29_1_1.wsq', '29.1.1', '29.1', 352, 544, 500);

INSERT INTO Features
Values('29.1.1', '29.1.1.1', 67);

INSERT INTO Minutiaes
Values('29.1.1.1.1', '29.1.1.1', '/var/www/server/Datasets/MOLF/MindtctOutput/DB1_Lumidgm/29_1_1.xyt');

INSERT INTO Images
Values('/var/www/server/Datasets/MOLF/OriginalDataset/DB1_Lumidgm/29_2_1.wsq', '29.1.2', '29.1', 352, 544, 500);

INSERT INTO Features
Values('29.1.2', '29.1.2.1', 84);

INSERT INTO Minutiaes
Values('29.1.2.1.1', '29.1.2.1', '/var/www/server/Datasets/MOLF/MindtctOutput/DB1_Lumidgm/29_2_1.xyt');

INSERT INTO Images
Values('/var/www/server/Datasets/MOLF/OriginalDataset/DB1_Lumidgm/29_3_1.wsq', '29.1.3', '29.1', 352, 544, 500);

INSERT INTO Features
Values('29.1.3', '29.1.3.1', 59);

INSERT INTO Minutiaes
Values('29.1.3.1.1', '29.1.3.1', '/var/www/server/Datasets/MOLF/MindtctOutput/DB1_Lumidgm/29_3_1.xyt');

INSERT INTO Images
Values('/var/www/server/Datasets/MOLF/OriginalDataset/DB1_Lumidgm/29_4_1.wsq', '29.1.4', '29.1', 352, 544, 500);

INSERT INTO Features
Values('29.1.4', '29.1.4.1', 63);

INSERT INTO Minutiaes
Values('29.1.4.1.1', '29.1.4.1', '/var/www/server/Datasets/MOLF/MindtctOutput/DB1_Lumidgm/29_4_1.xyt');

INSERT INTO Fingers
Values(NULL, 2, '29.2', '29');

INSERT INTO Images
Values('/var/www/server/Datasets/MOLF/OriginalDataset/DB1_Lumidgm/29_1_2.wsq', '29.2.1', '29.2', 352, 544, 500);

INSERT INTO Features
Values('29.2.1', '29.2.1.1', 78);

INSERT INTO Minutiaes
Values('29.2.1.1.1', '29.2.1.1', '/var/www/server/Datasets/MOLF/MindtctOutput/DB1_Lumidgm/29_1_2.xyt');

INSERT INTO Images
Values('/var/www/server/Datasets/MOLF/OriginalDataset/DB1_Lumidgm/29_2_2.wsq', '29.2.2', '29.2', 352, 544, 500);

INSERT INTO Features
Values('29.2.2', '29.2.2.1', 82);

INSERT INTO Minutiaes
Values('29.2.2.1.1', '29.2.2.1', '/var/www/server/Datasets/MOLF/MindtctOutput/DB1_Lumidgm/29_2_2.xyt');

INSERT INTO Images
Values('/var/www/server/Datasets/MOLF/OriginalDataset/DB1_Lumidgm/29_3_2.wsq', '29.2.3', '29.2', 352, 544, 500);

INSERT INTO Features
Values('29.2.3', '29.2.3.1', 92);

INSERT INTO Minutiaes
Values('29.2.3.1.1', '29.2.3.1', '/var/www/server/Datasets/MOLF/MindtctOutput/DB1_Lumidgm/29_3_2.xyt');

INSERT INTO Images
Values('/var/www/server/Datasets/MOLF/OriginalDataset/DB1_Lumidgm/29_4_2.wsq', '29.2.4', '29.2', 352, 544, 500);

INSERT INTO Features
Values('29.2.4', '29.2.4.1', 82);

INSERT INTO Minutiaes
Values('29.2.4.1.1', '29.2.4.1', '/var/www/server/Datasets/MOLF/MindtctOutput/DB1_Lumidgm/29_4_2.xyt');

INSERT INTO Fingers
Values(NULL, 3, '29.3', '29');

INSERT INTO Images
Values('/var/www/server/Datasets/MOLF/OriginalDataset/DB1_Lumidgm/29_1_3.wsq', '29.3.1', '29.3', 352, 544, 500);

INSERT INTO Features
Values('29.3.1', '29.3.1.1', 47);

INSERT INTO Minutiaes
Values('29.3.1.1.1', '29.3.1.1', '/var/www/server/Datasets/MOLF/MindtctOutput/DB1_Lumidgm/29_1_3.xyt');

INSERT INTO Images
Values('/var/www/server/Datasets/MOLF/OriginalDataset/DB1_Lumidgm/29_2_3.wsq', '29.3.2', '29.3', 352, 544, 500);

INSERT INTO Features
Values('29.3.2', '29.3.2.1', 39);

INSERT INTO Minutiaes
Values('29.3.2.1.1', '29.3.2.1', '/var/www/server/Datasets/MOLF/MindtctOutput/DB1_Lumidgm/29_2_3.xyt');

INSERT INTO Images
Values('/var/www/server/Datasets/MOLF/OriginalDataset/DB1_Lumidgm/29_3_3.wsq', '29.3.3', '29.3', 352, 544, 500);

INSERT INTO Features
Values('29.3.3', '29.3.3.1', 54);

INSERT INTO Minutiaes
Values('29.3.3.1.1', '29.3.3.1', '/var/www/server/Datasets/MOLF/MindtctOutput/DB1_Lumidgm/29_3_3.xyt');

INSERT INTO Images
Values('/var/www/server/Datasets/MOLF/OriginalDataset/DB1_Lumidgm/29_4_3.wsq', '29.3.4', '29.3', 352, 544, 500);

INSERT INTO Features
Values('29.3.4', '29.3.4.1', 37);

INSERT INTO Minutiaes
Values('29.3.4.1.1', '29.3.4.1', '/var/www/server/Datasets/MOLF/MindtctOutput/DB1_Lumidgm/29_4_3.xyt');

INSERT INTO Fingers
Values(NULL, 4, '29.4', '29');

INSERT INTO Images
Values('/var/www/server/Datasets/MOLF/OriginalDataset/DB1_Lumidgm/29_1_4.wsq', '29.4.1', '29.4', 352, 544, 500);

INSERT INTO Features
Values('29.4.1', '29.4.1.1', 61);

INSERT INTO Minutiaes
Values('29.4.1.1.1', '29.4.1.1', '/var/www/server/Datasets/MOLF/MindtctOutput/DB1_Lumidgm/29_1_4.xyt');

INSERT INTO Images
Values('/var/www/server/Datasets/MOLF/OriginalDataset/DB1_Lumidgm/29_2_4.wsq', '29.4.2', '29.4', 352, 544, 500);

INSERT INTO Features
Values('29.4.2', '29.4.2.1', 60);

INSERT INTO Minutiaes
Values('29.4.2.1.1', '29.4.2.1', '/var/www/server/Datasets/MOLF/MindtctOutput/DB1_Lumidgm/29_2_4.xyt');

INSERT INTO Images
Values('/var/www/server/Datasets/MOLF/OriginalDataset/DB1_Lumidgm/29_3_4.wsq', '29.4.3', '29.4', 352, 544, 500);

INSERT INTO Features
Values('29.4.3', '29.4.3.1', 61);

INSERT INTO Minutiaes
Values('29.4.3.1.1', '29.4.3.1', '/var/www/server/Datasets/MOLF/MindtctOutput/DB1_Lumidgm/29_3_4.xyt');

INSERT INTO Images
Values('/var/www/server/Datasets/MOLF/OriginalDataset/DB1_Lumidgm/29_4_4.wsq', '29.4.4', '29.4', 352, 544, 500);

INSERT INTO Features
Values('29.4.4', '29.4.4.1', 61);

INSERT INTO Minutiaes
Values('29.4.4.1.1', '29.4.4.1', '/var/www/server/Datasets/MOLF/MindtctOutput/DB1_Lumidgm/29_4_4.xyt');

INSERT INTO Fingers
Values(NULL, 5, '29.5', '29');

INSERT INTO Images
Values('/var/www/server/Datasets/MOLF/OriginalDataset/DB1_Lumidgm/29_1_5.wsq', '29.5.1', '29.5', 352, 544, 500);

INSERT INTO Features
Values('29.5.1', '29.5.1.1', 54);

INSERT INTO Minutiaes
Values('29.5.1.1.1', '29.5.1.1', '/var/www/server/Datasets/MOLF/MindtctOutput/DB1_Lumidgm/29_1_5.xyt');

INSERT INTO Images
Values('/var/www/server/Datasets/MOLF/OriginalDataset/DB1_Lumidgm/29_2_5.wsq', '29.5.2', '29.5', 352, 544, 500);

INSERT INTO Features
Values('29.5.2', '29.5.2.1', 56);

INSERT INTO Minutiaes
Values('29.5.2.1.1', '29.5.2.1', '/var/www/server/Datasets/MOLF/MindtctOutput/DB1_Lumidgm/29_2_5.xyt');

INSERT INTO Images
Values('/var/www/server/Datasets/MOLF/OriginalDataset/DB1_Lumidgm/29_3_5.wsq', '29.5.3', '29.5', 352, 544, 500);

INSERT INTO Features
Values('29.5.3', '29.5.3.1', 58);

INSERT INTO Minutiaes
Values('29.5.3.1.1', '29.5.3.1', '/var/www/server/Datasets/MOLF/MindtctOutput/DB1_Lumidgm/29_3_5.xyt');

INSERT INTO Images
Values('/var/www/server/Datasets/MOLF/OriginalDataset/DB1_Lumidgm/29_4_5.wsq', '29.5.4', '29.5', 352, 544, 500);

INSERT INTO Features
Values('29.5.4', '29.5.4.1', 69);

INSERT INTO Minutiaes
Values('29.5.4.1.1', '29.5.4.1', '/var/www/server/Datasets/MOLF/MindtctOutput/DB1_Lumidgm/29_4_5.xyt');

INSERT INTO Fingers
Values(NULL, 6, '29.6', '29');

INSERT INTO Images
Values('/var/www/server/Datasets/MOLF/OriginalDataset/DB1_Lumidgm/29_1_6.wsq', '29.6.1', '29.6', 352, 544, 500);

INSERT INTO Features
Values('29.6.1', '29.6.1.1', 59);

INSERT INTO Minutiaes
Values('29.6.1.1.1', '29.6.1.1', '/var/www/server/Datasets/MOLF/MindtctOutput/DB1_Lumidgm/29_1_6.xyt');

INSERT INTO Images
Values('/var/www/server/Datasets/MOLF/OriginalDataset/DB1_Lumidgm/29_2_6.wsq', '29.6.2', '29.6', 352, 544, 500);

INSERT INTO Features
Values('29.6.2', '29.6.2.1', 77);

INSERT INTO Minutiaes
Values('29.6.2.1.1', '29.6.2.1', '/var/www/server/Datasets/MOLF/MindtctOutput/DB1_Lumidgm/29_2_6.xyt');

INSERT INTO Images
Values('/var/www/server/Datasets/MOLF/OriginalDataset/DB1_Lumidgm/29_3_6.wsq', '29.6.3', '29.6', 352, 544, 500);

INSERT INTO Features
Values('29.6.3', '29.6.3.1', 62);

INSERT INTO Minutiaes
Values('29.6.3.1.1', '29.6.3.1', '/var/www/server/Datasets/MOLF/MindtctOutput/DB1_Lumidgm/29_3_6.xyt');

INSERT INTO Images
Values('/var/www/server/Datasets/MOLF/OriginalDataset/DB1_Lumidgm/29_4_6.wsq', '29.6.4', '29.6', 352, 544, 500);

INSERT INTO Features
Values('29.6.4', '29.6.4.1', 67);

INSERT INTO Minutiaes
Values('29.6.4.1.1', '29.6.4.1', '/var/www/server/Datasets/MOLF/MindtctOutput/DB1_Lumidgm/29_4_6.xyt');

INSERT INTO Fingers
Values(NULL, 7, '29.7', '29');

INSERT INTO Images
Values('/var/www/server/Datasets/MOLF/OriginalDataset/DB1_Lumidgm/29_1_7.wsq', '29.7.1', '29.7', 352, 544, 500);

INSERT INTO Features
Values('29.7.1', '29.7.1.1', 57);

INSERT INTO Minutiaes
Values('29.7.1.1.1', '29.7.1.1', '/var/www/server/Datasets/MOLF/MindtctOutput/DB1_Lumidgm/29_1_7.xyt');

INSERT INTO Images
Values('/var/www/server/Datasets/MOLF/OriginalDataset/DB1_Lumidgm/29_2_7.wsq', '29.7.2', '29.7', 352, 544, 500);

INSERT INTO Features
Values('29.7.2', '29.7.2.1', 66);

INSERT INTO Minutiaes
Values('29.7.2.1.1', '29.7.2.1', '/var/www/server/Datasets/MOLF/MindtctOutput/DB1_Lumidgm/29_2_7.xyt');

INSERT INTO Images
Values('/var/www/server/Datasets/MOLF/OriginalDataset/DB1_Lumidgm/29_3_7.wsq', '29.7.3', '29.7', 352, 544, 500);

INSERT INTO Features
Values('29.7.3', '29.7.3.1', 73);

INSERT INTO Minutiaes
Values('29.7.3.1.1', '29.7.3.1', '/var/www/server/Datasets/MOLF/MindtctOutput/DB1_Lumidgm/29_3_7.xyt');

INSERT INTO Images
Values('/var/www/server/Datasets/MOLF/OriginalDataset/DB1_Lumidgm/29_4_7.wsq', '29.7.4', '29.7', 352, 544, 500);

INSERT INTO Features
Values('29.7.4', '29.7.4.1', 64);

INSERT INTO Minutiaes
Values('29.7.4.1.1', '29.7.4.1', '/var/www/server/Datasets/MOLF/MindtctOutput/DB1_Lumidgm/29_4_7.xyt');

INSERT INTO Fingers
Values(NULL, 8, '29.8', '29');

INSERT INTO Images
Values('/var/www/server/Datasets/MOLF/OriginalDataset/DB1_Lumidgm/29_1_8.wsq', '29.8.1', '29.8', 352, 544, 500);

INSERT INTO Features
Values('29.8.1', '29.8.1.1', 60);

INSERT INTO Minutiaes
Values('29.8.1.1.1', '29.8.1.1', '/var/www/server/Datasets/MOLF/MindtctOutput/DB1_Lumidgm/29_1_8.xyt');

INSERT INTO Images
Values('/var/www/server/Datasets/MOLF/OriginalDataset/DB1_Lumidgm/29_2_8.wsq', '29.8.2', '29.8', 352, 544, 500);

INSERT INTO Features
Values('29.8.2', '29.8.2.1', 60);

INSERT INTO Minutiaes
Values('29.8.2.1.1', '29.8.2.1', '/var/www/server/Datasets/MOLF/MindtctOutput/DB1_Lumidgm/29_2_8.xyt');

INSERT INTO Images
Values('/var/www/server/Datasets/MOLF/OriginalDataset/DB1_Lumidgm/29_3_8.wsq', '29.8.3', '29.8', 352, 544, 500);

INSERT INTO Features
Values('29.8.3', '29.8.3.1', 64);

INSERT INTO Minutiaes
Values('29.8.3.1.1', '29.8.3.1', '/var/www/server/Datasets/MOLF/MindtctOutput/DB1_Lumidgm/29_3_8.xyt');

INSERT INTO Images
Values('/var/www/server/Datasets/MOLF/OriginalDataset/DB1_Lumidgm/29_4_8.wsq', '29.8.4', '29.8', 352, 544, 500);

INSERT INTO Features
Values('29.8.4', '29.8.4.1', 69);

INSERT INTO Minutiaes
Values('29.8.4.1.1', '29.8.4.1', '/var/www/server/Datasets/MOLF/MindtctOutput/DB1_Lumidgm/29_4_8.xyt');

INSERT INTO Fingers
Values(NULL, 9, '29.9', '29');

INSERT INTO Images
Values('/var/www/server/Datasets/MOLF/OriginalDataset/DB1_Lumidgm/29_1_9.wsq', '29.9.1', '29.9', 352, 544, 500);

INSERT INTO Features
Values('29.9.1', '29.9.1.1', 68);

INSERT INTO Minutiaes
Values('29.9.1.1.1', '29.9.1.1', '/var/www/server/Datasets/MOLF/MindtctOutput/DB1_Lumidgm/29_1_9.xyt');

INSERT INTO Images
Values('/var/www/server/Datasets/MOLF/OriginalDataset/DB1_Lumidgm/29_2_9.wsq', '29.9.2', '29.9', 352, 544, 500);

INSERT INTO Features
Values('29.9.2', '29.9.2.1', 47);

INSERT INTO Minutiaes
Values('29.9.2.1.1', '29.9.2.1', '/var/www/server/Datasets/MOLF/MindtctOutput/DB1_Lumidgm/29_2_9.xyt');

INSERT INTO Images
Values('/var/www/server/Datasets/MOLF/OriginalDataset/DB1_Lumidgm/29_3_9.wsq', '29.9.3', '29.9', 352, 544, 500);

INSERT INTO Features
Values('29.9.3', '29.9.3.1', 63);

INSERT INTO Minutiaes
Values('29.9.3.1.1', '29.9.3.1', '/var/www/server/Datasets/MOLF/MindtctOutput/DB1_Lumidgm/29_3_9.xyt');

INSERT INTO Images
Values('/var/www/server/Datasets/MOLF/OriginalDataset/DB1_Lumidgm/29_4_9.wsq', '29.9.4', '29.9', 352, 544, 500);

INSERT INTO Features
Values('29.9.4', '29.9.4.1', 72);

INSERT INTO Minutiaes
Values('29.9.4.1.1', '29.9.4.1', '/var/www/server/Datasets/MOLF/MindtctOutput/DB1_Lumidgm/29_4_9.xyt');

INSERT INTO Fingers
Values(NULL, 10, '29.10', '29');

INSERT INTO Images
Values('/var/www/server/Datasets/MOLF/OriginalDataset/DB1_Lumidgm/29_1_10.wsq', '29.10.1', '29.10', 352, 544, 500);

INSERT INTO Features
Values('29.10.1', '29.10.1.1', 69);

INSERT INTO Minutiaes
Values('29.10.1.1.1', '29.10.1.1', '/var/www/server/Datasets/MOLF/MindtctOutput/DB1_Lumidgm/29_1_10.xyt');

INSERT INTO Images
Values('/var/www/server/Datasets/MOLF/OriginalDataset/DB1_Lumidgm/29_2_10.wsq', '29.10.2', '29.10', 352, 544, 500);

INSERT INTO Features
Values('29.10.2', '29.10.2.1', 61);

INSERT INTO Minutiaes
Values('29.10.2.1.1', '29.10.2.1', '/var/www/server/Datasets/MOLF/MindtctOutput/DB1_Lumidgm/29_2_10.xyt');

INSERT INTO Images
Values('/var/www/server/Datasets/MOLF/OriginalDataset/DB1_Lumidgm/29_3_10.wsq', '29.10.3', '29.10', 352, 544, 500);

INSERT INTO Features
Values('29.10.3', '29.10.3.1', 61);

INSERT INTO Minutiaes
Values('29.10.3.1.1', '29.10.3.1', '/var/www/server/Datasets/MOLF/MindtctOutput/DB1_Lumidgm/29_3_10.xyt');

INSERT INTO Images
Values('/var/www/server/Datasets/MOLF/OriginalDataset/DB1_Lumidgm/29_4_10.wsq', '29.10.4', '29.10', 352, 544, 500);

INSERT INTO Features
Values('29.10.4', '29.10.4.1', 65);

INSERT INTO Minutiaes
Values('29.10.4.1.1', '29.10.4.1', '/var/www/server/Datasets/MOLF/MindtctOutput/DB1_Lumidgm/29_4_10.xyt');

#------------------------SUBJECT 30------------------------
INSERT INTO Subjects
Values('30');

INSERT INTO Fingers
Values(NULL, 1, '30.1', '30');

INSERT INTO Images
Values('/var/www/server/Datasets/MOLF/OriginalDataset/DB1_Lumidgm/30_1_1.wsq', '30.1.1', '30.1', 352, 544, 500);

INSERT INTO Features
Values('30.1.1', '30.1.1.1', 52);

INSERT INTO Minutiaes
Values('30.1.1.1.1', '30.1.1.1', '/var/www/server/Datasets/MOLF/MindtctOutput/DB1_Lumidgm/30_1_1.xyt');

INSERT INTO Images
Values('/var/www/server/Datasets/MOLF/OriginalDataset/DB1_Lumidgm/30_2_1.wsq', '30.1.2', '30.1', 352, 544, 500);

INSERT INTO Features
Values('30.1.2', '30.1.2.1', 45);

INSERT INTO Minutiaes
Values('30.1.2.1.1', '30.1.2.1', '/var/www/server/Datasets/MOLF/MindtctOutput/DB1_Lumidgm/30_2_1.xyt');

INSERT INTO Images
Values('/var/www/server/Datasets/MOLF/OriginalDataset/DB1_Lumidgm/30_3_1.wsq', '30.1.3', '30.1', 352, 544, 500);

INSERT INTO Features
Values('30.1.3', '30.1.3.1', 53);

INSERT INTO Minutiaes
Values('30.1.3.1.1', '30.1.3.1', '/var/www/server/Datasets/MOLF/MindtctOutput/DB1_Lumidgm/30_3_1.xyt');

INSERT INTO Images
Values('/var/www/server/Datasets/MOLF/OriginalDataset/DB1_Lumidgm/30_4_1.wsq', '30.1.4', '30.1', 352, 544, 500);

INSERT INTO Features
Values('30.1.4', '30.1.4.1', 51);

INSERT INTO Minutiaes
Values('30.1.4.1.1', '30.1.4.1', '/var/www/server/Datasets/MOLF/MindtctOutput/DB1_Lumidgm/30_4_1.xyt');

INSERT INTO Fingers
Values(NULL, 2, '30.2', '30');

INSERT INTO Images
Values('/var/www/server/Datasets/MOLF/OriginalDataset/DB1_Lumidgm/30_1_2.wsq', '30.2.1', '30.2', 352, 544, 500);

INSERT INTO Features
Values('30.2.1', '30.2.1.1', 43);

INSERT INTO Minutiaes
Values('30.2.1.1.1', '30.2.1.1', '/var/www/server/Datasets/MOLF/MindtctOutput/DB1_Lumidgm/30_1_2.xyt');

INSERT INTO Images
Values('/var/www/server/Datasets/MOLF/OriginalDataset/DB1_Lumidgm/30_2_2.wsq', '30.2.2', '30.2', 352, 544, 500);

INSERT INTO Features
Values('30.2.2', '30.2.2.1', 47);

INSERT INTO Minutiaes
Values('30.2.2.1.1', '30.2.2.1', '/var/www/server/Datasets/MOLF/MindtctOutput/DB1_Lumidgm/30_2_2.xyt');

INSERT INTO Images
Values('/var/www/server/Datasets/MOLF/OriginalDataset/DB1_Lumidgm/30_3_2.wsq', '30.2.3', '30.2', 352, 544, 500);

INSERT INTO Features
Values('30.2.3', '30.2.3.1', 47);

INSERT INTO Minutiaes
Values('30.2.3.1.1', '30.2.3.1', '/var/www/server/Datasets/MOLF/MindtctOutput/DB1_Lumidgm/30_3_2.xyt');

INSERT INTO Images
Values('/var/www/server/Datasets/MOLF/OriginalDataset/DB1_Lumidgm/30_4_2.wsq', '30.2.4', '30.2', 352, 544, 500);

INSERT INTO Features
Values('30.2.4', '30.2.4.1', 43);

INSERT INTO Minutiaes
Values('30.2.4.1.1', '30.2.4.1', '/var/www/server/Datasets/MOLF/MindtctOutput/DB1_Lumidgm/30_4_2.xyt');

INSERT INTO Fingers
Values(NULL, 3, '30.3', '30');

INSERT INTO Images
Values('/var/www/server/Datasets/MOLF/OriginalDataset/DB1_Lumidgm/30_1_3.wsq', '30.3.1', '30.3', 352, 544, 500);

INSERT INTO Features
Values('30.3.1', '30.3.1.1', 53);

INSERT INTO Minutiaes
Values('30.3.1.1.1', '30.3.1.1', '/var/www/server/Datasets/MOLF/MindtctOutput/DB1_Lumidgm/30_1_3.xyt');

INSERT INTO Images
Values('/var/www/server/Datasets/MOLF/OriginalDataset/DB1_Lumidgm/30_2_3.wsq', '30.3.2', '30.3', 352, 544, 500);

INSERT INTO Features
Values('30.3.2', '30.3.2.1', 59);

INSERT INTO Minutiaes
Values('30.3.2.1.1', '30.3.2.1', '/var/www/server/Datasets/MOLF/MindtctOutput/DB1_Lumidgm/30_2_3.xyt');

INSERT INTO Images
Values('/var/www/server/Datasets/MOLF/OriginalDataset/DB1_Lumidgm/30_3_3.wsq', '30.3.3', '30.3', 352, 544, 500);

INSERT INTO Features
Values('30.3.3', '30.3.3.1', 40);

INSERT INTO Minutiaes
Values('30.3.3.1.1', '30.3.3.1', '/var/www/server/Datasets/MOLF/MindtctOutput/DB1_Lumidgm/30_3_3.xyt');

INSERT INTO Images
Values('/var/www/server/Datasets/MOLF/OriginalDataset/DB1_Lumidgm/30_4_3.wsq', '30.3.4', '30.3', 352, 544, 500);

INSERT INTO Features
Values('30.3.4', '30.3.4.1', 56);

INSERT INTO Minutiaes
Values('30.3.4.1.1', '30.3.4.1', '/var/www/server/Datasets/MOLF/MindtctOutput/DB1_Lumidgm/30_4_3.xyt');

INSERT INTO Fingers
Values(NULL, 4, '30.4', '30');

INSERT INTO Images
Values('/var/www/server/Datasets/MOLF/OriginalDataset/DB1_Lumidgm/30_1_4.wsq', '30.4.1', '30.4', 352, 544, 500);

INSERT INTO Features
Values('30.4.1', '30.4.1.1', 53);

INSERT INTO Minutiaes
Values('30.4.1.1.1', '30.4.1.1', '/var/www/server/Datasets/MOLF/MindtctOutput/DB1_Lumidgm/30_1_4.xyt');

INSERT INTO Images
Values('/var/www/server/Datasets/MOLF/OriginalDataset/DB1_Lumidgm/30_2_4.wsq', '30.4.2', '30.4', 352, 544, 500);

INSERT INTO Features
Values('30.4.2', '30.4.2.1', 62);

INSERT INTO Minutiaes
Values('30.4.2.1.1', '30.4.2.1', '/var/www/server/Datasets/MOLF/MindtctOutput/DB1_Lumidgm/30_2_4.xyt');

INSERT INTO Images
Values('/var/www/server/Datasets/MOLF/OriginalDataset/DB1_Lumidgm/30_3_4.wsq', '30.4.3', '30.4', 352, 544, 500);

INSERT INTO Features
Values('30.4.3', '30.4.3.1', 64);

INSERT INTO Minutiaes
Values('30.4.3.1.1', '30.4.3.1', '/var/www/server/Datasets/MOLF/MindtctOutput/DB1_Lumidgm/30_3_4.xyt');

INSERT INTO Images
Values('/var/www/server/Datasets/MOLF/OriginalDataset/DB1_Lumidgm/30_4_4.wsq', '30.4.4', '30.4', 352, 544, 500);

INSERT INTO Features
Values('30.4.4', '30.4.4.1', 81);

INSERT INTO Minutiaes
Values('30.4.4.1.1', '30.4.4.1', '/var/www/server/Datasets/MOLF/MindtctOutput/DB1_Lumidgm/30_4_4.xyt');

INSERT INTO Fingers
Values(NULL, 5, '30.5', '30');

INSERT INTO Images
Values('/var/www/server/Datasets/MOLF/OriginalDataset/DB1_Lumidgm/30_1_5.wsq', '30.5.1', '30.5', 352, 544, 500);

INSERT INTO Features
Values('30.5.1', '30.5.1.1', 54);

INSERT INTO Minutiaes
Values('30.5.1.1.1', '30.5.1.1', '/var/www/server/Datasets/MOLF/MindtctOutput/DB1_Lumidgm/30_1_5.xyt');

INSERT INTO Images
Values('/var/www/server/Datasets/MOLF/OriginalDataset/DB1_Lumidgm/30_2_5.wsq', '30.5.2', '30.5', 352, 544, 500);

INSERT INTO Features
Values('30.5.2', '30.5.2.1', 62);

INSERT INTO Minutiaes
Values('30.5.2.1.1', '30.5.2.1', '/var/www/server/Datasets/MOLF/MindtctOutput/DB1_Lumidgm/30_2_5.xyt');

INSERT INTO Images
Values('/var/www/server/Datasets/MOLF/OriginalDataset/DB1_Lumidgm/30_3_5.wsq', '30.5.3', '30.5', 352, 544, 500);

INSERT INTO Features
Values('30.5.3', '30.5.3.1', 48);

INSERT INTO Minutiaes
Values('30.5.3.1.1', '30.5.3.1', '/var/www/server/Datasets/MOLF/MindtctOutput/DB1_Lumidgm/30_3_5.xyt');

INSERT INTO Images
Values('/var/www/server/Datasets/MOLF/OriginalDataset/DB1_Lumidgm/30_4_5.wsq', '30.5.4', '30.5', 352, 544, 500);

INSERT INTO Features
Values('30.5.4', '30.5.4.1', 71);

INSERT INTO Minutiaes
Values('30.5.4.1.1', '30.5.4.1', '/var/www/server/Datasets/MOLF/MindtctOutput/DB1_Lumidgm/30_4_5.xyt');

INSERT INTO Fingers
Values(NULL, 6, '30.6', '30');

INSERT INTO Images
Values('/var/www/server/Datasets/MOLF/OriginalDataset/DB1_Lumidgm/30_1_6.wsq', '30.6.1', '30.6', 352, 544, 500);

INSERT INTO Features
Values('30.6.1', '30.6.1.1', 60);

INSERT INTO Minutiaes
Values('30.6.1.1.1', '30.6.1.1', '/var/www/server/Datasets/MOLF/MindtctOutput/DB1_Lumidgm/30_1_6.xyt');

INSERT INTO Images
Values('/var/www/server/Datasets/MOLF/OriginalDataset/DB1_Lumidgm/30_2_6.wsq', '30.6.2', '30.6', 352, 544, 500);

INSERT INTO Features
Values('30.6.2', '30.6.2.1', 65);

INSERT INTO Minutiaes
Values('30.6.2.1.1', '30.6.2.1', '/var/www/server/Datasets/MOLF/MindtctOutput/DB1_Lumidgm/30_2_6.xyt');

INSERT INTO Images
Values('/var/www/server/Datasets/MOLF/OriginalDataset/DB1_Lumidgm/30_3_6.wsq', '30.6.3', '30.6', 352, 544, 500);

INSERT INTO Features
Values('30.6.3', '30.6.3.1', 67);

INSERT INTO Minutiaes
Values('30.6.3.1.1', '30.6.3.1', '/var/www/server/Datasets/MOLF/MindtctOutput/DB1_Lumidgm/30_3_6.xyt');

INSERT INTO Images
Values('/var/www/server/Datasets/MOLF/OriginalDataset/DB1_Lumidgm/30_4_6.wsq', '30.6.4', '30.6', 352, 544, 500);

INSERT INTO Features
Values('30.6.4', '30.6.4.1', 55);

INSERT INTO Minutiaes
Values('30.6.4.1.1', '30.6.4.1', '/var/www/server/Datasets/MOLF/MindtctOutput/DB1_Lumidgm/30_4_6.xyt');

INSERT INTO Fingers
Values(NULL, 7, '30.7', '30');

INSERT INTO Images
Values('/var/www/server/Datasets/MOLF/OriginalDataset/DB1_Lumidgm/30_1_7.wsq', '30.7.1', '30.7', 352, 544, 500);

INSERT INTO Features
Values('30.7.1', '30.7.1.1', 76);

INSERT INTO Minutiaes
Values('30.7.1.1.1', '30.7.1.1', '/var/www/server/Datasets/MOLF/MindtctOutput/DB1_Lumidgm/30_1_7.xyt');

INSERT INTO Images
Values('/var/www/server/Datasets/MOLF/OriginalDataset/DB1_Lumidgm/30_2_7.wsq', '30.7.2', '30.7', 352, 544, 500);

INSERT INTO Features
Values('30.7.2', '30.7.2.1', 78);

INSERT INTO Minutiaes
Values('30.7.2.1.1', '30.7.2.1', '/var/www/server/Datasets/MOLF/MindtctOutput/DB1_Lumidgm/30_2_7.xyt');

INSERT INTO Images
Values('/var/www/server/Datasets/MOLF/OriginalDataset/DB1_Lumidgm/30_3_7.wsq', '30.7.3', '30.7', 352, 544, 500);

INSERT INTO Features
Values('30.7.3', '30.7.3.1', 78);

INSERT INTO Minutiaes
Values('30.7.3.1.1', '30.7.3.1', '/var/www/server/Datasets/MOLF/MindtctOutput/DB1_Lumidgm/30_3_7.xyt');

INSERT INTO Images
Values('/var/www/server/Datasets/MOLF/OriginalDataset/DB1_Lumidgm/30_4_7.wsq', '30.7.4', '30.7', 352, 544, 500);

INSERT INTO Features
Values('30.7.4', '30.7.4.1', 68);

INSERT INTO Minutiaes
Values('30.7.4.1.1', '30.7.4.1', '/var/www/server/Datasets/MOLF/MindtctOutput/DB1_Lumidgm/30_4_7.xyt');

INSERT INTO Fingers
Values(NULL, 8, '30.8', '30');

INSERT INTO Images
Values('/var/www/server/Datasets/MOLF/OriginalDataset/DB1_Lumidgm/30_1_8.wsq', '30.8.1', '30.8', 352, 544, 500);

INSERT INTO Features
Values('30.8.1', '30.8.1.1', 45);

INSERT INTO Minutiaes
Values('30.8.1.1.1', '30.8.1.1', '/var/www/server/Datasets/MOLF/MindtctOutput/DB1_Lumidgm/30_1_8.xyt');

INSERT INTO Images
Values('/var/www/server/Datasets/MOLF/OriginalDataset/DB1_Lumidgm/30_2_8.wsq', '30.8.2', '30.8', 352, 544, 500);

INSERT INTO Features
Values('30.8.2', '30.8.2.1', 41);

INSERT INTO Minutiaes
Values('30.8.2.1.1', '30.8.2.1', '/var/www/server/Datasets/MOLF/MindtctOutput/DB1_Lumidgm/30_2_8.xyt');

INSERT INTO Images
Values('/var/www/server/Datasets/MOLF/OriginalDataset/DB1_Lumidgm/30_3_8.wsq', '30.8.3', '30.8', 352, 544, 500);

INSERT INTO Features
Values('30.8.3', '30.8.3.1', 65);

INSERT INTO Minutiaes
Values('30.8.3.1.1', '30.8.3.1', '/var/www/server/Datasets/MOLF/MindtctOutput/DB1_Lumidgm/30_3_8.xyt');

INSERT INTO Images
Values('/var/www/server/Datasets/MOLF/OriginalDataset/DB1_Lumidgm/30_4_8.wsq', '30.8.4', '30.8', 352, 544, 500);

INSERT INTO Features
Values('30.8.4', '30.8.4.1', 57);

INSERT INTO Minutiaes
Values('30.8.4.1.1', '30.8.4.1', '/var/www/server/Datasets/MOLF/MindtctOutput/DB1_Lumidgm/30_4_8.xyt');

INSERT INTO Fingers
Values(NULL, 9, '30.9', '30');

INSERT INTO Images
Values('/var/www/server/Datasets/MOLF/OriginalDataset/DB1_Lumidgm/30_1_9.wsq', '30.9.1', '30.9', 352, 544, 500);

INSERT INTO Features
Values('30.9.1', '30.9.1.1', 67);

INSERT INTO Minutiaes
Values('30.9.1.1.1', '30.9.1.1', '/var/www/server/Datasets/MOLF/MindtctOutput/DB1_Lumidgm/30_1_9.xyt');

INSERT INTO Images
Values('/var/www/server/Datasets/MOLF/OriginalDataset/DB1_Lumidgm/30_2_9.wsq', '30.9.2', '30.9', 352, 544, 500);

INSERT INTO Features
Values('30.9.2', '30.9.2.1', 68);

INSERT INTO Minutiaes
Values('30.9.2.1.1', '30.9.2.1', '/var/www/server/Datasets/MOLF/MindtctOutput/DB1_Lumidgm/30_2_9.xyt');

INSERT INTO Images
Values('/var/www/server/Datasets/MOLF/OriginalDataset/DB1_Lumidgm/30_3_9.wsq', '30.9.3', '30.9', 352, 544, 500);

INSERT INTO Features
Values('30.9.3', '30.9.3.1', 57);

INSERT INTO Minutiaes
Values('30.9.3.1.1', '30.9.3.1', '/var/www/server/Datasets/MOLF/MindtctOutput/DB1_Lumidgm/30_3_9.xyt');

INSERT INTO Images
Values('/var/www/server/Datasets/MOLF/OriginalDataset/DB1_Lumidgm/30_4_9.wsq', '30.9.4', '30.9', 352, 544, 500);

INSERT INTO Features
Values('30.9.4', '30.9.4.1', 55);

INSERT INTO Minutiaes
Values('30.9.4.1.1', '30.9.4.1', '/var/www/server/Datasets/MOLF/MindtctOutput/DB1_Lumidgm/30_4_9.xyt');

INSERT INTO Fingers
Values(NULL, 10, '30.10', '30');

INSERT INTO Images
Values('/var/www/server/Datasets/MOLF/OriginalDataset/DB1_Lumidgm/30_1_10.wsq', '30.10.1', '30.10', 352, 544, 500);

INSERT INTO Features
Values('30.10.1', '30.10.1.1', 47);

INSERT INTO Minutiaes
Values('30.10.1.1.1', '30.10.1.1', '/var/www/server/Datasets/MOLF/MindtctOutput/DB1_Lumidgm/30_1_10.xyt');

INSERT INTO Images
Values('/var/www/server/Datasets/MOLF/OriginalDataset/DB1_Lumidgm/30_2_10.wsq', '30.10.2', '30.10', 352, 544, 500);

INSERT INTO Features
Values('30.10.2', '30.10.2.1', 56);

INSERT INTO Minutiaes
Values('30.10.2.1.1', '30.10.2.1', '/var/www/server/Datasets/MOLF/MindtctOutput/DB1_Lumidgm/30_2_10.xyt');

INSERT INTO Images
Values('/var/www/server/Datasets/MOLF/OriginalDataset/DB1_Lumidgm/30_3_10.wsq', '30.10.3', '30.10', 352, 544, 500);

INSERT INTO Features
Values('30.10.3', '30.10.3.1', 52);

INSERT INTO Minutiaes
Values('30.10.3.1.1', '30.10.3.1', '/var/www/server/Datasets/MOLF/MindtctOutput/DB1_Lumidgm/30_3_10.xyt');

INSERT INTO Images
Values('/var/www/server/Datasets/MOLF/OriginalDataset/DB1_Lumidgm/30_4_10.wsq', '30.10.4', '30.10', 352, 544, 500);

INSERT INTO Features
Values('30.10.4', '30.10.4.1', 59);

INSERT INTO Minutiaes
Values('30.10.4.1.1', '30.10.4.1', '/var/www/server/Datasets/MOLF/MindtctOutput/DB1_Lumidgm/30_4_10.xyt');

#------------------------SUBJECT 31------------------------
INSERT INTO Subjects
Values('31');

INSERT INTO Fingers
Values(NULL, 1, '31.1', '31');

INSERT INTO Images
Values('/var/www/server/Datasets/MOLF/OriginalDataset/DB1_Lumidgm/31_1_1.wsq', '31.1.1', '31.1', 352, 544, 500);

INSERT INTO Features
Values('31.1.1', '31.1.1.1', 60);

INSERT INTO Minutiaes
Values('31.1.1.1.1', '31.1.1.1', '/var/www/server/Datasets/MOLF/MindtctOutput/DB1_Lumidgm/31_1_1.xyt');

INSERT INTO Images
Values('/var/www/server/Datasets/MOLF/OriginalDataset/DB1_Lumidgm/31_2_1.wsq', '31.1.2', '31.1', 352, 544, 500);

INSERT INTO Features
Values('31.1.2', '31.1.2.1', 56);

INSERT INTO Minutiaes
Values('31.1.2.1.1', '31.1.2.1', '/var/www/server/Datasets/MOLF/MindtctOutput/DB1_Lumidgm/31_2_1.xyt');

INSERT INTO Images
Values('/var/www/server/Datasets/MOLF/OriginalDataset/DB1_Lumidgm/31_3_1.wsq', '31.1.3', '31.1', 352, 544, 500);

INSERT INTO Features
Values('31.1.3', '31.1.3.1', 54);

INSERT INTO Minutiaes
Values('31.1.3.1.1', '31.1.3.1', '/var/www/server/Datasets/MOLF/MindtctOutput/DB1_Lumidgm/31_3_1.xyt');

INSERT INTO Images
Values('/var/www/server/Datasets/MOLF/OriginalDataset/DB1_Lumidgm/31_4_1.wsq', '31.1.4', '31.1', 352, 544, 500);

INSERT INTO Features
Values('31.1.4', '31.1.4.1', 55);

INSERT INTO Minutiaes
Values('31.1.4.1.1', '31.1.4.1', '/var/www/server/Datasets/MOLF/MindtctOutput/DB1_Lumidgm/31_4_1.xyt');

INSERT INTO Fingers
Values(NULL, 2, '31.2', '31');

INSERT INTO Images
Values('/var/www/server/Datasets/MOLF/OriginalDataset/DB1_Lumidgm/31_1_2.wsq', '31.2.1', '31.2', 352, 544, 500);

INSERT INTO Features
Values('31.2.1', '31.2.1.1', 57);

INSERT INTO Minutiaes
Values('31.2.1.1.1', '31.2.1.1', '/var/www/server/Datasets/MOLF/MindtctOutput/DB1_Lumidgm/31_1_2.xyt');

INSERT INTO Images
Values('/var/www/server/Datasets/MOLF/OriginalDataset/DB1_Lumidgm/31_2_2.wsq', '31.2.2', '31.2', 352, 544, 500);

INSERT INTO Features
Values('31.2.2', '31.2.2.1', 78);

INSERT INTO Minutiaes
Values('31.2.2.1.1', '31.2.2.1', '/var/www/server/Datasets/MOLF/MindtctOutput/DB1_Lumidgm/31_2_2.xyt');

INSERT INTO Images
Values('/var/www/server/Datasets/MOLF/OriginalDataset/DB1_Lumidgm/31_3_2.wsq', '31.2.3', '31.2', 352, 544, 500);

INSERT INTO Features
Values('31.2.3', '31.2.3.1', 48);

INSERT INTO Minutiaes
Values('31.2.3.1.1', '31.2.3.1', '/var/www/server/Datasets/MOLF/MindtctOutput/DB1_Lumidgm/31_3_2.xyt');

INSERT INTO Images
Values('/var/www/server/Datasets/MOLF/OriginalDataset/DB1_Lumidgm/31_4_2.wsq', '31.2.4', '31.2', 352, 544, 500);

INSERT INTO Features
Values('31.2.4', '31.2.4.1', 55);

INSERT INTO Minutiaes
Values('31.2.4.1.1', '31.2.4.1', '/var/www/server/Datasets/MOLF/MindtctOutput/DB1_Lumidgm/31_4_2.xyt');

INSERT INTO Fingers
Values(NULL, 3, '31.3', '31');

INSERT INTO Images
Values('/var/www/server/Datasets/MOLF/OriginalDataset/DB1_Lumidgm/31_1_3.wsq', '31.3.1', '31.3', 352, 544, 500);

INSERT INTO Features
Values('31.3.1', '31.3.1.1', 70);

INSERT INTO Minutiaes
Values('31.3.1.1.1', '31.3.1.1', '/var/www/server/Datasets/MOLF/MindtctOutput/DB1_Lumidgm/31_1_3.xyt');

INSERT INTO Images
Values('/var/www/server/Datasets/MOLF/OriginalDataset/DB1_Lumidgm/31_2_3.wsq', '31.3.2', '31.3', 352, 544, 500);

INSERT INTO Features
Values('31.3.2', '31.3.2.1', 68);

INSERT INTO Minutiaes
Values('31.3.2.1.1', '31.3.2.1', '/var/www/server/Datasets/MOLF/MindtctOutput/DB1_Lumidgm/31_2_3.xyt');

INSERT INTO Images
Values('/var/www/server/Datasets/MOLF/OriginalDataset/DB1_Lumidgm/31_3_3.wsq', '31.3.3', '31.3', 352, 544, 500);

INSERT INTO Features
Values('31.3.3', '31.3.3.1', 45);

INSERT INTO Minutiaes
Values('31.3.3.1.1', '31.3.3.1', '/var/www/server/Datasets/MOLF/MindtctOutput/DB1_Lumidgm/31_3_3.xyt');

INSERT INTO Images
Values('/var/www/server/Datasets/MOLF/OriginalDataset/DB1_Lumidgm/31_4_3.wsq', '31.3.4', '31.3', 352, 544, 500);

INSERT INTO Features
Values('31.3.4', '31.3.4.1', 65);

INSERT INTO Minutiaes
Values('31.3.4.1.1', '31.3.4.1', '/var/www/server/Datasets/MOLF/MindtctOutput/DB1_Lumidgm/31_4_3.xyt');

INSERT INTO Fingers
Values(NULL, 4, '31.4', '31');

INSERT INTO Images
Values('/var/www/server/Datasets/MOLF/OriginalDataset/DB1_Lumidgm/31_1_4.wsq', '31.4.1', '31.4', 352, 544, 500);

INSERT INTO Features
Values('31.4.1', '31.4.1.1', 74);

INSERT INTO Minutiaes
Values('31.4.1.1.1', '31.4.1.1', '/var/www/server/Datasets/MOLF/MindtctOutput/DB1_Lumidgm/31_1_4.xyt');

INSERT INTO Images
Values('/var/www/server/Datasets/MOLF/OriginalDataset/DB1_Lumidgm/31_2_4.wsq', '31.4.2', '31.4', 352, 544, 500);

INSERT INTO Features
Values('31.4.2', '31.4.2.1', 54);

INSERT INTO Minutiaes
Values('31.4.2.1.1', '31.4.2.1', '/var/www/server/Datasets/MOLF/MindtctOutput/DB1_Lumidgm/31_2_4.xyt');

INSERT INTO Images
Values('/var/www/server/Datasets/MOLF/OriginalDataset/DB1_Lumidgm/31_3_4.wsq', '31.4.3', '31.4', 352, 544, 500);

INSERT INTO Features
Values('31.4.3', '31.4.3.1', 56);

INSERT INTO Minutiaes
Values('31.4.3.1.1', '31.4.3.1', '/var/www/server/Datasets/MOLF/MindtctOutput/DB1_Lumidgm/31_3_4.xyt');

INSERT INTO Images
Values('/var/www/server/Datasets/MOLF/OriginalDataset/DB1_Lumidgm/31_4_4.wsq', '31.4.4', '31.4', 352, 544, 500);

INSERT INTO Features
Values('31.4.4', '31.4.4.1', 56);

INSERT INTO Minutiaes
Values('31.4.4.1.1', '31.4.4.1', '/var/www/server/Datasets/MOLF/MindtctOutput/DB1_Lumidgm/31_4_4.xyt');

INSERT INTO Fingers
Values(NULL, 5, '31.5', '31');

INSERT INTO Images
Values('/var/www/server/Datasets/MOLF/OriginalDataset/DB1_Lumidgm/31_1_5.wsq', '31.5.1', '31.5', 352, 544, 500);

INSERT INTO Features
Values('31.5.1', '31.5.1.1', 57);

INSERT INTO Minutiaes
Values('31.5.1.1.1', '31.5.1.1', '/var/www/server/Datasets/MOLF/MindtctOutput/DB1_Lumidgm/31_1_5.xyt');

INSERT INTO Images
Values('/var/www/server/Datasets/MOLF/OriginalDataset/DB1_Lumidgm/31_2_5.wsq', '31.5.2', '31.5', 352, 544, 500);

INSERT INTO Features
Values('31.5.2', '31.5.2.1', 73);

INSERT INTO Minutiaes
Values('31.5.2.1.1', '31.5.2.1', '/var/www/server/Datasets/MOLF/MindtctOutput/DB1_Lumidgm/31_2_5.xyt');

INSERT INTO Images
Values('/var/www/server/Datasets/MOLF/OriginalDataset/DB1_Lumidgm/31_3_5.wsq', '31.5.3', '31.5', 352, 544, 500);

INSERT INTO Features
Values('31.5.3', '31.5.3.1', 56);

INSERT INTO Minutiaes
Values('31.5.3.1.1', '31.5.3.1', '/var/www/server/Datasets/MOLF/MindtctOutput/DB1_Lumidgm/31_3_5.xyt');

INSERT INTO Images
Values('/var/www/server/Datasets/MOLF/OriginalDataset/DB1_Lumidgm/31_4_5.wsq', '31.5.4', '31.5', 352, 544, 500);

INSERT INTO Features
Values('31.5.4', '31.5.4.1', 62);

INSERT INTO Minutiaes
Values('31.5.4.1.1', '31.5.4.1', '/var/www/server/Datasets/MOLF/MindtctOutput/DB1_Lumidgm/31_4_5.xyt');

INSERT INTO Fingers
Values(NULL, 6, '31.6', '31');

INSERT INTO Images
Values('/var/www/server/Datasets/MOLF/OriginalDataset/DB1_Lumidgm/31_1_6.wsq', '31.6.1', '31.6', 352, 544, 500);

INSERT INTO Features
Values('31.6.1', '31.6.1.1', 106);

INSERT INTO Minutiaes
Values('31.6.1.1.1', '31.6.1.1', '/var/www/server/Datasets/MOLF/MindtctOutput/DB1_Lumidgm/31_1_6.xyt');

INSERT INTO Images
Values('/var/www/server/Datasets/MOLF/OriginalDataset/DB1_Lumidgm/31_2_6.wsq', '31.6.2', '31.6', 352, 544, 500);

INSERT INTO Features
Values('31.6.2', '31.6.2.1', 91);

INSERT INTO Minutiaes
Values('31.6.2.1.1', '31.6.2.1', '/var/www/server/Datasets/MOLF/MindtctOutput/DB1_Lumidgm/31_2_6.xyt');

INSERT INTO Images
Values('/var/www/server/Datasets/MOLF/OriginalDataset/DB1_Lumidgm/31_3_6.wsq', '31.6.3', '31.6', 352, 544, 500);

INSERT INTO Features
Values('31.6.3', '31.6.3.1', 49);

INSERT INTO Minutiaes
Values('31.6.3.1.1', '31.6.3.1', '/var/www/server/Datasets/MOLF/MindtctOutput/DB1_Lumidgm/31_3_6.xyt');

INSERT INTO Images
Values('/var/www/server/Datasets/MOLF/OriginalDataset/DB1_Lumidgm/31_4_6.wsq', '31.6.4', '31.6', 352, 544, 500);

INSERT INTO Features
Values('31.6.4', '31.6.4.1', 69);

INSERT INTO Minutiaes
Values('31.6.4.1.1', '31.6.4.1', '/var/www/server/Datasets/MOLF/MindtctOutput/DB1_Lumidgm/31_4_6.xyt');

INSERT INTO Fingers
Values(NULL, 7, '31.7', '31');

INSERT INTO Images
Values('/var/www/server/Datasets/MOLF/OriginalDataset/DB1_Lumidgm/31_1_7.wsq', '31.7.1', '31.7', 352, 544, 500);

INSERT INTO Features
Values('31.7.1', '31.7.1.1', 68);

INSERT INTO Minutiaes
Values('31.7.1.1.1', '31.7.1.1', '/var/www/server/Datasets/MOLF/MindtctOutput/DB1_Lumidgm/31_1_7.xyt');

INSERT INTO Images
Values('/var/www/server/Datasets/MOLF/OriginalDataset/DB1_Lumidgm/31_2_7.wsq', '31.7.2', '31.7', 352, 544, 500);

INSERT INTO Features
Values('31.7.2', '31.7.2.1', 67);

INSERT INTO Minutiaes
Values('31.7.2.1.1', '31.7.2.1', '/var/www/server/Datasets/MOLF/MindtctOutput/DB1_Lumidgm/31_2_7.xyt');

INSERT INTO Images
Values('/var/www/server/Datasets/MOLF/OriginalDataset/DB1_Lumidgm/31_3_7.wsq', '31.7.3', '31.7', 352, 544, 500);

INSERT INTO Features
Values('31.7.3', '31.7.3.1', 75);

INSERT INTO Minutiaes
Values('31.7.3.1.1', '31.7.3.1', '/var/www/server/Datasets/MOLF/MindtctOutput/DB1_Lumidgm/31_3_7.xyt');

INSERT INTO Images
Values('/var/www/server/Datasets/MOLF/OriginalDataset/DB1_Lumidgm/31_4_7.wsq', '31.7.4', '31.7', 352, 544, 500);

INSERT INTO Features
Values('31.7.4', '31.7.4.1', 49);

INSERT INTO Minutiaes
Values('31.7.4.1.1', '31.7.4.1', '/var/www/server/Datasets/MOLF/MindtctOutput/DB1_Lumidgm/31_4_7.xyt');

INSERT INTO Fingers
Values(NULL, 8, '31.8', '31');

INSERT INTO Images
Values('/var/www/server/Datasets/MOLF/OriginalDataset/DB1_Lumidgm/31_1_8.wsq', '31.8.1', '31.8', 352, 544, 500);

INSERT INTO Features
Values('31.8.1', '31.8.1.1', 66);

INSERT INTO Minutiaes
Values('31.8.1.1.1', '31.8.1.1', '/var/www/server/Datasets/MOLF/MindtctOutput/DB1_Lumidgm/31_1_8.xyt');

INSERT INTO Images
Values('/var/www/server/Datasets/MOLF/OriginalDataset/DB1_Lumidgm/31_2_8.wsq', '31.8.2', '31.8', 352, 544, 500);

INSERT INTO Features
Values('31.8.2', '31.8.2.1', 86);

INSERT INTO Minutiaes
Values('31.8.2.1.1', '31.8.2.1', '/var/www/server/Datasets/MOLF/MindtctOutput/DB1_Lumidgm/31_2_8.xyt');

INSERT INTO Images
Values('/var/www/server/Datasets/MOLF/OriginalDataset/DB1_Lumidgm/31_3_8.wsq', '31.8.3', '31.8', 352, 544, 500);

INSERT INTO Features
Values('31.8.3', '31.8.3.1', 53);

INSERT INTO Minutiaes
Values('31.8.3.1.1', '31.8.3.1', '/var/www/server/Datasets/MOLF/MindtctOutput/DB1_Lumidgm/31_3_8.xyt');

INSERT INTO Images
Values('/var/www/server/Datasets/MOLF/OriginalDataset/DB1_Lumidgm/31_4_8.wsq', '31.8.4', '31.8', 352, 544, 500);

INSERT INTO Features
Values('31.8.4', '31.8.4.1', 67);

INSERT INTO Minutiaes
Values('31.8.4.1.1', '31.8.4.1', '/var/www/server/Datasets/MOLF/MindtctOutput/DB1_Lumidgm/31_4_8.xyt');

INSERT INTO Fingers
Values(NULL, 9, '31.9', '31');

INSERT INTO Images
Values('/var/www/server/Datasets/MOLF/OriginalDataset/DB1_Lumidgm/31_1_9.wsq', '31.9.1', '31.9', 352, 544, 500);

INSERT INTO Features
Values('31.9.1', '31.9.1.1', 95);

INSERT INTO Minutiaes
Values('31.9.1.1.1', '31.9.1.1', '/var/www/server/Datasets/MOLF/MindtctOutput/DB1_Lumidgm/31_1_9.xyt');

INSERT INTO Images
Values('/var/www/server/Datasets/MOLF/OriginalDataset/DB1_Lumidgm/31_2_9.wsq', '31.9.2', '31.9', 352, 544, 500);

INSERT INTO Features
Values('31.9.2', '31.9.2.1', 84);

INSERT INTO Minutiaes
Values('31.9.2.1.1', '31.9.2.1', '/var/www/server/Datasets/MOLF/MindtctOutput/DB1_Lumidgm/31_2_9.xyt');

INSERT INTO Images
Values('/var/www/server/Datasets/MOLF/OriginalDataset/DB1_Lumidgm/31_3_9.wsq', '31.9.3', '31.9', 352, 544, 500);

INSERT INTO Features
Values('31.9.3', '31.9.3.1', 58);

INSERT INTO Minutiaes
Values('31.9.3.1.1', '31.9.3.1', '/var/www/server/Datasets/MOLF/MindtctOutput/DB1_Lumidgm/31_3_9.xyt');

INSERT INTO Images
Values('/var/www/server/Datasets/MOLF/OriginalDataset/DB1_Lumidgm/31_4_9.wsq', '31.9.4', '31.9', 352, 544, 500);

INSERT INTO Features
Values('31.9.4', '31.9.4.1', 54);

INSERT INTO Minutiaes
Values('31.9.4.1.1', '31.9.4.1', '/var/www/server/Datasets/MOLF/MindtctOutput/DB1_Lumidgm/31_4_9.xyt');

INSERT INTO Fingers
Values(NULL, 10, '31.10', '31');

INSERT INTO Images
Values('/var/www/server/Datasets/MOLF/OriginalDataset/DB1_Lumidgm/31_1_10.wsq', '31.10.1', '31.10', 352, 544, 500);

INSERT INTO Features
Values('31.10.1', '31.10.1.1', 63);

INSERT INTO Minutiaes
Values('31.10.1.1.1', '31.10.1.1', '/var/www/server/Datasets/MOLF/MindtctOutput/DB1_Lumidgm/31_1_10.xyt');

INSERT INTO Images
Values('/var/www/server/Datasets/MOLF/OriginalDataset/DB1_Lumidgm/31_2_10.wsq', '31.10.2', '31.10', 352, 544, 500);

INSERT INTO Features
Values('31.10.2', '31.10.2.1', 73);

INSERT INTO Minutiaes
Values('31.10.2.1.1', '31.10.2.1', '/var/www/server/Datasets/MOLF/MindtctOutput/DB1_Lumidgm/31_2_10.xyt');

INSERT INTO Images
Values('/var/www/server/Datasets/MOLF/OriginalDataset/DB1_Lumidgm/31_3_10.wsq', '31.10.3', '31.10', 352, 544, 500);

INSERT INTO Features
Values('31.10.3', '31.10.3.1', 66);

INSERT INTO Minutiaes
Values('31.10.3.1.1', '31.10.3.1', '/var/www/server/Datasets/MOLF/MindtctOutput/DB1_Lumidgm/31_3_10.xyt');

INSERT INTO Images
Values('/var/www/server/Datasets/MOLF/OriginalDataset/DB1_Lumidgm/31_4_10.wsq', '31.10.4', '31.10', 352, 544, 500);

INSERT INTO Features
Values('31.10.4', '31.10.4.1', 53);

INSERT INTO Minutiaes
Values('31.10.4.1.1', '31.10.4.1', '/var/www/server/Datasets/MOLF/MindtctOutput/DB1_Lumidgm/31_4_10.xyt');

#------------------------SUBJECT 32------------------------
INSERT INTO Subjects
Values('32');

INSERT INTO Fingers
Values(NULL, 1, '32.1', '32');

INSERT INTO Images
Values('/var/www/server/Datasets/MOLF/OriginalDataset/DB1_Lumidgm/32_1_1.wsq', '32.1.1', '32.1', 352, 544, 500);

INSERT INTO Features
Values('32.1.1', '32.1.1.1', 50);

INSERT INTO Minutiaes
Values('32.1.1.1.1', '32.1.1.1', '/var/www/server/Datasets/MOLF/MindtctOutput/DB1_Lumidgm/32_1_1.xyt');

INSERT INTO Images
Values('/var/www/server/Datasets/MOLF/OriginalDataset/DB1_Lumidgm/32_2_1.wsq', '32.1.2', '32.1', 352, 544, 500);

INSERT INTO Features
Values('32.1.2', '32.1.2.1', 57);

INSERT INTO Minutiaes
Values('32.1.2.1.1', '32.1.2.1', '/var/www/server/Datasets/MOLF/MindtctOutput/DB1_Lumidgm/32_2_1.xyt');

INSERT INTO Images
Values('/var/www/server/Datasets/MOLF/OriginalDataset/DB1_Lumidgm/32_3_1.wsq', '32.1.3', '32.1', 352, 544, 500);

INSERT INTO Features
Values('32.1.3', '32.1.3.1', 51);

INSERT INTO Minutiaes
Values('32.1.3.1.1', '32.1.3.1', '/var/www/server/Datasets/MOLF/MindtctOutput/DB1_Lumidgm/32_3_1.xyt');

INSERT INTO Images
Values('/var/www/server/Datasets/MOLF/OriginalDataset/DB1_Lumidgm/32_4_1.wsq', '32.1.4', '32.1', 352, 544, 500);

INSERT INTO Features
Values('32.1.4', '32.1.4.1', 53);

INSERT INTO Minutiaes
Values('32.1.4.1.1', '32.1.4.1', '/var/www/server/Datasets/MOLF/MindtctOutput/DB1_Lumidgm/32_4_1.xyt');

INSERT INTO Fingers
Values(NULL, 2, '32.2', '32');

INSERT INTO Images
Values('/var/www/server/Datasets/MOLF/OriginalDataset/DB1_Lumidgm/32_1_2.wsq', '32.2.1', '32.2', 352, 544, 500);

INSERT INTO Features
Values('32.2.1', '32.2.1.1', 41);

INSERT INTO Minutiaes
Values('32.2.1.1.1', '32.2.1.1', '/var/www/server/Datasets/MOLF/MindtctOutput/DB1_Lumidgm/32_1_2.xyt');

INSERT INTO Images
Values('/var/www/server/Datasets/MOLF/OriginalDataset/DB1_Lumidgm/32_2_2.wsq', '32.2.2', '32.2', 352, 544, 500);

INSERT INTO Features
Values('32.2.2', '32.2.2.1', 44);

INSERT INTO Minutiaes
Values('32.2.2.1.1', '32.2.2.1', '/var/www/server/Datasets/MOLF/MindtctOutput/DB1_Lumidgm/32_2_2.xyt');

INSERT INTO Images
Values('/var/www/server/Datasets/MOLF/OriginalDataset/DB1_Lumidgm/32_3_2.wsq', '32.2.3', '32.2', 352, 544, 500);

INSERT INTO Features
Values('32.2.3', '32.2.3.1', 50);

INSERT INTO Minutiaes
Values('32.2.3.1.1', '32.2.3.1', '/var/www/server/Datasets/MOLF/MindtctOutput/DB1_Lumidgm/32_3_2.xyt');

INSERT INTO Images
Values('/var/www/server/Datasets/MOLF/OriginalDataset/DB1_Lumidgm/32_4_2.wsq', '32.2.4', '32.2', 352, 544, 500);

INSERT INTO Features
Values('32.2.4', '32.2.4.1', 47);

INSERT INTO Minutiaes
Values('32.2.4.1.1', '32.2.4.1', '/var/www/server/Datasets/MOLF/MindtctOutput/DB1_Lumidgm/32_4_2.xyt');

INSERT INTO Fingers
Values(NULL, 3, '32.3', '32');

INSERT INTO Images
Values('/var/www/server/Datasets/MOLF/OriginalDataset/DB1_Lumidgm/32_1_3.wsq', '32.3.1', '32.3', 352, 544, 500);

INSERT INTO Features
Values('32.3.1', '32.3.1.1', 67);

INSERT INTO Minutiaes
Values('32.3.1.1.1', '32.3.1.1', '/var/www/server/Datasets/MOLF/MindtctOutput/DB1_Lumidgm/32_1_3.xyt');

INSERT INTO Images
Values('/var/www/server/Datasets/MOLF/OriginalDataset/DB1_Lumidgm/32_2_3.wsq', '32.3.2', '32.3', 352, 544, 500);

INSERT INTO Features
Values('32.3.2', '32.3.2.1', 40);

INSERT INTO Minutiaes
Values('32.3.2.1.1', '32.3.2.1', '/var/www/server/Datasets/MOLF/MindtctOutput/DB1_Lumidgm/32_2_3.xyt');

INSERT INTO Images
Values('/var/www/server/Datasets/MOLF/OriginalDataset/DB1_Lumidgm/32_3_3.wsq', '32.3.3', '32.3', 352, 544, 500);

INSERT INTO Features
Values('32.3.3', '32.3.3.1', 40);

INSERT INTO Minutiaes
Values('32.3.3.1.1', '32.3.3.1', '/var/www/server/Datasets/MOLF/MindtctOutput/DB1_Lumidgm/32_3_3.xyt');

INSERT INTO Images
Values('/var/www/server/Datasets/MOLF/OriginalDataset/DB1_Lumidgm/32_4_3.wsq', '32.3.4', '32.3', 352, 544, 500);

INSERT INTO Features
Values('32.3.4', '32.3.4.1', 45);

INSERT INTO Minutiaes
Values('32.3.4.1.1', '32.3.4.1', '/var/www/server/Datasets/MOLF/MindtctOutput/DB1_Lumidgm/32_4_3.xyt');

INSERT INTO Fingers
Values(NULL, 4, '32.4', '32');

INSERT INTO Images
Values('/var/www/server/Datasets/MOLF/OriginalDataset/DB1_Lumidgm/32_1_4.wsq', '32.4.1', '32.4', 352, 544, 500);

INSERT INTO Features
Values('32.4.1', '32.4.1.1', 58);

INSERT INTO Minutiaes
Values('32.4.1.1.1', '32.4.1.1', '/var/www/server/Datasets/MOLF/MindtctOutput/DB1_Lumidgm/32_1_4.xyt');

INSERT INTO Images
Values('/var/www/server/Datasets/MOLF/OriginalDataset/DB1_Lumidgm/32_2_4.wsq', '32.4.2', '32.4', 352, 544, 500);

INSERT INTO Features
Values('32.4.2', '32.4.2.1', 51);

INSERT INTO Minutiaes
Values('32.4.2.1.1', '32.4.2.1', '/var/www/server/Datasets/MOLF/MindtctOutput/DB1_Lumidgm/32_2_4.xyt');

INSERT INTO Images
Values('/var/www/server/Datasets/MOLF/OriginalDataset/DB1_Lumidgm/32_3_4.wsq', '32.4.3', '32.4', 352, 544, 500);

INSERT INTO Features
Values('32.4.3', '32.4.3.1', 47);

INSERT INTO Minutiaes
Values('32.4.3.1.1', '32.4.3.1', '/var/www/server/Datasets/MOLF/MindtctOutput/DB1_Lumidgm/32_3_4.xyt');

INSERT INTO Images
Values('/var/www/server/Datasets/MOLF/OriginalDataset/DB1_Lumidgm/32_4_4.wsq', '32.4.4', '32.4', 352, 544, 500);

INSERT INTO Features
Values('32.4.4', '32.4.4.1', 50);

INSERT INTO Minutiaes
Values('32.4.4.1.1', '32.4.4.1', '/var/www/server/Datasets/MOLF/MindtctOutput/DB1_Lumidgm/32_4_4.xyt');

INSERT INTO Fingers
Values(NULL, 5, '32.5', '32');

INSERT INTO Images
Values('/var/www/server/Datasets/MOLF/OriginalDataset/DB1_Lumidgm/32_1_5.wsq', '32.5.1', '32.5', 352, 544, 500);

INSERT INTO Features
Values('32.5.1', '32.5.1.1', 68);

INSERT INTO Minutiaes
Values('32.5.1.1.1', '32.5.1.1', '/var/www/server/Datasets/MOLF/MindtctOutput/DB1_Lumidgm/32_1_5.xyt');

INSERT INTO Images
Values('/var/www/server/Datasets/MOLF/OriginalDataset/DB1_Lumidgm/32_2_5.wsq', '32.5.2', '32.5', 352, 544, 500);

INSERT INTO Features
Values('32.5.2', '32.5.2.1', 66);

INSERT INTO Minutiaes
Values('32.5.2.1.1', '32.5.2.1', '/var/www/server/Datasets/MOLF/MindtctOutput/DB1_Lumidgm/32_2_5.xyt');

INSERT INTO Images
Values('/var/www/server/Datasets/MOLF/OriginalDataset/DB1_Lumidgm/32_3_5.wsq', '32.5.3', '32.5', 352, 544, 500);

INSERT INTO Features
Values('32.5.3', '32.5.3.1', 59);

INSERT INTO Minutiaes
Values('32.5.3.1.1', '32.5.3.1', '/var/www/server/Datasets/MOLF/MindtctOutput/DB1_Lumidgm/32_3_5.xyt');

INSERT INTO Images
Values('/var/www/server/Datasets/MOLF/OriginalDataset/DB1_Lumidgm/32_4_5.wsq', '32.5.4', '32.5', 352, 544, 500);

INSERT INTO Features
Values('32.5.4', '32.5.4.1', 67);

INSERT INTO Minutiaes
Values('32.5.4.1.1', '32.5.4.1', '/var/www/server/Datasets/MOLF/MindtctOutput/DB1_Lumidgm/32_4_5.xyt');

INSERT INTO Fingers
Values(NULL, 6, '32.6', '32');

INSERT INTO Images
Values('/var/www/server/Datasets/MOLF/OriginalDataset/DB1_Lumidgm/32_1_6.wsq', '32.6.1', '32.6', 352, 544, 500);

INSERT INTO Features
Values('32.6.1', '32.6.1.1', 41);

INSERT INTO Minutiaes
Values('32.6.1.1.1', '32.6.1.1', '/var/www/server/Datasets/MOLF/MindtctOutput/DB1_Lumidgm/32_1_6.xyt');

INSERT INTO Images
Values('/var/www/server/Datasets/MOLF/OriginalDataset/DB1_Lumidgm/32_2_6.wsq', '32.6.2', '32.6', 352, 544, 500);

INSERT INTO Features
Values('32.6.2', '32.6.2.1', 41);

INSERT INTO Minutiaes
Values('32.6.2.1.1', '32.6.2.1', '/var/www/server/Datasets/MOLF/MindtctOutput/DB1_Lumidgm/32_2_6.xyt');

INSERT INTO Images
Values('/var/www/server/Datasets/MOLF/OriginalDataset/DB1_Lumidgm/32_3_6.wsq', '32.6.3', '32.6', 352, 544, 500);

INSERT INTO Features
Values('32.6.3', '32.6.3.1', 51);

INSERT INTO Minutiaes
Values('32.6.3.1.1', '32.6.3.1', '/var/www/server/Datasets/MOLF/MindtctOutput/DB1_Lumidgm/32_3_6.xyt');

INSERT INTO Images
Values('/var/www/server/Datasets/MOLF/OriginalDataset/DB1_Lumidgm/32_4_6.wsq', '32.6.4', '32.6', 352, 544, 500);

INSERT INTO Features
Values('32.6.4', '32.6.4.1', 40);

INSERT INTO Minutiaes
Values('32.6.4.1.1', '32.6.4.1', '/var/www/server/Datasets/MOLF/MindtctOutput/DB1_Lumidgm/32_4_6.xyt');

INSERT INTO Fingers
Values(NULL, 7, '32.7', '32');

INSERT INTO Images
Values('/var/www/server/Datasets/MOLF/OriginalDataset/DB1_Lumidgm/32_1_7.wsq', '32.7.1', '32.7', 352, 544, 500);

INSERT INTO Features
Values('32.7.1', '32.7.1.1', 61);

INSERT INTO Minutiaes
Values('32.7.1.1.1', '32.7.1.1', '/var/www/server/Datasets/MOLF/MindtctOutput/DB1_Lumidgm/32_1_7.xyt');

INSERT INTO Images
Values('/var/www/server/Datasets/MOLF/OriginalDataset/DB1_Lumidgm/32_2_7.wsq', '32.7.2', '32.7', 352, 544, 500);

INSERT INTO Features
Values('32.7.2', '32.7.2.1', 58);

INSERT INTO Minutiaes
Values('32.7.2.1.1', '32.7.2.1', '/var/www/server/Datasets/MOLF/MindtctOutput/DB1_Lumidgm/32_2_7.xyt');

INSERT INTO Images
Values('/var/www/server/Datasets/MOLF/OriginalDataset/DB1_Lumidgm/32_3_7.wsq', '32.7.3', '32.7', 352, 544, 500);

INSERT INTO Features
Values('32.7.3', '32.7.3.1', 70);

INSERT INTO Minutiaes
Values('32.7.3.1.1', '32.7.3.1', '/var/www/server/Datasets/MOLF/MindtctOutput/DB1_Lumidgm/32_3_7.xyt');

INSERT INTO Images
Values('/var/www/server/Datasets/MOLF/OriginalDataset/DB1_Lumidgm/32_4_7.wsq', '32.7.4', '32.7', 352, 544, 500);

INSERT INTO Features
Values('32.7.4', '32.7.4.1', 54);

INSERT INTO Minutiaes
Values('32.7.4.1.1', '32.7.4.1', '/var/www/server/Datasets/MOLF/MindtctOutput/DB1_Lumidgm/32_4_7.xyt');

INSERT INTO Fingers
Values(NULL, 8, '32.8', '32');

INSERT INTO Images
Values('/var/www/server/Datasets/MOLF/OriginalDataset/DB1_Lumidgm/32_1_8.wsq', '32.8.1', '32.8', 352, 544, 500);

INSERT INTO Features
Values('32.8.1', '32.8.1.1', 44);

INSERT INTO Minutiaes
Values('32.8.1.1.1', '32.8.1.1', '/var/www/server/Datasets/MOLF/MindtctOutput/DB1_Lumidgm/32_1_8.xyt');

INSERT INTO Images
Values('/var/www/server/Datasets/MOLF/OriginalDataset/DB1_Lumidgm/32_2_8.wsq', '32.8.2', '32.8', 352, 544, 500);

INSERT INTO Features
Values('32.8.2', '32.8.2.1', 44);

INSERT INTO Minutiaes
Values('32.8.2.1.1', '32.8.2.1', '/var/www/server/Datasets/MOLF/MindtctOutput/DB1_Lumidgm/32_2_8.xyt');

INSERT INTO Images
Values('/var/www/server/Datasets/MOLF/OriginalDataset/DB1_Lumidgm/32_3_8.wsq', '32.8.3', '32.8', 352, 544, 500);

INSERT INTO Features
Values('32.8.3', '32.8.3.1', 62);

INSERT INTO Minutiaes
Values('32.8.3.1.1', '32.8.3.1', '/var/www/server/Datasets/MOLF/MindtctOutput/DB1_Lumidgm/32_3_8.xyt');

INSERT INTO Images
Values('/var/www/server/Datasets/MOLF/OriginalDataset/DB1_Lumidgm/32_4_8.wsq', '32.8.4', '32.8', 352, 544, 500);

INSERT INTO Features
Values('32.8.4', '32.8.4.1', 47);

INSERT INTO Minutiaes
Values('32.8.4.1.1', '32.8.4.1', '/var/www/server/Datasets/MOLF/MindtctOutput/DB1_Lumidgm/32_4_8.xyt');

INSERT INTO Fingers
Values(NULL, 9, '32.9', '32');

INSERT INTO Images
Values('/var/www/server/Datasets/MOLF/OriginalDataset/DB1_Lumidgm/32_1_9.wsq', '32.9.1', '32.9', 352, 544, 500);

INSERT INTO Features
Values('32.9.1', '32.9.1.1', 51);

INSERT INTO Minutiaes
Values('32.9.1.1.1', '32.9.1.1', '/var/www/server/Datasets/MOLF/MindtctOutput/DB1_Lumidgm/32_1_9.xyt');

INSERT INTO Images
Values('/var/www/server/Datasets/MOLF/OriginalDataset/DB1_Lumidgm/32_2_9.wsq', '32.9.2', '32.9', 352, 544, 500);

INSERT INTO Features
Values('32.9.2', '32.9.2.1', 44);

INSERT INTO Minutiaes
Values('32.9.2.1.1', '32.9.2.1', '/var/www/server/Datasets/MOLF/MindtctOutput/DB1_Lumidgm/32_2_9.xyt');

INSERT INTO Images
Values('/var/www/server/Datasets/MOLF/OriginalDataset/DB1_Lumidgm/32_3_9.wsq', '32.9.3', '32.9', 352, 544, 500);

INSERT INTO Features
Values('32.9.3', '32.9.3.1', 64);

INSERT INTO Minutiaes
Values('32.9.3.1.1', '32.9.3.1', '/var/www/server/Datasets/MOLF/MindtctOutput/DB1_Lumidgm/32_3_9.xyt');

INSERT INTO Images
Values('/var/www/server/Datasets/MOLF/OriginalDataset/DB1_Lumidgm/32_4_9.wsq', '32.9.4', '32.9', 352, 544, 500);

INSERT INTO Features
Values('32.9.4', '32.9.4.1', 53);

INSERT INTO Minutiaes
Values('32.9.4.1.1', '32.9.4.1', '/var/www/server/Datasets/MOLF/MindtctOutput/DB1_Lumidgm/32_4_9.xyt');

INSERT INTO Fingers
Values(NULL, 10, '32.10', '32');

INSERT INTO Images
Values('/var/www/server/Datasets/MOLF/OriginalDataset/DB1_Lumidgm/32_1_10.wsq', '32.10.1', '32.10', 352, 544, 500);

INSERT INTO Features
Values('32.10.1', '32.10.1.1', 42);

INSERT INTO Minutiaes
Values('32.10.1.1.1', '32.10.1.1', '/var/www/server/Datasets/MOLF/MindtctOutput/DB1_Lumidgm/32_1_10.xyt');

INSERT INTO Images
Values('/var/www/server/Datasets/MOLF/OriginalDataset/DB1_Lumidgm/32_2_10.wsq', '32.10.2', '32.10', 352, 544, 500);

INSERT INTO Features
Values('32.10.2', '32.10.2.1', 57);

INSERT INTO Minutiaes
Values('32.10.2.1.1', '32.10.2.1', '/var/www/server/Datasets/MOLF/MindtctOutput/DB1_Lumidgm/32_2_10.xyt');

INSERT INTO Images
Values('/var/www/server/Datasets/MOLF/OriginalDataset/DB1_Lumidgm/32_3_10.wsq', '32.10.3', '32.10', 352, 544, 500);

INSERT INTO Features
Values('32.10.3', '32.10.3.1', 62);

INSERT INTO Minutiaes
Values('32.10.3.1.1', '32.10.3.1', '/var/www/server/Datasets/MOLF/MindtctOutput/DB1_Lumidgm/32_3_10.xyt');

INSERT INTO Images
Values('/var/www/server/Datasets/MOLF/OriginalDataset/DB1_Lumidgm/32_4_10.wsq', '32.10.4', '32.10', 352, 544, 500);

INSERT INTO Features
Values('32.10.4', '32.10.4.1', 66);

INSERT INTO Minutiaes
Values('32.10.4.1.1', '32.10.4.1', '/var/www/server/Datasets/MOLF/MindtctOutput/DB1_Lumidgm/32_4_10.xyt');

#------------------------SUBJECT 33------------------------
INSERT INTO Subjects
Values('33');

INSERT INTO Fingers
Values(NULL, 1, '33.1', '33');

INSERT INTO Images
Values('/var/www/server/Datasets/MOLF/OriginalDataset/DB1_Lumidgm/33_1_1.wsq', '33.1.1', '33.1', 352, 544, 500);

INSERT INTO Features
Values('33.1.1', '33.1.1.1', 60);

INSERT INTO Minutiaes
Values('33.1.1.1.1', '33.1.1.1', '/var/www/server/Datasets/MOLF/MindtctOutput/DB1_Lumidgm/33_1_1.xyt');

INSERT INTO Images
Values('/var/www/server/Datasets/MOLF/OriginalDataset/DB1_Lumidgm/33_2_1.wsq', '33.1.2', '33.1', 352, 544, 500);

INSERT INTO Features
Values('33.1.2', '33.1.2.1', 59);

INSERT INTO Minutiaes
Values('33.1.2.1.1', '33.1.2.1', '/var/www/server/Datasets/MOLF/MindtctOutput/DB1_Lumidgm/33_2_1.xyt');

INSERT INTO Images
Values('/var/www/server/Datasets/MOLF/OriginalDataset/DB1_Lumidgm/33_3_1.wsq', '33.1.3', '33.1', 352, 544, 500);

INSERT INTO Features
Values('33.1.3', '33.1.3.1', 54);

INSERT INTO Minutiaes
Values('33.1.3.1.1', '33.1.3.1', '/var/www/server/Datasets/MOLF/MindtctOutput/DB1_Lumidgm/33_3_1.xyt');

INSERT INTO Images
Values('/var/www/server/Datasets/MOLF/OriginalDataset/DB1_Lumidgm/33_4_1.wsq', '33.1.4', '33.1', 352, 544, 500);

INSERT INTO Features
Values('33.1.4', '33.1.4.1', 42);

INSERT INTO Minutiaes
Values('33.1.4.1.1', '33.1.4.1', '/var/www/server/Datasets/MOLF/MindtctOutput/DB1_Lumidgm/33_4_1.xyt');

INSERT INTO Fingers
Values(NULL, 2, '33.2', '33');

INSERT INTO Images
Values('/var/www/server/Datasets/MOLF/OriginalDataset/DB1_Lumidgm/33_1_2.wsq', '33.2.1', '33.2', 352, 544, 500);

INSERT INTO Features
Values('33.2.1', '33.2.1.1', 56);

INSERT INTO Minutiaes
Values('33.2.1.1.1', '33.2.1.1', '/var/www/server/Datasets/MOLF/MindtctOutput/DB1_Lumidgm/33_1_2.xyt');

INSERT INTO Images
Values('/var/www/server/Datasets/MOLF/OriginalDataset/DB1_Lumidgm/33_2_2.wsq', '33.2.2', '33.2', 352, 544, 500);

INSERT INTO Features
Values('33.2.2', '33.2.2.1', 61);

INSERT INTO Minutiaes
Values('33.2.2.1.1', '33.2.2.1', '/var/www/server/Datasets/MOLF/MindtctOutput/DB1_Lumidgm/33_2_2.xyt');

INSERT INTO Images
Values('/var/www/server/Datasets/MOLF/OriginalDataset/DB1_Lumidgm/33_3_2.wsq', '33.2.3', '33.2', 352, 544, 500);

INSERT INTO Features
Values('33.2.3', '33.2.3.1', 49);

INSERT INTO Minutiaes
Values('33.2.3.1.1', '33.2.3.1', '/var/www/server/Datasets/MOLF/MindtctOutput/DB1_Lumidgm/33_3_2.xyt');

INSERT INTO Images
Values('/var/www/server/Datasets/MOLF/OriginalDataset/DB1_Lumidgm/33_4_2.wsq', '33.2.4', '33.2', 352, 544, 500);

INSERT INTO Features
Values('33.2.4', '33.2.4.1', 62);

INSERT INTO Minutiaes
Values('33.2.4.1.1', '33.2.4.1', '/var/www/server/Datasets/MOLF/MindtctOutput/DB1_Lumidgm/33_4_2.xyt');

INSERT INTO Fingers
Values(NULL, 3, '33.3', '33');

INSERT INTO Images
Values('/var/www/server/Datasets/MOLF/OriginalDataset/DB1_Lumidgm/33_1_3.wsq', '33.3.1', '33.3', 352, 544, 500);

INSERT INTO Features
Values('33.3.1', '33.3.1.1', 67);

INSERT INTO Minutiaes
Values('33.3.1.1.1', '33.3.1.1', '/var/www/server/Datasets/MOLF/MindtctOutput/DB1_Lumidgm/33_1_3.xyt');

INSERT INTO Images
Values('/var/www/server/Datasets/MOLF/OriginalDataset/DB1_Lumidgm/33_2_3.wsq', '33.3.2', '33.3', 352, 544, 500);

INSERT INTO Features
Values('33.3.2', '33.3.2.1', 69);

INSERT INTO Minutiaes
Values('33.3.2.1.1', '33.3.2.1', '/var/www/server/Datasets/MOLF/MindtctOutput/DB1_Lumidgm/33_2_3.xyt');

INSERT INTO Images
Values('/var/www/server/Datasets/MOLF/OriginalDataset/DB1_Lumidgm/33_3_3.wsq', '33.3.3', '33.3', 352, 544, 500);

INSERT INTO Features
Values('33.3.3', '33.3.3.1', 78);

INSERT INTO Minutiaes
Values('33.3.3.1.1', '33.3.3.1', '/var/www/server/Datasets/MOLF/MindtctOutput/DB1_Lumidgm/33_3_3.xyt');

INSERT INTO Images
Values('/var/www/server/Datasets/MOLF/OriginalDataset/DB1_Lumidgm/33_4_3.wsq', '33.3.4', '33.3', 352, 544, 500);

INSERT INTO Features
Values('33.3.4', '33.3.4.1', 63);

INSERT INTO Minutiaes
Values('33.3.4.1.1', '33.3.4.1', '/var/www/server/Datasets/MOLF/MindtctOutput/DB1_Lumidgm/33_4_3.xyt');

INSERT INTO Fingers
Values(NULL, 4, '33.4', '33');

INSERT INTO Images
Values('/var/www/server/Datasets/MOLF/OriginalDataset/DB1_Lumidgm/33_1_4.wsq', '33.4.1', '33.4', 352, 544, 500);

INSERT INTO Features
Values('33.4.1', '33.4.1.1', 74);

INSERT INTO Minutiaes
Values('33.4.1.1.1', '33.4.1.1', '/var/www/server/Datasets/MOLF/MindtctOutput/DB1_Lumidgm/33_1_4.xyt');

INSERT INTO Images
Values('/var/www/server/Datasets/MOLF/OriginalDataset/DB1_Lumidgm/33_2_4.wsq', '33.4.2', '33.4', 352, 544, 500);

INSERT INTO Features
Values('33.4.2', '33.4.2.1', 75);

INSERT INTO Minutiaes
Values('33.4.2.1.1', '33.4.2.1', '/var/www/server/Datasets/MOLF/MindtctOutput/DB1_Lumidgm/33_2_4.xyt');

INSERT INTO Images
Values('/var/www/server/Datasets/MOLF/OriginalDataset/DB1_Lumidgm/33_3_4.wsq', '33.4.3', '33.4', 352, 544, 500);

INSERT INTO Features
Values('33.4.3', '33.4.3.1', 73);

INSERT INTO Minutiaes
Values('33.4.3.1.1', '33.4.3.1', '/var/www/server/Datasets/MOLF/MindtctOutput/DB1_Lumidgm/33_3_4.xyt');

INSERT INTO Images
Values('/var/www/server/Datasets/MOLF/OriginalDataset/DB1_Lumidgm/33_4_4.wsq', '33.4.4', '33.4', 352, 544, 500);

INSERT INTO Features
Values('33.4.4', '33.4.4.1', 85);

INSERT INTO Minutiaes
Values('33.4.4.1.1', '33.4.4.1', '/var/www/server/Datasets/MOLF/MindtctOutput/DB1_Lumidgm/33_4_4.xyt');

INSERT INTO Fingers
Values(NULL, 5, '33.5', '33');

INSERT INTO Images
Values('/var/www/server/Datasets/MOLF/OriginalDataset/DB1_Lumidgm/33_1_5.wsq', '33.5.1', '33.5', 352, 544, 500);

INSERT INTO Features
Values('33.5.1', '33.5.1.1', 80);

INSERT INTO Minutiaes
Values('33.5.1.1.1', '33.5.1.1', '/var/www/server/Datasets/MOLF/MindtctOutput/DB1_Lumidgm/33_1_5.xyt');

INSERT INTO Images
Values('/var/www/server/Datasets/MOLF/OriginalDataset/DB1_Lumidgm/33_2_5.wsq', '33.5.2', '33.5', 352, 544, 500);

INSERT INTO Features
Values('33.5.2', '33.5.2.1', 101);

INSERT INTO Minutiaes
Values('33.5.2.1.1', '33.5.2.1', '/var/www/server/Datasets/MOLF/MindtctOutput/DB1_Lumidgm/33_2_5.xyt');

INSERT INTO Images
Values('/var/www/server/Datasets/MOLF/OriginalDataset/DB1_Lumidgm/33_3_5.wsq', '33.5.3', '33.5', 352, 544, 500);

INSERT INTO Features
Values('33.5.3', '33.5.3.1', 73);

INSERT INTO Minutiaes
Values('33.5.3.1.1', '33.5.3.1', '/var/www/server/Datasets/MOLF/MindtctOutput/DB1_Lumidgm/33_3_5.xyt');

INSERT INTO Images
Values('/var/www/server/Datasets/MOLF/OriginalDataset/DB1_Lumidgm/33_4_5.wsq', '33.5.4', '33.5', 352, 544, 500);

INSERT INTO Features
Values('33.5.4', '33.5.4.1', 90);

INSERT INTO Minutiaes
Values('33.5.4.1.1', '33.5.4.1', '/var/www/server/Datasets/MOLF/MindtctOutput/DB1_Lumidgm/33_4_5.xyt');

INSERT INTO Fingers
Values(NULL, 6, '33.6', '33');

INSERT INTO Images
Values('/var/www/server/Datasets/MOLF/OriginalDataset/DB1_Lumidgm/33_1_6.wsq', '33.6.1', '33.6', 352, 544, 500);

INSERT INTO Features
Values('33.6.1', '33.6.1.1', 53);

INSERT INTO Minutiaes
Values('33.6.1.1.1', '33.6.1.1', '/var/www/server/Datasets/MOLF/MindtctOutput/DB1_Lumidgm/33_1_6.xyt');

INSERT INTO Images
Values('/var/www/server/Datasets/MOLF/OriginalDataset/DB1_Lumidgm/33_2_6.wsq', '33.6.2', '33.6', 352, 544, 500);

INSERT INTO Features
Values('33.6.2', '33.6.2.1', 65);

INSERT INTO Minutiaes
Values('33.6.2.1.1', '33.6.2.1', '/var/www/server/Datasets/MOLF/MindtctOutput/DB1_Lumidgm/33_2_6.xyt');

INSERT INTO Images
Values('/var/www/server/Datasets/MOLF/OriginalDataset/DB1_Lumidgm/33_3_6.wsq', '33.6.3', '33.6', 352, 544, 500);

INSERT INTO Features
Values('33.6.3', '33.6.3.1', 66);

INSERT INTO Minutiaes
Values('33.6.3.1.1', '33.6.3.1', '/var/www/server/Datasets/MOLF/MindtctOutput/DB1_Lumidgm/33_3_6.xyt');

INSERT INTO Images
Values('/var/www/server/Datasets/MOLF/OriginalDataset/DB1_Lumidgm/33_4_6.wsq', '33.6.4', '33.6', 352, 544, 500);

INSERT INTO Features
Values('33.6.4', '33.6.4.1', 70);

INSERT INTO Minutiaes
Values('33.6.4.1.1', '33.6.4.1', '/var/www/server/Datasets/MOLF/MindtctOutput/DB1_Lumidgm/33_4_6.xyt');

INSERT INTO Fingers
Values(NULL, 7, '33.7', '33');

INSERT INTO Images
Values('/var/www/server/Datasets/MOLF/OriginalDataset/DB1_Lumidgm/33_1_7.wsq', '33.7.1', '33.7', 352, 544, 500);

INSERT INTO Features
Values('33.7.1', '33.7.1.1', 61);

INSERT INTO Minutiaes
Values('33.7.1.1.1', '33.7.1.1', '/var/www/server/Datasets/MOLF/MindtctOutput/DB1_Lumidgm/33_1_7.xyt');

INSERT INTO Images
Values('/var/www/server/Datasets/MOLF/OriginalDataset/DB1_Lumidgm/33_2_7.wsq', '33.7.2', '33.7', 352, 544, 500);

INSERT INTO Features
Values('33.7.2', '33.7.2.1', 65);

INSERT INTO Minutiaes
Values('33.7.2.1.1', '33.7.2.1', '/var/www/server/Datasets/MOLF/MindtctOutput/DB1_Lumidgm/33_2_7.xyt');

INSERT INTO Images
Values('/var/www/server/Datasets/MOLF/OriginalDataset/DB1_Lumidgm/33_3_7.wsq', '33.7.3', '33.7', 352, 544, 500);

INSERT INTO Features
Values('33.7.3', '33.7.3.1', 69);

INSERT INTO Minutiaes
Values('33.7.3.1.1', '33.7.3.1', '/var/www/server/Datasets/MOLF/MindtctOutput/DB1_Lumidgm/33_3_7.xyt');

INSERT INTO Images
Values('/var/www/server/Datasets/MOLF/OriginalDataset/DB1_Lumidgm/33_4_7.wsq', '33.7.4', '33.7', 352, 544, 500);

INSERT INTO Features
Values('33.7.4', '33.7.4.1', 68);

INSERT INTO Minutiaes
Values('33.7.4.1.1', '33.7.4.1', '/var/www/server/Datasets/MOLF/MindtctOutput/DB1_Lumidgm/33_4_7.xyt');

INSERT INTO Fingers
Values(NULL, 8, '33.8', '33');

INSERT INTO Images
Values('/var/www/server/Datasets/MOLF/OriginalDataset/DB1_Lumidgm/33_1_8.wsq', '33.8.1', '33.8', 352, 544, 500);

INSERT INTO Features
Values('33.8.1', '33.8.1.1', 93);

INSERT INTO Minutiaes
Values('33.8.1.1.1', '33.8.1.1', '/var/www/server/Datasets/MOLF/MindtctOutput/DB1_Lumidgm/33_1_8.xyt');

INSERT INTO Images
Values('/var/www/server/Datasets/MOLF/OriginalDataset/DB1_Lumidgm/33_2_8.wsq', '33.8.2', '33.8', 352, 544, 500);

INSERT INTO Features
Values('33.8.2', '33.8.2.1', 79);

INSERT INTO Minutiaes
Values('33.8.2.1.1', '33.8.2.1', '/var/www/server/Datasets/MOLF/MindtctOutput/DB1_Lumidgm/33_2_8.xyt');

INSERT INTO Images
Values('/var/www/server/Datasets/MOLF/OriginalDataset/DB1_Lumidgm/33_3_8.wsq', '33.8.3', '33.8', 352, 544, 500);

INSERT INTO Features
Values('33.8.3', '33.8.3.1', 66);

INSERT INTO Minutiaes
Values('33.8.3.1.1', '33.8.3.1', '/var/www/server/Datasets/MOLF/MindtctOutput/DB1_Lumidgm/33_3_8.xyt');

INSERT INTO Images
Values('/var/www/server/Datasets/MOLF/OriginalDataset/DB1_Lumidgm/33_4_8.wsq', '33.8.4', '33.8', 352, 544, 500);

INSERT INTO Features
Values('33.8.4', '33.8.4.1', 76);

INSERT INTO Minutiaes
Values('33.8.4.1.1', '33.8.4.1', '/var/www/server/Datasets/MOLF/MindtctOutput/DB1_Lumidgm/33_4_8.xyt');

INSERT INTO Fingers
Values(NULL, 9, '33.9', '33');

INSERT INTO Images
Values('/var/www/server/Datasets/MOLF/OriginalDataset/DB1_Lumidgm/33_1_9.wsq', '33.9.1', '33.9', 352, 544, 500);

INSERT INTO Features
Values('33.9.1', '33.9.1.1', 111);

INSERT INTO Minutiaes
Values('33.9.1.1.1', '33.9.1.1', '/var/www/server/Datasets/MOLF/MindtctOutput/DB1_Lumidgm/33_1_9.xyt');

INSERT INTO Images
Values('/var/www/server/Datasets/MOLF/OriginalDataset/DB1_Lumidgm/33_2_9.wsq', '33.9.2', '33.9', 352, 544, 500);

INSERT INTO Features
Values('33.9.2', '33.9.2.1', 106);

INSERT INTO Minutiaes
Values('33.9.2.1.1', '33.9.2.1', '/var/www/server/Datasets/MOLF/MindtctOutput/DB1_Lumidgm/33_2_9.xyt');

INSERT INTO Images
Values('/var/www/server/Datasets/MOLF/OriginalDataset/DB1_Lumidgm/33_3_9.wsq', '33.9.3', '33.9', 352, 544, 500);

INSERT INTO Features
Values('33.9.3', '33.9.3.1', 89);

INSERT INTO Minutiaes
Values('33.9.3.1.1', '33.9.3.1', '/var/www/server/Datasets/MOLF/MindtctOutput/DB1_Lumidgm/33_3_9.xyt');

INSERT INTO Images
Values('/var/www/server/Datasets/MOLF/OriginalDataset/DB1_Lumidgm/33_4_9.wsq', '33.9.4', '33.9', 352, 544, 500);

INSERT INTO Features
Values('33.9.4', '33.9.4.1', 78);

INSERT INTO Minutiaes
Values('33.9.4.1.1', '33.9.4.1', '/var/www/server/Datasets/MOLF/MindtctOutput/DB1_Lumidgm/33_4_9.xyt');

INSERT INTO Fingers
Values(NULL, 10, '33.10', '33');

INSERT INTO Images
Values('/var/www/server/Datasets/MOLF/OriginalDataset/DB1_Lumidgm/33_1_10.wsq', '33.10.1', '33.10', 352, 544, 500);

INSERT INTO Features
Values('33.10.1', '33.10.1.1', 69);

INSERT INTO Minutiaes
Values('33.10.1.1.1', '33.10.1.1', '/var/www/server/Datasets/MOLF/MindtctOutput/DB1_Lumidgm/33_1_10.xyt');

INSERT INTO Images
Values('/var/www/server/Datasets/MOLF/OriginalDataset/DB1_Lumidgm/33_2_10.wsq', '33.10.2', '33.10', 352, 544, 500);

INSERT INTO Features
Values('33.10.2', '33.10.2.1', 72);

INSERT INTO Minutiaes
Values('33.10.2.1.1', '33.10.2.1', '/var/www/server/Datasets/MOLF/MindtctOutput/DB1_Lumidgm/33_2_10.xyt');

INSERT INTO Images
Values('/var/www/server/Datasets/MOLF/OriginalDataset/DB1_Lumidgm/33_3_10.wsq', '33.10.3', '33.10', 352, 544, 500);

INSERT INTO Features
Values('33.10.3', '33.10.3.1', 58);

INSERT INTO Minutiaes
Values('33.10.3.1.1', '33.10.3.1', '/var/www/server/Datasets/MOLF/MindtctOutput/DB1_Lumidgm/33_3_10.xyt');

INSERT INTO Images
Values('/var/www/server/Datasets/MOLF/OriginalDataset/DB1_Lumidgm/33_4_10.wsq', '33.10.4', '33.10', 352, 544, 500);

INSERT INTO Features
Values('33.10.4', '33.10.4.1', 102);

INSERT INTO Minutiaes
Values('33.10.4.1.1', '33.10.4.1', '/var/www/server/Datasets/MOLF/MindtctOutput/DB1_Lumidgm/33_4_10.xyt');

#------------------------SUBJECT 34------------------------
INSERT INTO Subjects
Values('34');

INSERT INTO Fingers
Values(NULL, 1, '34.1', '34');

INSERT INTO Images
Values('/var/www/server/Datasets/MOLF/OriginalDataset/DB1_Lumidgm/34_1_1.wsq', '34.1.1', '34.1', 352, 544, 500);

INSERT INTO Features
Values('34.1.1', '34.1.1.1', 43);

INSERT INTO Minutiaes
Values('34.1.1.1.1', '34.1.1.1', '/var/www/server/Datasets/MOLF/MindtctOutput/DB1_Lumidgm/34_1_1.xyt');

INSERT INTO Images
Values('/var/www/server/Datasets/MOLF/OriginalDataset/DB1_Lumidgm/34_2_1.wsq', '34.1.2', '34.1', 352, 544, 500);

INSERT INTO Features
Values('34.1.2', '34.1.2.1', 46);

INSERT INTO Minutiaes
Values('34.1.2.1.1', '34.1.2.1', '/var/www/server/Datasets/MOLF/MindtctOutput/DB1_Lumidgm/34_2_1.xyt');

INSERT INTO Images
Values('/var/www/server/Datasets/MOLF/OriginalDataset/DB1_Lumidgm/34_3_1.wsq', '34.1.3', '34.1', 352, 544, 500);

INSERT INTO Features
Values('34.1.3', '34.1.3.1', 41);

INSERT INTO Minutiaes
Values('34.1.3.1.1', '34.1.3.1', '/var/www/server/Datasets/MOLF/MindtctOutput/DB1_Lumidgm/34_3_1.xyt');

INSERT INTO Images
Values('/var/www/server/Datasets/MOLF/OriginalDataset/DB1_Lumidgm/34_4_1.wsq', '34.1.4', '34.1', 352, 544, 500);

INSERT INTO Features
Values('34.1.4', '34.1.4.1', 45);

INSERT INTO Minutiaes
Values('34.1.4.1.1', '34.1.4.1', '/var/www/server/Datasets/MOLF/MindtctOutput/DB1_Lumidgm/34_4_1.xyt');

INSERT INTO Fingers
Values(NULL, 2, '34.2', '34');

INSERT INTO Images
Values('/var/www/server/Datasets/MOLF/OriginalDataset/DB1_Lumidgm/34_1_2.wsq', '34.2.1', '34.2', 352, 544, 500);

INSERT INTO Features
Values('34.2.1', '34.2.1.1', 34);

INSERT INTO Minutiaes
Values('34.2.1.1.1', '34.2.1.1', '/var/www/server/Datasets/MOLF/MindtctOutput/DB1_Lumidgm/34_1_2.xyt');

INSERT INTO Images
Values('/var/www/server/Datasets/MOLF/OriginalDataset/DB1_Lumidgm/34_2_2.wsq', '34.2.2', '34.2', 352, 544, 500);

INSERT INTO Features
Values('34.2.2', '34.2.2.1', 58);

INSERT INTO Minutiaes
Values('34.2.2.1.1', '34.2.2.1', '/var/www/server/Datasets/MOLF/MindtctOutput/DB1_Lumidgm/34_2_2.xyt');

INSERT INTO Images
Values('/var/www/server/Datasets/MOLF/OriginalDataset/DB1_Lumidgm/34_3_2.wsq', '34.2.3', '34.2', 352, 544, 500);

INSERT INTO Features
Values('34.2.3', '34.2.3.1', 58);

INSERT INTO Minutiaes
Values('34.2.3.1.1', '34.2.3.1', '/var/www/server/Datasets/MOLF/MindtctOutput/DB1_Lumidgm/34_3_2.xyt');

INSERT INTO Images
Values('/var/www/server/Datasets/MOLF/OriginalDataset/DB1_Lumidgm/34_4_2.wsq', '34.2.4', '34.2', 352, 544, 500);

INSERT INTO Features
Values('34.2.4', '34.2.4.1', 44);

INSERT INTO Minutiaes
Values('34.2.4.1.1', '34.2.4.1', '/var/www/server/Datasets/MOLF/MindtctOutput/DB1_Lumidgm/34_4_2.xyt');

INSERT INTO Fingers
Values(NULL, 3, '34.3', '34');

INSERT INTO Images
Values('/var/www/server/Datasets/MOLF/OriginalDataset/DB1_Lumidgm/34_1_3.wsq', '34.3.1', '34.3', 352, 544, 500);

INSERT INTO Features
Values('34.3.1', '34.3.1.1', 58);

INSERT INTO Minutiaes
Values('34.3.1.1.1', '34.3.1.1', '/var/www/server/Datasets/MOLF/MindtctOutput/DB1_Lumidgm/34_1_3.xyt');

INSERT INTO Images
Values('/var/www/server/Datasets/MOLF/OriginalDataset/DB1_Lumidgm/34_2_3.wsq', '34.3.2', '34.3', 352, 544, 500);

INSERT INTO Features
Values('34.3.2', '34.3.2.1', 54);

INSERT INTO Minutiaes
Values('34.3.2.1.1', '34.3.2.1', '/var/www/server/Datasets/MOLF/MindtctOutput/DB1_Lumidgm/34_2_3.xyt');

INSERT INTO Images
Values('/var/www/server/Datasets/MOLF/OriginalDataset/DB1_Lumidgm/34_3_3.wsq', '34.3.3', '34.3', 352, 544, 500);

INSERT INTO Features
Values('34.3.3', '34.3.3.1', 69);

INSERT INTO Minutiaes
Values('34.3.3.1.1', '34.3.3.1', '/var/www/server/Datasets/MOLF/MindtctOutput/DB1_Lumidgm/34_3_3.xyt');

INSERT INTO Images
Values('/var/www/server/Datasets/MOLF/OriginalDataset/DB1_Lumidgm/34_4_3.wsq', '34.3.4', '34.3', 352, 544, 500);

INSERT INTO Features
Values('34.3.4', '34.3.4.1', 74);

INSERT INTO Minutiaes
Values('34.3.4.1.1', '34.3.4.1', '/var/www/server/Datasets/MOLF/MindtctOutput/DB1_Lumidgm/34_4_3.xyt');

INSERT INTO Fingers
Values(NULL, 4, '34.4', '34');

INSERT INTO Images
Values('/var/www/server/Datasets/MOLF/OriginalDataset/DB1_Lumidgm/34_1_4.wsq', '34.4.1', '34.4', 352, 544, 500);

INSERT INTO Features
Values('34.4.1', '34.4.1.1', 48);

INSERT INTO Minutiaes
Values('34.4.1.1.1', '34.4.1.1', '/var/www/server/Datasets/MOLF/MindtctOutput/DB1_Lumidgm/34_1_4.xyt');

INSERT INTO Images
Values('/var/www/server/Datasets/MOLF/OriginalDataset/DB1_Lumidgm/34_2_4.wsq', '34.4.2', '34.4', 352, 544, 500);

INSERT INTO Features
Values('34.4.2', '34.4.2.1', 48);

INSERT INTO Minutiaes
Values('34.4.2.1.1', '34.4.2.1', '/var/www/server/Datasets/MOLF/MindtctOutput/DB1_Lumidgm/34_2_4.xyt');

INSERT INTO Images
Values('/var/www/server/Datasets/MOLF/OriginalDataset/DB1_Lumidgm/34_3_4.wsq', '34.4.3', '34.4', 352, 544, 500);

INSERT INTO Features
Values('34.4.3', '34.4.3.1', 66);

INSERT INTO Minutiaes
Values('34.4.3.1.1', '34.4.3.1', '/var/www/server/Datasets/MOLF/MindtctOutput/DB1_Lumidgm/34_3_4.xyt');

INSERT INTO Images
Values('/var/www/server/Datasets/MOLF/OriginalDataset/DB1_Lumidgm/34_4_4.wsq', '34.4.4', '34.4', 352, 544, 500);

INSERT INTO Features
Values('34.4.4', '34.4.4.1', 53);

INSERT INTO Minutiaes
Values('34.4.4.1.1', '34.4.4.1', '/var/www/server/Datasets/MOLF/MindtctOutput/DB1_Lumidgm/34_4_4.xyt');

INSERT INTO Fingers
Values(NULL, 5, '34.5', '34');

INSERT INTO Images
Values('/var/www/server/Datasets/MOLF/OriginalDataset/DB1_Lumidgm/34_1_5.wsq', '34.5.1', '34.5', 352, 544, 500);

INSERT INTO Features
Values('34.5.1', '34.5.1.1', 50);

INSERT INTO Minutiaes
Values('34.5.1.1.1', '34.5.1.1', '/var/www/server/Datasets/MOLF/MindtctOutput/DB1_Lumidgm/34_1_5.xyt');

INSERT INTO Images
Values('/var/www/server/Datasets/MOLF/OriginalDataset/DB1_Lumidgm/34_2_5.wsq', '34.5.2', '34.5', 352, 544, 500);

INSERT INTO Features
Values('34.5.2', '34.5.2.1', 46);

INSERT INTO Minutiaes
Values('34.5.2.1.1', '34.5.2.1', '/var/www/server/Datasets/MOLF/MindtctOutput/DB1_Lumidgm/34_2_5.xyt');

INSERT INTO Images
Values('/var/www/server/Datasets/MOLF/OriginalDataset/DB1_Lumidgm/34_3_5.wsq', '34.5.3', '34.5', 352, 544, 500);

INSERT INTO Features
Values('34.5.3', '34.5.3.1', 55);

INSERT INTO Minutiaes
Values('34.5.3.1.1', '34.5.3.1', '/var/www/server/Datasets/MOLF/MindtctOutput/DB1_Lumidgm/34_3_5.xyt');

INSERT INTO Images
Values('/var/www/server/Datasets/MOLF/OriginalDataset/DB1_Lumidgm/34_4_5.wsq', '34.5.4', '34.5', 352, 544, 500);

INSERT INTO Features
Values('34.5.4', '34.5.4.1', 54);

INSERT INTO Minutiaes
Values('34.5.4.1.1', '34.5.4.1', '/var/www/server/Datasets/MOLF/MindtctOutput/DB1_Lumidgm/34_4_5.xyt');

INSERT INTO Fingers
Values(NULL, 6, '34.6', '34');

INSERT INTO Images
Values('/var/www/server/Datasets/MOLF/OriginalDataset/DB1_Lumidgm/34_1_6.wsq', '34.6.1', '34.6', 352, 544, 500);

INSERT INTO Features
Values('34.6.1', '34.6.1.1', 41);

INSERT INTO Minutiaes
Values('34.6.1.1.1', '34.6.1.1', '/var/www/server/Datasets/MOLF/MindtctOutput/DB1_Lumidgm/34_1_6.xyt');

INSERT INTO Images
Values('/var/www/server/Datasets/MOLF/OriginalDataset/DB1_Lumidgm/34_2_6.wsq', '34.6.2', '34.6', 352, 544, 500);

INSERT INTO Features
Values('34.6.2', '34.6.2.1', 49);

INSERT INTO Minutiaes
Values('34.6.2.1.1', '34.6.2.1', '/var/www/server/Datasets/MOLF/MindtctOutput/DB1_Lumidgm/34_2_6.xyt');

INSERT INTO Images
Values('/var/www/server/Datasets/MOLF/OriginalDataset/DB1_Lumidgm/34_3_6.wsq', '34.6.3', '34.6', 352, 544, 500);

INSERT INTO Features
Values('34.6.3', '34.6.3.1', 71);

INSERT INTO Minutiaes
Values('34.6.3.1.1', '34.6.3.1', '/var/www/server/Datasets/MOLF/MindtctOutput/DB1_Lumidgm/34_3_6.xyt');

INSERT INTO Images
Values('/var/www/server/Datasets/MOLF/OriginalDataset/DB1_Lumidgm/34_4_6.wsq', '34.6.4', '34.6', 352, 544, 500);

INSERT INTO Features
Values('34.6.4', '34.6.4.1', 46);

INSERT INTO Minutiaes
Values('34.6.4.1.1', '34.6.4.1', '/var/www/server/Datasets/MOLF/MindtctOutput/DB1_Lumidgm/34_4_6.xyt');

INSERT INTO Fingers
Values(NULL, 7, '34.7', '34');

INSERT INTO Images
Values('/var/www/server/Datasets/MOLF/OriginalDataset/DB1_Lumidgm/34_1_7.wsq', '34.7.1', '34.7', 352, 544, 500);

INSERT INTO Features
Values('34.7.1', '34.7.1.1', 54);

INSERT INTO Minutiaes
Values('34.7.1.1.1', '34.7.1.1', '/var/www/server/Datasets/MOLF/MindtctOutput/DB1_Lumidgm/34_1_7.xyt');

INSERT INTO Images
Values('/var/www/server/Datasets/MOLF/OriginalDataset/DB1_Lumidgm/34_2_7.wsq', '34.7.2', '34.7', 352, 544, 500);

INSERT INTO Features
Values('34.7.2', '34.7.2.1', 52);

INSERT INTO Minutiaes
Values('34.7.2.1.1', '34.7.2.1', '/var/www/server/Datasets/MOLF/MindtctOutput/DB1_Lumidgm/34_2_7.xyt');

INSERT INTO Images
Values('/var/www/server/Datasets/MOLF/OriginalDataset/DB1_Lumidgm/34_3_7.wsq', '34.7.3', '34.7', 352, 544, 500);

INSERT INTO Features
Values('34.7.3', '34.7.3.1', 48);

INSERT INTO Minutiaes
Values('34.7.3.1.1', '34.7.3.1', '/var/www/server/Datasets/MOLF/MindtctOutput/DB1_Lumidgm/34_3_7.xyt');

INSERT INTO Images
Values('/var/www/server/Datasets/MOLF/OriginalDataset/DB1_Lumidgm/34_4_7.wsq', '34.7.4', '34.7', 352, 544, 500);

INSERT INTO Features
Values('34.7.4', '34.7.4.1', 54);

INSERT INTO Minutiaes
Values('34.7.4.1.1', '34.7.4.1', '/var/www/server/Datasets/MOLF/MindtctOutput/DB1_Lumidgm/34_4_7.xyt');

INSERT INTO Fingers
Values(NULL, 8, '34.8', '34');

INSERT INTO Images
Values('/var/www/server/Datasets/MOLF/OriginalDataset/DB1_Lumidgm/34_1_8.wsq', '34.8.1', '34.8', 352, 544, 500);

INSERT INTO Features
Values('34.8.1', '34.8.1.1', 67);

INSERT INTO Minutiaes
Values('34.8.1.1.1', '34.8.1.1', '/var/www/server/Datasets/MOLF/MindtctOutput/DB1_Lumidgm/34_1_8.xyt');

INSERT INTO Images
Values('/var/www/server/Datasets/MOLF/OriginalDataset/DB1_Lumidgm/34_2_8.wsq', '34.8.2', '34.8', 352, 544, 500);

INSERT INTO Features
Values('34.8.2', '34.8.2.1', 80);

INSERT INTO Minutiaes
Values('34.8.2.1.1', '34.8.2.1', '/var/www/server/Datasets/MOLF/MindtctOutput/DB1_Lumidgm/34_2_8.xyt');

INSERT INTO Images
Values('/var/www/server/Datasets/MOLF/OriginalDataset/DB1_Lumidgm/34_3_8.wsq', '34.8.3', '34.8', 352, 544, 500);

INSERT INTO Features
Values('34.8.3', '34.8.3.1', 83);

INSERT INTO Minutiaes
Values('34.8.3.1.1', '34.8.3.1', '/var/www/server/Datasets/MOLF/MindtctOutput/DB1_Lumidgm/34_3_8.xyt');

INSERT INTO Images
Values('/var/www/server/Datasets/MOLF/OriginalDataset/DB1_Lumidgm/34_4_8.wsq', '34.8.4', '34.8', 352, 544, 500);

INSERT INTO Features
Values('34.8.4', '34.8.4.1', 77);

INSERT INTO Minutiaes
Values('34.8.4.1.1', '34.8.4.1', '/var/www/server/Datasets/MOLF/MindtctOutput/DB1_Lumidgm/34_4_8.xyt');

INSERT INTO Fingers
Values(NULL, 9, '34.9', '34');

INSERT INTO Images
Values('/var/www/server/Datasets/MOLF/OriginalDataset/DB1_Lumidgm/34_1_9.wsq', '34.9.1', '34.9', 352, 544, 500);

INSERT INTO Features
Values('34.9.1', '34.9.1.1', 71);

INSERT INTO Minutiaes
Values('34.9.1.1.1', '34.9.1.1', '/var/www/server/Datasets/MOLF/MindtctOutput/DB1_Lumidgm/34_1_9.xyt');

INSERT INTO Images
Values('/var/www/server/Datasets/MOLF/OriginalDataset/DB1_Lumidgm/34_2_9.wsq', '34.9.2', '34.9', 352, 544, 500);

INSERT INTO Features
Values('34.9.2', '34.9.2.1', 62);

INSERT INTO Minutiaes
Values('34.9.2.1.1', '34.9.2.1', '/var/www/server/Datasets/MOLF/MindtctOutput/DB1_Lumidgm/34_2_9.xyt');

INSERT INTO Images
Values('/var/www/server/Datasets/MOLF/OriginalDataset/DB1_Lumidgm/34_3_9.wsq', '34.9.3', '34.9', 352, 544, 500);

INSERT INTO Features
Values('34.9.3', '34.9.3.1', 60);

INSERT INTO Minutiaes
Values('34.9.3.1.1', '34.9.3.1', '/var/www/server/Datasets/MOLF/MindtctOutput/DB1_Lumidgm/34_3_9.xyt');

INSERT INTO Images
Values('/var/www/server/Datasets/MOLF/OriginalDataset/DB1_Lumidgm/34_4_9.wsq', '34.9.4', '34.9', 352, 544, 500);

INSERT INTO Features
Values('34.9.4', '34.9.4.1', 68);

INSERT INTO Minutiaes
Values('34.9.4.1.1', '34.9.4.1', '/var/www/server/Datasets/MOLF/MindtctOutput/DB1_Lumidgm/34_4_9.xyt');

INSERT INTO Fingers
Values(NULL, 10, '34.10', '34');

INSERT INTO Images
Values('/var/www/server/Datasets/MOLF/OriginalDataset/DB1_Lumidgm/34_1_10.wsq', '34.10.1', '34.10', 352, 544, 500);

INSERT INTO Features
Values('34.10.1', '34.10.1.1', 51);

INSERT INTO Minutiaes
Values('34.10.1.1.1', '34.10.1.1', '/var/www/server/Datasets/MOLF/MindtctOutput/DB1_Lumidgm/34_1_10.xyt');

INSERT INTO Images
Values('/var/www/server/Datasets/MOLF/OriginalDataset/DB1_Lumidgm/34_2_10.wsq', '34.10.2', '34.10', 352, 544, 500);

INSERT INTO Features
Values('34.10.2', '34.10.2.1', 65);

INSERT INTO Minutiaes
Values('34.10.2.1.1', '34.10.2.1', '/var/www/server/Datasets/MOLF/MindtctOutput/DB1_Lumidgm/34_2_10.xyt');

INSERT INTO Images
Values('/var/www/server/Datasets/MOLF/OriginalDataset/DB1_Lumidgm/34_3_10.wsq', '34.10.3', '34.10', 352, 544, 500);

INSERT INTO Features
Values('34.10.3', '34.10.3.1', 66);

INSERT INTO Minutiaes
Values('34.10.3.1.1', '34.10.3.1', '/var/www/server/Datasets/MOLF/MindtctOutput/DB1_Lumidgm/34_3_10.xyt');

INSERT INTO Images
Values('/var/www/server/Datasets/MOLF/OriginalDataset/DB1_Lumidgm/34_4_10.wsq', '34.10.4', '34.10', 352, 544, 500);

INSERT INTO Features
Values('34.10.4', '34.10.4.1', 54);

INSERT INTO Minutiaes
Values('34.10.4.1.1', '34.10.4.1', '/var/www/server/Datasets/MOLF/MindtctOutput/DB1_Lumidgm/34_4_10.xyt');

#------------------------SUBJECT 35------------------------
INSERT INTO Subjects
Values('35');

INSERT INTO Fingers
Values(NULL, 1, '35.1', '35');

INSERT INTO Images
Values('/var/www/server/Datasets/MOLF/OriginalDataset/DB1_Lumidgm/35_1_1.wsq', '35.1.1', '35.1', 352, 544, 500);

INSERT INTO Features
Values('35.1.1', '35.1.1.1', 49);

INSERT INTO Minutiaes
Values('35.1.1.1.1', '35.1.1.1', '/var/www/server/Datasets/MOLF/MindtctOutput/DB1_Lumidgm/35_1_1.xyt');

INSERT INTO Images
Values('/var/www/server/Datasets/MOLF/OriginalDataset/DB1_Lumidgm/35_2_1.wsq', '35.1.2', '35.1', 352, 544, 500);

INSERT INTO Features
Values('35.1.2', '35.1.2.1', 51);

INSERT INTO Minutiaes
Values('35.1.2.1.1', '35.1.2.1', '/var/www/server/Datasets/MOLF/MindtctOutput/DB1_Lumidgm/35_2_1.xyt');

INSERT INTO Images
Values('/var/www/server/Datasets/MOLF/OriginalDataset/DB1_Lumidgm/35_3_1.wsq', '35.1.3', '35.1', 352, 544, 500);

INSERT INTO Features
Values('35.1.3', '35.1.3.1', 47);

INSERT INTO Minutiaes
Values('35.1.3.1.1', '35.1.3.1', '/var/www/server/Datasets/MOLF/MindtctOutput/DB1_Lumidgm/35_3_1.xyt');

INSERT INTO Images
Values('/var/www/server/Datasets/MOLF/OriginalDataset/DB1_Lumidgm/35_4_1.wsq', '35.1.4', '35.1', 352, 544, 500);

INSERT INTO Features
Values('35.1.4', '35.1.4.1', 53);

INSERT INTO Minutiaes
Values('35.1.4.1.1', '35.1.4.1', '/var/www/server/Datasets/MOLF/MindtctOutput/DB1_Lumidgm/35_4_1.xyt');

INSERT INTO Fingers
Values(NULL, 2, '35.2', '35');

INSERT INTO Images
Values('/var/www/server/Datasets/MOLF/OriginalDataset/DB1_Lumidgm/35_1_2.wsq', '35.2.1', '35.2', 352, 544, 500);

INSERT INTO Features
Values('35.2.1', '35.2.1.1', 38);

INSERT INTO Minutiaes
Values('35.2.1.1.1', '35.2.1.1', '/var/www/server/Datasets/MOLF/MindtctOutput/DB1_Lumidgm/35_1_2.xyt');

INSERT INTO Images
Values('/var/www/server/Datasets/MOLF/OriginalDataset/DB1_Lumidgm/35_2_2.wsq', '35.2.2', '35.2', 352, 544, 500);

INSERT INTO Features
Values('35.2.2', '35.2.2.1', 42);

INSERT INTO Minutiaes
Values('35.2.2.1.1', '35.2.2.1', '/var/www/server/Datasets/MOLF/MindtctOutput/DB1_Lumidgm/35_2_2.xyt');

INSERT INTO Images
Values('/var/www/server/Datasets/MOLF/OriginalDataset/DB1_Lumidgm/35_3_2.wsq', '35.2.3', '35.2', 352, 544, 500);

INSERT INTO Features
Values('35.2.3', '35.2.3.1', 49);

INSERT INTO Minutiaes
Values('35.2.3.1.1', '35.2.3.1', '/var/www/server/Datasets/MOLF/MindtctOutput/DB1_Lumidgm/35_3_2.xyt');

INSERT INTO Images
Values('/var/www/server/Datasets/MOLF/OriginalDataset/DB1_Lumidgm/35_4_2.wsq', '35.2.4', '35.2', 352, 544, 500);

INSERT INTO Features
Values('35.2.4', '35.2.4.1', 59);

INSERT INTO Minutiaes
Values('35.2.4.1.1', '35.2.4.1', '/var/www/server/Datasets/MOLF/MindtctOutput/DB1_Lumidgm/35_4_2.xyt');

INSERT INTO Fingers
Values(NULL, 3, '35.3', '35');

INSERT INTO Images
Values('/var/www/server/Datasets/MOLF/OriginalDataset/DB1_Lumidgm/35_1_3.wsq', '35.3.1', '35.3', 352, 544, 500);

INSERT INTO Features
Values('35.3.1', '35.3.1.1', 49);

INSERT INTO Minutiaes
Values('35.3.1.1.1', '35.3.1.1', '/var/www/server/Datasets/MOLF/MindtctOutput/DB1_Lumidgm/35_1_3.xyt');

INSERT INTO Images
Values('/var/www/server/Datasets/MOLF/OriginalDataset/DB1_Lumidgm/35_2_3.wsq', '35.3.2', '35.3', 352, 544, 500);

INSERT INTO Features
Values('35.3.2', '35.3.2.1', 44);

INSERT INTO Minutiaes
Values('35.3.2.1.1', '35.3.2.1', '/var/www/server/Datasets/MOLF/MindtctOutput/DB1_Lumidgm/35_2_3.xyt');

INSERT INTO Images
Values('/var/www/server/Datasets/MOLF/OriginalDataset/DB1_Lumidgm/35_3_3.wsq', '35.3.3', '35.3', 352, 544, 500);

INSERT INTO Features
Values('35.3.3', '35.3.3.1', 50);

INSERT INTO Minutiaes
Values('35.3.3.1.1', '35.3.3.1', '/var/www/server/Datasets/MOLF/MindtctOutput/DB1_Lumidgm/35_3_3.xyt');

INSERT INTO Images
Values('/var/www/server/Datasets/MOLF/OriginalDataset/DB1_Lumidgm/35_4_3.wsq', '35.3.4', '35.3', 352, 544, 500);

INSERT INTO Features
Values('35.3.4', '35.3.4.1', 44);

INSERT INTO Minutiaes
Values('35.3.4.1.1', '35.3.4.1', '/var/www/server/Datasets/MOLF/MindtctOutput/DB1_Lumidgm/35_4_3.xyt');

INSERT INTO Fingers
Values(NULL, 4, '35.4', '35');

INSERT INTO Images
Values('/var/www/server/Datasets/MOLF/OriginalDataset/DB1_Lumidgm/35_1_4.wsq', '35.4.1', '35.4', 352, 544, 500);

INSERT INTO Features
Values('35.4.1', '35.4.1.1', 59);

INSERT INTO Minutiaes
Values('35.4.1.1.1', '35.4.1.1', '/var/www/server/Datasets/MOLF/MindtctOutput/DB1_Lumidgm/35_1_4.xyt');

INSERT INTO Images
Values('/var/www/server/Datasets/MOLF/OriginalDataset/DB1_Lumidgm/35_2_4.wsq', '35.4.2', '35.4', 352, 544, 500);

INSERT INTO Features
Values('35.4.2', '35.4.2.1', 40);

INSERT INTO Minutiaes
Values('35.4.2.1.1', '35.4.2.1', '/var/www/server/Datasets/MOLF/MindtctOutput/DB1_Lumidgm/35_2_4.xyt');

INSERT INTO Images
Values('/var/www/server/Datasets/MOLF/OriginalDataset/DB1_Lumidgm/35_3_4.wsq', '35.4.3', '35.4', 352, 544, 500);

INSERT INTO Features
Values('35.4.3', '35.4.3.1', 57);

INSERT INTO Minutiaes
Values('35.4.3.1.1', '35.4.3.1', '/var/www/server/Datasets/MOLF/MindtctOutput/DB1_Lumidgm/35_3_4.xyt');

INSERT INTO Images
Values('/var/www/server/Datasets/MOLF/OriginalDataset/DB1_Lumidgm/35_4_4.wsq', '35.4.4', '35.4', 352, 544, 500);

INSERT INTO Features
Values('35.4.4', '35.4.4.1', 63);

INSERT INTO Minutiaes
Values('35.4.4.1.1', '35.4.4.1', '/var/www/server/Datasets/MOLF/MindtctOutput/DB1_Lumidgm/35_4_4.xyt');

INSERT INTO Fingers
Values(NULL, 5, '35.5', '35');

INSERT INTO Images
Values('/var/www/server/Datasets/MOLF/OriginalDataset/DB1_Lumidgm/35_1_5.wsq', '35.5.1', '35.5', 352, 544, 500);

INSERT INTO Features
Values('35.5.1', '35.5.1.1', 41);

INSERT INTO Minutiaes
Values('35.5.1.1.1', '35.5.1.1', '/var/www/server/Datasets/MOLF/MindtctOutput/DB1_Lumidgm/35_1_5.xyt');

INSERT INTO Images
Values('/var/www/server/Datasets/MOLF/OriginalDataset/DB1_Lumidgm/35_2_5.wsq', '35.5.2', '35.5', 352, 544, 500);

INSERT INTO Features
Values('35.5.2', '35.5.2.1', 47);

INSERT INTO Minutiaes
Values('35.5.2.1.1', '35.5.2.1', '/var/www/server/Datasets/MOLF/MindtctOutput/DB1_Lumidgm/35_2_5.xyt');

INSERT INTO Images
Values('/var/www/server/Datasets/MOLF/OriginalDataset/DB1_Lumidgm/35_3_5.wsq', '35.5.3', '35.5', 352, 544, 500);

INSERT INTO Features
Values('35.5.3', '35.5.3.1', 42);

INSERT INTO Minutiaes
Values('35.5.3.1.1', '35.5.3.1', '/var/www/server/Datasets/MOLF/MindtctOutput/DB1_Lumidgm/35_3_5.xyt');

INSERT INTO Images
Values('/var/www/server/Datasets/MOLF/OriginalDataset/DB1_Lumidgm/35_4_5.wsq', '35.5.4', '35.5', 352, 544, 500);

INSERT INTO Features
Values('35.5.4', '35.5.4.1', 29);

INSERT INTO Minutiaes
Values('35.5.4.1.1', '35.5.4.1', '/var/www/server/Datasets/MOLF/MindtctOutput/DB1_Lumidgm/35_4_5.xyt');

INSERT INTO Fingers
Values(NULL, 6, '35.6', '35');

INSERT INTO Images
Values('/var/www/server/Datasets/MOLF/OriginalDataset/DB1_Lumidgm/35_1_6.wsq', '35.6.1', '35.6', 352, 544, 500);

INSERT INTO Features
Values('35.6.1', '35.6.1.1', 58);

INSERT INTO Minutiaes
Values('35.6.1.1.1', '35.6.1.1', '/var/www/server/Datasets/MOLF/MindtctOutput/DB1_Lumidgm/35_1_6.xyt');

INSERT INTO Images
Values('/var/www/server/Datasets/MOLF/OriginalDataset/DB1_Lumidgm/35_2_6.wsq', '35.6.2', '35.6', 352, 544, 500);

INSERT INTO Features
Values('35.6.2', '35.6.2.1', 50);

INSERT INTO Minutiaes
Values('35.6.2.1.1', '35.6.2.1', '/var/www/server/Datasets/MOLF/MindtctOutput/DB1_Lumidgm/35_2_6.xyt');

INSERT INTO Images
Values('/var/www/server/Datasets/MOLF/OriginalDataset/DB1_Lumidgm/35_3_6.wsq', '35.6.3', '35.6', 352, 544, 500);

INSERT INTO Features
Values('35.6.3', '35.6.3.1', 50);

INSERT INTO Minutiaes
Values('35.6.3.1.1', '35.6.3.1', '/var/www/server/Datasets/MOLF/MindtctOutput/DB1_Lumidgm/35_3_6.xyt');

INSERT INTO Images
Values('/var/www/server/Datasets/MOLF/OriginalDataset/DB1_Lumidgm/35_4_6.wsq', '35.6.4', '35.6', 352, 544, 500);

INSERT INTO Features
Values('35.6.4', '35.6.4.1', 43);

INSERT INTO Minutiaes
Values('35.6.4.1.1', '35.6.4.1', '/var/www/server/Datasets/MOLF/MindtctOutput/DB1_Lumidgm/35_4_6.xyt');

INSERT INTO Fingers
Values(NULL, 7, '35.7', '35');

INSERT INTO Images
Values('/var/www/server/Datasets/MOLF/OriginalDataset/DB1_Lumidgm/35_1_7.wsq', '35.7.1', '35.7', 352, 544, 500);

INSERT INTO Features
Values('35.7.1', '35.7.1.1', 60);

INSERT INTO Minutiaes
Values('35.7.1.1.1', '35.7.1.1', '/var/www/server/Datasets/MOLF/MindtctOutput/DB1_Lumidgm/35_1_7.xyt');

INSERT INTO Images
Values('/var/www/server/Datasets/MOLF/OriginalDataset/DB1_Lumidgm/35_2_7.wsq', '35.7.2', '35.7', 352, 544, 500);

INSERT INTO Features
Values('35.7.2', '35.7.2.1', 73);

INSERT INTO Minutiaes
Values('35.7.2.1.1', '35.7.2.1', '/var/www/server/Datasets/MOLF/MindtctOutput/DB1_Lumidgm/35_2_7.xyt');

INSERT INTO Images
Values('/var/www/server/Datasets/MOLF/OriginalDataset/DB1_Lumidgm/35_3_7.wsq', '35.7.3', '35.7', 352, 544, 500);

INSERT INTO Features
Values('35.7.3', '35.7.3.1', 52);

INSERT INTO Minutiaes
Values('35.7.3.1.1', '35.7.3.1', '/var/www/server/Datasets/MOLF/MindtctOutput/DB1_Lumidgm/35_3_7.xyt');

INSERT INTO Images
Values('/var/www/server/Datasets/MOLF/OriginalDataset/DB1_Lumidgm/35_4_7.wsq', '35.7.4', '35.7', 352, 544, 500);

INSERT INTO Features
Values('35.7.4', '35.7.4.1', 57);

INSERT INTO Minutiaes
Values('35.7.4.1.1', '35.7.4.1', '/var/www/server/Datasets/MOLF/MindtctOutput/DB1_Lumidgm/35_4_7.xyt');

INSERT INTO Fingers
Values(NULL, 8, '35.8', '35');

INSERT INTO Images
Values('/var/www/server/Datasets/MOLF/OriginalDataset/DB1_Lumidgm/35_1_8.wsq', '35.8.1', '35.8', 352, 544, 500);

INSERT INTO Features
Values('35.8.1', '35.8.1.1', 51);

INSERT INTO Minutiaes
Values('35.8.1.1.1', '35.8.1.1', '/var/www/server/Datasets/MOLF/MindtctOutput/DB1_Lumidgm/35_1_8.xyt');

INSERT INTO Images
Values('/var/www/server/Datasets/MOLF/OriginalDataset/DB1_Lumidgm/35_2_8.wsq', '35.8.2', '35.8', 352, 544, 500);

INSERT INTO Features
Values('35.8.2', '35.8.2.1', 52);

INSERT INTO Minutiaes
Values('35.8.2.1.1', '35.8.2.1', '/var/www/server/Datasets/MOLF/MindtctOutput/DB1_Lumidgm/35_2_8.xyt');

INSERT INTO Images
Values('/var/www/server/Datasets/MOLF/OriginalDataset/DB1_Lumidgm/35_3_8.wsq', '35.8.3', '35.8', 352, 544, 500);

INSERT INTO Features
Values('35.8.3', '35.8.3.1', 38);

INSERT INTO Minutiaes
Values('35.8.3.1.1', '35.8.3.1', '/var/www/server/Datasets/MOLF/MindtctOutput/DB1_Lumidgm/35_3_8.xyt');

INSERT INTO Images
Values('/var/www/server/Datasets/MOLF/OriginalDataset/DB1_Lumidgm/35_4_8.wsq', '35.8.4', '35.8', 352, 544, 500);

INSERT INTO Features
Values('35.8.4', '35.8.4.1', 38);

INSERT INTO Minutiaes
Values('35.8.4.1.1', '35.8.4.1', '/var/www/server/Datasets/MOLF/MindtctOutput/DB1_Lumidgm/35_4_8.xyt');

INSERT INTO Fingers
Values(NULL, 9, '35.9', '35');

INSERT INTO Images
Values('/var/www/server/Datasets/MOLF/OriginalDataset/DB1_Lumidgm/35_1_9.wsq', '35.9.1', '35.9', 352, 544, 500);

INSERT INTO Features
Values('35.9.1', '35.9.1.1', 46);

INSERT INTO Minutiaes
Values('35.9.1.1.1', '35.9.1.1', '/var/www/server/Datasets/MOLF/MindtctOutput/DB1_Lumidgm/35_1_9.xyt');

INSERT INTO Images
Values('/var/www/server/Datasets/MOLF/OriginalDataset/DB1_Lumidgm/35_2_9.wsq', '35.9.2', '35.9', 352, 544, 500);

INSERT INTO Features
Values('35.9.2', '35.9.2.1', 51);

INSERT INTO Minutiaes
Values('35.9.2.1.1', '35.9.2.1', '/var/www/server/Datasets/MOLF/MindtctOutput/DB1_Lumidgm/35_2_9.xyt');

INSERT INTO Images
Values('/var/www/server/Datasets/MOLF/OriginalDataset/DB1_Lumidgm/35_3_9.wsq', '35.9.3', '35.9', 352, 544, 500);

INSERT INTO Features
Values('35.9.3', '35.9.3.1', 48);

INSERT INTO Minutiaes
Values('35.9.3.1.1', '35.9.3.1', '/var/www/server/Datasets/MOLF/MindtctOutput/DB1_Lumidgm/35_3_9.xyt');

INSERT INTO Images
Values('/var/www/server/Datasets/MOLF/OriginalDataset/DB1_Lumidgm/35_4_9.wsq', '35.9.4', '35.9', 352, 544, 500);

INSERT INTO Features
Values('35.9.4', '35.9.4.1', 56);

INSERT INTO Minutiaes
Values('35.9.4.1.1', '35.9.4.1', '/var/www/server/Datasets/MOLF/MindtctOutput/DB1_Lumidgm/35_4_9.xyt');

INSERT INTO Fingers
Values(NULL, 10, '35.10', '35');

INSERT INTO Images
Values('/var/www/server/Datasets/MOLF/OriginalDataset/DB1_Lumidgm/35_1_10.wsq', '35.10.1', '35.10', 352, 544, 500);

INSERT INTO Features
Values('35.10.1', '35.10.1.1', 40);

INSERT INTO Minutiaes
Values('35.10.1.1.1', '35.10.1.1', '/var/www/server/Datasets/MOLF/MindtctOutput/DB1_Lumidgm/35_1_10.xyt');

INSERT INTO Images
Values('/var/www/server/Datasets/MOLF/OriginalDataset/DB1_Lumidgm/35_2_10.wsq', '35.10.2', '35.10', 352, 544, 500);

INSERT INTO Features
Values('35.10.2', '35.10.2.1', 39);

INSERT INTO Minutiaes
Values('35.10.2.1.1', '35.10.2.1', '/var/www/server/Datasets/MOLF/MindtctOutput/DB1_Lumidgm/35_2_10.xyt');

INSERT INTO Images
Values('/var/www/server/Datasets/MOLF/OriginalDataset/DB1_Lumidgm/35_3_10.wsq', '35.10.3', '35.10', 352, 544, 500);

INSERT INTO Features
Values('35.10.3', '35.10.3.1', 37);

INSERT INTO Minutiaes
Values('35.10.3.1.1', '35.10.3.1', '/var/www/server/Datasets/MOLF/MindtctOutput/DB1_Lumidgm/35_3_10.xyt');

INSERT INTO Images
Values('/var/www/server/Datasets/MOLF/OriginalDataset/DB1_Lumidgm/35_4_10.wsq', '35.10.4', '35.10', 352, 544, 500);

INSERT INTO Features
Values('35.10.4', '35.10.4.1', 43);

INSERT INTO Minutiaes
Values('35.10.4.1.1', '35.10.4.1', '/var/www/server/Datasets/MOLF/MindtctOutput/DB1_Lumidgm/35_4_10.xyt');

#------------------------SUBJECT 36------------------------
INSERT INTO Subjects
Values('36');

INSERT INTO Fingers
Values(NULL, 1, '36.1', '36');

INSERT INTO Images
Values('/var/www/server/Datasets/MOLF/OriginalDataset/DB1_Lumidgm/36_1_1.wsq', '36.1.1', '36.1', 352, 544, 500);

INSERT INTO Features
Values('36.1.1', '36.1.1.1', 47);

INSERT INTO Minutiaes
Values('36.1.1.1.1', '36.1.1.1', '/var/www/server/Datasets/MOLF/MindtctOutput/DB1_Lumidgm/36_1_1.xyt');

INSERT INTO Images
Values('/var/www/server/Datasets/MOLF/OriginalDataset/DB1_Lumidgm/36_2_1.wsq', '36.1.2', '36.1', 352, 544, 500);

INSERT INTO Features
Values('36.1.2', '36.1.2.1', 53);

INSERT INTO Minutiaes
Values('36.1.2.1.1', '36.1.2.1', '/var/www/server/Datasets/MOLF/MindtctOutput/DB1_Lumidgm/36_2_1.xyt');

INSERT INTO Images
Values('/var/www/server/Datasets/MOLF/OriginalDataset/DB1_Lumidgm/36_3_1.wsq', '36.1.3', '36.1', 352, 544, 500);

INSERT INTO Features
Values('36.1.3', '36.1.3.1', 65);

INSERT INTO Minutiaes
Values('36.1.3.1.1', '36.1.3.1', '/var/www/server/Datasets/MOLF/MindtctOutput/DB1_Lumidgm/36_3_1.xyt');

INSERT INTO Images
Values('/var/www/server/Datasets/MOLF/OriginalDataset/DB1_Lumidgm/36_4_1.wsq', '36.1.4', '36.1', 352, 544, 500);

INSERT INTO Features
Values('36.1.4', '36.1.4.1', 62);

INSERT INTO Minutiaes
Values('36.1.4.1.1', '36.1.4.1', '/var/www/server/Datasets/MOLF/MindtctOutput/DB1_Lumidgm/36_4_1.xyt');

INSERT INTO Fingers
Values(NULL, 2, '36.2', '36');

INSERT INTO Images
Values('/var/www/server/Datasets/MOLF/OriginalDataset/DB1_Lumidgm/36_1_2.wsq', '36.2.1', '36.2', 352, 544, 500);

INSERT INTO Features
Values('36.2.1', '36.2.1.1', 53);

INSERT INTO Minutiaes
Values('36.2.1.1.1', '36.2.1.1', '/var/www/server/Datasets/MOLF/MindtctOutput/DB1_Lumidgm/36_1_2.xyt');

INSERT INTO Images
Values('/var/www/server/Datasets/MOLF/OriginalDataset/DB1_Lumidgm/36_2_2.wsq', '36.2.2', '36.2', 352, 544, 500);

INSERT INTO Features
Values('36.2.2', '36.2.2.1', 48);

INSERT INTO Minutiaes
Values('36.2.2.1.1', '36.2.2.1', '/var/www/server/Datasets/MOLF/MindtctOutput/DB1_Lumidgm/36_2_2.xyt');

INSERT INTO Images
Values('/var/www/server/Datasets/MOLF/OriginalDataset/DB1_Lumidgm/36_3_2.wsq', '36.2.3', '36.2', 352, 544, 500);

INSERT INTO Features
Values('36.2.3', '36.2.3.1', 47);

INSERT INTO Minutiaes
Values('36.2.3.1.1', '36.2.3.1', '/var/www/server/Datasets/MOLF/MindtctOutput/DB1_Lumidgm/36_3_2.xyt');

INSERT INTO Images
Values('/var/www/server/Datasets/MOLF/OriginalDataset/DB1_Lumidgm/36_4_2.wsq', '36.2.4', '36.2', 352, 544, 500);

INSERT INTO Features
Values('36.2.4', '36.2.4.1', 49);

INSERT INTO Minutiaes
Values('36.2.4.1.1', '36.2.4.1', '/var/www/server/Datasets/MOLF/MindtctOutput/DB1_Lumidgm/36_4_2.xyt');

INSERT INTO Fingers
Values(NULL, 3, '36.3', '36');

INSERT INTO Images
Values('/var/www/server/Datasets/MOLF/OriginalDataset/DB1_Lumidgm/36_1_3.wsq', '36.3.1', '36.3', 352, 544, 500);

INSERT INTO Features
Values('36.3.1', '36.3.1.1', 57);

INSERT INTO Minutiaes
Values('36.3.1.1.1', '36.3.1.1', '/var/www/server/Datasets/MOLF/MindtctOutput/DB1_Lumidgm/36_1_3.xyt');

INSERT INTO Images
Values('/var/www/server/Datasets/MOLF/OriginalDataset/DB1_Lumidgm/36_2_3.wsq', '36.3.2', '36.3', 352, 544, 500);

INSERT INTO Features
Values('36.3.2', '36.3.2.1', 52);

INSERT INTO Minutiaes
Values('36.3.2.1.1', '36.3.2.1', '/var/www/server/Datasets/MOLF/MindtctOutput/DB1_Lumidgm/36_2_3.xyt');

INSERT INTO Images
Values('/var/www/server/Datasets/MOLF/OriginalDataset/DB1_Lumidgm/36_3_3.wsq', '36.3.3', '36.3', 352, 544, 500);

INSERT INTO Features
Values('36.3.3', '36.3.3.1', 44);

INSERT INTO Minutiaes
Values('36.3.3.1.1', '36.3.3.1', '/var/www/server/Datasets/MOLF/MindtctOutput/DB1_Lumidgm/36_3_3.xyt');

INSERT INTO Images
Values('/var/www/server/Datasets/MOLF/OriginalDataset/DB1_Lumidgm/36_4_3.wsq', '36.3.4', '36.3', 352, 544, 500);

INSERT INTO Features
Values('36.3.4', '36.3.4.1', 51);

INSERT INTO Minutiaes
Values('36.3.4.1.1', '36.3.4.1', '/var/www/server/Datasets/MOLF/MindtctOutput/DB1_Lumidgm/36_4_3.xyt');

INSERT INTO Fingers
Values(NULL, 4, '36.4', '36');

INSERT INTO Images
Values('/var/www/server/Datasets/MOLF/OriginalDataset/DB1_Lumidgm/36_1_4.wsq', '36.4.1', '36.4', 352, 544, 500);

INSERT INTO Features
Values('36.4.1', '36.4.1.1', 56);

INSERT INTO Minutiaes
Values('36.4.1.1.1', '36.4.1.1', '/var/www/server/Datasets/MOLF/MindtctOutput/DB1_Lumidgm/36_1_4.xyt');

INSERT INTO Images
Values('/var/www/server/Datasets/MOLF/OriginalDataset/DB1_Lumidgm/36_2_4.wsq', '36.4.2', '36.4', 352, 544, 500);

INSERT INTO Features
Values('36.4.2', '36.4.2.1', 52);

INSERT INTO Minutiaes
Values('36.4.2.1.1', '36.4.2.1', '/var/www/server/Datasets/MOLF/MindtctOutput/DB1_Lumidgm/36_2_4.xyt');

INSERT INTO Images
Values('/var/www/server/Datasets/MOLF/OriginalDataset/DB1_Lumidgm/36_3_4.wsq', '36.4.3', '36.4', 352, 544, 500);

INSERT INTO Features
Values('36.4.3', '36.4.3.1', 56);

INSERT INTO Minutiaes
Values('36.4.3.1.1', '36.4.3.1', '/var/www/server/Datasets/MOLF/MindtctOutput/DB1_Lumidgm/36_3_4.xyt');

INSERT INTO Images
Values('/var/www/server/Datasets/MOLF/OriginalDataset/DB1_Lumidgm/36_4_4.wsq', '36.4.4', '36.4', 352, 544, 500);

INSERT INTO Features
Values('36.4.4', '36.4.4.1', 51);

INSERT INTO Minutiaes
Values('36.4.4.1.1', '36.4.4.1', '/var/www/server/Datasets/MOLF/MindtctOutput/DB1_Lumidgm/36_4_4.xyt');

INSERT INTO Fingers
Values(NULL, 5, '36.5', '36');

INSERT INTO Images
Values('/var/www/server/Datasets/MOLF/OriginalDataset/DB1_Lumidgm/36_1_5.wsq', '36.5.1', '36.5', 352, 544, 500);

INSERT INTO Features
Values('36.5.1', '36.5.1.1', 62);

INSERT INTO Minutiaes
Values('36.5.1.1.1', '36.5.1.1', '/var/www/server/Datasets/MOLF/MindtctOutput/DB1_Lumidgm/36_1_5.xyt');

INSERT INTO Images
Values('/var/www/server/Datasets/MOLF/OriginalDataset/DB1_Lumidgm/36_2_5.wsq', '36.5.2', '36.5', 352, 544, 500);

INSERT INTO Features
Values('36.5.2', '36.5.2.1', 56);

INSERT INTO Minutiaes
Values('36.5.2.1.1', '36.5.2.1', '/var/www/server/Datasets/MOLF/MindtctOutput/DB1_Lumidgm/36_2_5.xyt');

INSERT INTO Images
Values('/var/www/server/Datasets/MOLF/OriginalDataset/DB1_Lumidgm/36_3_5.wsq', '36.5.3', '36.5', 352, 544, 500);

INSERT INTO Features
Values('36.5.3', '36.5.3.1', 46);

INSERT INTO Minutiaes
Values('36.5.3.1.1', '36.5.3.1', '/var/www/server/Datasets/MOLF/MindtctOutput/DB1_Lumidgm/36_3_5.xyt');

INSERT INTO Images
Values('/var/www/server/Datasets/MOLF/OriginalDataset/DB1_Lumidgm/36_4_5.wsq', '36.5.4', '36.5', 352, 544, 500);

INSERT INTO Features
Values('36.5.4', '36.5.4.1', 49);

INSERT INTO Minutiaes
Values('36.5.4.1.1', '36.5.4.1', '/var/www/server/Datasets/MOLF/MindtctOutput/DB1_Lumidgm/36_4_5.xyt');

INSERT INTO Fingers
Values(NULL, 6, '36.6', '36');

INSERT INTO Images
Values('/var/www/server/Datasets/MOLF/OriginalDataset/DB1_Lumidgm/36_1_6.wsq', '36.6.1', '36.6', 352, 544, 500);

INSERT INTO Features
Values('36.6.1', '36.6.1.1', 63);

INSERT INTO Minutiaes
Values('36.6.1.1.1', '36.6.1.1', '/var/www/server/Datasets/MOLF/MindtctOutput/DB1_Lumidgm/36_1_6.xyt');

INSERT INTO Images
Values('/var/www/server/Datasets/MOLF/OriginalDataset/DB1_Lumidgm/36_2_6.wsq', '36.6.2', '36.6', 352, 544, 500);

INSERT INTO Features
Values('36.6.2', '36.6.2.1', 65);

INSERT INTO Minutiaes
Values('36.6.2.1.1', '36.6.2.1', '/var/www/server/Datasets/MOLF/MindtctOutput/DB1_Lumidgm/36_2_6.xyt');

INSERT INTO Images
Values('/var/www/server/Datasets/MOLF/OriginalDataset/DB1_Lumidgm/36_3_6.wsq', '36.6.3', '36.6', 352, 544, 500);

INSERT INTO Features
Values('36.6.3', '36.6.3.1', 65);

INSERT INTO Minutiaes
Values('36.6.3.1.1', '36.6.3.1', '/var/www/server/Datasets/MOLF/MindtctOutput/DB1_Lumidgm/36_3_6.xyt');

INSERT INTO Images
Values('/var/www/server/Datasets/MOLF/OriginalDataset/DB1_Lumidgm/36_4_6.wsq', '36.6.4', '36.6', 352, 544, 500);

INSERT INTO Features
Values('36.6.4', '36.6.4.1', 67);

INSERT INTO Minutiaes
Values('36.6.4.1.1', '36.6.4.1', '/var/www/server/Datasets/MOLF/MindtctOutput/DB1_Lumidgm/36_4_6.xyt');

INSERT INTO Fingers
Values(NULL, 7, '36.7', '36');

INSERT INTO Images
Values('/var/www/server/Datasets/MOLF/OriginalDataset/DB1_Lumidgm/36_1_7.wsq', '36.7.1', '36.7', 352, 544, 500);

INSERT INTO Features
Values('36.7.1', '36.7.1.1', 44);

INSERT INTO Minutiaes
Values('36.7.1.1.1', '36.7.1.1', '/var/www/server/Datasets/MOLF/MindtctOutput/DB1_Lumidgm/36_1_7.xyt');

INSERT INTO Images
Values('/var/www/server/Datasets/MOLF/OriginalDataset/DB1_Lumidgm/36_2_7.wsq', '36.7.2', '36.7', 352, 544, 500);

INSERT INTO Features
Values('36.7.2', '36.7.2.1', 44);

INSERT INTO Minutiaes
Values('36.7.2.1.1', '36.7.2.1', '/var/www/server/Datasets/MOLF/MindtctOutput/DB1_Lumidgm/36_2_7.xyt');

INSERT INTO Images
Values('/var/www/server/Datasets/MOLF/OriginalDataset/DB1_Lumidgm/36_3_7.wsq', '36.7.3', '36.7', 352, 544, 500);

INSERT INTO Features
Values('36.7.3', '36.7.3.1', 48);

INSERT INTO Minutiaes
Values('36.7.3.1.1', '36.7.3.1', '/var/www/server/Datasets/MOLF/MindtctOutput/DB1_Lumidgm/36_3_7.xyt');

INSERT INTO Images
Values('/var/www/server/Datasets/MOLF/OriginalDataset/DB1_Lumidgm/36_4_7.wsq', '36.7.4', '36.7', 352, 544, 500);

INSERT INTO Features
Values('36.7.4', '36.7.4.1', 49);

INSERT INTO Minutiaes
Values('36.7.4.1.1', '36.7.4.1', '/var/www/server/Datasets/MOLF/MindtctOutput/DB1_Lumidgm/36_4_7.xyt');

INSERT INTO Fingers
Values(NULL, 8, '36.8', '36');

INSERT INTO Images
Values('/var/www/server/Datasets/MOLF/OriginalDataset/DB1_Lumidgm/36_1_8.wsq', '36.8.1', '36.8', 352, 544, 500);

INSERT INTO Features
Values('36.8.1', '36.8.1.1', 50);

INSERT INTO Minutiaes
Values('36.8.1.1.1', '36.8.1.1', '/var/www/server/Datasets/MOLF/MindtctOutput/DB1_Lumidgm/36_1_8.xyt');

INSERT INTO Images
Values('/var/www/server/Datasets/MOLF/OriginalDataset/DB1_Lumidgm/36_2_8.wsq', '36.8.2', '36.8', 352, 544, 500);

INSERT INTO Features
Values('36.8.2', '36.8.2.1', 57);

INSERT INTO Minutiaes
Values('36.8.2.1.1', '36.8.2.1', '/var/www/server/Datasets/MOLF/MindtctOutput/DB1_Lumidgm/36_2_8.xyt');

INSERT INTO Images
Values('/var/www/server/Datasets/MOLF/OriginalDataset/DB1_Lumidgm/36_3_8.wsq', '36.8.3', '36.8', 352, 544, 500);

INSERT INTO Features
Values('36.8.3', '36.8.3.1', 49);

INSERT INTO Minutiaes
Values('36.8.3.1.1', '36.8.3.1', '/var/www/server/Datasets/MOLF/MindtctOutput/DB1_Lumidgm/36_3_8.xyt');

INSERT INTO Images
Values('/var/www/server/Datasets/MOLF/OriginalDataset/DB1_Lumidgm/36_4_8.wsq', '36.8.4', '36.8', 352, 544, 500);

INSERT INTO Features
Values('36.8.4', '36.8.4.1', 51);

INSERT INTO Minutiaes
Values('36.8.4.1.1', '36.8.4.1', '/var/www/server/Datasets/MOLF/MindtctOutput/DB1_Lumidgm/36_4_8.xyt');

INSERT INTO Fingers
Values(NULL, 9, '36.9', '36');

INSERT INTO Images
Values('/var/www/server/Datasets/MOLF/OriginalDataset/DB1_Lumidgm/36_1_9.wsq', '36.9.1', '36.9', 352, 544, 500);

INSERT INTO Features
Values('36.9.1', '36.9.1.1', 57);

INSERT INTO Minutiaes
Values('36.9.1.1.1', '36.9.1.1', '/var/www/server/Datasets/MOLF/MindtctOutput/DB1_Lumidgm/36_1_9.xyt');

INSERT INTO Images
Values('/var/www/server/Datasets/MOLF/OriginalDataset/DB1_Lumidgm/36_2_9.wsq', '36.9.2', '36.9', 352, 544, 500);

INSERT INTO Features
Values('36.9.2', '36.9.2.1', 58);

INSERT INTO Minutiaes
Values('36.9.2.1.1', '36.9.2.1', '/var/www/server/Datasets/MOLF/MindtctOutput/DB1_Lumidgm/36_2_9.xyt');

INSERT INTO Images
Values('/var/www/server/Datasets/MOLF/OriginalDataset/DB1_Lumidgm/36_3_9.wsq', '36.9.3', '36.9', 352, 544, 500);

INSERT INTO Features
Values('36.9.3', '36.9.3.1', 58);

INSERT INTO Minutiaes
Values('36.9.3.1.1', '36.9.3.1', '/var/www/server/Datasets/MOLF/MindtctOutput/DB1_Lumidgm/36_3_9.xyt');

INSERT INTO Images
Values('/var/www/server/Datasets/MOLF/OriginalDataset/DB1_Lumidgm/36_4_9.wsq', '36.9.4', '36.9', 352, 544, 500);

INSERT INTO Features
Values('36.9.4', '36.9.4.1', 48);

INSERT INTO Minutiaes
Values('36.9.4.1.1', '36.9.4.1', '/var/www/server/Datasets/MOLF/MindtctOutput/DB1_Lumidgm/36_4_9.xyt');

INSERT INTO Fingers
Values(NULL, 10, '36.10', '36');

INSERT INTO Images
Values('/var/www/server/Datasets/MOLF/OriginalDataset/DB1_Lumidgm/36_1_10.wsq', '36.10.1', '36.10', 352, 544, 500);

INSERT INTO Features
Values('36.10.1', '36.10.1.1', 78);

INSERT INTO Minutiaes
Values('36.10.1.1.1', '36.10.1.1', '/var/www/server/Datasets/MOLF/MindtctOutput/DB1_Lumidgm/36_1_10.xyt');

INSERT INTO Images
Values('/var/www/server/Datasets/MOLF/OriginalDataset/DB1_Lumidgm/36_2_10.wsq', '36.10.2', '36.10', 352, 544, 500);

INSERT INTO Features
Values('36.10.2', '36.10.2.1', 43);

INSERT INTO Minutiaes
Values('36.10.2.1.1', '36.10.2.1', '/var/www/server/Datasets/MOLF/MindtctOutput/DB1_Lumidgm/36_2_10.xyt');

INSERT INTO Images
Values('/var/www/server/Datasets/MOLF/OriginalDataset/DB1_Lumidgm/36_3_10.wsq', '36.10.3', '36.10', 352, 544, 500);

INSERT INTO Features
Values('36.10.3', '36.10.3.1', 45);

INSERT INTO Minutiaes
Values('36.10.3.1.1', '36.10.3.1', '/var/www/server/Datasets/MOLF/MindtctOutput/DB1_Lumidgm/36_3_10.xyt');

INSERT INTO Images
Values('/var/www/server/Datasets/MOLF/OriginalDataset/DB1_Lumidgm/36_4_10.wsq', '36.10.4', '36.10', 352, 544, 500);

INSERT INTO Features
Values('36.10.4', '36.10.4.1', 49);

INSERT INTO Minutiaes
Values('36.10.4.1.1', '36.10.4.1', '/var/www/server/Datasets/MOLF/MindtctOutput/DB1_Lumidgm/36_4_10.xyt');

#------------------------SUBJECT 37------------------------
INSERT INTO Subjects
Values('37');

INSERT INTO Fingers
Values(NULL, 1, '37.1', '37');

INSERT INTO Images
Values('/var/www/server/Datasets/MOLF/OriginalDataset/DB1_Lumidgm/37_1_1.wsq', '37.1.1', '37.1', 352, 544, 500);

INSERT INTO Features
Values('37.1.1', '37.1.1.1', 76);

INSERT INTO Minutiaes
Values('37.1.1.1.1', '37.1.1.1', '/var/www/server/Datasets/MOLF/MindtctOutput/DB1_Lumidgm/37_1_1.xyt');

INSERT INTO Images
Values('/var/www/server/Datasets/MOLF/OriginalDataset/DB1_Lumidgm/37_2_1.wsq', '37.1.2', '37.1', 352, 544, 500);

INSERT INTO Features
Values('37.1.2', '37.1.2.1', 70);

INSERT INTO Minutiaes
Values('37.1.2.1.1', '37.1.2.1', '/var/www/server/Datasets/MOLF/MindtctOutput/DB1_Lumidgm/37_2_1.xyt');

INSERT INTO Images
Values('/var/www/server/Datasets/MOLF/OriginalDataset/DB1_Lumidgm/37_3_1.wsq', '37.1.3', '37.1', 352, 544, 500);

INSERT INTO Features
Values('37.1.3', '37.1.3.1', 75);

INSERT INTO Minutiaes
Values('37.1.3.1.1', '37.1.3.1', '/var/www/server/Datasets/MOLF/MindtctOutput/DB1_Lumidgm/37_3_1.xyt');

INSERT INTO Images
Values('/var/www/server/Datasets/MOLF/OriginalDataset/DB1_Lumidgm/37_4_1.wsq', '37.1.4', '37.1', 352, 544, 500);

INSERT INTO Features
Values('37.1.4', '37.1.4.1', 76);

INSERT INTO Minutiaes
Values('37.1.4.1.1', '37.1.4.1', '/var/www/server/Datasets/MOLF/MindtctOutput/DB1_Lumidgm/37_4_1.xyt');

INSERT INTO Fingers
Values(NULL, 2, '37.2', '37');

INSERT INTO Images
Values('/var/www/server/Datasets/MOLF/OriginalDataset/DB1_Lumidgm/37_1_2.wsq', '37.2.1', '37.2', 352, 544, 500);

INSERT INTO Features
Values('37.2.1', '37.2.1.1', 51);

INSERT INTO Minutiaes
Values('37.2.1.1.1', '37.2.1.1', '/var/www/server/Datasets/MOLF/MindtctOutput/DB1_Lumidgm/37_1_2.xyt');

INSERT INTO Images
Values('/var/www/server/Datasets/MOLF/OriginalDataset/DB1_Lumidgm/37_2_2.wsq', '37.2.2', '37.2', 352, 544, 500);

INSERT INTO Features
Values('37.2.2', '37.2.2.1', 57);

INSERT INTO Minutiaes
Values('37.2.2.1.1', '37.2.2.1', '/var/www/server/Datasets/MOLF/MindtctOutput/DB1_Lumidgm/37_2_2.xyt');

INSERT INTO Images
Values('/var/www/server/Datasets/MOLF/OriginalDataset/DB1_Lumidgm/37_3_2.wsq', '37.2.3', '37.2', 352, 544, 500);

INSERT INTO Features
Values('37.2.3', '37.2.3.1', 56);

INSERT INTO Minutiaes
Values('37.2.3.1.1', '37.2.3.1', '/var/www/server/Datasets/MOLF/MindtctOutput/DB1_Lumidgm/37_3_2.xyt');

INSERT INTO Images
Values('/var/www/server/Datasets/MOLF/OriginalDataset/DB1_Lumidgm/37_4_2.wsq', '37.2.4', '37.2', 352, 544, 500);

INSERT INTO Features
Values('37.2.4', '37.2.4.1', 58);

INSERT INTO Minutiaes
Values('37.2.4.1.1', '37.2.4.1', '/var/www/server/Datasets/MOLF/MindtctOutput/DB1_Lumidgm/37_4_2.xyt');

INSERT INTO Fingers
Values(NULL, 3, '37.3', '37');

INSERT INTO Images
Values('/var/www/server/Datasets/MOLF/OriginalDataset/DB1_Lumidgm/37_1_3.wsq', '37.3.1', '37.3', 352, 544, 500);

INSERT INTO Features
Values('37.3.1', '37.3.1.1', 51);

INSERT INTO Minutiaes
Values('37.3.1.1.1', '37.3.1.1', '/var/www/server/Datasets/MOLF/MindtctOutput/DB1_Lumidgm/37_1_3.xyt');

INSERT INTO Images
Values('/var/www/server/Datasets/MOLF/OriginalDataset/DB1_Lumidgm/37_2_3.wsq', '37.3.2', '37.3', 352, 544, 500);

INSERT INTO Features
Values('37.3.2', '37.3.2.1', 57);

INSERT INTO Minutiaes
Values('37.3.2.1.1', '37.3.2.1', '/var/www/server/Datasets/MOLF/MindtctOutput/DB1_Lumidgm/37_2_3.xyt');

INSERT INTO Images
Values('/var/www/server/Datasets/MOLF/OriginalDataset/DB1_Lumidgm/37_3_3.wsq', '37.3.3', '37.3', 352, 544, 500);

INSERT INTO Features
Values('37.3.3', '37.3.3.1', 54);

INSERT INTO Minutiaes
Values('37.3.3.1.1', '37.3.3.1', '/var/www/server/Datasets/MOLF/MindtctOutput/DB1_Lumidgm/37_3_3.xyt');

INSERT INTO Images
Values('/var/www/server/Datasets/MOLF/OriginalDataset/DB1_Lumidgm/37_4_3.wsq', '37.3.4', '37.3', 352, 544, 500);

INSERT INTO Features
Values('37.3.4', '37.3.4.1', 56);

INSERT INTO Minutiaes
Values('37.3.4.1.1', '37.3.4.1', '/var/www/server/Datasets/MOLF/MindtctOutput/DB1_Lumidgm/37_4_3.xyt');

INSERT INTO Fingers
Values(NULL, 4, '37.4', '37');

INSERT INTO Images
Values('/var/www/server/Datasets/MOLF/OriginalDataset/DB1_Lumidgm/37_1_4.wsq', '37.4.1', '37.4', 352, 544, 500);

INSERT INTO Features
Values('37.4.1', '37.4.1.1', 53);

INSERT INTO Minutiaes
Values('37.4.1.1.1', '37.4.1.1', '/var/www/server/Datasets/MOLF/MindtctOutput/DB1_Lumidgm/37_1_4.xyt');

INSERT INTO Images
Values('/var/www/server/Datasets/MOLF/OriginalDataset/DB1_Lumidgm/37_2_4.wsq', '37.4.2', '37.4', 352, 544, 500);

INSERT INTO Features
Values('37.4.2', '37.4.2.1', 40);

INSERT INTO Minutiaes
Values('37.4.2.1.1', '37.4.2.1', '/var/www/server/Datasets/MOLF/MindtctOutput/DB1_Lumidgm/37_2_4.xyt');

INSERT INTO Images
Values('/var/www/server/Datasets/MOLF/OriginalDataset/DB1_Lumidgm/37_3_4.wsq', '37.4.3', '37.4', 352, 544, 500);

INSERT INTO Features
Values('37.4.3', '37.4.3.1', 49);

INSERT INTO Minutiaes
Values('37.4.3.1.1', '37.4.3.1', '/var/www/server/Datasets/MOLF/MindtctOutput/DB1_Lumidgm/37_3_4.xyt');

INSERT INTO Images
Values('/var/www/server/Datasets/MOLF/OriginalDataset/DB1_Lumidgm/37_4_4.wsq', '37.4.4', '37.4', 352, 544, 500);

INSERT INTO Features
Values('37.4.4', '37.4.4.1', 58);

INSERT INTO Minutiaes
Values('37.4.4.1.1', '37.4.4.1', '/var/www/server/Datasets/MOLF/MindtctOutput/DB1_Lumidgm/37_4_4.xyt');

INSERT INTO Fingers
Values(NULL, 5, '37.5', '37');

INSERT INTO Images
Values('/var/www/server/Datasets/MOLF/OriginalDataset/DB1_Lumidgm/37_1_5.wsq', '37.5.1', '37.5', 352, 544, 500);

INSERT INTO Features
Values('37.5.1', '37.5.1.1', 54);

INSERT INTO Minutiaes
Values('37.5.1.1.1', '37.5.1.1', '/var/www/server/Datasets/MOLF/MindtctOutput/DB1_Lumidgm/37_1_5.xyt');

INSERT INTO Images
Values('/var/www/server/Datasets/MOLF/OriginalDataset/DB1_Lumidgm/37_2_5.wsq', '37.5.2', '37.5', 352, 544, 500);

INSERT INTO Features
Values('37.5.2', '37.5.2.1', 39);

INSERT INTO Minutiaes
Values('37.5.2.1.1', '37.5.2.1', '/var/www/server/Datasets/MOLF/MindtctOutput/DB1_Lumidgm/37_2_5.xyt');

INSERT INTO Images
Values('/var/www/server/Datasets/MOLF/OriginalDataset/DB1_Lumidgm/37_3_5.wsq', '37.5.3', '37.5', 352, 544, 500);

INSERT INTO Features
Values('37.5.3', '37.5.3.1', 43);

INSERT INTO Minutiaes
Values('37.5.3.1.1', '37.5.3.1', '/var/www/server/Datasets/MOLF/MindtctOutput/DB1_Lumidgm/37_3_5.xyt');

INSERT INTO Images
Values('/var/www/server/Datasets/MOLF/OriginalDataset/DB1_Lumidgm/37_4_5.wsq', '37.5.4', '37.5', 352, 544, 500);

INSERT INTO Features
Values('37.5.4', '37.5.4.1', 81);

INSERT INTO Minutiaes
Values('37.5.4.1.1', '37.5.4.1', '/var/www/server/Datasets/MOLF/MindtctOutput/DB1_Lumidgm/37_4_5.xyt');

INSERT INTO Fingers
Values(NULL, 6, '37.6', '37');

INSERT INTO Images
Values('/var/www/server/Datasets/MOLF/OriginalDataset/DB1_Lumidgm/37_1_6.wsq', '37.6.1', '37.6', 352, 544, 500);

INSERT INTO Features
Values('37.6.1', '37.6.1.1', 58);

INSERT INTO Minutiaes
Values('37.6.1.1.1', '37.6.1.1', '/var/www/server/Datasets/MOLF/MindtctOutput/DB1_Lumidgm/37_1_6.xyt');

INSERT INTO Images
Values('/var/www/server/Datasets/MOLF/OriginalDataset/DB1_Lumidgm/37_2_6.wsq', '37.6.2', '37.6', 352, 544, 500);

INSERT INTO Features
Values('37.6.2', '37.6.2.1', 61);

INSERT INTO Minutiaes
Values('37.6.2.1.1', '37.6.2.1', '/var/www/server/Datasets/MOLF/MindtctOutput/DB1_Lumidgm/37_2_6.xyt');

INSERT INTO Images
Values('/var/www/server/Datasets/MOLF/OriginalDataset/DB1_Lumidgm/37_3_6.wsq', '37.6.3', '37.6', 352, 544, 500);

INSERT INTO Features
Values('37.6.3', '37.6.3.1', 57);

INSERT INTO Minutiaes
Values('37.6.3.1.1', '37.6.3.1', '/var/www/server/Datasets/MOLF/MindtctOutput/DB1_Lumidgm/37_3_6.xyt');

INSERT INTO Images
Values('/var/www/server/Datasets/MOLF/OriginalDataset/DB1_Lumidgm/37_4_6.wsq', '37.6.4', '37.6', 352, 544, 500);

INSERT INTO Features
Values('37.6.4', '37.6.4.1', 64);

INSERT INTO Minutiaes
Values('37.6.4.1.1', '37.6.4.1', '/var/www/server/Datasets/MOLF/MindtctOutput/DB1_Lumidgm/37_4_6.xyt');

INSERT INTO Fingers
Values(NULL, 7, '37.7', '37');

INSERT INTO Images
Values('/var/www/server/Datasets/MOLF/OriginalDataset/DB1_Lumidgm/37_1_7.wsq', '37.7.1', '37.7', 352, 544, 500);

INSERT INTO Features
Values('37.7.1', '37.7.1.1', 60);

INSERT INTO Minutiaes
Values('37.7.1.1.1', '37.7.1.1', '/var/www/server/Datasets/MOLF/MindtctOutput/DB1_Lumidgm/37_1_7.xyt');

INSERT INTO Images
Values('/var/www/server/Datasets/MOLF/OriginalDataset/DB1_Lumidgm/37_2_7.wsq', '37.7.2', '37.7', 352, 544, 500);

INSERT INTO Features
Values('37.7.2', '37.7.2.1', 60);

INSERT INTO Minutiaes
Values('37.7.2.1.1', '37.7.2.1', '/var/www/server/Datasets/MOLF/MindtctOutput/DB1_Lumidgm/37_2_7.xyt');

INSERT INTO Images
Values('/var/www/server/Datasets/MOLF/OriginalDataset/DB1_Lumidgm/37_3_7.wsq', '37.7.3', '37.7', 352, 544, 500);

INSERT INTO Features
Values('37.7.3', '37.7.3.1', 57);

INSERT INTO Minutiaes
Values('37.7.3.1.1', '37.7.3.1', '/var/www/server/Datasets/MOLF/MindtctOutput/DB1_Lumidgm/37_3_7.xyt');

INSERT INTO Images
Values('/var/www/server/Datasets/MOLF/OriginalDataset/DB1_Lumidgm/37_4_7.wsq', '37.7.4', '37.7', 352, 544, 500);

INSERT INTO Features
Values('37.7.4', '37.7.4.1', 68);

INSERT INTO Minutiaes
Values('37.7.4.1.1', '37.7.4.1', '/var/www/server/Datasets/MOLF/MindtctOutput/DB1_Lumidgm/37_4_7.xyt');

INSERT INTO Fingers
Values(NULL, 8, '37.8', '37');

INSERT INTO Images
Values('/var/www/server/Datasets/MOLF/OriginalDataset/DB1_Lumidgm/37_1_8.wsq', '37.8.1', '37.8', 352, 544, 500);

INSERT INTO Features
Values('37.8.1', '37.8.1.1', 63);

INSERT INTO Minutiaes
Values('37.8.1.1.1', '37.8.1.1', '/var/www/server/Datasets/MOLF/MindtctOutput/DB1_Lumidgm/37_1_8.xyt');

INSERT INTO Images
Values('/var/www/server/Datasets/MOLF/OriginalDataset/DB1_Lumidgm/37_2_8.wsq', '37.8.2', '37.8', 352, 544, 500);

INSERT INTO Features
Values('37.8.2', '37.8.2.1', 51);

INSERT INTO Minutiaes
Values('37.8.2.1.1', '37.8.2.1', '/var/www/server/Datasets/MOLF/MindtctOutput/DB1_Lumidgm/37_2_8.xyt');

INSERT INTO Images
Values('/var/www/server/Datasets/MOLF/OriginalDataset/DB1_Lumidgm/37_3_8.wsq', '37.8.3', '37.8', 352, 544, 500);

INSERT INTO Features
Values('37.8.3', '37.8.3.1', 56);

INSERT INTO Minutiaes
Values('37.8.3.1.1', '37.8.3.1', '/var/www/server/Datasets/MOLF/MindtctOutput/DB1_Lumidgm/37_3_8.xyt');

INSERT INTO Images
Values('/var/www/server/Datasets/MOLF/OriginalDataset/DB1_Lumidgm/37_4_8.wsq', '37.8.4', '37.8', 352, 544, 500);

INSERT INTO Features
Values('37.8.4', '37.8.4.1', 64);

INSERT INTO Minutiaes
Values('37.8.4.1.1', '37.8.4.1', '/var/www/server/Datasets/MOLF/MindtctOutput/DB1_Lumidgm/37_4_8.xyt');

INSERT INTO Fingers
Values(NULL, 9, '37.9', '37');

INSERT INTO Images
Values('/var/www/server/Datasets/MOLF/OriginalDataset/DB1_Lumidgm/37_1_9.wsq', '37.9.1', '37.9', 352, 544, 500);

INSERT INTO Features
Values('37.9.1', '37.9.1.1', 71);

INSERT INTO Minutiaes
Values('37.9.1.1.1', '37.9.1.1', '/var/www/server/Datasets/MOLF/MindtctOutput/DB1_Lumidgm/37_1_9.xyt');

INSERT INTO Images
Values('/var/www/server/Datasets/MOLF/OriginalDataset/DB1_Lumidgm/37_2_9.wsq', '37.9.2', '37.9', 352, 544, 500);

INSERT INTO Features
Values('37.9.2', '37.9.2.1', 70);

INSERT INTO Minutiaes
Values('37.9.2.1.1', '37.9.2.1', '/var/www/server/Datasets/MOLF/MindtctOutput/DB1_Lumidgm/37_2_9.xyt');

INSERT INTO Images
Values('/var/www/server/Datasets/MOLF/OriginalDataset/DB1_Lumidgm/37_3_9.wsq', '37.9.3', '37.9', 352, 544, 500);

INSERT INTO Features
Values('37.9.3', '37.9.3.1', 90);

INSERT INTO Minutiaes
Values('37.9.3.1.1', '37.9.3.1', '/var/www/server/Datasets/MOLF/MindtctOutput/DB1_Lumidgm/37_3_9.xyt');

INSERT INTO Images
Values('/var/www/server/Datasets/MOLF/OriginalDataset/DB1_Lumidgm/37_4_9.wsq', '37.9.4', '37.9', 352, 544, 500);

INSERT INTO Features
Values('37.9.4', '37.9.4.1', 69);

INSERT INTO Minutiaes
Values('37.9.4.1.1', '37.9.4.1', '/var/www/server/Datasets/MOLF/MindtctOutput/DB1_Lumidgm/37_4_9.xyt');

INSERT INTO Fingers
Values(NULL, 10, '37.10', '37');

INSERT INTO Images
Values('/var/www/server/Datasets/MOLF/OriginalDataset/DB1_Lumidgm/37_1_10.wsq', '37.10.1', '37.10', 352, 544, 500);

INSERT INTO Features
Values('37.10.1', '37.10.1.1', 43);

INSERT INTO Minutiaes
Values('37.10.1.1.1', '37.10.1.1', '/var/www/server/Datasets/MOLF/MindtctOutput/DB1_Lumidgm/37_1_10.xyt');

INSERT INTO Images
Values('/var/www/server/Datasets/MOLF/OriginalDataset/DB1_Lumidgm/37_2_10.wsq', '37.10.2', '37.10', 352, 544, 500);

INSERT INTO Features
Values('37.10.2', '37.10.2.1', 43);

INSERT INTO Minutiaes
Values('37.10.2.1.1', '37.10.2.1', '/var/www/server/Datasets/MOLF/MindtctOutput/DB1_Lumidgm/37_2_10.xyt');

INSERT INTO Images
Values('/var/www/server/Datasets/MOLF/OriginalDataset/DB1_Lumidgm/37_3_10.wsq', '37.10.3', '37.10', 352, 544, 500);

INSERT INTO Features
Values('37.10.3', '37.10.3.1', 87);

INSERT INTO Minutiaes
Values('37.10.3.1.1', '37.10.3.1', '/var/www/server/Datasets/MOLF/MindtctOutput/DB1_Lumidgm/37_3_10.xyt');

INSERT INTO Images
Values('/var/www/server/Datasets/MOLF/OriginalDataset/DB1_Lumidgm/37_4_10.wsq', '37.10.4', '37.10', 352, 544, 500);

INSERT INTO Features
Values('37.10.4', '37.10.4.1', 54);

INSERT INTO Minutiaes
Values('37.10.4.1.1', '37.10.4.1', '/var/www/server/Datasets/MOLF/MindtctOutput/DB1_Lumidgm/37_4_10.xyt');

#------------------------SUBJECT 38------------------------
INSERT INTO Subjects
Values('38');

INSERT INTO Fingers
Values(NULL, 1, '38.1', '38');

INSERT INTO Images
Values('/var/www/server/Datasets/MOLF/OriginalDataset/DB1_Lumidgm/38_1_1.wsq', '38.1.1', '38.1', 352, 544, 500);

INSERT INTO Features
Values('38.1.1', '38.1.1.1', 47);

INSERT INTO Minutiaes
Values('38.1.1.1.1', '38.1.1.1', '/var/www/server/Datasets/MOLF/MindtctOutput/DB1_Lumidgm/38_1_1.xyt');

INSERT INTO Images
Values('/var/www/server/Datasets/MOLF/OriginalDataset/DB1_Lumidgm/38_2_1.wsq', '38.1.2', '38.1', 352, 544, 500);

INSERT INTO Features
Values('38.1.2', '38.1.2.1', 48);

INSERT INTO Minutiaes
Values('38.1.2.1.1', '38.1.2.1', '/var/www/server/Datasets/MOLF/MindtctOutput/DB1_Lumidgm/38_2_1.xyt');

INSERT INTO Images
Values('/var/www/server/Datasets/MOLF/OriginalDataset/DB1_Lumidgm/38_3_1.wsq', '38.1.3', '38.1', 352, 544, 500);

INSERT INTO Features
Values('38.1.3', '38.1.3.1', 62);

INSERT INTO Minutiaes
Values('38.1.3.1.1', '38.1.3.1', '/var/www/server/Datasets/MOLF/MindtctOutput/DB1_Lumidgm/38_3_1.xyt');

INSERT INTO Images
Values('/var/www/server/Datasets/MOLF/OriginalDataset/DB1_Lumidgm/38_4_1.wsq', '38.1.4', '38.1', 352, 544, 500);

INSERT INTO Features
Values('38.1.4', '38.1.4.1', 59);

INSERT INTO Minutiaes
Values('38.1.4.1.1', '38.1.4.1', '/var/www/server/Datasets/MOLF/MindtctOutput/DB1_Lumidgm/38_4_1.xyt');

INSERT INTO Fingers
Values(NULL, 2, '38.2', '38');

INSERT INTO Images
Values('/var/www/server/Datasets/MOLF/OriginalDataset/DB1_Lumidgm/38_1_2.wsq', '38.2.1', '38.2', 352, 544, 500);

INSERT INTO Features
Values('38.2.1', '38.2.1.1', 80);

INSERT INTO Minutiaes
Values('38.2.1.1.1', '38.2.1.1', '/var/www/server/Datasets/MOLF/MindtctOutput/DB1_Lumidgm/38_1_2.xyt');

INSERT INTO Images
Values('/var/www/server/Datasets/MOLF/OriginalDataset/DB1_Lumidgm/38_2_2.wsq', '38.2.2', '38.2', 352, 544, 500);

INSERT INTO Features
Values('38.2.2', '38.2.2.1', 61);

INSERT INTO Minutiaes
Values('38.2.2.1.1', '38.2.2.1', '/var/www/server/Datasets/MOLF/MindtctOutput/DB1_Lumidgm/38_2_2.xyt');

INSERT INTO Images
Values('/var/www/server/Datasets/MOLF/OriginalDataset/DB1_Lumidgm/38_3_2.wsq', '38.2.3', '38.2', 352, 544, 500);

INSERT INTO Features
Values('38.2.3', '38.2.3.1', 53);

INSERT INTO Minutiaes
Values('38.2.3.1.1', '38.2.3.1', '/var/www/server/Datasets/MOLF/MindtctOutput/DB1_Lumidgm/38_3_2.xyt');

INSERT INTO Images
Values('/var/www/server/Datasets/MOLF/OriginalDataset/DB1_Lumidgm/38_4_2.wsq', '38.2.4', '38.2', 352, 544, 500);

INSERT INTO Features
Values('38.2.4', '38.2.4.1', 84);

INSERT INTO Minutiaes
Values('38.2.4.1.1', '38.2.4.1', '/var/www/server/Datasets/MOLF/MindtctOutput/DB1_Lumidgm/38_4_2.xyt');

INSERT INTO Fingers
Values(NULL, 3, '38.3', '38');

INSERT INTO Images
Values('/var/www/server/Datasets/MOLF/OriginalDataset/DB1_Lumidgm/38_1_3.wsq', '38.3.1', '38.3', 352, 544, 500);

INSERT INTO Features
Values('38.3.1', '38.3.1.1', 62);

INSERT INTO Minutiaes
Values('38.3.1.1.1', '38.3.1.1', '/var/www/server/Datasets/MOLF/MindtctOutput/DB1_Lumidgm/38_1_3.xyt');

INSERT INTO Images
Values('/var/www/server/Datasets/MOLF/OriginalDataset/DB1_Lumidgm/38_2_3.wsq', '38.3.2', '38.3', 352, 544, 500);

INSERT INTO Features
Values('38.3.2', '38.3.2.1', 62);

INSERT INTO Minutiaes
Values('38.3.2.1.1', '38.3.2.1', '/var/www/server/Datasets/MOLF/MindtctOutput/DB1_Lumidgm/38_2_3.xyt');

INSERT INTO Images
Values('/var/www/server/Datasets/MOLF/OriginalDataset/DB1_Lumidgm/38_3_3.wsq', '38.3.3', '38.3', 352, 544, 500);

INSERT INTO Features
Values('38.3.3', '38.3.3.1', 73);

INSERT INTO Minutiaes
Values('38.3.3.1.1', '38.3.3.1', '/var/www/server/Datasets/MOLF/MindtctOutput/DB1_Lumidgm/38_3_3.xyt');

INSERT INTO Images
Values('/var/www/server/Datasets/MOLF/OriginalDataset/DB1_Lumidgm/38_4_3.wsq', '38.3.4', '38.3', 352, 544, 500);

INSERT INTO Features
Values('38.3.4', '38.3.4.1', 71);

INSERT INTO Minutiaes
Values('38.3.4.1.1', '38.3.4.1', '/var/www/server/Datasets/MOLF/MindtctOutput/DB1_Lumidgm/38_4_3.xyt');

INSERT INTO Fingers
Values(NULL, 4, '38.4', '38');

INSERT INTO Images
Values('/var/www/server/Datasets/MOLF/OriginalDataset/DB1_Lumidgm/38_1_4.wsq', '38.4.1', '38.4', 352, 544, 500);

INSERT INTO Features
Values('38.4.1', '38.4.1.1', 64);

INSERT INTO Minutiaes
Values('38.4.1.1.1', '38.4.1.1', '/var/www/server/Datasets/MOLF/MindtctOutput/DB1_Lumidgm/38_1_4.xyt');

INSERT INTO Images
Values('/var/www/server/Datasets/MOLF/OriginalDataset/DB1_Lumidgm/38_2_4.wsq', '38.4.2', '38.4', 352, 544, 500);

INSERT INTO Features
Values('38.4.2', '38.4.2.1', 69);

INSERT INTO Minutiaes
Values('38.4.2.1.1', '38.4.2.1', '/var/www/server/Datasets/MOLF/MindtctOutput/DB1_Lumidgm/38_2_4.xyt');

INSERT INTO Images
Values('/var/www/server/Datasets/MOLF/OriginalDataset/DB1_Lumidgm/38_3_4.wsq', '38.4.3', '38.4', 352, 544, 500);

INSERT INTO Features
Values('38.4.3', '38.4.3.1', 67);

INSERT INTO Minutiaes
Values('38.4.3.1.1', '38.4.3.1', '/var/www/server/Datasets/MOLF/MindtctOutput/DB1_Lumidgm/38_3_4.xyt');

INSERT INTO Images
Values('/var/www/server/Datasets/MOLF/OriginalDataset/DB1_Lumidgm/38_4_4.wsq', '38.4.4', '38.4', 352, 544, 500);

INSERT INTO Features
Values('38.4.4', '38.4.4.1', 66);

INSERT INTO Minutiaes
Values('38.4.4.1.1', '38.4.4.1', '/var/www/server/Datasets/MOLF/MindtctOutput/DB1_Lumidgm/38_4_4.xyt');

INSERT INTO Fingers
Values(NULL, 5, '38.5', '38');

INSERT INTO Images
Values('/var/www/server/Datasets/MOLF/OriginalDataset/DB1_Lumidgm/38_1_5.wsq', '38.5.1', '38.5', 352, 544, 500);

INSERT INTO Features
Values('38.5.1', '38.5.1.1', 63);

INSERT INTO Minutiaes
Values('38.5.1.1.1', '38.5.1.1', '/var/www/server/Datasets/MOLF/MindtctOutput/DB1_Lumidgm/38_1_5.xyt');

INSERT INTO Images
Values('/var/www/server/Datasets/MOLF/OriginalDataset/DB1_Lumidgm/38_2_5.wsq', '38.5.2', '38.5', 352, 544, 500);

INSERT INTO Features
Values('38.5.2', '38.5.2.1', 62);

INSERT INTO Minutiaes
Values('38.5.2.1.1', '38.5.2.1', '/var/www/server/Datasets/MOLF/MindtctOutput/DB1_Lumidgm/38_2_5.xyt');

INSERT INTO Images
Values('/var/www/server/Datasets/MOLF/OriginalDataset/DB1_Lumidgm/38_3_5.wsq', '38.5.3', '38.5', 352, 544, 500);

INSERT INTO Features
Values('38.5.3', '38.5.3.1', 69);

INSERT INTO Minutiaes
Values('38.5.3.1.1', '38.5.3.1', '/var/www/server/Datasets/MOLF/MindtctOutput/DB1_Lumidgm/38_3_5.xyt');

INSERT INTO Images
Values('/var/www/server/Datasets/MOLF/OriginalDataset/DB1_Lumidgm/38_4_5.wsq', '38.5.4', '38.5', 352, 544, 500);

INSERT INTO Features
Values('38.5.4', '38.5.4.1', 65);

INSERT INTO Minutiaes
Values('38.5.4.1.1', '38.5.4.1', '/var/www/server/Datasets/MOLF/MindtctOutput/DB1_Lumidgm/38_4_5.xyt');

INSERT INTO Fingers
Values(NULL, 6, '38.6', '38');

INSERT INTO Images
Values('/var/www/server/Datasets/MOLF/OriginalDataset/DB1_Lumidgm/38_1_6.wsq', '38.6.1', '38.6', 352, 544, 500);

INSERT INTO Features
Values('38.6.1', '38.6.1.1', 66);

INSERT INTO Minutiaes
Values('38.6.1.1.1', '38.6.1.1', '/var/www/server/Datasets/MOLF/MindtctOutput/DB1_Lumidgm/38_1_6.xyt');

INSERT INTO Images
Values('/var/www/server/Datasets/MOLF/OriginalDataset/DB1_Lumidgm/38_2_6.wsq', '38.6.2', '38.6', 352, 544, 500);

INSERT INTO Features
Values('38.6.2', '38.6.2.1', 44);

INSERT INTO Minutiaes
Values('38.6.2.1.1', '38.6.2.1', '/var/www/server/Datasets/MOLF/MindtctOutput/DB1_Lumidgm/38_2_6.xyt');

INSERT INTO Images
Values('/var/www/server/Datasets/MOLF/OriginalDataset/DB1_Lumidgm/38_3_6.wsq', '38.6.3', '38.6', 352, 544, 500);

INSERT INTO Features
Values('38.6.3', '38.6.3.1', 61);

INSERT INTO Minutiaes
Values('38.6.3.1.1', '38.6.3.1', '/var/www/server/Datasets/MOLF/MindtctOutput/DB1_Lumidgm/38_3_6.xyt');

INSERT INTO Images
Values('/var/www/server/Datasets/MOLF/OriginalDataset/DB1_Lumidgm/38_4_6.wsq', '38.6.4', '38.6', 352, 544, 500);

INSERT INTO Features
Values('38.6.4', '38.6.4.1', 62);

INSERT INTO Minutiaes
Values('38.6.4.1.1', '38.6.4.1', '/var/www/server/Datasets/MOLF/MindtctOutput/DB1_Lumidgm/38_4_6.xyt');

INSERT INTO Fingers
Values(NULL, 7, '38.7', '38');

INSERT INTO Images
Values('/var/www/server/Datasets/MOLF/OriginalDataset/DB1_Lumidgm/38_1_7.wsq', '38.7.1', '38.7', 352, 544, 500);

INSERT INTO Features
Values('38.7.1', '38.7.1.1', 63);

INSERT INTO Minutiaes
Values('38.7.1.1.1', '38.7.1.1', '/var/www/server/Datasets/MOLF/MindtctOutput/DB1_Lumidgm/38_1_7.xyt');

INSERT INTO Images
Values('/var/www/server/Datasets/MOLF/OriginalDataset/DB1_Lumidgm/38_2_7.wsq', '38.7.2', '38.7', 352, 544, 500);

INSERT INTO Features
Values('38.7.2', '38.7.2.1', 56);

INSERT INTO Minutiaes
Values('38.7.2.1.1', '38.7.2.1', '/var/www/server/Datasets/MOLF/MindtctOutput/DB1_Lumidgm/38_2_7.xyt');

INSERT INTO Images
Values('/var/www/server/Datasets/MOLF/OriginalDataset/DB1_Lumidgm/38_3_7.wsq', '38.7.3', '38.7', 352, 544, 500);

INSERT INTO Features
Values('38.7.3', '38.7.3.1', 52);

INSERT INTO Minutiaes
Values('38.7.3.1.1', '38.7.3.1', '/var/www/server/Datasets/MOLF/MindtctOutput/DB1_Lumidgm/38_3_7.xyt');

INSERT INTO Images
Values('/var/www/server/Datasets/MOLF/OriginalDataset/DB1_Lumidgm/38_4_7.wsq', '38.7.4', '38.7', 352, 544, 500);

INSERT INTO Features
Values('38.7.4', '38.7.4.1', 51);

INSERT INTO Minutiaes
Values('38.7.4.1.1', '38.7.4.1', '/var/www/server/Datasets/MOLF/MindtctOutput/DB1_Lumidgm/38_4_7.xyt');

INSERT INTO Fingers
Values(NULL, 8, '38.8', '38');

INSERT INTO Images
Values('/var/www/server/Datasets/MOLF/OriginalDataset/DB1_Lumidgm/38_1_8.wsq', '38.8.1', '38.8', 352, 544, 500);

INSERT INTO Features
Values('38.8.1', '38.8.1.1', 54);

INSERT INTO Minutiaes
Values('38.8.1.1.1', '38.8.1.1', '/var/www/server/Datasets/MOLF/MindtctOutput/DB1_Lumidgm/38_1_8.xyt');

INSERT INTO Images
Values('/var/www/server/Datasets/MOLF/OriginalDataset/DB1_Lumidgm/38_2_8.wsq', '38.8.2', '38.8', 352, 544, 500);

INSERT INTO Features
Values('38.8.2', '38.8.2.1', 66);

INSERT INTO Minutiaes
Values('38.8.2.1.1', '38.8.2.1', '/var/www/server/Datasets/MOLF/MindtctOutput/DB1_Lumidgm/38_2_8.xyt');

INSERT INTO Images
Values('/var/www/server/Datasets/MOLF/OriginalDataset/DB1_Lumidgm/38_3_8.wsq', '38.8.3', '38.8', 352, 544, 500);

INSERT INTO Features
Values('38.8.3', '38.8.3.1', 56);

INSERT INTO Minutiaes
Values('38.8.3.1.1', '38.8.3.1', '/var/www/server/Datasets/MOLF/MindtctOutput/DB1_Lumidgm/38_3_8.xyt');

INSERT INTO Images
Values('/var/www/server/Datasets/MOLF/OriginalDataset/DB1_Lumidgm/38_4_8.wsq', '38.8.4', '38.8', 352, 544, 500);

INSERT INTO Features
Values('38.8.4', '38.8.4.1', 60);

INSERT INTO Minutiaes
Values('38.8.4.1.1', '38.8.4.1', '/var/www/server/Datasets/MOLF/MindtctOutput/DB1_Lumidgm/38_4_8.xyt');

INSERT INTO Fingers
Values(NULL, 9, '38.9', '38');

INSERT INTO Images
Values('/var/www/server/Datasets/MOLF/OriginalDataset/DB1_Lumidgm/38_1_9.wsq', '38.9.1', '38.9', 352, 544, 500);

INSERT INTO Features
Values('38.9.1', '38.9.1.1', 74);

INSERT INTO Minutiaes
Values('38.9.1.1.1', '38.9.1.1', '/var/www/server/Datasets/MOLF/MindtctOutput/DB1_Lumidgm/38_1_9.xyt');

INSERT INTO Images
Values('/var/www/server/Datasets/MOLF/OriginalDataset/DB1_Lumidgm/38_2_9.wsq', '38.9.2', '38.9', 352, 544, 500);

INSERT INTO Features
Values('38.9.2', '38.9.2.1', 94);

INSERT INTO Minutiaes
Values('38.9.2.1.1', '38.9.2.1', '/var/www/server/Datasets/MOLF/MindtctOutput/DB1_Lumidgm/38_2_9.xyt');

INSERT INTO Images
Values('/var/www/server/Datasets/MOLF/OriginalDataset/DB1_Lumidgm/38_3_9.wsq', '38.9.3', '38.9', 352, 544, 500);

INSERT INTO Features
Values('38.9.3', '38.9.3.1', 67);

INSERT INTO Minutiaes
Values('38.9.3.1.1', '38.9.3.1', '/var/www/server/Datasets/MOLF/MindtctOutput/DB1_Lumidgm/38_3_9.xyt');

INSERT INTO Images
Values('/var/www/server/Datasets/MOLF/OriginalDataset/DB1_Lumidgm/38_4_9.wsq', '38.9.4', '38.9', 352, 544, 500);

INSERT INTO Features
Values('38.9.4', '38.9.4.1', 66);

INSERT INTO Minutiaes
Values('38.9.4.1.1', '38.9.4.1', '/var/www/server/Datasets/MOLF/MindtctOutput/DB1_Lumidgm/38_4_9.xyt');

INSERT INTO Fingers
Values(NULL, 10, '38.10', '38');

INSERT INTO Images
Values('/var/www/server/Datasets/MOLF/OriginalDataset/DB1_Lumidgm/38_1_10.wsq', '38.10.1', '38.10', 352, 544, 500);

INSERT INTO Features
Values('38.10.1', '38.10.1.1', 82);

INSERT INTO Minutiaes
Values('38.10.1.1.1', '38.10.1.1', '/var/www/server/Datasets/MOLF/MindtctOutput/DB1_Lumidgm/38_1_10.xyt');

INSERT INTO Images
Values('/var/www/server/Datasets/MOLF/OriginalDataset/DB1_Lumidgm/38_2_10.wsq', '38.10.2', '38.10', 352, 544, 500);

INSERT INTO Features
Values('38.10.2', '38.10.2.1', 60);

INSERT INTO Minutiaes
Values('38.10.2.1.1', '38.10.2.1', '/var/www/server/Datasets/MOLF/MindtctOutput/DB1_Lumidgm/38_2_10.xyt');

INSERT INTO Images
Values('/var/www/server/Datasets/MOLF/OriginalDataset/DB1_Lumidgm/38_3_10.wsq', '38.10.3', '38.10', 352, 544, 500);

INSERT INTO Features
Values('38.10.3', '38.10.3.1', 49);

INSERT INTO Minutiaes
Values('38.10.3.1.1', '38.10.3.1', '/var/www/server/Datasets/MOLF/MindtctOutput/DB1_Lumidgm/38_3_10.xyt');

INSERT INTO Images
Values('/var/www/server/Datasets/MOLF/OriginalDataset/DB1_Lumidgm/38_4_10.wsq', '38.10.4', '38.10', 352, 544, 500);

INSERT INTO Features
Values('38.10.4', '38.10.4.1', 64);

INSERT INTO Minutiaes
Values('38.10.4.1.1', '38.10.4.1', '/var/www/server/Datasets/MOLF/MindtctOutput/DB1_Lumidgm/38_4_10.xyt');

#------------------------SUBJECT 39------------------------
INSERT INTO Subjects
Values('39');

INSERT INTO Fingers
Values(NULL, 1, '39.1', '39');

INSERT INTO Images
Values('/var/www/server/Datasets/MOLF/OriginalDataset/DB1_Lumidgm/39_1_1.wsq', '39.1.1', '39.1', 352, 544, 500);

INSERT INTO Features
Values('39.1.1', '39.1.1.1', 53);

INSERT INTO Minutiaes
Values('39.1.1.1.1', '39.1.1.1', '/var/www/server/Datasets/MOLF/MindtctOutput/DB1_Lumidgm/39_1_1.xyt');

INSERT INTO Images
Values('/var/www/server/Datasets/MOLF/OriginalDataset/DB1_Lumidgm/39_2_1.wsq', '39.1.2', '39.1', 352, 544, 500);

INSERT INTO Features
Values('39.1.2', '39.1.2.1', 51);

INSERT INTO Minutiaes
Values('39.1.2.1.1', '39.1.2.1', '/var/www/server/Datasets/MOLF/MindtctOutput/DB1_Lumidgm/39_2_1.xyt');

INSERT INTO Images
Values('/var/www/server/Datasets/MOLF/OriginalDataset/DB1_Lumidgm/39_3_1.wsq', '39.1.3', '39.1', 352, 544, 500);

INSERT INTO Features
Values('39.1.3', '39.1.3.1', 63);

INSERT INTO Minutiaes
Values('39.1.3.1.1', '39.1.3.1', '/var/www/server/Datasets/MOLF/MindtctOutput/DB1_Lumidgm/39_3_1.xyt');

INSERT INTO Images
Values('/var/www/server/Datasets/MOLF/OriginalDataset/DB1_Lumidgm/39_4_1.wsq', '39.1.4', '39.1', 352, 544, 500);

INSERT INTO Features
Values('39.1.4', '39.1.4.1', 56);

INSERT INTO Minutiaes
Values('39.1.4.1.1', '39.1.4.1', '/var/www/server/Datasets/MOLF/MindtctOutput/DB1_Lumidgm/39_4_1.xyt');

INSERT INTO Fingers
Values(NULL, 2, '39.2', '39');

INSERT INTO Images
Values('/var/www/server/Datasets/MOLF/OriginalDataset/DB1_Lumidgm/39_1_2.wsq', '39.2.1', '39.2', 352, 544, 500);

INSERT INTO Features
Values('39.2.1', '39.2.1.1', 41);

INSERT INTO Minutiaes
Values('39.2.1.1.1', '39.2.1.1', '/var/www/server/Datasets/MOLF/MindtctOutput/DB1_Lumidgm/39_1_2.xyt');

INSERT INTO Images
Values('/var/www/server/Datasets/MOLF/OriginalDataset/DB1_Lumidgm/39_2_2.wsq', '39.2.2', '39.2', 352, 544, 500);

INSERT INTO Features
Values('39.2.2', '39.2.2.1', 38);

INSERT INTO Minutiaes
Values('39.2.2.1.1', '39.2.2.1', '/var/www/server/Datasets/MOLF/MindtctOutput/DB1_Lumidgm/39_2_2.xyt');

INSERT INTO Images
Values('/var/www/server/Datasets/MOLF/OriginalDataset/DB1_Lumidgm/39_3_2.wsq', '39.2.3', '39.2', 352, 544, 500);

INSERT INTO Features
Values('39.2.3', '39.2.3.1', 43);

INSERT INTO Minutiaes
Values('39.2.3.1.1', '39.2.3.1', '/var/www/server/Datasets/MOLF/MindtctOutput/DB1_Lumidgm/39_3_2.xyt');

INSERT INTO Images
Values('/var/www/server/Datasets/MOLF/OriginalDataset/DB1_Lumidgm/39_4_2.wsq', '39.2.4', '39.2', 352, 544, 500);

INSERT INTO Features
Values('39.2.4', '39.2.4.1', 38);

INSERT INTO Minutiaes
Values('39.2.4.1.1', '39.2.4.1', '/var/www/server/Datasets/MOLF/MindtctOutput/DB1_Lumidgm/39_4_2.xyt');

INSERT INTO Fingers
Values(NULL, 3, '39.3', '39');

INSERT INTO Images
Values('/var/www/server/Datasets/MOLF/OriginalDataset/DB1_Lumidgm/39_1_3.wsq', '39.3.1', '39.3', 352, 544, 500);

INSERT INTO Features
Values('39.3.1', '39.3.1.1', 50);

INSERT INTO Minutiaes
Values('39.3.1.1.1', '39.3.1.1', '/var/www/server/Datasets/MOLF/MindtctOutput/DB1_Lumidgm/39_1_3.xyt');

INSERT INTO Images
Values('/var/www/server/Datasets/MOLF/OriginalDataset/DB1_Lumidgm/39_2_3.wsq', '39.3.2', '39.3', 352, 544, 500);

INSERT INTO Features
Values('39.3.2', '39.3.2.1', 52);

INSERT INTO Minutiaes
Values('39.3.2.1.1', '39.3.2.1', '/var/www/server/Datasets/MOLF/MindtctOutput/DB1_Lumidgm/39_2_3.xyt');

INSERT INTO Images
Values('/var/www/server/Datasets/MOLF/OriginalDataset/DB1_Lumidgm/39_3_3.wsq', '39.3.3', '39.3', 352, 544, 500);

INSERT INTO Features
Values('39.3.3', '39.3.3.1', 39);

INSERT INTO Minutiaes
Values('39.3.3.1.1', '39.3.3.1', '/var/www/server/Datasets/MOLF/MindtctOutput/DB1_Lumidgm/39_3_3.xyt');

INSERT INTO Images
Values('/var/www/server/Datasets/MOLF/OriginalDataset/DB1_Lumidgm/39_4_3.wsq', '39.3.4', '39.3', 352, 544, 500);

INSERT INTO Features
Values('39.3.4', '39.3.4.1', 39);

INSERT INTO Minutiaes
Values('39.3.4.1.1', '39.3.4.1', '/var/www/server/Datasets/MOLF/MindtctOutput/DB1_Lumidgm/39_4_3.xyt');

INSERT INTO Fingers
Values(NULL, 4, '39.4', '39');

INSERT INTO Images
Values('/var/www/server/Datasets/MOLF/OriginalDataset/DB1_Lumidgm/39_1_4.wsq', '39.4.1', '39.4', 352, 544, 500);

INSERT INTO Features
Values('39.4.1', '39.4.1.1', 58);

INSERT INTO Minutiaes
Values('39.4.1.1.1', '39.4.1.1', '/var/www/server/Datasets/MOLF/MindtctOutput/DB1_Lumidgm/39_1_4.xyt');

INSERT INTO Images
Values('/var/www/server/Datasets/MOLF/OriginalDataset/DB1_Lumidgm/39_2_4.wsq', '39.4.2', '39.4', 352, 544, 500);

INSERT INTO Features
Values('39.4.2', '39.4.2.1', 54);

INSERT INTO Minutiaes
Values('39.4.2.1.1', '39.4.2.1', '/var/www/server/Datasets/MOLF/MindtctOutput/DB1_Lumidgm/39_2_4.xyt');

INSERT INTO Images
Values('/var/www/server/Datasets/MOLF/OriginalDataset/DB1_Lumidgm/39_3_4.wsq', '39.4.3', '39.4', 352, 544, 500);

INSERT INTO Features
Values('39.4.3', '39.4.3.1', 57);

INSERT INTO Minutiaes
Values('39.4.3.1.1', '39.4.3.1', '/var/www/server/Datasets/MOLF/MindtctOutput/DB1_Lumidgm/39_3_4.xyt');

INSERT INTO Images
Values('/var/www/server/Datasets/MOLF/OriginalDataset/DB1_Lumidgm/39_4_4.wsq', '39.4.4', '39.4', 352, 544, 500);

INSERT INTO Features
Values('39.4.4', '39.4.4.1', 45);

INSERT INTO Minutiaes
Values('39.4.4.1.1', '39.4.4.1', '/var/www/server/Datasets/MOLF/MindtctOutput/DB1_Lumidgm/39_4_4.xyt');

INSERT INTO Fingers
Values(NULL, 5, '39.5', '39');

INSERT INTO Images
Values('/var/www/server/Datasets/MOLF/OriginalDataset/DB1_Lumidgm/39_1_5.wsq', '39.5.1', '39.5', 352, 544, 500);

INSERT INTO Features
Values('39.5.1', '39.5.1.1', 52);

INSERT INTO Minutiaes
Values('39.5.1.1.1', '39.5.1.1', '/var/www/server/Datasets/MOLF/MindtctOutput/DB1_Lumidgm/39_1_5.xyt');

INSERT INTO Images
Values('/var/www/server/Datasets/MOLF/OriginalDataset/DB1_Lumidgm/39_2_5.wsq', '39.5.2', '39.5', 352, 544, 500);

INSERT INTO Features
Values('39.5.2', '39.5.2.1', 64);

INSERT INTO Minutiaes
Values('39.5.2.1.1', '39.5.2.1', '/var/www/server/Datasets/MOLF/MindtctOutput/DB1_Lumidgm/39_2_5.xyt');

INSERT INTO Images
Values('/var/www/server/Datasets/MOLF/OriginalDataset/DB1_Lumidgm/39_3_5.wsq', '39.5.3', '39.5', 352, 544, 500);

INSERT INTO Features
Values('39.5.3', '39.5.3.1', 51);

INSERT INTO Minutiaes
Values('39.5.3.1.1', '39.5.3.1', '/var/www/server/Datasets/MOLF/MindtctOutput/DB1_Lumidgm/39_3_5.xyt');

INSERT INTO Images
Values('/var/www/server/Datasets/MOLF/OriginalDataset/DB1_Lumidgm/39_4_5.wsq', '39.5.4', '39.5', 352, 544, 500);

INSERT INTO Features
Values('39.5.4', '39.5.4.1', 59);

INSERT INTO Minutiaes
Values('39.5.4.1.1', '39.5.4.1', '/var/www/server/Datasets/MOLF/MindtctOutput/DB1_Lumidgm/39_4_5.xyt');

INSERT INTO Fingers
Values(NULL, 6, '39.6', '39');

INSERT INTO Images
Values('/var/www/server/Datasets/MOLF/OriginalDataset/DB1_Lumidgm/39_1_6.wsq', '39.6.1', '39.6', 352, 544, 500);

INSERT INTO Features
Values('39.6.1', '39.6.1.1', 64);

INSERT INTO Minutiaes
Values('39.6.1.1.1', '39.6.1.1', '/var/www/server/Datasets/MOLF/MindtctOutput/DB1_Lumidgm/39_1_6.xyt');

INSERT INTO Images
Values('/var/www/server/Datasets/MOLF/OriginalDataset/DB1_Lumidgm/39_2_6.wsq', '39.6.2', '39.6', 352, 544, 500);

INSERT INTO Features
Values('39.6.2', '39.6.2.1', 68);

INSERT INTO Minutiaes
Values('39.6.2.1.1', '39.6.2.1', '/var/www/server/Datasets/MOLF/MindtctOutput/DB1_Lumidgm/39_2_6.xyt');

INSERT INTO Images
Values('/var/www/server/Datasets/MOLF/OriginalDataset/DB1_Lumidgm/39_3_6.wsq', '39.6.3', '39.6', 352, 544, 500);

INSERT INTO Features
Values('39.6.3', '39.6.3.1', 57);

INSERT INTO Minutiaes
Values('39.6.3.1.1', '39.6.3.1', '/var/www/server/Datasets/MOLF/MindtctOutput/DB1_Lumidgm/39_3_6.xyt');

INSERT INTO Images
Values('/var/www/server/Datasets/MOLF/OriginalDataset/DB1_Lumidgm/39_4_6.wsq', '39.6.4', '39.6', 352, 544, 500);

INSERT INTO Features
Values('39.6.4', '39.6.4.1', 72);

INSERT INTO Minutiaes
Values('39.6.4.1.1', '39.6.4.1', '/var/www/server/Datasets/MOLF/MindtctOutput/DB1_Lumidgm/39_4_6.xyt');

INSERT INTO Fingers
Values(NULL, 7, '39.7', '39');

INSERT INTO Images
Values('/var/www/server/Datasets/MOLF/OriginalDataset/DB1_Lumidgm/39_1_7.wsq', '39.7.1', '39.7', 352, 544, 500);

INSERT INTO Features
Values('39.7.1', '39.7.1.1', 40);

INSERT INTO Minutiaes
Values('39.7.1.1.1', '39.7.1.1', '/var/www/server/Datasets/MOLF/MindtctOutput/DB1_Lumidgm/39_1_7.xyt');

INSERT INTO Images
Values('/var/www/server/Datasets/MOLF/OriginalDataset/DB1_Lumidgm/39_2_7.wsq', '39.7.2', '39.7', 352, 544, 500);

INSERT INTO Features
Values('39.7.2', '39.7.2.1', 52);

INSERT INTO Minutiaes
Values('39.7.2.1.1', '39.7.2.1', '/var/www/server/Datasets/MOLF/MindtctOutput/DB1_Lumidgm/39_2_7.xyt');

INSERT INTO Images
Values('/var/www/server/Datasets/MOLF/OriginalDataset/DB1_Lumidgm/39_3_7.wsq', '39.7.3', '39.7', 352, 544, 500);

INSERT INTO Features
Values('39.7.3', '39.7.3.1', 37);

INSERT INTO Minutiaes
Values('39.7.3.1.1', '39.7.3.1', '/var/www/server/Datasets/MOLF/MindtctOutput/DB1_Lumidgm/39_3_7.xyt');

INSERT INTO Images
Values('/var/www/server/Datasets/MOLF/OriginalDataset/DB1_Lumidgm/39_4_7.wsq', '39.7.4', '39.7', 352, 544, 500);

INSERT INTO Features
Values('39.7.4', '39.7.4.1', 41);

INSERT INTO Minutiaes
Values('39.7.4.1.1', '39.7.4.1', '/var/www/server/Datasets/MOLF/MindtctOutput/DB1_Lumidgm/39_4_7.xyt');

INSERT INTO Fingers
Values(NULL, 8, '39.8', '39');

INSERT INTO Images
Values('/var/www/server/Datasets/MOLF/OriginalDataset/DB1_Lumidgm/39_1_8.wsq', '39.8.1', '39.8', 352, 544, 500);

INSERT INTO Features
Values('39.8.1', '39.8.1.1', 47);

INSERT INTO Minutiaes
Values('39.8.1.1.1', '39.8.1.1', '/var/www/server/Datasets/MOLF/MindtctOutput/DB1_Lumidgm/39_1_8.xyt');

INSERT INTO Images
Values('/var/www/server/Datasets/MOLF/OriginalDataset/DB1_Lumidgm/39_2_8.wsq', '39.8.2', '39.8', 352, 544, 500);

INSERT INTO Features
Values('39.8.2', '39.8.2.1', 53);

INSERT INTO Minutiaes
Values('39.8.2.1.1', '39.8.2.1', '/var/www/server/Datasets/MOLF/MindtctOutput/DB1_Lumidgm/39_2_8.xyt');

INSERT INTO Images
Values('/var/www/server/Datasets/MOLF/OriginalDataset/DB1_Lumidgm/39_3_8.wsq', '39.8.3', '39.8', 352, 544, 500);

INSERT INTO Features
Values('39.8.3', '39.8.3.1', 63);

INSERT INTO Minutiaes
Values('39.8.3.1.1', '39.8.3.1', '/var/www/server/Datasets/MOLF/MindtctOutput/DB1_Lumidgm/39_3_8.xyt');

INSERT INTO Images
Values('/var/www/server/Datasets/MOLF/OriginalDataset/DB1_Lumidgm/39_4_8.wsq', '39.8.4', '39.8', 352, 544, 500);

INSERT INTO Features
Values('39.8.4', '39.8.4.1', 53);

INSERT INTO Minutiaes
Values('39.8.4.1.1', '39.8.4.1', '/var/www/server/Datasets/MOLF/MindtctOutput/DB1_Lumidgm/39_4_8.xyt');

INSERT INTO Fingers
Values(NULL, 9, '39.9', '39');

INSERT INTO Images
Values('/var/www/server/Datasets/MOLF/OriginalDataset/DB1_Lumidgm/39_1_9.wsq', '39.9.1', '39.9', 352, 544, 500);

INSERT INTO Features
Values('39.9.1', '39.9.1.1', 52);

INSERT INTO Minutiaes
Values('39.9.1.1.1', '39.9.1.1', '/var/www/server/Datasets/MOLF/MindtctOutput/DB1_Lumidgm/39_1_9.xyt');

INSERT INTO Images
Values('/var/www/server/Datasets/MOLF/OriginalDataset/DB1_Lumidgm/39_2_9.wsq', '39.9.2', '39.9', 352, 544, 500);

INSERT INTO Features
Values('39.9.2', '39.9.2.1', 59);

INSERT INTO Minutiaes
Values('39.9.2.1.1', '39.9.2.1', '/var/www/server/Datasets/MOLF/MindtctOutput/DB1_Lumidgm/39_2_9.xyt');

INSERT INTO Images
Values('/var/www/server/Datasets/MOLF/OriginalDataset/DB1_Lumidgm/39_3_9.wsq', '39.9.3', '39.9', 352, 544, 500);

INSERT INTO Features
Values('39.9.3', '39.9.3.1', 67);

INSERT INTO Minutiaes
Values('39.9.3.1.1', '39.9.3.1', '/var/www/server/Datasets/MOLF/MindtctOutput/DB1_Lumidgm/39_3_9.xyt');

INSERT INTO Images
Values('/var/www/server/Datasets/MOLF/OriginalDataset/DB1_Lumidgm/39_4_9.wsq', '39.9.4', '39.9', 352, 544, 500);

INSERT INTO Features
Values('39.9.4', '39.9.4.1', 57);

INSERT INTO Minutiaes
Values('39.9.4.1.1', '39.9.4.1', '/var/www/server/Datasets/MOLF/MindtctOutput/DB1_Lumidgm/39_4_9.xyt');

INSERT INTO Fingers
Values(NULL, 10, '39.10', '39');

INSERT INTO Images
Values('/var/www/server/Datasets/MOLF/OriginalDataset/DB1_Lumidgm/39_1_10.wsq', '39.10.1', '39.10', 352, 544, 500);

INSERT INTO Features
Values('39.10.1', '39.10.1.1', 32);

INSERT INTO Minutiaes
Values('39.10.1.1.1', '39.10.1.1', '/var/www/server/Datasets/MOLF/MindtctOutput/DB1_Lumidgm/39_1_10.xyt');

INSERT INTO Images
Values('/var/www/server/Datasets/MOLF/OriginalDataset/DB1_Lumidgm/39_2_10.wsq', '39.10.2', '39.10', 352, 544, 500);

INSERT INTO Features
Values('39.10.2', '39.10.2.1', 48);

INSERT INTO Minutiaes
Values('39.10.2.1.1', '39.10.2.1', '/var/www/server/Datasets/MOLF/MindtctOutput/DB1_Lumidgm/39_2_10.xyt');

INSERT INTO Images
Values('/var/www/server/Datasets/MOLF/OriginalDataset/DB1_Lumidgm/39_3_10.wsq', '39.10.3', '39.10', 352, 544, 500);

INSERT INTO Features
Values('39.10.3', '39.10.3.1', 45);

INSERT INTO Minutiaes
Values('39.10.3.1.1', '39.10.3.1', '/var/www/server/Datasets/MOLF/MindtctOutput/DB1_Lumidgm/39_3_10.xyt');

INSERT INTO Images
Values('/var/www/server/Datasets/MOLF/OriginalDataset/DB1_Lumidgm/39_4_10.wsq', '39.10.4', '39.10', 352, 544, 500);

INSERT INTO Features
Values('39.10.4', '39.10.4.1', 39);

INSERT INTO Minutiaes
Values('39.10.4.1.1', '39.10.4.1', '/var/www/server/Datasets/MOLF/MindtctOutput/DB1_Lumidgm/39_4_10.xyt');

#------------------------SUBJECT 40------------------------
INSERT INTO Subjects
Values('40');

INSERT INTO Fingers
Values(NULL, 1, '40.1', '40');

INSERT INTO Images
Values('/var/www/server/Datasets/MOLF/OriginalDataset/DB1_Lumidgm/40_1_1.wsq', '40.1.1', '40.1', 352, 544, 500);

INSERT INTO Features
Values('40.1.1', '40.1.1.1', 77);

INSERT INTO Minutiaes
Values('40.1.1.1.1', '40.1.1.1', '/var/www/server/Datasets/MOLF/MindtctOutput/DB1_Lumidgm/40_1_1.xyt');

INSERT INTO Images
Values('/var/www/server/Datasets/MOLF/OriginalDataset/DB1_Lumidgm/40_2_1.wsq', '40.1.2', '40.1', 352, 544, 500);

INSERT INTO Features
Values('40.1.2', '40.1.2.1', 63);

INSERT INTO Minutiaes
Values('40.1.2.1.1', '40.1.2.1', '/var/www/server/Datasets/MOLF/MindtctOutput/DB1_Lumidgm/40_2_1.xyt');

INSERT INTO Images
Values('/var/www/server/Datasets/MOLF/OriginalDataset/DB1_Lumidgm/40_3_1.wsq', '40.1.3', '40.1', 352, 544, 500);

INSERT INTO Features
Values('40.1.3', '40.1.3.1', 76);

INSERT INTO Minutiaes
Values('40.1.3.1.1', '40.1.3.1', '/var/www/server/Datasets/MOLF/MindtctOutput/DB1_Lumidgm/40_3_1.xyt');

INSERT INTO Images
Values('/var/www/server/Datasets/MOLF/OriginalDataset/DB1_Lumidgm/40_4_1.wsq', '40.1.4', '40.1', 352, 544, 500);

INSERT INTO Features
Values('40.1.4', '40.1.4.1', 56);

INSERT INTO Minutiaes
Values('40.1.4.1.1', '40.1.4.1', '/var/www/server/Datasets/MOLF/MindtctOutput/DB1_Lumidgm/40_4_1.xyt');

INSERT INTO Fingers
Values(NULL, 2, '40.2', '40');

INSERT INTO Images
Values('/var/www/server/Datasets/MOLF/OriginalDataset/DB1_Lumidgm/40_1_2.wsq', '40.2.1', '40.2', 352, 544, 500);

INSERT INTO Features
Values('40.2.1', '40.2.1.1', 77);

INSERT INTO Minutiaes
Values('40.2.1.1.1', '40.2.1.1', '/var/www/server/Datasets/MOLF/MindtctOutput/DB1_Lumidgm/40_1_2.xyt');

INSERT INTO Images
Values('/var/www/server/Datasets/MOLF/OriginalDataset/DB1_Lumidgm/40_2_2.wsq', '40.2.2', '40.2', 352, 544, 500);

INSERT INTO Features
Values('40.2.2', '40.2.2.1', 73);

INSERT INTO Minutiaes
Values('40.2.2.1.1', '40.2.2.1', '/var/www/server/Datasets/MOLF/MindtctOutput/DB1_Lumidgm/40_2_2.xyt');

INSERT INTO Images
Values('/var/www/server/Datasets/MOLF/OriginalDataset/DB1_Lumidgm/40_3_2.wsq', '40.2.3', '40.2', 352, 544, 500);

INSERT INTO Features
Values('40.2.3', '40.2.3.1', 50);

INSERT INTO Minutiaes
Values('40.2.3.1.1', '40.2.3.1', '/var/www/server/Datasets/MOLF/MindtctOutput/DB1_Lumidgm/40_3_2.xyt');

INSERT INTO Images
Values('/var/www/server/Datasets/MOLF/OriginalDataset/DB1_Lumidgm/40_4_2.wsq', '40.2.4', '40.2', 352, 544, 500);

INSERT INTO Features
Values('40.2.4', '40.2.4.1', 62);

INSERT INTO Minutiaes
Values('40.2.4.1.1', '40.2.4.1', '/var/www/server/Datasets/MOLF/MindtctOutput/DB1_Lumidgm/40_4_2.xyt');

INSERT INTO Fingers
Values(NULL, 3, '40.3', '40');

INSERT INTO Images
Values('/var/www/server/Datasets/MOLF/OriginalDataset/DB1_Lumidgm/40_1_3.wsq', '40.3.1', '40.3', 352, 544, 500);

INSERT INTO Features
Values('40.3.1', '40.3.1.1', 58);

INSERT INTO Minutiaes
Values('40.3.1.1.1', '40.3.1.1', '/var/www/server/Datasets/MOLF/MindtctOutput/DB1_Lumidgm/40_1_3.xyt');

INSERT INTO Images
Values('/var/www/server/Datasets/MOLF/OriginalDataset/DB1_Lumidgm/40_2_3.wsq', '40.3.2', '40.3', 352, 544, 500);

INSERT INTO Features
Values('40.3.2', '40.3.2.1', 62);

INSERT INTO Minutiaes
Values('40.3.2.1.1', '40.3.2.1', '/var/www/server/Datasets/MOLF/MindtctOutput/DB1_Lumidgm/40_2_3.xyt');

INSERT INTO Images
Values('/var/www/server/Datasets/MOLF/OriginalDataset/DB1_Lumidgm/40_3_3.wsq', '40.3.3', '40.3', 352, 544, 500);

INSERT INTO Features
Values('40.3.3', '40.3.3.1', 67);

INSERT INTO Minutiaes
Values('40.3.3.1.1', '40.3.3.1', '/var/www/server/Datasets/MOLF/MindtctOutput/DB1_Lumidgm/40_3_3.xyt');

INSERT INTO Images
Values('/var/www/server/Datasets/MOLF/OriginalDataset/DB1_Lumidgm/40_4_3.wsq', '40.3.4', '40.3', 352, 544, 500);

INSERT INTO Features
Values('40.3.4', '40.3.4.1', 68);

INSERT INTO Minutiaes
Values('40.3.4.1.1', '40.3.4.1', '/var/www/server/Datasets/MOLF/MindtctOutput/DB1_Lumidgm/40_4_3.xyt');

INSERT INTO Fingers
Values(NULL, 4, '40.4', '40');

INSERT INTO Images
Values('/var/www/server/Datasets/MOLF/OriginalDataset/DB1_Lumidgm/40_1_4.wsq', '40.4.1', '40.4', 352, 544, 500);

INSERT INTO Features
Values('40.4.1', '40.4.1.1', 68);

INSERT INTO Minutiaes
Values('40.4.1.1.1', '40.4.1.1', '/var/www/server/Datasets/MOLF/MindtctOutput/DB1_Lumidgm/40_1_4.xyt');

INSERT INTO Images
Values('/var/www/server/Datasets/MOLF/OriginalDataset/DB1_Lumidgm/40_2_4.wsq', '40.4.2', '40.4', 352, 544, 500);

INSERT INTO Features
Values('40.4.2', '40.4.2.1', 56);

INSERT INTO Minutiaes
Values('40.4.2.1.1', '40.4.2.1', '/var/www/server/Datasets/MOLF/MindtctOutput/DB1_Lumidgm/40_2_4.xyt');

INSERT INTO Images
Values('/var/www/server/Datasets/MOLF/OriginalDataset/DB1_Lumidgm/40_3_4.wsq', '40.4.3', '40.4', 352, 544, 500);

INSERT INTO Features
Values('40.4.3', '40.4.3.1', 81);

INSERT INTO Minutiaes
Values('40.4.3.1.1', '40.4.3.1', '/var/www/server/Datasets/MOLF/MindtctOutput/DB1_Lumidgm/40_3_4.xyt');

INSERT INTO Images
Values('/var/www/server/Datasets/MOLF/OriginalDataset/DB1_Lumidgm/40_4_4.wsq', '40.4.4', '40.4', 352, 544, 500);

INSERT INTO Features
Values('40.4.4', '40.4.4.1', 59);

INSERT INTO Minutiaes
Values('40.4.4.1.1', '40.4.4.1', '/var/www/server/Datasets/MOLF/MindtctOutput/DB1_Lumidgm/40_4_4.xyt');

INSERT INTO Fingers
Values(NULL, 5, '40.5', '40');

INSERT INTO Images
Values('/var/www/server/Datasets/MOLF/OriginalDataset/DB1_Lumidgm/40_1_5.wsq', '40.5.1', '40.5', 352, 544, 500);

INSERT INTO Features
Values('40.5.1', '40.5.1.1', 61);

INSERT INTO Minutiaes
Values('40.5.1.1.1', '40.5.1.1', '/var/www/server/Datasets/MOLF/MindtctOutput/DB1_Lumidgm/40_1_5.xyt');

INSERT INTO Images
Values('/var/www/server/Datasets/MOLF/OriginalDataset/DB1_Lumidgm/40_2_5.wsq', '40.5.2', '40.5', 352, 544, 500);

INSERT INTO Features
Values('40.5.2', '40.5.2.1', 59);

INSERT INTO Minutiaes
Values('40.5.2.1.1', '40.5.2.1', '/var/www/server/Datasets/MOLF/MindtctOutput/DB1_Lumidgm/40_2_5.xyt');

INSERT INTO Images
Values('/var/www/server/Datasets/MOLF/OriginalDataset/DB1_Lumidgm/40_3_5.wsq', '40.5.3', '40.5', 352, 544, 500);

INSERT INTO Features
Values('40.5.3', '40.5.3.1', 60);

INSERT INTO Minutiaes
Values('40.5.3.1.1', '40.5.3.1', '/var/www/server/Datasets/MOLF/MindtctOutput/DB1_Lumidgm/40_3_5.xyt');

INSERT INTO Images
Values('/var/www/server/Datasets/MOLF/OriginalDataset/DB1_Lumidgm/40_4_5.wsq', '40.5.4', '40.5', 352, 544, 500);

INSERT INTO Features
Values('40.5.4', '40.5.4.1', 60);

INSERT INTO Minutiaes
Values('40.5.4.1.1', '40.5.4.1', '/var/www/server/Datasets/MOLF/MindtctOutput/DB1_Lumidgm/40_4_5.xyt');

INSERT INTO Fingers
Values(NULL, 6, '40.6', '40');

INSERT INTO Images
Values('/var/www/server/Datasets/MOLF/OriginalDataset/DB1_Lumidgm/40_1_6.wsq', '40.6.1', '40.6', 352, 544, 500);

INSERT INTO Features
Values('40.6.1', '40.6.1.1', 76);

INSERT INTO Minutiaes
Values('40.6.1.1.1', '40.6.1.1', '/var/www/server/Datasets/MOLF/MindtctOutput/DB1_Lumidgm/40_1_6.xyt');

INSERT INTO Images
Values('/var/www/server/Datasets/MOLF/OriginalDataset/DB1_Lumidgm/40_2_6.wsq', '40.6.2', '40.6', 352, 544, 500);

INSERT INTO Features
Values('40.6.2', '40.6.2.1', 59);

INSERT INTO Minutiaes
Values('40.6.2.1.1', '40.6.2.1', '/var/www/server/Datasets/MOLF/MindtctOutput/DB1_Lumidgm/40_2_6.xyt');

INSERT INTO Images
Values('/var/www/server/Datasets/MOLF/OriginalDataset/DB1_Lumidgm/40_3_6.wsq', '40.6.3', '40.6', 352, 544, 500);

INSERT INTO Features
Values('40.6.3', '40.6.3.1', 62);

INSERT INTO Minutiaes
Values('40.6.3.1.1', '40.6.3.1', '/var/www/server/Datasets/MOLF/MindtctOutput/DB1_Lumidgm/40_3_6.xyt');

INSERT INTO Images
Values('/var/www/server/Datasets/MOLF/OriginalDataset/DB1_Lumidgm/40_4_6.wsq', '40.6.4', '40.6', 352, 544, 500);

INSERT INTO Features
Values('40.6.4', '40.6.4.1', 58);

INSERT INTO Minutiaes
Values('40.6.4.1.1', '40.6.4.1', '/var/www/server/Datasets/MOLF/MindtctOutput/DB1_Lumidgm/40_4_6.xyt');

INSERT INTO Fingers
Values(NULL, 7, '40.7', '40');

INSERT INTO Images
Values('/var/www/server/Datasets/MOLF/OriginalDataset/DB1_Lumidgm/40_1_7.wsq', '40.7.1', '40.7', 352, 544, 500);

INSERT INTO Features
Values('40.7.1', '40.7.1.1', 61);

INSERT INTO Minutiaes
Values('40.7.1.1.1', '40.7.1.1', '/var/www/server/Datasets/MOLF/MindtctOutput/DB1_Lumidgm/40_1_7.xyt');

INSERT INTO Images
Values('/var/www/server/Datasets/MOLF/OriginalDataset/DB1_Lumidgm/40_2_7.wsq', '40.7.2', '40.7', 352, 544, 500);

INSERT INTO Features
Values('40.7.2', '40.7.2.1', 66);

INSERT INTO Minutiaes
Values('40.7.2.1.1', '40.7.2.1', '/var/www/server/Datasets/MOLF/MindtctOutput/DB1_Lumidgm/40_2_7.xyt');

INSERT INTO Images
Values('/var/www/server/Datasets/MOLF/OriginalDataset/DB1_Lumidgm/40_3_7.wsq', '40.7.3', '40.7', 352, 544, 500);

INSERT INTO Features
Values('40.7.3', '40.7.3.1', 60);

INSERT INTO Minutiaes
Values('40.7.3.1.1', '40.7.3.1', '/var/www/server/Datasets/MOLF/MindtctOutput/DB1_Lumidgm/40_3_7.xyt');

INSERT INTO Images
Values('/var/www/server/Datasets/MOLF/OriginalDataset/DB1_Lumidgm/40_4_7.wsq', '40.7.4', '40.7', 352, 544, 500);

INSERT INTO Features
Values('40.7.4', '40.7.4.1', 62);

INSERT INTO Minutiaes
Values('40.7.4.1.1', '40.7.4.1', '/var/www/server/Datasets/MOLF/MindtctOutput/DB1_Lumidgm/40_4_7.xyt');

INSERT INTO Fingers
Values(NULL, 8, '40.8', '40');

INSERT INTO Images
Values('/var/www/server/Datasets/MOLF/OriginalDataset/DB1_Lumidgm/40_1_8.wsq', '40.8.1', '40.8', 352, 544, 500);

INSERT INTO Features
Values('40.8.1', '40.8.1.1', 77);

INSERT INTO Minutiaes
Values('40.8.1.1.1', '40.8.1.1', '/var/www/server/Datasets/MOLF/MindtctOutput/DB1_Lumidgm/40_1_8.xyt');

INSERT INTO Images
Values('/var/www/server/Datasets/MOLF/OriginalDataset/DB1_Lumidgm/40_2_8.wsq', '40.8.2', '40.8', 352, 544, 500);

INSERT INTO Features
Values('40.8.2', '40.8.2.1', 82);

INSERT INTO Minutiaes
Values('40.8.2.1.1', '40.8.2.1', '/var/www/server/Datasets/MOLF/MindtctOutput/DB1_Lumidgm/40_2_8.xyt');

INSERT INTO Images
Values('/var/www/server/Datasets/MOLF/OriginalDataset/DB1_Lumidgm/40_3_8.wsq', '40.8.3', '40.8', 352, 544, 500);

INSERT INTO Features
Values('40.8.3', '40.8.3.1', 62);

INSERT INTO Minutiaes
Values('40.8.3.1.1', '40.8.3.1', '/var/www/server/Datasets/MOLF/MindtctOutput/DB1_Lumidgm/40_3_8.xyt');

INSERT INTO Images
Values('/var/www/server/Datasets/MOLF/OriginalDataset/DB1_Lumidgm/40_4_8.wsq', '40.8.4', '40.8', 352, 544, 500);

INSERT INTO Features
Values('40.8.4', '40.8.4.1', 80);

INSERT INTO Minutiaes
Values('40.8.4.1.1', '40.8.4.1', '/var/www/server/Datasets/MOLF/MindtctOutput/DB1_Lumidgm/40_4_8.xyt');

INSERT INTO Fingers
Values(NULL, 9, '40.9', '40');

INSERT INTO Images
Values('/var/www/server/Datasets/MOLF/OriginalDataset/DB1_Lumidgm/40_1_9.wsq', '40.9.1', '40.9', 352, 544, 500);

INSERT INTO Features
Values('40.9.1', '40.9.1.1', 54);

INSERT INTO Minutiaes
Values('40.9.1.1.1', '40.9.1.1', '/var/www/server/Datasets/MOLF/MindtctOutput/DB1_Lumidgm/40_1_9.xyt');

INSERT INTO Images
Values('/var/www/server/Datasets/MOLF/OriginalDataset/DB1_Lumidgm/40_2_9.wsq', '40.9.2', '40.9', 352, 544, 500);

INSERT INTO Features
Values('40.9.2', '40.9.2.1', 59);

INSERT INTO Minutiaes
Values('40.9.2.1.1', '40.9.2.1', '/var/www/server/Datasets/MOLF/MindtctOutput/DB1_Lumidgm/40_2_9.xyt');

INSERT INTO Images
Values('/var/www/server/Datasets/MOLF/OriginalDataset/DB1_Lumidgm/40_3_9.wsq', '40.9.3', '40.9', 352, 544, 500);

INSERT INTO Features
Values('40.9.3', '40.9.3.1', 69);

INSERT INTO Minutiaes
Values('40.9.3.1.1', '40.9.3.1', '/var/www/server/Datasets/MOLF/MindtctOutput/DB1_Lumidgm/40_3_9.xyt');

INSERT INTO Images
Values('/var/www/server/Datasets/MOLF/OriginalDataset/DB1_Lumidgm/40_4_9.wsq', '40.9.4', '40.9', 352, 544, 500);

INSERT INTO Features
Values('40.9.4', '40.9.4.1', 91);

INSERT INTO Minutiaes
Values('40.9.4.1.1', '40.9.4.1', '/var/www/server/Datasets/MOLF/MindtctOutput/DB1_Lumidgm/40_4_9.xyt');

INSERT INTO Fingers
Values(NULL, 10, '40.10', '40');

INSERT INTO Images
Values('/var/www/server/Datasets/MOLF/OriginalDataset/DB1_Lumidgm/40_1_10.wsq', '40.10.1', '40.10', 352, 544, 500);

INSERT INTO Features
Values('40.10.1', '40.10.1.1', 69);

INSERT INTO Minutiaes
Values('40.10.1.1.1', '40.10.1.1', '/var/www/server/Datasets/MOLF/MindtctOutput/DB1_Lumidgm/40_1_10.xyt');

INSERT INTO Images
Values('/var/www/server/Datasets/MOLF/OriginalDataset/DB1_Lumidgm/40_2_10.wsq', '40.10.2', '40.10', 352, 544, 500);

INSERT INTO Features
Values('40.10.2', '40.10.2.1', 61);

INSERT INTO Minutiaes
Values('40.10.2.1.1', '40.10.2.1', '/var/www/server/Datasets/MOLF/MindtctOutput/DB1_Lumidgm/40_2_10.xyt');

INSERT INTO Images
Values('/var/www/server/Datasets/MOLF/OriginalDataset/DB1_Lumidgm/40_3_10.wsq', '40.10.3', '40.10', 352, 544, 500);

INSERT INTO Features
Values('40.10.3', '40.10.3.1', 55);

INSERT INTO Minutiaes
Values('40.10.3.1.1', '40.10.3.1', '/var/www/server/Datasets/MOLF/MindtctOutput/DB1_Lumidgm/40_3_10.xyt');

INSERT INTO Images
Values('/var/www/server/Datasets/MOLF/OriginalDataset/DB1_Lumidgm/40_4_10.wsq', '40.10.4', '40.10', 352, 544, 500);

INSERT INTO Features
Values('40.10.4', '40.10.4.1', 65);

INSERT INTO Minutiaes
Values('40.10.4.1.1', '40.10.4.1', '/var/www/server/Datasets/MOLF/MindtctOutput/DB1_Lumidgm/40_4_10.xyt');

#------------------------SUBJECT 41------------------------
INSERT INTO Subjects
Values('41');

INSERT INTO Fingers
Values(NULL, 1, '41.1', '41');

INSERT INTO Images
Values('/var/www/server/Datasets/MOLF/OriginalDataset/DB1_Lumidgm/41_1_1.wsq', '41.1.1', '41.1', 352, 544, 500);

INSERT INTO Features
Values('41.1.1', '41.1.1.1', 60);

INSERT INTO Minutiaes
Values('41.1.1.1.1', '41.1.1.1', '/var/www/server/Datasets/MOLF/MindtctOutput/DB1_Lumidgm/41_1_1.xyt');

INSERT INTO Images
Values('/var/www/server/Datasets/MOLF/OriginalDataset/DB1_Lumidgm/41_2_1.wsq', '41.1.2', '41.1', 352, 544, 500);

INSERT INTO Features
Values('41.1.2', '41.1.2.1', 58);

INSERT INTO Minutiaes
Values('41.1.2.1.1', '41.1.2.1', '/var/www/server/Datasets/MOLF/MindtctOutput/DB1_Lumidgm/41_2_1.xyt');

INSERT INTO Images
Values('/var/www/server/Datasets/MOLF/OriginalDataset/DB1_Lumidgm/41_3_1.wsq', '41.1.3', '41.1', 352, 544, 500);

INSERT INTO Features
Values('41.1.3', '41.1.3.1', 49);

INSERT INTO Minutiaes
Values('41.1.3.1.1', '41.1.3.1', '/var/www/server/Datasets/MOLF/MindtctOutput/DB1_Lumidgm/41_3_1.xyt');

INSERT INTO Images
Values('/var/www/server/Datasets/MOLF/OriginalDataset/DB1_Lumidgm/41_4_1.wsq', '41.1.4', '41.1', 352, 544, 500);

INSERT INTO Features
Values('41.1.4', '41.1.4.1', 63);

INSERT INTO Minutiaes
Values('41.1.4.1.1', '41.1.4.1', '/var/www/server/Datasets/MOLF/MindtctOutput/DB1_Lumidgm/41_4_1.xyt');

INSERT INTO Fingers
Values(NULL, 2, '41.2', '41');

INSERT INTO Images
Values('/var/www/server/Datasets/MOLF/OriginalDataset/DB1_Lumidgm/41_1_2.wsq', '41.2.1', '41.2', 352, 544, 500);

INSERT INTO Features
Values('41.2.1', '41.2.1.1', 55);

INSERT INTO Minutiaes
Values('41.2.1.1.1', '41.2.1.1', '/var/www/server/Datasets/MOLF/MindtctOutput/DB1_Lumidgm/41_1_2.xyt');

INSERT INTO Images
Values('/var/www/server/Datasets/MOLF/OriginalDataset/DB1_Lumidgm/41_2_2.wsq', '41.2.2', '41.2', 352, 544, 500);

INSERT INTO Features
Values('41.2.2', '41.2.2.1', 60);

INSERT INTO Minutiaes
Values('41.2.2.1.1', '41.2.2.1', '/var/www/server/Datasets/MOLF/MindtctOutput/DB1_Lumidgm/41_2_2.xyt');

INSERT INTO Images
Values('/var/www/server/Datasets/MOLF/OriginalDataset/DB1_Lumidgm/41_3_2.wsq', '41.2.3', '41.2', 352, 544, 500);

INSERT INTO Features
Values('41.2.3', '41.2.3.1', 68);

INSERT INTO Minutiaes
Values('41.2.3.1.1', '41.2.3.1', '/var/www/server/Datasets/MOLF/MindtctOutput/DB1_Lumidgm/41_3_2.xyt');

INSERT INTO Images
Values('/var/www/server/Datasets/MOLF/OriginalDataset/DB1_Lumidgm/41_4_2.wsq', '41.2.4', '41.2', 352, 544, 500);

INSERT INTO Features
Values('41.2.4', '41.2.4.1', 68);

INSERT INTO Minutiaes
Values('41.2.4.1.1', '41.2.4.1', '/var/www/server/Datasets/MOLF/MindtctOutput/DB1_Lumidgm/41_4_2.xyt');

INSERT INTO Fingers
Values(NULL, 3, '41.3', '41');

INSERT INTO Images
Values('/var/www/server/Datasets/MOLF/OriginalDataset/DB1_Lumidgm/41_1_3.wsq', '41.3.1', '41.3', 352, 544, 500);

INSERT INTO Features
Values('41.3.1', '41.3.1.1', 66);

INSERT INTO Minutiaes
Values('41.3.1.1.1', '41.3.1.1', '/var/www/server/Datasets/MOLF/MindtctOutput/DB1_Lumidgm/41_1_3.xyt');

INSERT INTO Images
Values('/var/www/server/Datasets/MOLF/OriginalDataset/DB1_Lumidgm/41_2_3.wsq', '41.3.2', '41.3', 352, 544, 500);

INSERT INTO Features
Values('41.3.2', '41.3.2.1', 79);

INSERT INTO Minutiaes
Values('41.3.2.1.1', '41.3.2.1', '/var/www/server/Datasets/MOLF/MindtctOutput/DB1_Lumidgm/41_2_3.xyt');

INSERT INTO Images
Values('/var/www/server/Datasets/MOLF/OriginalDataset/DB1_Lumidgm/41_3_3.wsq', '41.3.3', '41.3', 352, 544, 500);

INSERT INTO Features
Values('41.3.3', '41.3.3.1', 69);

INSERT INTO Minutiaes
Values('41.3.3.1.1', '41.3.3.1', '/var/www/server/Datasets/MOLF/MindtctOutput/DB1_Lumidgm/41_3_3.xyt');

INSERT INTO Images
Values('/var/www/server/Datasets/MOLF/OriginalDataset/DB1_Lumidgm/41_4_3.wsq', '41.3.4', '41.3', 352, 544, 500);

INSERT INTO Features
Values('41.3.4', '41.3.4.1', 68);

INSERT INTO Minutiaes
Values('41.3.4.1.1', '41.3.4.1', '/var/www/server/Datasets/MOLF/MindtctOutput/DB1_Lumidgm/41_4_3.xyt');

INSERT INTO Fingers
Values(NULL, 4, '41.4', '41');

INSERT INTO Images
Values('/var/www/server/Datasets/MOLF/OriginalDataset/DB1_Lumidgm/41_1_4.wsq', '41.4.1', '41.4', 352, 544, 500);

INSERT INTO Features
Values('41.4.1', '41.4.1.1', 89);

INSERT INTO Minutiaes
Values('41.4.1.1.1', '41.4.1.1', '/var/www/server/Datasets/MOLF/MindtctOutput/DB1_Lumidgm/41_1_4.xyt');

INSERT INTO Images
Values('/var/www/server/Datasets/MOLF/OriginalDataset/DB1_Lumidgm/41_2_4.wsq', '41.4.2', '41.4', 352, 544, 500);

INSERT INTO Features
Values('41.4.2', '41.4.2.1', 83);

INSERT INTO Minutiaes
Values('41.4.2.1.1', '41.4.2.1', '/var/www/server/Datasets/MOLF/MindtctOutput/DB1_Lumidgm/41_2_4.xyt');

INSERT INTO Images
Values('/var/www/server/Datasets/MOLF/OriginalDataset/DB1_Lumidgm/41_3_4.wsq', '41.4.3', '41.4', 352, 544, 500);

INSERT INTO Features
Values('41.4.3', '41.4.3.1', 77);

INSERT INTO Minutiaes
Values('41.4.3.1.1', '41.4.3.1', '/var/www/server/Datasets/MOLF/MindtctOutput/DB1_Lumidgm/41_3_4.xyt');

INSERT INTO Images
Values('/var/www/server/Datasets/MOLF/OriginalDataset/DB1_Lumidgm/41_4_4.wsq', '41.4.4', '41.4', 352, 544, 500);

INSERT INTO Features
Values('41.4.4', '41.4.4.1', 74);

INSERT INTO Minutiaes
Values('41.4.4.1.1', '41.4.4.1', '/var/www/server/Datasets/MOLF/MindtctOutput/DB1_Lumidgm/41_4_4.xyt');

INSERT INTO Fingers
Values(NULL, 5, '41.5', '41');

INSERT INTO Images
Values('/var/www/server/Datasets/MOLF/OriginalDataset/DB1_Lumidgm/41_1_5.wsq', '41.5.1', '41.5', 352, 544, 500);

INSERT INTO Features
Values('41.5.1', '41.5.1.1', 53);

INSERT INTO Minutiaes
Values('41.5.1.1.1', '41.5.1.1', '/var/www/server/Datasets/MOLF/MindtctOutput/DB1_Lumidgm/41_1_5.xyt');

INSERT INTO Images
Values('/var/www/server/Datasets/MOLF/OriginalDataset/DB1_Lumidgm/41_2_5.wsq', '41.5.2', '41.5', 352, 544, 500);

INSERT INTO Features
Values('41.5.2', '41.5.2.1', 57);

INSERT INTO Minutiaes
Values('41.5.2.1.1', '41.5.2.1', '/var/www/server/Datasets/MOLF/MindtctOutput/DB1_Lumidgm/41_2_5.xyt');

INSERT INTO Images
Values('/var/www/server/Datasets/MOLF/OriginalDataset/DB1_Lumidgm/41_3_5.wsq', '41.5.3', '41.5', 352, 544, 500);

INSERT INTO Features
Values('41.5.3', '41.5.3.1', 48);

INSERT INTO Minutiaes
Values('41.5.3.1.1', '41.5.3.1', '/var/www/server/Datasets/MOLF/MindtctOutput/DB1_Lumidgm/41_3_5.xyt');

INSERT INTO Images
Values('/var/www/server/Datasets/MOLF/OriginalDataset/DB1_Lumidgm/41_4_5.wsq', '41.5.4', '41.5', 352, 544, 500);

INSERT INTO Features
Values('41.5.4', '41.5.4.1', 53);

INSERT INTO Minutiaes
Values('41.5.4.1.1', '41.5.4.1', '/var/www/server/Datasets/MOLF/MindtctOutput/DB1_Lumidgm/41_4_5.xyt');

INSERT INTO Fingers
Values(NULL, 6, '41.6', '41');

INSERT INTO Images
Values('/var/www/server/Datasets/MOLF/OriginalDataset/DB1_Lumidgm/41_1_6.wsq', '41.6.1', '41.6', 352, 544, 500);

INSERT INTO Features
Values('41.6.1', '41.6.1.1', 61);

INSERT INTO Minutiaes
Values('41.6.1.1.1', '41.6.1.1', '/var/www/server/Datasets/MOLF/MindtctOutput/DB1_Lumidgm/41_1_6.xyt');

INSERT INTO Images
Values('/var/www/server/Datasets/MOLF/OriginalDataset/DB1_Lumidgm/41_2_6.wsq', '41.6.2', '41.6', 352, 544, 500);

INSERT INTO Features
Values('41.6.2', '41.6.2.1', 69);

INSERT INTO Minutiaes
Values('41.6.2.1.1', '41.6.2.1', '/var/www/server/Datasets/MOLF/MindtctOutput/DB1_Lumidgm/41_2_6.xyt');

INSERT INTO Images
Values('/var/www/server/Datasets/MOLF/OriginalDataset/DB1_Lumidgm/41_3_6.wsq', '41.6.3', '41.6', 352, 544, 500);

INSERT INTO Features
Values('41.6.3', '41.6.3.1', 79);

INSERT INTO Minutiaes
Values('41.6.3.1.1', '41.6.3.1', '/var/www/server/Datasets/MOLF/MindtctOutput/DB1_Lumidgm/41_3_6.xyt');

INSERT INTO Images
Values('/var/www/server/Datasets/MOLF/OriginalDataset/DB1_Lumidgm/41_4_6.wsq', '41.6.4', '41.6', 352, 544, 500);

INSERT INTO Features
Values('41.6.4', '41.6.4.1', 73);

INSERT INTO Minutiaes
Values('41.6.4.1.1', '41.6.4.1', '/var/www/server/Datasets/MOLF/MindtctOutput/DB1_Lumidgm/41_4_6.xyt');

INSERT INTO Fingers
Values(NULL, 7, '41.7', '41');

INSERT INTO Images
Values('/var/www/server/Datasets/MOLF/OriginalDataset/DB1_Lumidgm/41_1_7.wsq', '41.7.1', '41.7', 352, 544, 500);

INSERT INTO Features
Values('41.7.1', '41.7.1.1', 70);

INSERT INTO Minutiaes
Values('41.7.1.1.1', '41.7.1.1', '/var/www/server/Datasets/MOLF/MindtctOutput/DB1_Lumidgm/41_1_7.xyt');

INSERT INTO Images
Values('/var/www/server/Datasets/MOLF/OriginalDataset/DB1_Lumidgm/41_2_7.wsq', '41.7.2', '41.7', 352, 544, 500);

INSERT INTO Features
Values('41.7.2', '41.7.2.1', 67);

INSERT INTO Minutiaes
Values('41.7.2.1.1', '41.7.2.1', '/var/www/server/Datasets/MOLF/MindtctOutput/DB1_Lumidgm/41_2_7.xyt');

INSERT INTO Images
Values('/var/www/server/Datasets/MOLF/OriginalDataset/DB1_Lumidgm/41_3_7.wsq', '41.7.3', '41.7', 352, 544, 500);

INSERT INTO Features
Values('41.7.3', '41.7.3.1', 72);

INSERT INTO Minutiaes
Values('41.7.3.1.1', '41.7.3.1', '/var/www/server/Datasets/MOLF/MindtctOutput/DB1_Lumidgm/41_3_7.xyt');

INSERT INTO Images
Values('/var/www/server/Datasets/MOLF/OriginalDataset/DB1_Lumidgm/41_4_7.wsq', '41.7.4', '41.7', 352, 544, 500);

INSERT INTO Features
Values('41.7.4', '41.7.4.1', 69);

INSERT INTO Minutiaes
Values('41.7.4.1.1', '41.7.4.1', '/var/www/server/Datasets/MOLF/MindtctOutput/DB1_Lumidgm/41_4_7.xyt');

INSERT INTO Fingers
Values(NULL, 8, '41.8', '41');

INSERT INTO Images
Values('/var/www/server/Datasets/MOLF/OriginalDataset/DB1_Lumidgm/41_1_8.wsq', '41.8.1', '41.8', 352, 544, 500);

INSERT INTO Features
Values('41.8.1', '41.8.1.1', 85);

INSERT INTO Minutiaes
Values('41.8.1.1.1', '41.8.1.1', '/var/www/server/Datasets/MOLF/MindtctOutput/DB1_Lumidgm/41_1_8.xyt');

INSERT INTO Images
Values('/var/www/server/Datasets/MOLF/OriginalDataset/DB1_Lumidgm/41_2_8.wsq', '41.8.2', '41.8', 352, 544, 500);

INSERT INTO Features
Values('41.8.2', '41.8.2.1', 85);

INSERT INTO Minutiaes
Values('41.8.2.1.1', '41.8.2.1', '/var/www/server/Datasets/MOLF/MindtctOutput/DB1_Lumidgm/41_2_8.xyt');

INSERT INTO Images
Values('/var/www/server/Datasets/MOLF/OriginalDataset/DB1_Lumidgm/41_3_8.wsq', '41.8.3', '41.8', 352, 544, 500);

INSERT INTO Features
Values('41.8.3', '41.8.3.1', 81);

INSERT INTO Minutiaes
Values('41.8.3.1.1', '41.8.3.1', '/var/www/server/Datasets/MOLF/MindtctOutput/DB1_Lumidgm/41_3_8.xyt');

INSERT INTO Images
Values('/var/www/server/Datasets/MOLF/OriginalDataset/DB1_Lumidgm/41_4_8.wsq', '41.8.4', '41.8', 352, 544, 500);

INSERT INTO Features
Values('41.8.4', '41.8.4.1', 89);

INSERT INTO Minutiaes
Values('41.8.4.1.1', '41.8.4.1', '/var/www/server/Datasets/MOLF/MindtctOutput/DB1_Lumidgm/41_4_8.xyt');

INSERT INTO Fingers
Values(NULL, 9, '41.9', '41');

INSERT INTO Images
Values('/var/www/server/Datasets/MOLF/OriginalDataset/DB1_Lumidgm/41_1_9.wsq', '41.9.1', '41.9', 352, 544, 500);

INSERT INTO Features
Values('41.9.1', '41.9.1.1', 78);

INSERT INTO Minutiaes
Values('41.9.1.1.1', '41.9.1.1', '/var/www/server/Datasets/MOLF/MindtctOutput/DB1_Lumidgm/41_1_9.xyt');

INSERT INTO Images
Values('/var/www/server/Datasets/MOLF/OriginalDataset/DB1_Lumidgm/41_2_9.wsq', '41.9.2', '41.9', 352, 544, 500);

INSERT INTO Features
Values('41.9.2', '41.9.2.1', 72);

INSERT INTO Minutiaes
Values('41.9.2.1.1', '41.9.2.1', '/var/www/server/Datasets/MOLF/MindtctOutput/DB1_Lumidgm/41_2_9.xyt');

INSERT INTO Images
Values('/var/www/server/Datasets/MOLF/OriginalDataset/DB1_Lumidgm/41_3_9.wsq', '41.9.3', '41.9', 352, 544, 500);

INSERT INTO Features
Values('41.9.3', '41.9.3.1', 87);

INSERT INTO Minutiaes
Values('41.9.3.1.1', '41.9.3.1', '/var/www/server/Datasets/MOLF/MindtctOutput/DB1_Lumidgm/41_3_9.xyt');

INSERT INTO Images
Values('/var/www/server/Datasets/MOLF/OriginalDataset/DB1_Lumidgm/41_4_9.wsq', '41.9.4', '41.9', 352, 544, 500);

INSERT INTO Features
Values('41.9.4', '41.9.4.1', 78);

INSERT INTO Minutiaes
Values('41.9.4.1.1', '41.9.4.1', '/var/www/server/Datasets/MOLF/MindtctOutput/DB1_Lumidgm/41_4_9.xyt');

INSERT INTO Fingers
Values(NULL, 10, '41.10', '41');

INSERT INTO Images
Values('/var/www/server/Datasets/MOLF/OriginalDataset/DB1_Lumidgm/41_1_10.wsq', '41.10.1', '41.10', 352, 544, 500);

INSERT INTO Features
Values('41.10.1', '41.10.1.1', 69);

INSERT INTO Minutiaes
Values('41.10.1.1.1', '41.10.1.1', '/var/www/server/Datasets/MOLF/MindtctOutput/DB1_Lumidgm/41_1_10.xyt');

INSERT INTO Images
Values('/var/www/server/Datasets/MOLF/OriginalDataset/DB1_Lumidgm/41_2_10.wsq', '41.10.2', '41.10', 352, 544, 500);

INSERT INTO Features
Values('41.10.2', '41.10.2.1', 75);

INSERT INTO Minutiaes
Values('41.10.2.1.1', '41.10.2.1', '/var/www/server/Datasets/MOLF/MindtctOutput/DB1_Lumidgm/41_2_10.xyt');

INSERT INTO Images
Values('/var/www/server/Datasets/MOLF/OriginalDataset/DB1_Lumidgm/41_3_10.wsq', '41.10.3', '41.10', 352, 544, 500);

INSERT INTO Features
Values('41.10.3', '41.10.3.1', 79);

INSERT INTO Minutiaes
Values('41.10.3.1.1', '41.10.3.1', '/var/www/server/Datasets/MOLF/MindtctOutput/DB1_Lumidgm/41_3_10.xyt');

INSERT INTO Images
Values('/var/www/server/Datasets/MOLF/OriginalDataset/DB1_Lumidgm/41_4_10.wsq', '41.10.4', '41.10', 352, 544, 500);

INSERT INTO Features
Values('41.10.4', '41.10.4.1', 72);

INSERT INTO Minutiaes
Values('41.10.4.1.1', '41.10.4.1', '/var/www/server/Datasets/MOLF/MindtctOutput/DB1_Lumidgm/41_4_10.xyt');

#------------------------SUBJECT 42------------------------
INSERT INTO Subjects
Values('42');

INSERT INTO Fingers
Values(NULL, 1, '42.1', '42');

INSERT INTO Images
Values('/var/www/server/Datasets/MOLF/OriginalDataset/DB1_Lumidgm/42_1_1.wsq', '42.1.1', '42.1', 352, 544, 500);

INSERT INTO Features
Values('42.1.1', '42.1.1.1', 56);

INSERT INTO Minutiaes
Values('42.1.1.1.1', '42.1.1.1', '/var/www/server/Datasets/MOLF/MindtctOutput/DB1_Lumidgm/42_1_1.xyt');

INSERT INTO Images
Values('/var/www/server/Datasets/MOLF/OriginalDataset/DB1_Lumidgm/42_2_1.wsq', '42.1.2', '42.1', 352, 544, 500);

INSERT INTO Features
Values('42.1.2', '42.1.2.1', 70);

INSERT INTO Minutiaes
Values('42.1.2.1.1', '42.1.2.1', '/var/www/server/Datasets/MOLF/MindtctOutput/DB1_Lumidgm/42_2_1.xyt');

INSERT INTO Images
Values('/var/www/server/Datasets/MOLF/OriginalDataset/DB1_Lumidgm/42_3_1.wsq', '42.1.3', '42.1', 352, 544, 500);

INSERT INTO Features
Values('42.1.3', '42.1.3.1', 59);

INSERT INTO Minutiaes
Values('42.1.3.1.1', '42.1.3.1', '/var/www/server/Datasets/MOLF/MindtctOutput/DB1_Lumidgm/42_3_1.xyt');

INSERT INTO Images
Values('/var/www/server/Datasets/MOLF/OriginalDataset/DB1_Lumidgm/42_4_1.wsq', '42.1.4', '42.1', 352, 544, 500);

INSERT INTO Features
Values('42.1.4', '42.1.4.1', 69);

INSERT INTO Minutiaes
Values('42.1.4.1.1', '42.1.4.1', '/var/www/server/Datasets/MOLF/MindtctOutput/DB1_Lumidgm/42_4_1.xyt');

INSERT INTO Fingers
Values(NULL, 2, '42.2', '42');

INSERT INTO Images
Values('/var/www/server/Datasets/MOLF/OriginalDataset/DB1_Lumidgm/42_1_2.wsq', '42.2.1', '42.2', 352, 544, 500);

INSERT INTO Features
Values('42.2.1', '42.2.1.1', 67);

INSERT INTO Minutiaes
Values('42.2.1.1.1', '42.2.1.1', '/var/www/server/Datasets/MOLF/MindtctOutput/DB1_Lumidgm/42_1_2.xyt');

INSERT INTO Images
Values('/var/www/server/Datasets/MOLF/OriginalDataset/DB1_Lumidgm/42_2_2.wsq', '42.2.2', '42.2', 352, 544, 500);

INSERT INTO Features
Values('42.2.2', '42.2.2.1', 71);

INSERT INTO Minutiaes
Values('42.2.2.1.1', '42.2.2.1', '/var/www/server/Datasets/MOLF/MindtctOutput/DB1_Lumidgm/42_2_2.xyt');

INSERT INTO Images
Values('/var/www/server/Datasets/MOLF/OriginalDataset/DB1_Lumidgm/42_3_2.wsq', '42.2.3', '42.2', 352, 544, 500);

INSERT INTO Features
Values('42.2.3', '42.2.3.1', 63);

INSERT INTO Minutiaes
Values('42.2.3.1.1', '42.2.3.1', '/var/www/server/Datasets/MOLF/MindtctOutput/DB1_Lumidgm/42_3_2.xyt');

INSERT INTO Images
Values('/var/www/server/Datasets/MOLF/OriginalDataset/DB1_Lumidgm/42_4_2.wsq', '42.2.4', '42.2', 352, 544, 500);

INSERT INTO Features
Values('42.2.4', '42.2.4.1', 61);

INSERT INTO Minutiaes
Values('42.2.4.1.1', '42.2.4.1', '/var/www/server/Datasets/MOLF/MindtctOutput/DB1_Lumidgm/42_4_2.xyt');

INSERT INTO Fingers
Values(NULL, 3, '42.3', '42');

INSERT INTO Images
Values('/var/www/server/Datasets/MOLF/OriginalDataset/DB1_Lumidgm/42_1_3.wsq', '42.3.1', '42.3', 352, 544, 500);

INSERT INTO Features
Values('42.3.1', '42.3.1.1', 73);

INSERT INTO Minutiaes
Values('42.3.1.1.1', '42.3.1.1', '/var/www/server/Datasets/MOLF/MindtctOutput/DB1_Lumidgm/42_1_3.xyt');

INSERT INTO Images
Values('/var/www/server/Datasets/MOLF/OriginalDataset/DB1_Lumidgm/42_2_3.wsq', '42.3.2', '42.3', 352, 544, 500);

INSERT INTO Features
Values('42.3.2', '42.3.2.1', 54);

INSERT INTO Minutiaes
Values('42.3.2.1.1', '42.3.2.1', '/var/www/server/Datasets/MOLF/MindtctOutput/DB1_Lumidgm/42_2_3.xyt');

INSERT INTO Images
Values('/var/www/server/Datasets/MOLF/OriginalDataset/DB1_Lumidgm/42_3_3.wsq', '42.3.3', '42.3', 352, 544, 500);

INSERT INTO Features
Values('42.3.3', '42.3.3.1', 58);

INSERT INTO Minutiaes
Values('42.3.3.1.1', '42.3.3.1', '/var/www/server/Datasets/MOLF/MindtctOutput/DB1_Lumidgm/42_3_3.xyt');

INSERT INTO Images
Values('/var/www/server/Datasets/MOLF/OriginalDataset/DB1_Lumidgm/42_4_3.wsq', '42.3.4', '42.3', 352, 544, 500);

INSERT INTO Features
Values('42.3.4', '42.3.4.1', 45);

INSERT INTO Minutiaes
Values('42.3.4.1.1', '42.3.4.1', '/var/www/server/Datasets/MOLF/MindtctOutput/DB1_Lumidgm/42_4_3.xyt');

INSERT INTO Fingers
Values(NULL, 4, '42.4', '42');

INSERT INTO Images
Values('/var/www/server/Datasets/MOLF/OriginalDataset/DB1_Lumidgm/42_1_4.wsq', '42.4.1', '42.4', 352, 544, 500);

INSERT INTO Features
Values('42.4.1', '42.4.1.1', 51);

INSERT INTO Minutiaes
Values('42.4.1.1.1', '42.4.1.1', '/var/www/server/Datasets/MOLF/MindtctOutput/DB1_Lumidgm/42_1_4.xyt');

INSERT INTO Images
Values('/var/www/server/Datasets/MOLF/OriginalDataset/DB1_Lumidgm/42_2_4.wsq', '42.4.2', '42.4', 352, 544, 500);

INSERT INTO Features
Values('42.4.2', '42.4.2.1', 51);

INSERT INTO Minutiaes
Values('42.4.2.1.1', '42.4.2.1', '/var/www/server/Datasets/MOLF/MindtctOutput/DB1_Lumidgm/42_2_4.xyt');

INSERT INTO Images
Values('/var/www/server/Datasets/MOLF/OriginalDataset/DB1_Lumidgm/42_3_4.wsq', '42.4.3', '42.4', 352, 544, 500);

INSERT INTO Features
Values('42.4.3', '42.4.3.1', 51);

INSERT INTO Minutiaes
Values('42.4.3.1.1', '42.4.3.1', '/var/www/server/Datasets/MOLF/MindtctOutput/DB1_Lumidgm/42_3_4.xyt');

INSERT INTO Images
Values('/var/www/server/Datasets/MOLF/OriginalDataset/DB1_Lumidgm/42_4_4.wsq', '42.4.4', '42.4', 352, 544, 500);

INSERT INTO Features
Values('42.4.4', '42.4.4.1', 52);

INSERT INTO Minutiaes
Values('42.4.4.1.1', '42.4.4.1', '/var/www/server/Datasets/MOLF/MindtctOutput/DB1_Lumidgm/42_4_4.xyt');

INSERT INTO Fingers
Values(NULL, 5, '42.5', '42');

INSERT INTO Images
Values('/var/www/server/Datasets/MOLF/OriginalDataset/DB1_Lumidgm/42_1_5.wsq', '42.5.1', '42.5', 352, 544, 500);

INSERT INTO Features
Values('42.5.1', '42.5.1.1', 63);

INSERT INTO Minutiaes
Values('42.5.1.1.1', '42.5.1.1', '/var/www/server/Datasets/MOLF/MindtctOutput/DB1_Lumidgm/42_1_5.xyt');

INSERT INTO Images
Values('/var/www/server/Datasets/MOLF/OriginalDataset/DB1_Lumidgm/42_2_5.wsq', '42.5.2', '42.5', 352, 544, 500);

INSERT INTO Features
Values('42.5.2', '42.5.2.1', 51);

INSERT INTO Minutiaes
Values('42.5.2.1.1', '42.5.2.1', '/var/www/server/Datasets/MOLF/MindtctOutput/DB1_Lumidgm/42_2_5.xyt');

INSERT INTO Images
Values('/var/www/server/Datasets/MOLF/OriginalDataset/DB1_Lumidgm/42_3_5.wsq', '42.5.3', '42.5', 352, 544, 500);

INSERT INTO Features
Values('42.5.3', '42.5.3.1', 82);

INSERT INTO Minutiaes
Values('42.5.3.1.1', '42.5.3.1', '/var/www/server/Datasets/MOLF/MindtctOutput/DB1_Lumidgm/42_3_5.xyt');

INSERT INTO Images
Values('/var/www/server/Datasets/MOLF/OriginalDataset/DB1_Lumidgm/42_4_5.wsq', '42.5.4', '42.5', 352, 544, 500);

INSERT INTO Features
Values('42.5.4', '42.5.4.1', 62);

INSERT INTO Minutiaes
Values('42.5.4.1.1', '42.5.4.1', '/var/www/server/Datasets/MOLF/MindtctOutput/DB1_Lumidgm/42_4_5.xyt');

INSERT INTO Fingers
Values(NULL, 6, '42.6', '42');

INSERT INTO Images
Values('/var/www/server/Datasets/MOLF/OriginalDataset/DB1_Lumidgm/42_1_6.wsq', '42.6.1', '42.6', 352, 544, 500);

INSERT INTO Features
Values('42.6.1', '42.6.1.1', 68);

INSERT INTO Minutiaes
Values('42.6.1.1.1', '42.6.1.1', '/var/www/server/Datasets/MOLF/MindtctOutput/DB1_Lumidgm/42_1_6.xyt');

INSERT INTO Images
Values('/var/www/server/Datasets/MOLF/OriginalDataset/DB1_Lumidgm/42_2_6.wsq', '42.6.2', '42.6', 352, 544, 500);

INSERT INTO Features
Values('42.6.2', '42.6.2.1', 63);

INSERT INTO Minutiaes
Values('42.6.2.1.1', '42.6.2.1', '/var/www/server/Datasets/MOLF/MindtctOutput/DB1_Lumidgm/42_2_6.xyt');

INSERT INTO Images
Values('/var/www/server/Datasets/MOLF/OriginalDataset/DB1_Lumidgm/42_3_6.wsq', '42.6.3', '42.6', 352, 544, 500);

INSERT INTO Features
Values('42.6.3', '42.6.3.1', 64);

INSERT INTO Minutiaes
Values('42.6.3.1.1', '42.6.3.1', '/var/www/server/Datasets/MOLF/MindtctOutput/DB1_Lumidgm/42_3_6.xyt');

INSERT INTO Images
Values('/var/www/server/Datasets/MOLF/OriginalDataset/DB1_Lumidgm/42_4_6.wsq', '42.6.4', '42.6', 352, 544, 500);

INSERT INTO Features
Values('42.6.4', '42.6.4.1', 84);

INSERT INTO Minutiaes
Values('42.6.4.1.1', '42.6.4.1', '/var/www/server/Datasets/MOLF/MindtctOutput/DB1_Lumidgm/42_4_6.xyt');

INSERT INTO Fingers
Values(NULL, 7, '42.7', '42');

INSERT INTO Images
Values('/var/www/server/Datasets/MOLF/OriginalDataset/DB1_Lumidgm/42_1_7.wsq', '42.7.1', '42.7', 352, 544, 500);

INSERT INTO Features
Values('42.7.1', '42.7.1.1', 64);

INSERT INTO Minutiaes
Values('42.7.1.1.1', '42.7.1.1', '/var/www/server/Datasets/MOLF/MindtctOutput/DB1_Lumidgm/42_1_7.xyt');

INSERT INTO Images
Values('/var/www/server/Datasets/MOLF/OriginalDataset/DB1_Lumidgm/42_2_7.wsq', '42.7.2', '42.7', 352, 544, 500);

INSERT INTO Features
Values('42.7.2', '42.7.2.1', 75);

INSERT INTO Minutiaes
Values('42.7.2.1.1', '42.7.2.1', '/var/www/server/Datasets/MOLF/MindtctOutput/DB1_Lumidgm/42_2_7.xyt');

INSERT INTO Images
Values('/var/www/server/Datasets/MOLF/OriginalDataset/DB1_Lumidgm/42_3_7.wsq', '42.7.3', '42.7', 352, 544, 500);

INSERT INTO Features
Values('42.7.3', '42.7.3.1', 53);

INSERT INTO Minutiaes
Values('42.7.3.1.1', '42.7.3.1', '/var/www/server/Datasets/MOLF/MindtctOutput/DB1_Lumidgm/42_3_7.xyt');

INSERT INTO Images
Values('/var/www/server/Datasets/MOLF/OriginalDataset/DB1_Lumidgm/42_4_7.wsq', '42.7.4', '42.7', 352, 544, 500);

INSERT INTO Features
Values('42.7.4', '42.7.4.1', 67);

INSERT INTO Minutiaes
Values('42.7.4.1.1', '42.7.4.1', '/var/www/server/Datasets/MOLF/MindtctOutput/DB1_Lumidgm/42_4_7.xyt');

INSERT INTO Fingers
Values(NULL, 8, '42.8', '42');

INSERT INTO Images
Values('/var/www/server/Datasets/MOLF/OriginalDataset/DB1_Lumidgm/42_1_8.wsq', '42.8.1', '42.8', 352, 544, 500);

INSERT INTO Features
Values('42.8.1', '42.8.1.1', 57);

INSERT INTO Minutiaes
Values('42.8.1.1.1', '42.8.1.1', '/var/www/server/Datasets/MOLF/MindtctOutput/DB1_Lumidgm/42_1_8.xyt');

INSERT INTO Images
Values('/var/www/server/Datasets/MOLF/OriginalDataset/DB1_Lumidgm/42_2_8.wsq', '42.8.2', '42.8', 352, 544, 500);

INSERT INTO Features
Values('42.8.2', '42.8.2.1', 69);

INSERT INTO Minutiaes
Values('42.8.2.1.1', '42.8.2.1', '/var/www/server/Datasets/MOLF/MindtctOutput/DB1_Lumidgm/42_2_8.xyt');

INSERT INTO Images
Values('/var/www/server/Datasets/MOLF/OriginalDataset/DB1_Lumidgm/42_3_8.wsq', '42.8.3', '42.8', 352, 544, 500);

INSERT INTO Features
Values('42.8.3', '42.8.3.1', 58);

INSERT INTO Minutiaes
Values('42.8.3.1.1', '42.8.3.1', '/var/www/server/Datasets/MOLF/MindtctOutput/DB1_Lumidgm/42_3_8.xyt');

INSERT INTO Images
Values('/var/www/server/Datasets/MOLF/OriginalDataset/DB1_Lumidgm/42_4_8.wsq', '42.8.4', '42.8', 352, 544, 500);

INSERT INTO Features
Values('42.8.4', '42.8.4.1', 56);

INSERT INTO Minutiaes
Values('42.8.4.1.1', '42.8.4.1', '/var/www/server/Datasets/MOLF/MindtctOutput/DB1_Lumidgm/42_4_8.xyt');

INSERT INTO Fingers
Values(NULL, 9, '42.9', '42');

INSERT INTO Images
Values('/var/www/server/Datasets/MOLF/OriginalDataset/DB1_Lumidgm/42_1_9.wsq', '42.9.1', '42.9', 352, 544, 500);

INSERT INTO Features
Values('42.9.1', '42.9.1.1', 88);

INSERT INTO Minutiaes
Values('42.9.1.1.1', '42.9.1.1', '/var/www/server/Datasets/MOLF/MindtctOutput/DB1_Lumidgm/42_1_9.xyt');

INSERT INTO Images
Values('/var/www/server/Datasets/MOLF/OriginalDataset/DB1_Lumidgm/42_2_9.wsq', '42.9.2', '42.9', 352, 544, 500);

INSERT INTO Features
Values('42.9.2', '42.9.2.1', 75);

INSERT INTO Minutiaes
Values('42.9.2.1.1', '42.9.2.1', '/var/www/server/Datasets/MOLF/MindtctOutput/DB1_Lumidgm/42_2_9.xyt');

INSERT INTO Images
Values('/var/www/server/Datasets/MOLF/OriginalDataset/DB1_Lumidgm/42_3_9.wsq', '42.9.3', '42.9', 352, 544, 500);

INSERT INTO Features
Values('42.9.3', '42.9.3.1', 75);

INSERT INTO Minutiaes
Values('42.9.3.1.1', '42.9.3.1', '/var/www/server/Datasets/MOLF/MindtctOutput/DB1_Lumidgm/42_3_9.xyt');

INSERT INTO Images
Values('/var/www/server/Datasets/MOLF/OriginalDataset/DB1_Lumidgm/42_4_9.wsq', '42.9.4', '42.9', 352, 544, 500);

INSERT INTO Features
Values('42.9.4', '42.9.4.1', 84);

INSERT INTO Minutiaes
Values('42.9.4.1.1', '42.9.4.1', '/var/www/server/Datasets/MOLF/MindtctOutput/DB1_Lumidgm/42_4_9.xyt');

INSERT INTO Fingers
Values(NULL, 10, '42.10', '42');

INSERT INTO Images
Values('/var/www/server/Datasets/MOLF/OriginalDataset/DB1_Lumidgm/42_1_10.wsq', '42.10.1', '42.10', 352, 544, 500);

INSERT INTO Features
Values('42.10.1', '42.10.1.1', 81);

INSERT INTO Minutiaes
Values('42.10.1.1.1', '42.10.1.1', '/var/www/server/Datasets/MOLF/MindtctOutput/DB1_Lumidgm/42_1_10.xyt');

INSERT INTO Images
Values('/var/www/server/Datasets/MOLF/OriginalDataset/DB1_Lumidgm/42_2_10.wsq', '42.10.2', '42.10', 352, 544, 500);

INSERT INTO Features
Values('42.10.2', '42.10.2.1', 75);

INSERT INTO Minutiaes
Values('42.10.2.1.1', '42.10.2.1', '/var/www/server/Datasets/MOLF/MindtctOutput/DB1_Lumidgm/42_2_10.xyt');

INSERT INTO Images
Values('/var/www/server/Datasets/MOLF/OriginalDataset/DB1_Lumidgm/42_3_10.wsq', '42.10.3', '42.10', 352, 544, 500);

INSERT INTO Features
Values('42.10.3', '42.10.3.1', 65);

INSERT INTO Minutiaes
Values('42.10.3.1.1', '42.10.3.1', '/var/www/server/Datasets/MOLF/MindtctOutput/DB1_Lumidgm/42_3_10.xyt');

INSERT INTO Images
Values('/var/www/server/Datasets/MOLF/OriginalDataset/DB1_Lumidgm/42_4_10.wsq', '42.10.4', '42.10', 352, 544, 500);

INSERT INTO Features
Values('42.10.4', '42.10.4.1', 74);

INSERT INTO Minutiaes
Values('42.10.4.1.1', '42.10.4.1', '/var/www/server/Datasets/MOLF/MindtctOutput/DB1_Lumidgm/42_4_10.xyt');

#------------------------SUBJECT 43------------------------
INSERT INTO Subjects
Values('43');

INSERT INTO Fingers
Values(NULL, 1, '43.1', '43');

INSERT INTO Images
Values('/var/www/server/Datasets/MOLF/OriginalDataset/DB1_Lumidgm/43_1_1.wsq', '43.1.1', '43.1', 352, 544, 500);

INSERT INTO Features
Values('43.1.1', '43.1.1.1', 81);

INSERT INTO Minutiaes
Values('43.1.1.1.1', '43.1.1.1', '/var/www/server/Datasets/MOLF/MindtctOutput/DB1_Lumidgm/43_1_1.xyt');

INSERT INTO Images
Values('/var/www/server/Datasets/MOLF/OriginalDataset/DB1_Lumidgm/43_2_1.wsq', '43.1.2', '43.1', 352, 544, 500);

INSERT INTO Features
Values('43.1.2', '43.1.2.1', 83);

INSERT INTO Minutiaes
Values('43.1.2.1.1', '43.1.2.1', '/var/www/server/Datasets/MOLF/MindtctOutput/DB1_Lumidgm/43_2_1.xyt');

INSERT INTO Images
Values('/var/www/server/Datasets/MOLF/OriginalDataset/DB1_Lumidgm/43_3_1.wsq', '43.1.3', '43.1', 352, 544, 500);

INSERT INTO Features
Values('43.1.3', '43.1.3.1', 71);

INSERT INTO Minutiaes
Values('43.1.3.1.1', '43.1.3.1', '/var/www/server/Datasets/MOLF/MindtctOutput/DB1_Lumidgm/43_3_1.xyt');

INSERT INTO Images
Values('/var/www/server/Datasets/MOLF/OriginalDataset/DB1_Lumidgm/43_4_1.wsq', '43.1.4', '43.1', 352, 544, 500);

INSERT INTO Features
Values('43.1.4', '43.1.4.1', 64);

INSERT INTO Minutiaes
Values('43.1.4.1.1', '43.1.4.1', '/var/www/server/Datasets/MOLF/MindtctOutput/DB1_Lumidgm/43_4_1.xyt');

INSERT INTO Fingers
Values(NULL, 2, '43.2', '43');

INSERT INTO Images
Values('/var/www/server/Datasets/MOLF/OriginalDataset/DB1_Lumidgm/43_1_2.wsq', '43.2.1', '43.2', 352, 544, 500);

INSERT INTO Features
Values('43.2.1', '43.2.1.1', 61);

INSERT INTO Minutiaes
Values('43.2.1.1.1', '43.2.1.1', '/var/www/server/Datasets/MOLF/MindtctOutput/DB1_Lumidgm/43_1_2.xyt');

INSERT INTO Images
Values('/var/www/server/Datasets/MOLF/OriginalDataset/DB1_Lumidgm/43_2_2.wsq', '43.2.2', '43.2', 352, 544, 500);

INSERT INTO Features
Values('43.2.2', '43.2.2.1', 77);

INSERT INTO Minutiaes
Values('43.2.2.1.1', '43.2.2.1', '/var/www/server/Datasets/MOLF/MindtctOutput/DB1_Lumidgm/43_2_2.xyt');

INSERT INTO Images
Values('/var/www/server/Datasets/MOLF/OriginalDataset/DB1_Lumidgm/43_3_2.wsq', '43.2.3', '43.2', 352, 544, 500);

INSERT INTO Features
Values('43.2.3', '43.2.3.1', 53);

INSERT INTO Minutiaes
Values('43.2.3.1.1', '43.2.3.1', '/var/www/server/Datasets/MOLF/MindtctOutput/DB1_Lumidgm/43_3_2.xyt');

INSERT INTO Images
Values('/var/www/server/Datasets/MOLF/OriginalDataset/DB1_Lumidgm/43_4_2.wsq', '43.2.4', '43.2', 352, 544, 500);

INSERT INTO Features
Values('43.2.4', '43.2.4.1', 66);

INSERT INTO Minutiaes
Values('43.2.4.1.1', '43.2.4.1', '/var/www/server/Datasets/MOLF/MindtctOutput/DB1_Lumidgm/43_4_2.xyt');

INSERT INTO Fingers
Values(NULL, 3, '43.3', '43');

INSERT INTO Images
Values('/var/www/server/Datasets/MOLF/OriginalDataset/DB1_Lumidgm/43_1_3.wsq', '43.3.1', '43.3', 352, 544, 500);

INSERT INTO Features
Values('43.3.1', '43.3.1.1', 74);

INSERT INTO Minutiaes
Values('43.3.1.1.1', '43.3.1.1', '/var/www/server/Datasets/MOLF/MindtctOutput/DB1_Lumidgm/43_1_3.xyt');

INSERT INTO Images
Values('/var/www/server/Datasets/MOLF/OriginalDataset/DB1_Lumidgm/43_2_3.wsq', '43.3.2', '43.3', 352, 544, 500);

INSERT INTO Features
Values('43.3.2', '43.3.2.1', 83);

INSERT INTO Minutiaes
Values('43.3.2.1.1', '43.3.2.1', '/var/www/server/Datasets/MOLF/MindtctOutput/DB1_Lumidgm/43_2_3.xyt');

INSERT INTO Images
Values('/var/www/server/Datasets/MOLF/OriginalDataset/DB1_Lumidgm/43_3_3.wsq', '43.3.3', '43.3', 352, 544, 500);

INSERT INTO Features
Values('43.3.3', '43.3.3.1', 78);

INSERT INTO Minutiaes
Values('43.3.3.1.1', '43.3.3.1', '/var/www/server/Datasets/MOLF/MindtctOutput/DB1_Lumidgm/43_3_3.xyt');

INSERT INTO Images
Values('/var/www/server/Datasets/MOLF/OriginalDataset/DB1_Lumidgm/43_4_3.wsq', '43.3.4', '43.3', 352, 544, 500);

INSERT INTO Features
Values('43.3.4', '43.3.4.1', 88);

INSERT INTO Minutiaes
Values('43.3.4.1.1', '43.3.4.1', '/var/www/server/Datasets/MOLF/MindtctOutput/DB1_Lumidgm/43_4_3.xyt');

INSERT INTO Fingers
Values(NULL, 4, '43.4', '43');

INSERT INTO Images
Values('/var/www/server/Datasets/MOLF/OriginalDataset/DB1_Lumidgm/43_1_4.wsq', '43.4.1', '43.4', 352, 544, 500);

INSERT INTO Features
Values('43.4.1', '43.4.1.1', 89);

INSERT INTO Minutiaes
Values('43.4.1.1.1', '43.4.1.1', '/var/www/server/Datasets/MOLF/MindtctOutput/DB1_Lumidgm/43_1_4.xyt');

INSERT INTO Images
Values('/var/www/server/Datasets/MOLF/OriginalDataset/DB1_Lumidgm/43_2_4.wsq', '43.4.2', '43.4', 352, 544, 500);

INSERT INTO Features
Values('43.4.2', '43.4.2.1', 90);

INSERT INTO Minutiaes
Values('43.4.2.1.1', '43.4.2.1', '/var/www/server/Datasets/MOLF/MindtctOutput/DB1_Lumidgm/43_2_4.xyt');

INSERT INTO Images
Values('/var/www/server/Datasets/MOLF/OriginalDataset/DB1_Lumidgm/43_3_4.wsq', '43.4.3', '43.4', 352, 544, 500);

INSERT INTO Features
Values('43.4.3', '43.4.3.1', 84);

INSERT INTO Minutiaes
Values('43.4.3.1.1', '43.4.3.1', '/var/www/server/Datasets/MOLF/MindtctOutput/DB1_Lumidgm/43_3_4.xyt');

INSERT INTO Images
Values('/var/www/server/Datasets/MOLF/OriginalDataset/DB1_Lumidgm/43_4_4.wsq', '43.4.4', '43.4', 352, 544, 500);

INSERT INTO Features
Values('43.4.4', '43.4.4.1', 75);

INSERT INTO Minutiaes
Values('43.4.4.1.1', '43.4.4.1', '/var/www/server/Datasets/MOLF/MindtctOutput/DB1_Lumidgm/43_4_4.xyt');

INSERT INTO Fingers
Values(NULL, 5, '43.5', '43');

INSERT INTO Images
Values('/var/www/server/Datasets/MOLF/OriginalDataset/DB1_Lumidgm/43_1_5.wsq', '43.5.1', '43.5', 352, 544, 500);

INSERT INTO Features
Values('43.5.1', '43.5.1.1', 66);

INSERT INTO Minutiaes
Values('43.5.1.1.1', '43.5.1.1', '/var/www/server/Datasets/MOLF/MindtctOutput/DB1_Lumidgm/43_1_5.xyt');

INSERT INTO Images
Values('/var/www/server/Datasets/MOLF/OriginalDataset/DB1_Lumidgm/43_2_5.wsq', '43.5.2', '43.5', 352, 544, 500);

INSERT INTO Features
Values('43.5.2', '43.5.2.1', 70);

INSERT INTO Minutiaes
Values('43.5.2.1.1', '43.5.2.1', '/var/www/server/Datasets/MOLF/MindtctOutput/DB1_Lumidgm/43_2_5.xyt');

INSERT INTO Images
Values('/var/www/server/Datasets/MOLF/OriginalDataset/DB1_Lumidgm/43_3_5.wsq', '43.5.3', '43.5', 352, 544, 500);

INSERT INTO Features
Values('43.5.3', '43.5.3.1', 58);

INSERT INTO Minutiaes
Values('43.5.3.1.1', '43.5.3.1', '/var/www/server/Datasets/MOLF/MindtctOutput/DB1_Lumidgm/43_3_5.xyt');

INSERT INTO Images
Values('/var/www/server/Datasets/MOLF/OriginalDataset/DB1_Lumidgm/43_4_5.wsq', '43.5.4', '43.5', 352, 544, 500);

INSERT INTO Features
Values('43.5.4', '43.5.4.1', 52);

INSERT INTO Minutiaes
Values('43.5.4.1.1', '43.5.4.1', '/var/www/server/Datasets/MOLF/MindtctOutput/DB1_Lumidgm/43_4_5.xyt');

INSERT INTO Fingers
Values(NULL, 6, '43.6', '43');

INSERT INTO Images
Values('/var/www/server/Datasets/MOLF/OriginalDataset/DB1_Lumidgm/43_1_6.wsq', '43.6.1', '43.6', 352, 544, 500);

INSERT INTO Features
Values('43.6.1', '43.6.1.1', 68);

INSERT INTO Minutiaes
Values('43.6.1.1.1', '43.6.1.1', '/var/www/server/Datasets/MOLF/MindtctOutput/DB1_Lumidgm/43_1_6.xyt');

INSERT INTO Images
Values('/var/www/server/Datasets/MOLF/OriginalDataset/DB1_Lumidgm/43_2_6.wsq', '43.6.2', '43.6', 352, 544, 500);

INSERT INTO Features
Values('43.6.2', '43.6.2.1', 65);

INSERT INTO Minutiaes
Values('43.6.2.1.1', '43.6.2.1', '/var/www/server/Datasets/MOLF/MindtctOutput/DB1_Lumidgm/43_2_6.xyt');

INSERT INTO Images
Values('/var/www/server/Datasets/MOLF/OriginalDataset/DB1_Lumidgm/43_3_6.wsq', '43.6.3', '43.6', 352, 544, 500);

INSERT INTO Features
Values('43.6.3', '43.6.3.1', 66);

INSERT INTO Minutiaes
Values('43.6.3.1.1', '43.6.3.1', '/var/www/server/Datasets/MOLF/MindtctOutput/DB1_Lumidgm/43_3_6.xyt');

INSERT INTO Images
Values('/var/www/server/Datasets/MOLF/OriginalDataset/DB1_Lumidgm/43_4_6.wsq', '43.6.4', '43.6', 352, 544, 500);

INSERT INTO Features
Values('43.6.4', '43.6.4.1', 63);

INSERT INTO Minutiaes
Values('43.6.4.1.1', '43.6.4.1', '/var/www/server/Datasets/MOLF/MindtctOutput/DB1_Lumidgm/43_4_6.xyt');

INSERT INTO Fingers
Values(NULL, 7, '43.7', '43');

INSERT INTO Images
Values('/var/www/server/Datasets/MOLF/OriginalDataset/DB1_Lumidgm/43_1_7.wsq', '43.7.1', '43.7', 352, 544, 500);

INSERT INTO Features
Values('43.7.1', '43.7.1.1', 63);

INSERT INTO Minutiaes
Values('43.7.1.1.1', '43.7.1.1', '/var/www/server/Datasets/MOLF/MindtctOutput/DB1_Lumidgm/43_1_7.xyt');

INSERT INTO Images
Values('/var/www/server/Datasets/MOLF/OriginalDataset/DB1_Lumidgm/43_2_7.wsq', '43.7.2', '43.7', 352, 544, 500);

INSERT INTO Features
Values('43.7.2', '43.7.2.1', 78);

INSERT INTO Minutiaes
Values('43.7.2.1.1', '43.7.2.1', '/var/www/server/Datasets/MOLF/MindtctOutput/DB1_Lumidgm/43_2_7.xyt');

INSERT INTO Images
Values('/var/www/server/Datasets/MOLF/OriginalDataset/DB1_Lumidgm/43_3_7.wsq', '43.7.3', '43.7', 352, 544, 500);

INSERT INTO Features
Values('43.7.3', '43.7.3.1', 62);

INSERT INTO Minutiaes
Values('43.7.3.1.1', '43.7.3.1', '/var/www/server/Datasets/MOLF/MindtctOutput/DB1_Lumidgm/43_3_7.xyt');

INSERT INTO Images
Values('/var/www/server/Datasets/MOLF/OriginalDataset/DB1_Lumidgm/43_4_7.wsq', '43.7.4', '43.7', 352, 544, 500);

INSERT INTO Features
Values('43.7.4', '43.7.4.1', 81);

INSERT INTO Minutiaes
Values('43.7.4.1.1', '43.7.4.1', '/var/www/server/Datasets/MOLF/MindtctOutput/DB1_Lumidgm/43_4_7.xyt');

INSERT INTO Fingers
Values(NULL, 8, '43.8', '43');

INSERT INTO Images
Values('/var/www/server/Datasets/MOLF/OriginalDataset/DB1_Lumidgm/43_1_8.wsq', '43.8.1', '43.8', 352, 544, 500);

INSERT INTO Features
Values('43.8.1', '43.8.1.1', 73);

INSERT INTO Minutiaes
Values('43.8.1.1.1', '43.8.1.1', '/var/www/server/Datasets/MOLF/MindtctOutput/DB1_Lumidgm/43_1_8.xyt');

INSERT INTO Images
Values('/var/www/server/Datasets/MOLF/OriginalDataset/DB1_Lumidgm/43_2_8.wsq', '43.8.2', '43.8', 352, 544, 500);

INSERT INTO Features
Values('43.8.2', '43.8.2.1', 79);

INSERT INTO Minutiaes
Values('43.8.2.1.1', '43.8.2.1', '/var/www/server/Datasets/MOLF/MindtctOutput/DB1_Lumidgm/43_2_8.xyt');

INSERT INTO Images
Values('/var/www/server/Datasets/MOLF/OriginalDataset/DB1_Lumidgm/43_3_8.wsq', '43.8.3', '43.8', 352, 544, 500);

INSERT INTO Features
Values('43.8.3', '43.8.3.1', 75);

INSERT INTO Minutiaes
Values('43.8.3.1.1', '43.8.3.1', '/var/www/server/Datasets/MOLF/MindtctOutput/DB1_Lumidgm/43_3_8.xyt');

INSERT INTO Images
Values('/var/www/server/Datasets/MOLF/OriginalDataset/DB1_Lumidgm/43_4_8.wsq', '43.8.4', '43.8', 352, 544, 500);

INSERT INTO Features
Values('43.8.4', '43.8.4.1', 70);

INSERT INTO Minutiaes
Values('43.8.4.1.1', '43.8.4.1', '/var/www/server/Datasets/MOLF/MindtctOutput/DB1_Lumidgm/43_4_8.xyt');

INSERT INTO Fingers
Values(NULL, 9, '43.9', '43');

INSERT INTO Images
Values('/var/www/server/Datasets/MOLF/OriginalDataset/DB1_Lumidgm/43_1_9.wsq', '43.9.1', '43.9', 352, 544, 500);

INSERT INTO Features
Values('43.9.1', '43.9.1.1', 65);

INSERT INTO Minutiaes
Values('43.9.1.1.1', '43.9.1.1', '/var/www/server/Datasets/MOLF/MindtctOutput/DB1_Lumidgm/43_1_9.xyt');

INSERT INTO Images
Values('/var/www/server/Datasets/MOLF/OriginalDataset/DB1_Lumidgm/43_2_9.wsq', '43.9.2', '43.9', 352, 544, 500);

INSERT INTO Features
Values('43.9.2', '43.9.2.1', 64);

INSERT INTO Minutiaes
Values('43.9.2.1.1', '43.9.2.1', '/var/www/server/Datasets/MOLF/MindtctOutput/DB1_Lumidgm/43_2_9.xyt');

INSERT INTO Images
Values('/var/www/server/Datasets/MOLF/OriginalDataset/DB1_Lumidgm/43_3_9.wsq', '43.9.3', '43.9', 352, 544, 500);

INSERT INTO Features
Values('43.9.3', '43.9.3.1', 60);

INSERT INTO Minutiaes
Values('43.9.3.1.1', '43.9.3.1', '/var/www/server/Datasets/MOLF/MindtctOutput/DB1_Lumidgm/43_3_9.xyt');

INSERT INTO Images
Values('/var/www/server/Datasets/MOLF/OriginalDataset/DB1_Lumidgm/43_4_9.wsq', '43.9.4', '43.9', 352, 544, 500);

INSERT INTO Features
Values('43.9.4', '43.9.4.1', 68);

INSERT INTO Minutiaes
Values('43.9.4.1.1', '43.9.4.1', '/var/www/server/Datasets/MOLF/MindtctOutput/DB1_Lumidgm/43_4_9.xyt');

INSERT INTO Fingers
Values(NULL, 10, '43.10', '43');

INSERT INTO Images
Values('/var/www/server/Datasets/MOLF/OriginalDataset/DB1_Lumidgm/43_1_10.wsq', '43.10.1', '43.10', 352, 544, 500);

INSERT INTO Features
Values('43.10.1', '43.10.1.1', 54);

INSERT INTO Minutiaes
Values('43.10.1.1.1', '43.10.1.1', '/var/www/server/Datasets/MOLF/MindtctOutput/DB1_Lumidgm/43_1_10.xyt');

INSERT INTO Images
Values('/var/www/server/Datasets/MOLF/OriginalDataset/DB1_Lumidgm/43_2_10.wsq', '43.10.2', '43.10', 352, 544, 500);

INSERT INTO Features
Values('43.10.2', '43.10.2.1', 62);

INSERT INTO Minutiaes
Values('43.10.2.1.1', '43.10.2.1', '/var/www/server/Datasets/MOLF/MindtctOutput/DB1_Lumidgm/43_2_10.xyt');

INSERT INTO Images
Values('/var/www/server/Datasets/MOLF/OriginalDataset/DB1_Lumidgm/43_3_10.wsq', '43.10.3', '43.10', 352, 544, 500);

INSERT INTO Features
Values('43.10.3', '43.10.3.1', 59);

INSERT INTO Minutiaes
Values('43.10.3.1.1', '43.10.3.1', '/var/www/server/Datasets/MOLF/MindtctOutput/DB1_Lumidgm/43_3_10.xyt');

INSERT INTO Images
Values('/var/www/server/Datasets/MOLF/OriginalDataset/DB1_Lumidgm/43_4_10.wsq', '43.10.4', '43.10', 352, 544, 500);

INSERT INTO Features
Values('43.10.4', '43.10.4.1', 62);

INSERT INTO Minutiaes
Values('43.10.4.1.1', '43.10.4.1', '/var/www/server/Datasets/MOLF/MindtctOutput/DB1_Lumidgm/43_4_10.xyt');

#------------------------SUBJECT 44------------------------
INSERT INTO Subjects
Values('44');

INSERT INTO Fingers
Values(NULL, 1, '44.1', '44');

INSERT INTO Images
Values('/var/www/server/Datasets/MOLF/OriginalDataset/DB1_Lumidgm/44_1_1.wsq', '44.1.1', '44.1', 352, 544, 500);

INSERT INTO Features
Values('44.1.1', '44.1.1.1', 50);

INSERT INTO Minutiaes
Values('44.1.1.1.1', '44.1.1.1', '/var/www/server/Datasets/MOLF/MindtctOutput/DB1_Lumidgm/44_1_1.xyt');

INSERT INTO Images
Values('/var/www/server/Datasets/MOLF/OriginalDataset/DB1_Lumidgm/44_2_1.wsq', '44.1.2', '44.1', 352, 544, 500);

INSERT INTO Features
Values('44.1.2', '44.1.2.1', 58);

INSERT INTO Minutiaes
Values('44.1.2.1.1', '44.1.2.1', '/var/www/server/Datasets/MOLF/MindtctOutput/DB1_Lumidgm/44_2_1.xyt');

INSERT INTO Images
Values('/var/www/server/Datasets/MOLF/OriginalDataset/DB1_Lumidgm/44_3_1.wsq', '44.1.3', '44.1', 352, 544, 500);

INSERT INTO Features
Values('44.1.3', '44.1.3.1', 52);

INSERT INTO Minutiaes
Values('44.1.3.1.1', '44.1.3.1', '/var/www/server/Datasets/MOLF/MindtctOutput/DB1_Lumidgm/44_3_1.xyt');

INSERT INTO Images
Values('/var/www/server/Datasets/MOLF/OriginalDataset/DB1_Lumidgm/44_4_1.wsq', '44.1.4', '44.1', 352, 544, 500);

INSERT INTO Features
Values('44.1.4', '44.1.4.1', 48);

INSERT INTO Minutiaes
Values('44.1.4.1.1', '44.1.4.1', '/var/www/server/Datasets/MOLF/MindtctOutput/DB1_Lumidgm/44_4_1.xyt');

INSERT INTO Fingers
Values(NULL, 2, '44.2', '44');

INSERT INTO Images
Values('/var/www/server/Datasets/MOLF/OriginalDataset/DB1_Lumidgm/44_1_2.wsq', '44.2.1', '44.2', 352, 544, 500);

INSERT INTO Features
Values('44.2.1', '44.2.1.1', 57);

INSERT INTO Minutiaes
Values('44.2.1.1.1', '44.2.1.1', '/var/www/server/Datasets/MOLF/MindtctOutput/DB1_Lumidgm/44_1_2.xyt');

INSERT INTO Images
Values('/var/www/server/Datasets/MOLF/OriginalDataset/DB1_Lumidgm/44_2_2.wsq', '44.2.2', '44.2', 352, 544, 500);

INSERT INTO Features
Values('44.2.2', '44.2.2.1', 48);

INSERT INTO Minutiaes
Values('44.2.2.1.1', '44.2.2.1', '/var/www/server/Datasets/MOLF/MindtctOutput/DB1_Lumidgm/44_2_2.xyt');

INSERT INTO Images
Values('/var/www/server/Datasets/MOLF/OriginalDataset/DB1_Lumidgm/44_3_2.wsq', '44.2.3', '44.2', 352, 544, 500);

INSERT INTO Features
Values('44.2.3', '44.2.3.1', 49);

INSERT INTO Minutiaes
Values('44.2.3.1.1', '44.2.3.1', '/var/www/server/Datasets/MOLF/MindtctOutput/DB1_Lumidgm/44_3_2.xyt');

INSERT INTO Images
Values('/var/www/server/Datasets/MOLF/OriginalDataset/DB1_Lumidgm/44_4_2.wsq', '44.2.4', '44.2', 352, 544, 500);

INSERT INTO Features
Values('44.2.4', '44.2.4.1', 55);

INSERT INTO Minutiaes
Values('44.2.4.1.1', '44.2.4.1', '/var/www/server/Datasets/MOLF/MindtctOutput/DB1_Lumidgm/44_4_2.xyt');

INSERT INTO Fingers
Values(NULL, 3, '44.3', '44');

INSERT INTO Images
Values('/var/www/server/Datasets/MOLF/OriginalDataset/DB1_Lumidgm/44_1_3.wsq', '44.3.1', '44.3', 352, 544, 500);

INSERT INTO Features
Values('44.3.1', '44.3.1.1', 64);

INSERT INTO Minutiaes
Values('44.3.1.1.1', '44.3.1.1', '/var/www/server/Datasets/MOLF/MindtctOutput/DB1_Lumidgm/44_1_3.xyt');

INSERT INTO Images
Values('/var/www/server/Datasets/MOLF/OriginalDataset/DB1_Lumidgm/44_2_3.wsq', '44.3.2', '44.3', 352, 544, 500);

INSERT INTO Features
Values('44.3.2', '44.3.2.1', 63);

INSERT INTO Minutiaes
Values('44.3.2.1.1', '44.3.2.1', '/var/www/server/Datasets/MOLF/MindtctOutput/DB1_Lumidgm/44_2_3.xyt');

INSERT INTO Images
Values('/var/www/server/Datasets/MOLF/OriginalDataset/DB1_Lumidgm/44_3_3.wsq', '44.3.3', '44.3', 352, 544, 500);

INSERT INTO Features
Values('44.3.3', '44.3.3.1', 72);

INSERT INTO Minutiaes
Values('44.3.3.1.1', '44.3.3.1', '/var/www/server/Datasets/MOLF/MindtctOutput/DB1_Lumidgm/44_3_3.xyt');

INSERT INTO Images
Values('/var/www/server/Datasets/MOLF/OriginalDataset/DB1_Lumidgm/44_4_3.wsq', '44.3.4', '44.3', 352, 544, 500);

INSERT INTO Features
Values('44.3.4', '44.3.4.1', 65);

INSERT INTO Minutiaes
Values('44.3.4.1.1', '44.3.4.1', '/var/www/server/Datasets/MOLF/MindtctOutput/DB1_Lumidgm/44_4_3.xyt');

INSERT INTO Fingers
Values(NULL, 4, '44.4', '44');

INSERT INTO Images
Values('/var/www/server/Datasets/MOLF/OriginalDataset/DB1_Lumidgm/44_1_4.wsq', '44.4.1', '44.4', 352, 544, 500);

INSERT INTO Features
Values('44.4.1', '44.4.1.1', 79);

INSERT INTO Minutiaes
Values('44.4.1.1.1', '44.4.1.1', '/var/www/server/Datasets/MOLF/MindtctOutput/DB1_Lumidgm/44_1_4.xyt');

INSERT INTO Images
Values('/var/www/server/Datasets/MOLF/OriginalDataset/DB1_Lumidgm/44_2_4.wsq', '44.4.2', '44.4', 352, 544, 500);

INSERT INTO Features
Values('44.4.2', '44.4.2.1', 82);

INSERT INTO Minutiaes
Values('44.4.2.1.1', '44.4.2.1', '/var/www/server/Datasets/MOLF/MindtctOutput/DB1_Lumidgm/44_2_4.xyt');

INSERT INTO Images
Values('/var/www/server/Datasets/MOLF/OriginalDataset/DB1_Lumidgm/44_3_4.wsq', '44.4.3', '44.4', 352, 544, 500);

INSERT INTO Features
Values('44.4.3', '44.4.3.1', 76);

INSERT INTO Minutiaes
Values('44.4.3.1.1', '44.4.3.1', '/var/www/server/Datasets/MOLF/MindtctOutput/DB1_Lumidgm/44_3_4.xyt');

INSERT INTO Images
Values('/var/www/server/Datasets/MOLF/OriginalDataset/DB1_Lumidgm/44_4_4.wsq', '44.4.4', '44.4', 352, 544, 500);

INSERT INTO Features
Values('44.4.4', '44.4.4.1', 114);

INSERT INTO Minutiaes
Values('44.4.4.1.1', '44.4.4.1', '/var/www/server/Datasets/MOLF/MindtctOutput/DB1_Lumidgm/44_4_4.xyt');

INSERT INTO Fingers
Values(NULL, 5, '44.5', '44');

INSERT INTO Images
Values('/var/www/server/Datasets/MOLF/OriginalDataset/DB1_Lumidgm/44_1_5.wsq', '44.5.1', '44.5', 352, 544, 500);

INSERT INTO Features
Values('44.5.1', '44.5.1.1', 98);

INSERT INTO Minutiaes
Values('44.5.1.1.1', '44.5.1.1', '/var/www/server/Datasets/MOLF/MindtctOutput/DB1_Lumidgm/44_1_5.xyt');

INSERT INTO Images
Values('/var/www/server/Datasets/MOLF/OriginalDataset/DB1_Lumidgm/44_2_5.wsq', '44.5.2', '44.5', 352, 544, 500);

INSERT INTO Features
Values('44.5.2', '44.5.2.1', 103);

INSERT INTO Minutiaes
Values('44.5.2.1.1', '44.5.2.1', '/var/www/server/Datasets/MOLF/MindtctOutput/DB1_Lumidgm/44_2_5.xyt');

INSERT INTO Images
Values('/var/www/server/Datasets/MOLF/OriginalDataset/DB1_Lumidgm/44_3_5.wsq', '44.5.3', '44.5', 352, 544, 500);

INSERT INTO Features
Values('44.5.3', '44.5.3.1', 108);

INSERT INTO Minutiaes
Values('44.5.3.1.1', '44.5.3.1', '/var/www/server/Datasets/MOLF/MindtctOutput/DB1_Lumidgm/44_3_5.xyt');

INSERT INTO Images
Values('/var/www/server/Datasets/MOLF/OriginalDataset/DB1_Lumidgm/44_4_5.wsq', '44.5.4', '44.5', 352, 544, 500);

INSERT INTO Features
Values('44.5.4', '44.5.4.1', 99);

INSERT INTO Minutiaes
Values('44.5.4.1.1', '44.5.4.1', '/var/www/server/Datasets/MOLF/MindtctOutput/DB1_Lumidgm/44_4_5.xyt');

INSERT INTO Fingers
Values(NULL, 6, '44.6', '44');

INSERT INTO Images
Values('/var/www/server/Datasets/MOLF/OriginalDataset/DB1_Lumidgm/44_1_6.wsq', '44.6.1', '44.6', 352, 544, 500);

INSERT INTO Features
Values('44.6.1', '44.6.1.1', 47);

INSERT INTO Minutiaes
Values('44.6.1.1.1', '44.6.1.1', '/var/www/server/Datasets/MOLF/MindtctOutput/DB1_Lumidgm/44_1_6.xyt');

INSERT INTO Images
Values('/var/www/server/Datasets/MOLF/OriginalDataset/DB1_Lumidgm/44_2_6.wsq', '44.6.2', '44.6', 352, 544, 500);

INSERT INTO Features
Values('44.6.2', '44.6.2.1', 52);

INSERT INTO Minutiaes
Values('44.6.2.1.1', '44.6.2.1', '/var/www/server/Datasets/MOLF/MindtctOutput/DB1_Lumidgm/44_2_6.xyt');

INSERT INTO Images
Values('/var/www/server/Datasets/MOLF/OriginalDataset/DB1_Lumidgm/44_3_6.wsq', '44.6.3', '44.6', 352, 544, 500);

INSERT INTO Features
Values('44.6.3', '44.6.3.1', 57);

INSERT INTO Minutiaes
Values('44.6.3.1.1', '44.6.3.1', '/var/www/server/Datasets/MOLF/MindtctOutput/DB1_Lumidgm/44_3_6.xyt');

INSERT INTO Images
Values('/var/www/server/Datasets/MOLF/OriginalDataset/DB1_Lumidgm/44_4_6.wsq', '44.6.4', '44.6', 352, 544, 500);

INSERT INTO Features
Values('44.6.4', '44.6.4.1', 53);

INSERT INTO Minutiaes
Values('44.6.4.1.1', '44.6.4.1', '/var/www/server/Datasets/MOLF/MindtctOutput/DB1_Lumidgm/44_4_6.xyt');

INSERT INTO Fingers
Values(NULL, 7, '44.7', '44');

INSERT INTO Images
Values('/var/www/server/Datasets/MOLF/OriginalDataset/DB1_Lumidgm/44_1_7.wsq', '44.7.1', '44.7', 352, 544, 500);

INSERT INTO Features
Values('44.7.1', '44.7.1.1', 77);

INSERT INTO Minutiaes
Values('44.7.1.1.1', '44.7.1.1', '/var/www/server/Datasets/MOLF/MindtctOutput/DB1_Lumidgm/44_1_7.xyt');

INSERT INTO Images
Values('/var/www/server/Datasets/MOLF/OriginalDataset/DB1_Lumidgm/44_2_7.wsq', '44.7.2', '44.7', 352, 544, 500);

INSERT INTO Features
Values('44.7.2', '44.7.2.1', 78);

INSERT INTO Minutiaes
Values('44.7.2.1.1', '44.7.2.1', '/var/www/server/Datasets/MOLF/MindtctOutput/DB1_Lumidgm/44_2_7.xyt');

INSERT INTO Images
Values('/var/www/server/Datasets/MOLF/OriginalDataset/DB1_Lumidgm/44_3_7.wsq', '44.7.3', '44.7', 352, 544, 500);

INSERT INTO Features
Values('44.7.3', '44.7.3.1', 78);

INSERT INTO Minutiaes
Values('44.7.3.1.1', '44.7.3.1', '/var/www/server/Datasets/MOLF/MindtctOutput/DB1_Lumidgm/44_3_7.xyt');

INSERT INTO Images
Values('/var/www/server/Datasets/MOLF/OriginalDataset/DB1_Lumidgm/44_4_7.wsq', '44.7.4', '44.7', 352, 544, 500);

INSERT INTO Features
Values('44.7.4', '44.7.4.1', 69);

INSERT INTO Minutiaes
Values('44.7.4.1.1', '44.7.4.1', '/var/www/server/Datasets/MOLF/MindtctOutput/DB1_Lumidgm/44_4_7.xyt');

INSERT INTO Fingers
Values(NULL, 8, '44.8', '44');

INSERT INTO Images
Values('/var/www/server/Datasets/MOLF/OriginalDataset/DB1_Lumidgm/44_1_8.wsq', '44.8.1', '44.8', 352, 544, 500);

INSERT INTO Features
Values('44.8.1', '44.8.1.1', 62);

INSERT INTO Minutiaes
Values('44.8.1.1.1', '44.8.1.1', '/var/www/server/Datasets/MOLF/MindtctOutput/DB1_Lumidgm/44_1_8.xyt');

INSERT INTO Images
Values('/var/www/server/Datasets/MOLF/OriginalDataset/DB1_Lumidgm/44_2_8.wsq', '44.8.2', '44.8', 352, 544, 500);

INSERT INTO Features
Values('44.8.2', '44.8.2.1', 81);

INSERT INTO Minutiaes
Values('44.8.2.1.1', '44.8.2.1', '/var/www/server/Datasets/MOLF/MindtctOutput/DB1_Lumidgm/44_2_8.xyt');

INSERT INTO Images
Values('/var/www/server/Datasets/MOLF/OriginalDataset/DB1_Lumidgm/44_3_8.wsq', '44.8.3', '44.8', 352, 544, 500);

INSERT INTO Features
Values('44.8.3', '44.8.3.1', 71);

INSERT INTO Minutiaes
Values('44.8.3.1.1', '44.8.3.1', '/var/www/server/Datasets/MOLF/MindtctOutput/DB1_Lumidgm/44_3_8.xyt');

INSERT INTO Images
Values('/var/www/server/Datasets/MOLF/OriginalDataset/DB1_Lumidgm/44_4_8.wsq', '44.8.4', '44.8', 352, 544, 500);

INSERT INTO Features
Values('44.8.4', '44.8.4.1', 74);

INSERT INTO Minutiaes
Values('44.8.4.1.1', '44.8.4.1', '/var/www/server/Datasets/MOLF/MindtctOutput/DB1_Lumidgm/44_4_8.xyt');

INSERT INTO Fingers
Values(NULL, 9, '44.9', '44');

INSERT INTO Images
Values('/var/www/server/Datasets/MOLF/OriginalDataset/DB1_Lumidgm/44_1_9.wsq', '44.9.1', '44.9', 352, 544, 500);

INSERT INTO Features
Values('44.9.1', '44.9.1.1', 96);

INSERT INTO Minutiaes
Values('44.9.1.1.1', '44.9.1.1', '/var/www/server/Datasets/MOLF/MindtctOutput/DB1_Lumidgm/44_1_9.xyt');

INSERT INTO Images
Values('/var/www/server/Datasets/MOLF/OriginalDataset/DB1_Lumidgm/44_2_9.wsq', '44.9.2', '44.9', 352, 544, 500);

INSERT INTO Features
Values('44.9.2', '44.9.2.1', 115);

INSERT INTO Minutiaes
Values('44.9.2.1.1', '44.9.2.1', '/var/www/server/Datasets/MOLF/MindtctOutput/DB1_Lumidgm/44_2_9.xyt');

INSERT INTO Images
Values('/var/www/server/Datasets/MOLF/OriginalDataset/DB1_Lumidgm/44_3_9.wsq', '44.9.3', '44.9', 352, 544, 500);

INSERT INTO Features
Values('44.9.3', '44.9.3.1', 114);

INSERT INTO Minutiaes
Values('44.9.3.1.1', '44.9.3.1', '/var/www/server/Datasets/MOLF/MindtctOutput/DB1_Lumidgm/44_3_9.xyt');

INSERT INTO Images
Values('/var/www/server/Datasets/MOLF/OriginalDataset/DB1_Lumidgm/44_4_9.wsq', '44.9.4', '44.9', 352, 544, 500);

INSERT INTO Features
Values('44.9.4', '44.9.4.1', 121);

INSERT INTO Minutiaes
Values('44.9.4.1.1', '44.9.4.1', '/var/www/server/Datasets/MOLF/MindtctOutput/DB1_Lumidgm/44_4_9.xyt');

INSERT INTO Fingers
Values(NULL, 10, '44.10', '44');

INSERT INTO Images
Values('/var/www/server/Datasets/MOLF/OriginalDataset/DB1_Lumidgm/44_1_10.wsq', '44.10.1', '44.10', 352, 544, 500);

INSERT INTO Features
Values('44.10.1', '44.10.1.1', 99);

INSERT INTO Minutiaes
Values('44.10.1.1.1', '44.10.1.1', '/var/www/server/Datasets/MOLF/MindtctOutput/DB1_Lumidgm/44_1_10.xyt');

INSERT INTO Images
Values('/var/www/server/Datasets/MOLF/OriginalDataset/DB1_Lumidgm/44_2_10.wsq', '44.10.2', '44.10', 352, 544, 500);

INSERT INTO Features
Values('44.10.2', '44.10.2.1', 90);

INSERT INTO Minutiaes
Values('44.10.2.1.1', '44.10.2.1', '/var/www/server/Datasets/MOLF/MindtctOutput/DB1_Lumidgm/44_2_10.xyt');

INSERT INTO Images
Values('/var/www/server/Datasets/MOLF/OriginalDataset/DB1_Lumidgm/44_3_10.wsq', '44.10.3', '44.10', 352, 544, 500);

INSERT INTO Features
Values('44.10.3', '44.10.3.1', 91);

INSERT INTO Minutiaes
Values('44.10.3.1.1', '44.10.3.1', '/var/www/server/Datasets/MOLF/MindtctOutput/DB1_Lumidgm/44_3_10.xyt');

INSERT INTO Images
Values('/var/www/server/Datasets/MOLF/OriginalDataset/DB1_Lumidgm/44_4_10.wsq', '44.10.4', '44.10', 352, 544, 500);

INSERT INTO Features
Values('44.10.4', '44.10.4.1', 77);

INSERT INTO Minutiaes
Values('44.10.4.1.1', '44.10.4.1', '/var/www/server/Datasets/MOLF/MindtctOutput/DB1_Lumidgm/44_4_10.xyt');

#------------------------SUBJECT 45------------------------
INSERT INTO Subjects
Values('45');

INSERT INTO Fingers
Values(NULL, 1, '45.1', '45');

INSERT INTO Images
Values('/var/www/server/Datasets/MOLF/OriginalDataset/DB1_Lumidgm/45_1_1.wsq', '45.1.1', '45.1', 352, 544, 500);

INSERT INTO Features
Values('45.1.1', '45.1.1.1', 70);

INSERT INTO Minutiaes
Values('45.1.1.1.1', '45.1.1.1', '/var/www/server/Datasets/MOLF/MindtctOutput/DB1_Lumidgm/45_1_1.xyt');

INSERT INTO Images
Values('/var/www/server/Datasets/MOLF/OriginalDataset/DB1_Lumidgm/45_2_1.wsq', '45.1.2', '45.1', 352, 544, 500);

INSERT INTO Features
Values('45.1.2', '45.1.2.1', 62);

INSERT INTO Minutiaes
Values('45.1.2.1.1', '45.1.2.1', '/var/www/server/Datasets/MOLF/MindtctOutput/DB1_Lumidgm/45_2_1.xyt');

INSERT INTO Images
Values('/var/www/server/Datasets/MOLF/OriginalDataset/DB1_Lumidgm/45_3_1.wsq', '45.1.3', '45.1', 352, 544, 500);

INSERT INTO Features
Values('45.1.3', '45.1.3.1', 61);

INSERT INTO Minutiaes
Values('45.1.3.1.1', '45.1.3.1', '/var/www/server/Datasets/MOLF/MindtctOutput/DB1_Lumidgm/45_3_1.xyt');

INSERT INTO Images
Values('/var/www/server/Datasets/MOLF/OriginalDataset/DB1_Lumidgm/45_4_1.wsq', '45.1.4', '45.1', 352, 544, 500);

INSERT INTO Features
Values('45.1.4', '45.1.4.1', 74);

INSERT INTO Minutiaes
Values('45.1.4.1.1', '45.1.4.1', '/var/www/server/Datasets/MOLF/MindtctOutput/DB1_Lumidgm/45_4_1.xyt');

INSERT INTO Fingers
Values(NULL, 2, '45.2', '45');

INSERT INTO Images
Values('/var/www/server/Datasets/MOLF/OriginalDataset/DB1_Lumidgm/45_1_2.wsq', '45.2.1', '45.2', 352, 544, 500);

INSERT INTO Features
Values('45.2.1', '45.2.1.1', 59);

INSERT INTO Minutiaes
Values('45.2.1.1.1', '45.2.1.1', '/var/www/server/Datasets/MOLF/MindtctOutput/DB1_Lumidgm/45_1_2.xyt');

INSERT INTO Images
Values('/var/www/server/Datasets/MOLF/OriginalDataset/DB1_Lumidgm/45_2_2.wsq', '45.2.2', '45.2', 352, 544, 500);

INSERT INTO Features
Values('45.2.2', '45.2.2.1', 43);

INSERT INTO Minutiaes
Values('45.2.2.1.1', '45.2.2.1', '/var/www/server/Datasets/MOLF/MindtctOutput/DB1_Lumidgm/45_2_2.xyt');

INSERT INTO Images
Values('/var/www/server/Datasets/MOLF/OriginalDataset/DB1_Lumidgm/45_3_2.wsq', '45.2.3', '45.2', 352, 544, 500);

INSERT INTO Features
Values('45.2.3', '45.2.3.1', 56);

INSERT INTO Minutiaes
Values('45.2.3.1.1', '45.2.3.1', '/var/www/server/Datasets/MOLF/MindtctOutput/DB1_Lumidgm/45_3_2.xyt');

INSERT INTO Images
Values('/var/www/server/Datasets/MOLF/OriginalDataset/DB1_Lumidgm/45_4_2.wsq', '45.2.4', '45.2', 352, 544, 500);

INSERT INTO Features
Values('45.2.4', '45.2.4.1', 34);

INSERT INTO Minutiaes
Values('45.2.4.1.1', '45.2.4.1', '/var/www/server/Datasets/MOLF/MindtctOutput/DB1_Lumidgm/45_4_2.xyt');

INSERT INTO Fingers
Values(NULL, 3, '45.3', '45');

INSERT INTO Images
Values('/var/www/server/Datasets/MOLF/OriginalDataset/DB1_Lumidgm/45_1_3.wsq', '45.3.1', '45.3', 352, 544, 500);

INSERT INTO Features
Values('45.3.1', '45.3.1.1', 72);

INSERT INTO Minutiaes
Values('45.3.1.1.1', '45.3.1.1', '/var/www/server/Datasets/MOLF/MindtctOutput/DB1_Lumidgm/45_1_3.xyt');

INSERT INTO Images
Values('/var/www/server/Datasets/MOLF/OriginalDataset/DB1_Lumidgm/45_2_3.wsq', '45.3.2', '45.3', 352, 544, 500);

INSERT INTO Features
Values('45.3.2', '45.3.2.1', 68);

INSERT INTO Minutiaes
Values('45.3.2.1.1', '45.3.2.1', '/var/www/server/Datasets/MOLF/MindtctOutput/DB1_Lumidgm/45_2_3.xyt');

INSERT INTO Images
Values('/var/www/server/Datasets/MOLF/OriginalDataset/DB1_Lumidgm/45_3_3.wsq', '45.3.3', '45.3', 352, 544, 500);

INSERT INTO Features
Values('45.3.3', '45.3.3.1', 74);

INSERT INTO Minutiaes
Values('45.3.3.1.1', '45.3.3.1', '/var/www/server/Datasets/MOLF/MindtctOutput/DB1_Lumidgm/45_3_3.xyt');

INSERT INTO Images
Values('/var/www/server/Datasets/MOLF/OriginalDataset/DB1_Lumidgm/45_4_3.wsq', '45.3.4', '45.3', 352, 544, 500);

INSERT INTO Features
Values('45.3.4', '45.3.4.1', 58);

INSERT INTO Minutiaes
Values('45.3.4.1.1', '45.3.4.1', '/var/www/server/Datasets/MOLF/MindtctOutput/DB1_Lumidgm/45_4_3.xyt');

INSERT INTO Fingers
Values(NULL, 4, '45.4', '45');

INSERT INTO Images
Values('/var/www/server/Datasets/MOLF/OriginalDataset/DB1_Lumidgm/45_1_4.wsq', '45.4.1', '45.4', 352, 544, 500);

INSERT INTO Features
Values('45.4.1', '45.4.1.1', 62);

INSERT INTO Minutiaes
Values('45.4.1.1.1', '45.4.1.1', '/var/www/server/Datasets/MOLF/MindtctOutput/DB1_Lumidgm/45_1_4.xyt');

INSERT INTO Images
Values('/var/www/server/Datasets/MOLF/OriginalDataset/DB1_Lumidgm/45_2_4.wsq', '45.4.2', '45.4', 352, 544, 500);

INSERT INTO Features
Values('45.4.2', '45.4.2.1', 67);

INSERT INTO Minutiaes
Values('45.4.2.1.1', '45.4.2.1', '/var/www/server/Datasets/MOLF/MindtctOutput/DB1_Lumidgm/45_2_4.xyt');

INSERT INTO Images
Values('/var/www/server/Datasets/MOLF/OriginalDataset/DB1_Lumidgm/45_3_4.wsq', '45.4.3', '45.4', 352, 544, 500);

INSERT INTO Features
Values('45.4.3', '45.4.3.1', 64);

INSERT INTO Minutiaes
Values('45.4.3.1.1', '45.4.3.1', '/var/www/server/Datasets/MOLF/MindtctOutput/DB1_Lumidgm/45_3_4.xyt');

INSERT INTO Images
Values('/var/www/server/Datasets/MOLF/OriginalDataset/DB1_Lumidgm/45_4_4.wsq', '45.4.4', '45.4', 352, 544, 500);

INSERT INTO Features
Values('45.4.4', '45.4.4.1', 58);

INSERT INTO Minutiaes
Values('45.4.4.1.1', '45.4.4.1', '/var/www/server/Datasets/MOLF/MindtctOutput/DB1_Lumidgm/45_4_4.xyt');

INSERT INTO Fingers
Values(NULL, 5, '45.5', '45');

INSERT INTO Images
Values('/var/www/server/Datasets/MOLF/OriginalDataset/DB1_Lumidgm/45_1_5.wsq', '45.5.1', '45.5', 352, 544, 500);

INSERT INTO Features
Values('45.5.1', '45.5.1.1', 69);

INSERT INTO Minutiaes
Values('45.5.1.1.1', '45.5.1.1', '/var/www/server/Datasets/MOLF/MindtctOutput/DB1_Lumidgm/45_1_5.xyt');

INSERT INTO Images
Values('/var/www/server/Datasets/MOLF/OriginalDataset/DB1_Lumidgm/45_2_5.wsq', '45.5.2', '45.5', 352, 544, 500);

INSERT INTO Features
Values('45.5.2', '45.5.2.1', 74);

INSERT INTO Minutiaes
Values('45.5.2.1.1', '45.5.2.1', '/var/www/server/Datasets/MOLF/MindtctOutput/DB1_Lumidgm/45_2_5.xyt');

INSERT INTO Images
Values('/var/www/server/Datasets/MOLF/OriginalDataset/DB1_Lumidgm/45_3_5.wsq', '45.5.3', '45.5', 352, 544, 500);

INSERT INTO Features
Values('45.5.3', '45.5.3.1', 65);

INSERT INTO Minutiaes
Values('45.5.3.1.1', '45.5.3.1', '/var/www/server/Datasets/MOLF/MindtctOutput/DB1_Lumidgm/45_3_5.xyt');

INSERT INTO Images
Values('/var/www/server/Datasets/MOLF/OriginalDataset/DB1_Lumidgm/45_4_5.wsq', '45.5.4', '45.5', 352, 544, 500);

INSERT INTO Features
Values('45.5.4', '45.5.4.1', 57);

INSERT INTO Minutiaes
Values('45.5.4.1.1', '45.5.4.1', '/var/www/server/Datasets/MOLF/MindtctOutput/DB1_Lumidgm/45_4_5.xyt');

INSERT INTO Fingers
Values(NULL, 6, '45.6', '45');

INSERT INTO Images
Values('/var/www/server/Datasets/MOLF/OriginalDataset/DB1_Lumidgm/45_1_6.wsq', '45.6.1', '45.6', 352, 544, 500);

INSERT INTO Features
Values('45.6.1', '45.6.1.1', 69);

INSERT INTO Minutiaes
Values('45.6.1.1.1', '45.6.1.1', '/var/www/server/Datasets/MOLF/MindtctOutput/DB1_Lumidgm/45_1_6.xyt');

INSERT INTO Images
Values('/var/www/server/Datasets/MOLF/OriginalDataset/DB1_Lumidgm/45_2_6.wsq', '45.6.2', '45.6', 352, 544, 500);

INSERT INTO Features
Values('45.6.2', '45.6.2.1', 60);

INSERT INTO Minutiaes
Values('45.6.2.1.1', '45.6.2.1', '/var/www/server/Datasets/MOLF/MindtctOutput/DB1_Lumidgm/45_2_6.xyt');

INSERT INTO Images
Values('/var/www/server/Datasets/MOLF/OriginalDataset/DB1_Lumidgm/45_3_6.wsq', '45.6.3', '45.6', 352, 544, 500);

INSERT INTO Features
Values('45.6.3', '45.6.3.1', 67);

INSERT INTO Minutiaes
Values('45.6.3.1.1', '45.6.3.1', '/var/www/server/Datasets/MOLF/MindtctOutput/DB1_Lumidgm/45_3_6.xyt');

INSERT INTO Images
Values('/var/www/server/Datasets/MOLF/OriginalDataset/DB1_Lumidgm/45_4_6.wsq', '45.6.4', '45.6', 352, 544, 500);

INSERT INTO Features
Values('45.6.4', '45.6.4.1', 63);

INSERT INTO Minutiaes
Values('45.6.4.1.1', '45.6.4.1', '/var/www/server/Datasets/MOLF/MindtctOutput/DB1_Lumidgm/45_4_6.xyt');

INSERT INTO Fingers
Values(NULL, 7, '45.7', '45');

INSERT INTO Images
Values('/var/www/server/Datasets/MOLF/OriginalDataset/DB1_Lumidgm/45_1_7.wsq', '45.7.1', '45.7', 352, 544, 500);

INSERT INTO Features
Values('45.7.1', '45.7.1.1', 66);

INSERT INTO Minutiaes
Values('45.7.1.1.1', '45.7.1.1', '/var/www/server/Datasets/MOLF/MindtctOutput/DB1_Lumidgm/45_1_7.xyt');

INSERT INTO Images
Values('/var/www/server/Datasets/MOLF/OriginalDataset/DB1_Lumidgm/45_2_7.wsq', '45.7.2', '45.7', 352, 544, 500);

INSERT INTO Features
Values('45.7.2', '45.7.2.1', 64);

INSERT INTO Minutiaes
Values('45.7.2.1.1', '45.7.2.1', '/var/www/server/Datasets/MOLF/MindtctOutput/DB1_Lumidgm/45_2_7.xyt');

INSERT INTO Images
Values('/var/www/server/Datasets/MOLF/OriginalDataset/DB1_Lumidgm/45_3_7.wsq', '45.7.3', '45.7', 352, 544, 500);

INSERT INTO Features
Values('45.7.3', '45.7.3.1', 61);

INSERT INTO Minutiaes
Values('45.7.3.1.1', '45.7.3.1', '/var/www/server/Datasets/MOLF/MindtctOutput/DB1_Lumidgm/45_3_7.xyt');

INSERT INTO Images
Values('/var/www/server/Datasets/MOLF/OriginalDataset/DB1_Lumidgm/45_4_7.wsq', '45.7.4', '45.7', 352, 544, 500);

INSERT INTO Features
Values('45.7.4', '45.7.4.1', 53);

INSERT INTO Minutiaes
Values('45.7.4.1.1', '45.7.4.1', '/var/www/server/Datasets/MOLF/MindtctOutput/DB1_Lumidgm/45_4_7.xyt');

INSERT INTO Fingers
Values(NULL, 8, '45.8', '45');

INSERT INTO Images
Values('/var/www/server/Datasets/MOLF/OriginalDataset/DB1_Lumidgm/45_1_8.wsq', '45.8.1', '45.8', 352, 544, 500);

INSERT INTO Features
Values('45.8.1', '45.8.1.1', 75);

INSERT INTO Minutiaes
Values('45.8.1.1.1', '45.8.1.1', '/var/www/server/Datasets/MOLF/MindtctOutput/DB1_Lumidgm/45_1_8.xyt');

INSERT INTO Images
Values('/var/www/server/Datasets/MOLF/OriginalDataset/DB1_Lumidgm/45_2_8.wsq', '45.8.2', '45.8', 352, 544, 500);

INSERT INTO Features
Values('45.8.2', '45.8.2.1', 80);

INSERT INTO Minutiaes
Values('45.8.2.1.1', '45.8.2.1', '/var/www/server/Datasets/MOLF/MindtctOutput/DB1_Lumidgm/45_2_8.xyt');

INSERT INTO Images
Values('/var/www/server/Datasets/MOLF/OriginalDataset/DB1_Lumidgm/45_3_8.wsq', '45.8.3', '45.8', 352, 544, 500);

INSERT INTO Features
Values('45.8.3', '45.8.3.1', 70);

INSERT INTO Minutiaes
Values('45.8.3.1.1', '45.8.3.1', '/var/www/server/Datasets/MOLF/MindtctOutput/DB1_Lumidgm/45_3_8.xyt');

INSERT INTO Images
Values('/var/www/server/Datasets/MOLF/OriginalDataset/DB1_Lumidgm/45_4_8.wsq', '45.8.4', '45.8', 352, 544, 500);

INSERT INTO Features
Values('45.8.4', '45.8.4.1', 69);

INSERT INTO Minutiaes
Values('45.8.4.1.1', '45.8.4.1', '/var/www/server/Datasets/MOLF/MindtctOutput/DB1_Lumidgm/45_4_8.xyt');

INSERT INTO Fingers
Values(NULL, 9, '45.9', '45');

INSERT INTO Images
Values('/var/www/server/Datasets/MOLF/OriginalDataset/DB1_Lumidgm/45_1_9.wsq', '45.9.1', '45.9', 352, 544, 500);

INSERT INTO Features
Values('45.9.1', '45.9.1.1', 86);

INSERT INTO Minutiaes
Values('45.9.1.1.1', '45.9.1.1', '/var/www/server/Datasets/MOLF/MindtctOutput/DB1_Lumidgm/45_1_9.xyt');

INSERT INTO Images
Values('/var/www/server/Datasets/MOLF/OriginalDataset/DB1_Lumidgm/45_2_9.wsq', '45.9.2', '45.9', 352, 544, 500);

INSERT INTO Features
Values('45.9.2', '45.9.2.1', 70);

INSERT INTO Minutiaes
Values('45.9.2.1.1', '45.9.2.1', '/var/www/server/Datasets/MOLF/MindtctOutput/DB1_Lumidgm/45_2_9.xyt');

INSERT INTO Images
Values('/var/www/server/Datasets/MOLF/OriginalDataset/DB1_Lumidgm/45_3_9.wsq', '45.9.3', '45.9', 352, 544, 500);

INSERT INTO Features
Values('45.9.3', '45.9.3.1', 102);

INSERT INTO Minutiaes
Values('45.9.3.1.1', '45.9.3.1', '/var/www/server/Datasets/MOLF/MindtctOutput/DB1_Lumidgm/45_3_9.xyt');

INSERT INTO Images
Values('/var/www/server/Datasets/MOLF/OriginalDataset/DB1_Lumidgm/45_4_9.wsq', '45.9.4', '45.9', 352, 544, 500);

INSERT INTO Features
Values('45.9.4', '45.9.4.1', 78);

INSERT INTO Minutiaes
Values('45.9.4.1.1', '45.9.4.1', '/var/www/server/Datasets/MOLF/MindtctOutput/DB1_Lumidgm/45_4_9.xyt');

INSERT INTO Fingers
Values(NULL, 10, '45.10', '45');

INSERT INTO Images
Values('/var/www/server/Datasets/MOLF/OriginalDataset/DB1_Lumidgm/45_1_10.wsq', '45.10.1', '45.10', 352, 544, 500);

INSERT INTO Features
Values('45.10.1', '45.10.1.1', 86);

INSERT INTO Minutiaes
Values('45.10.1.1.1', '45.10.1.1', '/var/www/server/Datasets/MOLF/MindtctOutput/DB1_Lumidgm/45_1_10.xyt');

INSERT INTO Images
Values('/var/www/server/Datasets/MOLF/OriginalDataset/DB1_Lumidgm/45_2_10.wsq', '45.10.2', '45.10', 352, 544, 500);

INSERT INTO Features
Values('45.10.2', '45.10.2.1', 82);

INSERT INTO Minutiaes
Values('45.10.2.1.1', '45.10.2.1', '/var/www/server/Datasets/MOLF/MindtctOutput/DB1_Lumidgm/45_2_10.xyt');

INSERT INTO Images
Values('/var/www/server/Datasets/MOLF/OriginalDataset/DB1_Lumidgm/45_3_10.wsq', '45.10.3', '45.10', 352, 544, 500);

INSERT INTO Features
Values('45.10.3', '45.10.3.1', 77);

INSERT INTO Minutiaes
Values('45.10.3.1.1', '45.10.3.1', '/var/www/server/Datasets/MOLF/MindtctOutput/DB1_Lumidgm/45_3_10.xyt');

INSERT INTO Images
Values('/var/www/server/Datasets/MOLF/OriginalDataset/DB1_Lumidgm/45_4_10.wsq', '45.10.4', '45.10', 352, 544, 500);

INSERT INTO Features
Values('45.10.4', '45.10.4.1', 79);

INSERT INTO Minutiaes
Values('45.10.4.1.1', '45.10.4.1', '/var/www/server/Datasets/MOLF/MindtctOutput/DB1_Lumidgm/45_4_10.xyt');

#------------------------SUBJECT 46------------------------
INSERT INTO Subjects
Values('46');

INSERT INTO Fingers
Values(NULL, 1, '46.1', '46');

INSERT INTO Images
Values('/var/www/server/Datasets/MOLF/OriginalDataset/DB1_Lumidgm/46_1_1.wsq', '46.1.1', '46.1', 352, 544, 500);

INSERT INTO Features
Values('46.1.1', '46.1.1.1', 37);

INSERT INTO Minutiaes
Values('46.1.1.1.1', '46.1.1.1', '/var/www/server/Datasets/MOLF/MindtctOutput/DB1_Lumidgm/46_1_1.xyt');

INSERT INTO Images
Values('/var/www/server/Datasets/MOLF/OriginalDataset/DB1_Lumidgm/46_2_1.wsq', '46.1.2', '46.1', 352, 544, 500);

INSERT INTO Features
Values('46.1.2', '46.1.2.1', 46);

INSERT INTO Minutiaes
Values('46.1.2.1.1', '46.1.2.1', '/var/www/server/Datasets/MOLF/MindtctOutput/DB1_Lumidgm/46_2_1.xyt');

INSERT INTO Images
Values('/var/www/server/Datasets/MOLF/OriginalDataset/DB1_Lumidgm/46_3_1.wsq', '46.1.3', '46.1', 352, 544, 500);

INSERT INTO Features
Values('46.1.3', '46.1.3.1', 34);

INSERT INTO Minutiaes
Values('46.1.3.1.1', '46.1.3.1', '/var/www/server/Datasets/MOLF/MindtctOutput/DB1_Lumidgm/46_3_1.xyt');

INSERT INTO Images
Values('/var/www/server/Datasets/MOLF/OriginalDataset/DB1_Lumidgm/46_4_1.wsq', '46.1.4', '46.1', 352, 544, 500);

INSERT INTO Features
Values('46.1.4', '46.1.4.1', 31);

INSERT INTO Minutiaes
Values('46.1.4.1.1', '46.1.4.1', '/var/www/server/Datasets/MOLF/MindtctOutput/DB1_Lumidgm/46_4_1.xyt');

INSERT INTO Fingers
Values(NULL, 2, '46.2', '46');

INSERT INTO Images
Values('/var/www/server/Datasets/MOLF/OriginalDataset/DB1_Lumidgm/46_1_2.wsq', '46.2.1', '46.2', 352, 544, 500);

INSERT INTO Features
Values('46.2.1', '46.2.1.1', 60);

INSERT INTO Minutiaes
Values('46.2.1.1.1', '46.2.1.1', '/var/www/server/Datasets/MOLF/MindtctOutput/DB1_Lumidgm/46_1_2.xyt');

INSERT INTO Images
Values('/var/www/server/Datasets/MOLF/OriginalDataset/DB1_Lumidgm/46_2_2.wsq', '46.2.2', '46.2', 352, 544, 500);

INSERT INTO Features
Values('46.2.2', '46.2.2.1', 50);

INSERT INTO Minutiaes
Values('46.2.2.1.1', '46.2.2.1', '/var/www/server/Datasets/MOLF/MindtctOutput/DB1_Lumidgm/46_2_2.xyt');

INSERT INTO Images
Values('/var/www/server/Datasets/MOLF/OriginalDataset/DB1_Lumidgm/46_3_2.wsq', '46.2.3', '46.2', 352, 544, 500);

INSERT INTO Features
Values('46.2.3', '46.2.3.1', 54);

INSERT INTO Minutiaes
Values('46.2.3.1.1', '46.2.3.1', '/var/www/server/Datasets/MOLF/MindtctOutput/DB1_Lumidgm/46_3_2.xyt');

INSERT INTO Images
Values('/var/www/server/Datasets/MOLF/OriginalDataset/DB1_Lumidgm/46_4_2.wsq', '46.2.4', '46.2', 352, 544, 500);

INSERT INTO Features
Values('46.2.4', '46.2.4.1', 47);

INSERT INTO Minutiaes
Values('46.2.4.1.1', '46.2.4.1', '/var/www/server/Datasets/MOLF/MindtctOutput/DB1_Lumidgm/46_4_2.xyt');

INSERT INTO Fingers
Values(NULL, 3, '46.3', '46');

INSERT INTO Images
Values('/var/www/server/Datasets/MOLF/OriginalDataset/DB1_Lumidgm/46_1_3.wsq', '46.3.1', '46.3', 352, 544, 500);

INSERT INTO Features
Values('46.3.1', '46.3.1.1', 56);

INSERT INTO Minutiaes
Values('46.3.1.1.1', '46.3.1.1', '/var/www/server/Datasets/MOLF/MindtctOutput/DB1_Lumidgm/46_1_3.xyt');

INSERT INTO Images
Values('/var/www/server/Datasets/MOLF/OriginalDataset/DB1_Lumidgm/46_2_3.wsq', '46.3.2', '46.3', 352, 544, 500);

INSERT INTO Features
Values('46.3.2', '46.3.2.1', 66);

INSERT INTO Minutiaes
Values('46.3.2.1.1', '46.3.2.1', '/var/www/server/Datasets/MOLF/MindtctOutput/DB1_Lumidgm/46_2_3.xyt');

INSERT INTO Images
Values('/var/www/server/Datasets/MOLF/OriginalDataset/DB1_Lumidgm/46_3_3.wsq', '46.3.3', '46.3', 352, 544, 500);

INSERT INTO Features
Values('46.3.3', '46.3.3.1', 57);

INSERT INTO Minutiaes
Values('46.3.3.1.1', '46.3.3.1', '/var/www/server/Datasets/MOLF/MindtctOutput/DB1_Lumidgm/46_3_3.xyt');

INSERT INTO Images
Values('/var/www/server/Datasets/MOLF/OriginalDataset/DB1_Lumidgm/46_4_3.wsq', '46.3.4', '46.3', 352, 544, 500);

INSERT INTO Features
Values('46.3.4', '46.3.4.1', 65);

INSERT INTO Minutiaes
Values('46.3.4.1.1', '46.3.4.1', '/var/www/server/Datasets/MOLF/MindtctOutput/DB1_Lumidgm/46_4_3.xyt');

INSERT INTO Fingers
Values(NULL, 4, '46.4', '46');

INSERT INTO Images
Values('/var/www/server/Datasets/MOLF/OriginalDataset/DB1_Lumidgm/46_1_4.wsq', '46.4.1', '46.4', 352, 544, 500);

INSERT INTO Features
Values('46.4.1', '46.4.1.1', 69);

INSERT INTO Minutiaes
Values('46.4.1.1.1', '46.4.1.1', '/var/www/server/Datasets/MOLF/MindtctOutput/DB1_Lumidgm/46_1_4.xyt');

INSERT INTO Images
Values('/var/www/server/Datasets/MOLF/OriginalDataset/DB1_Lumidgm/46_2_4.wsq', '46.4.2', '46.4', 352, 544, 500);

INSERT INTO Features
Values('46.4.2', '46.4.2.1', 66);

INSERT INTO Minutiaes
Values('46.4.2.1.1', '46.4.2.1', '/var/www/server/Datasets/MOLF/MindtctOutput/DB1_Lumidgm/46_2_4.xyt');

INSERT INTO Images
Values('/var/www/server/Datasets/MOLF/OriginalDataset/DB1_Lumidgm/46_3_4.wsq', '46.4.3', '46.4', 352, 544, 500);

INSERT INTO Features
Values('46.4.3', '46.4.3.1', 65);

INSERT INTO Minutiaes
Values('46.4.3.1.1', '46.4.3.1', '/var/www/server/Datasets/MOLF/MindtctOutput/DB1_Lumidgm/46_3_4.xyt');

INSERT INTO Images
Values('/var/www/server/Datasets/MOLF/OriginalDataset/DB1_Lumidgm/46_4_4.wsq', '46.4.4', '46.4', 352, 544, 500);

INSERT INTO Features
Values('46.4.4', '46.4.4.1', 65);

INSERT INTO Minutiaes
Values('46.4.4.1.1', '46.4.4.1', '/var/www/server/Datasets/MOLF/MindtctOutput/DB1_Lumidgm/46_4_4.xyt');

INSERT INTO Fingers
Values(NULL, 5, '46.5', '46');

INSERT INTO Images
Values('/var/www/server/Datasets/MOLF/OriginalDataset/DB1_Lumidgm/46_1_5.wsq', '46.5.1', '46.5', 352, 544, 500);

INSERT INTO Features
Values('46.5.1', '46.5.1.1', 45);

INSERT INTO Minutiaes
Values('46.5.1.1.1', '46.5.1.1', '/var/www/server/Datasets/MOLF/MindtctOutput/DB1_Lumidgm/46_1_5.xyt');

INSERT INTO Images
Values('/var/www/server/Datasets/MOLF/OriginalDataset/DB1_Lumidgm/46_2_5.wsq', '46.5.2', '46.5', 352, 544, 500);

INSERT INTO Features
Values('46.5.2', '46.5.2.1', 51);

INSERT INTO Minutiaes
Values('46.5.2.1.1', '46.5.2.1', '/var/www/server/Datasets/MOLF/MindtctOutput/DB1_Lumidgm/46_2_5.xyt');

INSERT INTO Images
Values('/var/www/server/Datasets/MOLF/OriginalDataset/DB1_Lumidgm/46_3_5.wsq', '46.5.3', '46.5', 352, 544, 500);

INSERT INTO Features
Values('46.5.3', '46.5.3.1', 54);

INSERT INTO Minutiaes
Values('46.5.3.1.1', '46.5.3.1', '/var/www/server/Datasets/MOLF/MindtctOutput/DB1_Lumidgm/46_3_5.xyt');

INSERT INTO Images
Values('/var/www/server/Datasets/MOLF/OriginalDataset/DB1_Lumidgm/46_4_5.wsq', '46.5.4', '46.5', 352, 544, 500);

INSERT INTO Features
Values('46.5.4', '46.5.4.1', 66);

INSERT INTO Minutiaes
Values('46.5.4.1.1', '46.5.4.1', '/var/www/server/Datasets/MOLF/MindtctOutput/DB1_Lumidgm/46_4_5.xyt');

INSERT INTO Fingers
Values(NULL, 6, '46.6', '46');

INSERT INTO Images
Values('/var/www/server/Datasets/MOLF/OriginalDataset/DB1_Lumidgm/46_1_6.wsq', '46.6.1', '46.6', 352, 544, 500);

INSERT INTO Features
Values('46.6.1', '46.6.1.1', 75);

INSERT INTO Minutiaes
Values('46.6.1.1.1', '46.6.1.1', '/var/www/server/Datasets/MOLF/MindtctOutput/DB1_Lumidgm/46_1_6.xyt');

INSERT INTO Images
Values('/var/www/server/Datasets/MOLF/OriginalDataset/DB1_Lumidgm/46_2_6.wsq', '46.6.2', '46.6', 352, 544, 500);

INSERT INTO Features
Values('46.6.2', '46.6.2.1', 59);

INSERT INTO Minutiaes
Values('46.6.2.1.1', '46.6.2.1', '/var/www/server/Datasets/MOLF/MindtctOutput/DB1_Lumidgm/46_2_6.xyt');

INSERT INTO Images
Values('/var/www/server/Datasets/MOLF/OriginalDataset/DB1_Lumidgm/46_3_6.wsq', '46.6.3', '46.6', 352, 544, 500);

INSERT INTO Features
Values('46.6.3', '46.6.3.1', 57);

INSERT INTO Minutiaes
Values('46.6.3.1.1', '46.6.3.1', '/var/www/server/Datasets/MOLF/MindtctOutput/DB1_Lumidgm/46_3_6.xyt');

INSERT INTO Images
Values('/var/www/server/Datasets/MOLF/OriginalDataset/DB1_Lumidgm/46_4_6.wsq', '46.6.4', '46.6', 352, 544, 500);

INSERT INTO Features
Values('46.6.4', '46.6.4.1', 52);

INSERT INTO Minutiaes
Values('46.6.4.1.1', '46.6.4.1', '/var/www/server/Datasets/MOLF/MindtctOutput/DB1_Lumidgm/46_4_6.xyt');

INSERT INTO Fingers
Values(NULL, 7, '46.7', '46');

INSERT INTO Images
Values('/var/www/server/Datasets/MOLF/OriginalDataset/DB1_Lumidgm/46_1_7.wsq', '46.7.1', '46.7', 352, 544, 500);

INSERT INTO Features
Values('46.7.1', '46.7.1.1', 64);

INSERT INTO Minutiaes
Values('46.7.1.1.1', '46.7.1.1', '/var/www/server/Datasets/MOLF/MindtctOutput/DB1_Lumidgm/46_1_7.xyt');

INSERT INTO Images
Values('/var/www/server/Datasets/MOLF/OriginalDataset/DB1_Lumidgm/46_2_7.wsq', '46.7.2', '46.7', 352, 544, 500);

INSERT INTO Features
Values('46.7.2', '46.7.2.1', 64);

INSERT INTO Minutiaes
Values('46.7.2.1.1', '46.7.2.1', '/var/www/server/Datasets/MOLF/MindtctOutput/DB1_Lumidgm/46_2_7.xyt');

INSERT INTO Images
Values('/var/www/server/Datasets/MOLF/OriginalDataset/DB1_Lumidgm/46_3_7.wsq', '46.7.3', '46.7', 352, 544, 500);

INSERT INTO Features
Values('46.7.3', '46.7.3.1', 39);

INSERT INTO Minutiaes
Values('46.7.3.1.1', '46.7.3.1', '/var/www/server/Datasets/MOLF/MindtctOutput/DB1_Lumidgm/46_3_7.xyt');

INSERT INTO Images
Values('/var/www/server/Datasets/MOLF/OriginalDataset/DB1_Lumidgm/46_4_7.wsq', '46.7.4', '46.7', 352, 544, 500);

INSERT INTO Features
Values('46.7.4', '46.7.4.1', 38);

INSERT INTO Minutiaes
Values('46.7.4.1.1', '46.7.4.1', '/var/www/server/Datasets/MOLF/MindtctOutput/DB1_Lumidgm/46_4_7.xyt');

INSERT INTO Fingers
Values(NULL, 8, '46.8', '46');

INSERT INTO Images
Values('/var/www/server/Datasets/MOLF/OriginalDataset/DB1_Lumidgm/46_1_8.wsq', '46.8.1', '46.8', 352, 544, 500);

INSERT INTO Features
Values('46.8.1', '46.8.1.1', 58);

INSERT INTO Minutiaes
Values('46.8.1.1.1', '46.8.1.1', '/var/www/server/Datasets/MOLF/MindtctOutput/DB1_Lumidgm/46_1_8.xyt');

INSERT INTO Images
Values('/var/www/server/Datasets/MOLF/OriginalDataset/DB1_Lumidgm/46_2_8.wsq', '46.8.2', '46.8', 352, 544, 500);

INSERT INTO Features
Values('46.8.2', '46.8.2.1', 73);

INSERT INTO Minutiaes
Values('46.8.2.1.1', '46.8.2.1', '/var/www/server/Datasets/MOLF/MindtctOutput/DB1_Lumidgm/46_2_8.xyt');

INSERT INTO Images
Values('/var/www/server/Datasets/MOLF/OriginalDataset/DB1_Lumidgm/46_3_8.wsq', '46.8.3', '46.8', 352, 544, 500);

INSERT INTO Features
Values('46.8.3', '46.8.3.1', 69);

INSERT INTO Minutiaes
Values('46.8.3.1.1', '46.8.3.1', '/var/www/server/Datasets/MOLF/MindtctOutput/DB1_Lumidgm/46_3_8.xyt');

INSERT INTO Images
Values('/var/www/server/Datasets/MOLF/OriginalDataset/DB1_Lumidgm/46_4_8.wsq', '46.8.4', '46.8', 352, 544, 500);

INSERT INTO Features
Values('46.8.4', '46.8.4.1', 59);

INSERT INTO Minutiaes
Values('46.8.4.1.1', '46.8.4.1', '/var/www/server/Datasets/MOLF/MindtctOutput/DB1_Lumidgm/46_4_8.xyt');

INSERT INTO Fingers
Values(NULL, 9, '46.9', '46');

INSERT INTO Images
Values('/var/www/server/Datasets/MOLF/OriginalDataset/DB1_Lumidgm/46_1_9.wsq', '46.9.1', '46.9', 352, 544, 500);

INSERT INTO Features
Values('46.9.1', '46.9.1.1', 64);

INSERT INTO Minutiaes
Values('46.9.1.1.1', '46.9.1.1', '/var/www/server/Datasets/MOLF/MindtctOutput/DB1_Lumidgm/46_1_9.xyt');

INSERT INTO Images
Values('/var/www/server/Datasets/MOLF/OriginalDataset/DB1_Lumidgm/46_2_9.wsq', '46.9.2', '46.9', 352, 544, 500);

INSERT INTO Features
Values('46.9.2', '46.9.2.1', 63);

INSERT INTO Minutiaes
Values('46.9.2.1.1', '46.9.2.1', '/var/www/server/Datasets/MOLF/MindtctOutput/DB1_Lumidgm/46_2_9.xyt');

INSERT INTO Images
Values('/var/www/server/Datasets/MOLF/OriginalDataset/DB1_Lumidgm/46_3_9.wsq', '46.9.3', '46.9', 352, 544, 500);

INSERT INTO Features
Values('46.9.3', '46.9.3.1', 66);

INSERT INTO Minutiaes
Values('46.9.3.1.1', '46.9.3.1', '/var/www/server/Datasets/MOLF/MindtctOutput/DB1_Lumidgm/46_3_9.xyt');

INSERT INTO Images
Values('/var/www/server/Datasets/MOLF/OriginalDataset/DB1_Lumidgm/46_4_9.wsq', '46.9.4', '46.9', 352, 544, 500);

INSERT INTO Features
Values('46.9.4', '46.9.4.1', 64);

INSERT INTO Minutiaes
Values('46.9.4.1.1', '46.9.4.1', '/var/www/server/Datasets/MOLF/MindtctOutput/DB1_Lumidgm/46_4_9.xyt');

INSERT INTO Fingers
Values(NULL, 10, '46.10', '46');

INSERT INTO Images
Values('/var/www/server/Datasets/MOLF/OriginalDataset/DB1_Lumidgm/46_1_10.wsq', '46.10.1', '46.10', 352, 544, 500);

INSERT INTO Features
Values('46.10.1', '46.10.1.1', 70);

INSERT INTO Minutiaes
Values('46.10.1.1.1', '46.10.1.1', '/var/www/server/Datasets/MOLF/MindtctOutput/DB1_Lumidgm/46_1_10.xyt');

INSERT INTO Images
Values('/var/www/server/Datasets/MOLF/OriginalDataset/DB1_Lumidgm/46_2_10.wsq', '46.10.2', '46.10', 352, 544, 500);

INSERT INTO Features
Values('46.10.2', '46.10.2.1', 54);

INSERT INTO Minutiaes
Values('46.10.2.1.1', '46.10.2.1', '/var/www/server/Datasets/MOLF/MindtctOutput/DB1_Lumidgm/46_2_10.xyt');

INSERT INTO Images
Values('/var/www/server/Datasets/MOLF/OriginalDataset/DB1_Lumidgm/46_3_10.wsq', '46.10.3', '46.10', 352, 544, 500);

INSERT INTO Features
Values('46.10.3', '46.10.3.1', 58);

INSERT INTO Minutiaes
Values('46.10.3.1.1', '46.10.3.1', '/var/www/server/Datasets/MOLF/MindtctOutput/DB1_Lumidgm/46_3_10.xyt');

INSERT INTO Images
Values('/var/www/server/Datasets/MOLF/OriginalDataset/DB1_Lumidgm/46_4_10.wsq', '46.10.4', '46.10', 352, 544, 500);

INSERT INTO Features
Values('46.10.4', '46.10.4.1', 59);

INSERT INTO Minutiaes
Values('46.10.4.1.1', '46.10.4.1', '/var/www/server/Datasets/MOLF/MindtctOutput/DB1_Lumidgm/46_4_10.xyt');

#------------------------SUBJECT 47------------------------
INSERT INTO Subjects
Values('47');

INSERT INTO Fingers
Values(NULL, 1, '47.1', '47');

INSERT INTO Images
Values('/var/www/server/Datasets/MOLF/OriginalDataset/DB1_Lumidgm/47_1_1.wsq', '47.1.1', '47.1', 352, 544, 500);

INSERT INTO Features
Values('47.1.1', '47.1.1.1', 58);

INSERT INTO Minutiaes
Values('47.1.1.1.1', '47.1.1.1', '/var/www/server/Datasets/MOLF/MindtctOutput/DB1_Lumidgm/47_1_1.xyt');

INSERT INTO Images
Values('/var/www/server/Datasets/MOLF/OriginalDataset/DB1_Lumidgm/47_2_1.wsq', '47.1.2', '47.1', 352, 544, 500);

INSERT INTO Features
Values('47.1.2', '47.1.2.1', 73);

INSERT INTO Minutiaes
Values('47.1.2.1.1', '47.1.2.1', '/var/www/server/Datasets/MOLF/MindtctOutput/DB1_Lumidgm/47_2_1.xyt');

INSERT INTO Images
Values('/var/www/server/Datasets/MOLF/OriginalDataset/DB1_Lumidgm/47_3_1.wsq', '47.1.3', '47.1', 352, 544, 500);

INSERT INTO Features
Values('47.1.3', '47.1.3.1', 71);

INSERT INTO Minutiaes
Values('47.1.3.1.1', '47.1.3.1', '/var/www/server/Datasets/MOLF/MindtctOutput/DB1_Lumidgm/47_3_1.xyt');

INSERT INTO Images
Values('/var/www/server/Datasets/MOLF/OriginalDataset/DB1_Lumidgm/47_4_1.wsq', '47.1.4', '47.1', 352, 544, 500);

INSERT INTO Features
Values('47.1.4', '47.1.4.1', 64);

INSERT INTO Minutiaes
Values('47.1.4.1.1', '47.1.4.1', '/var/www/server/Datasets/MOLF/MindtctOutput/DB1_Lumidgm/47_4_1.xyt');

INSERT INTO Fingers
Values(NULL, 2, '47.2', '47');

INSERT INTO Images
Values('/var/www/server/Datasets/MOLF/OriginalDataset/DB1_Lumidgm/47_1_2.wsq', '47.2.1', '47.2', 352, 544, 500);

INSERT INTO Features
Values('47.2.1', '47.2.1.1', 66);

INSERT INTO Minutiaes
Values('47.2.1.1.1', '47.2.1.1', '/var/www/server/Datasets/MOLF/MindtctOutput/DB1_Lumidgm/47_1_2.xyt');

INSERT INTO Images
Values('/var/www/server/Datasets/MOLF/OriginalDataset/DB1_Lumidgm/47_2_2.wsq', '47.2.2', '47.2', 352, 544, 500);

INSERT INTO Features
Values('47.2.2', '47.2.2.1', 67);

INSERT INTO Minutiaes
Values('47.2.2.1.1', '47.2.2.1', '/var/www/server/Datasets/MOLF/MindtctOutput/DB1_Lumidgm/47_2_2.xyt');

INSERT INTO Images
Values('/var/www/server/Datasets/MOLF/OriginalDataset/DB1_Lumidgm/47_3_2.wsq', '47.2.3', '47.2', 352, 544, 500);

INSERT INTO Features
Values('47.2.3', '47.2.3.1', 74);

INSERT INTO Minutiaes
Values('47.2.3.1.1', '47.2.3.1', '/var/www/server/Datasets/MOLF/MindtctOutput/DB1_Lumidgm/47_3_2.xyt');

INSERT INTO Images
Values('/var/www/server/Datasets/MOLF/OriginalDataset/DB1_Lumidgm/47_4_2.wsq', '47.2.4', '47.2', 352, 544, 500);

INSERT INTO Features
Values('47.2.4', '47.2.4.1', 69);

INSERT INTO Minutiaes
Values('47.2.4.1.1', '47.2.4.1', '/var/www/server/Datasets/MOLF/MindtctOutput/DB1_Lumidgm/47_4_2.xyt');

INSERT INTO Fingers
Values(NULL, 3, '47.3', '47');

INSERT INTO Images
Values('/var/www/server/Datasets/MOLF/OriginalDataset/DB1_Lumidgm/47_1_3.wsq', '47.3.1', '47.3', 352, 544, 500);

INSERT INTO Features
Values('47.3.1', '47.3.1.1', 72);

INSERT INTO Minutiaes
Values('47.3.1.1.1', '47.3.1.1', '/var/www/server/Datasets/MOLF/MindtctOutput/DB1_Lumidgm/47_1_3.xyt');

INSERT INTO Images
Values('/var/www/server/Datasets/MOLF/OriginalDataset/DB1_Lumidgm/47_2_3.wsq', '47.3.2', '47.3', 352, 544, 500);

INSERT INTO Features
Values('47.3.2', '47.3.2.1', 61);

INSERT INTO Minutiaes
Values('47.3.2.1.1', '47.3.2.1', '/var/www/server/Datasets/MOLF/MindtctOutput/DB1_Lumidgm/47_2_3.xyt');

INSERT INTO Images
Values('/var/www/server/Datasets/MOLF/OriginalDataset/DB1_Lumidgm/47_3_3.wsq', '47.3.3', '47.3', 352, 544, 500);

INSERT INTO Features
Values('47.3.3', '47.3.3.1', 63);

INSERT INTO Minutiaes
Values('47.3.3.1.1', '47.3.3.1', '/var/www/server/Datasets/MOLF/MindtctOutput/DB1_Lumidgm/47_3_3.xyt');

INSERT INTO Images
Values('/var/www/server/Datasets/MOLF/OriginalDataset/DB1_Lumidgm/47_4_3.wsq', '47.3.4', '47.3', 352, 544, 500);

INSERT INTO Features
Values('47.3.4', '47.3.4.1', 64);

INSERT INTO Minutiaes
Values('47.3.4.1.1', '47.3.4.1', '/var/www/server/Datasets/MOLF/MindtctOutput/DB1_Lumidgm/47_4_3.xyt');

INSERT INTO Fingers
Values(NULL, 4, '47.4', '47');

INSERT INTO Images
Values('/var/www/server/Datasets/MOLF/OriginalDataset/DB1_Lumidgm/47_1_4.wsq', '47.4.1', '47.4', 352, 544, 500);

INSERT INTO Features
Values('47.4.1', '47.4.1.1', 61);

INSERT INTO Minutiaes
Values('47.4.1.1.1', '47.4.1.1', '/var/www/server/Datasets/MOLF/MindtctOutput/DB1_Lumidgm/47_1_4.xyt');

INSERT INTO Images
Values('/var/www/server/Datasets/MOLF/OriginalDataset/DB1_Lumidgm/47_2_4.wsq', '47.4.2', '47.4', 352, 544, 500);

INSERT INTO Features
Values('47.4.2', '47.4.2.1', 85);

INSERT INTO Minutiaes
Values('47.4.2.1.1', '47.4.2.1', '/var/www/server/Datasets/MOLF/MindtctOutput/DB1_Lumidgm/47_2_4.xyt');

INSERT INTO Images
Values('/var/www/server/Datasets/MOLF/OriginalDataset/DB1_Lumidgm/47_3_4.wsq', '47.4.3', '47.4', 352, 544, 500);

INSERT INTO Features
Values('47.4.3', '47.4.3.1', 66);

INSERT INTO Minutiaes
Values('47.4.3.1.1', '47.4.3.1', '/var/www/server/Datasets/MOLF/MindtctOutput/DB1_Lumidgm/47_3_4.xyt');

INSERT INTO Images
Values('/var/www/server/Datasets/MOLF/OriginalDataset/DB1_Lumidgm/47_4_4.wsq', '47.4.4', '47.4', 352, 544, 500);

INSERT INTO Features
Values('47.4.4', '47.4.4.1', 65);

INSERT INTO Minutiaes
Values('47.4.4.1.1', '47.4.4.1', '/var/www/server/Datasets/MOLF/MindtctOutput/DB1_Lumidgm/47_4_4.xyt');

INSERT INTO Fingers
Values(NULL, 5, '47.5', '47');

INSERT INTO Images
Values('/var/www/server/Datasets/MOLF/OriginalDataset/DB1_Lumidgm/47_1_5.wsq', '47.5.1', '47.5', 352, 544, 500);

INSERT INTO Features
Values('47.5.1', '47.5.1.1', 45);

INSERT INTO Minutiaes
Values('47.5.1.1.1', '47.5.1.1', '/var/www/server/Datasets/MOLF/MindtctOutput/DB1_Lumidgm/47_1_5.xyt');

INSERT INTO Images
Values('/var/www/server/Datasets/MOLF/OriginalDataset/DB1_Lumidgm/47_2_5.wsq', '47.5.2', '47.5', 352, 544, 500);

INSERT INTO Features
Values('47.5.2', '47.5.2.1', 55);

INSERT INTO Minutiaes
Values('47.5.2.1.1', '47.5.2.1', '/var/www/server/Datasets/MOLF/MindtctOutput/DB1_Lumidgm/47_2_5.xyt');

INSERT INTO Images
Values('/var/www/server/Datasets/MOLF/OriginalDataset/DB1_Lumidgm/47_3_5.wsq', '47.5.3', '47.5', 352, 544, 500);

INSERT INTO Features
Values('47.5.3', '47.5.3.1', 35);

INSERT INTO Minutiaes
Values('47.5.3.1.1', '47.5.3.1', '/var/www/server/Datasets/MOLF/MindtctOutput/DB1_Lumidgm/47_3_5.xyt');

INSERT INTO Images
Values('/var/www/server/Datasets/MOLF/OriginalDataset/DB1_Lumidgm/47_4_5.wsq', '47.5.4', '47.5', 352, 544, 500);

INSERT INTO Features
Values('47.5.4', '47.5.4.1', 43);

INSERT INTO Minutiaes
Values('47.5.4.1.1', '47.5.4.1', '/var/www/server/Datasets/MOLF/MindtctOutput/DB1_Lumidgm/47_4_5.xyt');

INSERT INTO Fingers
Values(NULL, 6, '47.6', '47');

INSERT INTO Images
Values('/var/www/server/Datasets/MOLF/OriginalDataset/DB1_Lumidgm/47_1_6.wsq', '47.6.1', '47.6', 352, 544, 500);

INSERT INTO Features
Values('47.6.1', '47.6.1.1', 60);

INSERT INTO Minutiaes
Values('47.6.1.1.1', '47.6.1.1', '/var/www/server/Datasets/MOLF/MindtctOutput/DB1_Lumidgm/47_1_6.xyt');

INSERT INTO Images
Values('/var/www/server/Datasets/MOLF/OriginalDataset/DB1_Lumidgm/47_2_6.wsq', '47.6.2', '47.6', 352, 544, 500);

INSERT INTO Features
Values('47.6.2', '47.6.2.1', 67);

INSERT INTO Minutiaes
Values('47.6.2.1.1', '47.6.2.1', '/var/www/server/Datasets/MOLF/MindtctOutput/DB1_Lumidgm/47_2_6.xyt');

INSERT INTO Images
Values('/var/www/server/Datasets/MOLF/OriginalDataset/DB1_Lumidgm/47_3_6.wsq', '47.6.3', '47.6', 352, 544, 500);

INSERT INTO Features
Values('47.6.3', '47.6.3.1', 65);

INSERT INTO Minutiaes
Values('47.6.3.1.1', '47.6.3.1', '/var/www/server/Datasets/MOLF/MindtctOutput/DB1_Lumidgm/47_3_6.xyt');

INSERT INTO Images
Values('/var/www/server/Datasets/MOLF/OriginalDataset/DB1_Lumidgm/47_4_6.wsq', '47.6.4', '47.6', 352, 544, 500);

INSERT INTO Features
Values('47.6.4', '47.6.4.1', 60);

INSERT INTO Minutiaes
Values('47.6.4.1.1', '47.6.4.1', '/var/www/server/Datasets/MOLF/MindtctOutput/DB1_Lumidgm/47_4_6.xyt');

INSERT INTO Fingers
Values(NULL, 7, '47.7', '47');

INSERT INTO Images
Values('/var/www/server/Datasets/MOLF/OriginalDataset/DB1_Lumidgm/47_1_7.wsq', '47.7.1', '47.7', 352, 544, 500);

INSERT INTO Features
Values('47.7.1', '47.7.1.1', 78);

INSERT INTO Minutiaes
Values('47.7.1.1.1', '47.7.1.1', '/var/www/server/Datasets/MOLF/MindtctOutput/DB1_Lumidgm/47_1_7.xyt');

INSERT INTO Images
Values('/var/www/server/Datasets/MOLF/OriginalDataset/DB1_Lumidgm/47_2_7.wsq', '47.7.2', '47.7', 352, 544, 500);

INSERT INTO Features
Values('47.7.2', '47.7.2.1', 80);

INSERT INTO Minutiaes
Values('47.7.2.1.1', '47.7.2.1', '/var/www/server/Datasets/MOLF/MindtctOutput/DB1_Lumidgm/47_2_7.xyt');

INSERT INTO Images
Values('/var/www/server/Datasets/MOLF/OriginalDataset/DB1_Lumidgm/47_3_7.wsq', '47.7.3', '47.7', 352, 544, 500);

INSERT INTO Features
Values('47.7.3', '47.7.3.1', 79);

INSERT INTO Minutiaes
Values('47.7.3.1.1', '47.7.3.1', '/var/www/server/Datasets/MOLF/MindtctOutput/DB1_Lumidgm/47_3_7.xyt');

INSERT INTO Images
Values('/var/www/server/Datasets/MOLF/OriginalDataset/DB1_Lumidgm/47_4_7.wsq', '47.7.4', '47.7', 352, 544, 500);

INSERT INTO Features
Values('47.7.4', '47.7.4.1', 79);

INSERT INTO Minutiaes
Values('47.7.4.1.1', '47.7.4.1', '/var/www/server/Datasets/MOLF/MindtctOutput/DB1_Lumidgm/47_4_7.xyt');

INSERT INTO Fingers
Values(NULL, 8, '47.8', '47');

INSERT INTO Images
Values('/var/www/server/Datasets/MOLF/OriginalDataset/DB1_Lumidgm/47_1_8.wsq', '47.8.1', '47.8', 352, 544, 500);

INSERT INTO Features
Values('47.8.1', '47.8.1.1', 64);

INSERT INTO Minutiaes
Values('47.8.1.1.1', '47.8.1.1', '/var/www/server/Datasets/MOLF/MindtctOutput/DB1_Lumidgm/47_1_8.xyt');

INSERT INTO Images
Values('/var/www/server/Datasets/MOLF/OriginalDataset/DB1_Lumidgm/47_2_8.wsq', '47.8.2', '47.8', 352, 544, 500);

INSERT INTO Features
Values('47.8.2', '47.8.2.1', 71);

INSERT INTO Minutiaes
Values('47.8.2.1.1', '47.8.2.1', '/var/www/server/Datasets/MOLF/MindtctOutput/DB1_Lumidgm/47_2_8.xyt');

INSERT INTO Images
Values('/var/www/server/Datasets/MOLF/OriginalDataset/DB1_Lumidgm/47_3_8.wsq', '47.8.3', '47.8', 352, 544, 500);

INSERT INTO Features
Values('47.8.3', '47.8.3.1', 67);

INSERT INTO Minutiaes
Values('47.8.3.1.1', '47.8.3.1', '/var/www/server/Datasets/MOLF/MindtctOutput/DB1_Lumidgm/47_3_8.xyt');

INSERT INTO Images
Values('/var/www/server/Datasets/MOLF/OriginalDataset/DB1_Lumidgm/47_4_8.wsq', '47.8.4', '47.8', 352, 544, 500);

INSERT INTO Features
Values('47.8.4', '47.8.4.1', 69);

INSERT INTO Minutiaes
Values('47.8.4.1.1', '47.8.4.1', '/var/www/server/Datasets/MOLF/MindtctOutput/DB1_Lumidgm/47_4_8.xyt');

INSERT INTO Fingers
Values(NULL, 9, '47.9', '47');

INSERT INTO Images
Values('/var/www/server/Datasets/MOLF/OriginalDataset/DB1_Lumidgm/47_1_9.wsq', '47.9.1', '47.9', 352, 544, 500);

INSERT INTO Features
Values('47.9.1', '47.9.1.1', 53);

INSERT INTO Minutiaes
Values('47.9.1.1.1', '47.9.1.1', '/var/www/server/Datasets/MOLF/MindtctOutput/DB1_Lumidgm/47_1_9.xyt');

INSERT INTO Images
Values('/var/www/server/Datasets/MOLF/OriginalDataset/DB1_Lumidgm/47_2_9.wsq', '47.9.2', '47.9', 352, 544, 500);

INSERT INTO Features
Values('47.9.2', '47.9.2.1', 61);

INSERT INTO Minutiaes
Values('47.9.2.1.1', '47.9.2.1', '/var/www/server/Datasets/MOLF/MindtctOutput/DB1_Lumidgm/47_2_9.xyt');

INSERT INTO Images
Values('/var/www/server/Datasets/MOLF/OriginalDataset/DB1_Lumidgm/47_3_9.wsq', '47.9.3', '47.9', 352, 544, 500);

INSERT INTO Features
Values('47.9.3', '47.9.3.1', 70);

INSERT INTO Minutiaes
Values('47.9.3.1.1', '47.9.3.1', '/var/www/server/Datasets/MOLF/MindtctOutput/DB1_Lumidgm/47_3_9.xyt');

INSERT INTO Images
Values('/var/www/server/Datasets/MOLF/OriginalDataset/DB1_Lumidgm/47_4_9.wsq', '47.9.4', '47.9', 352, 544, 500);

INSERT INTO Features
Values('47.9.4', '47.9.4.1', 65);

INSERT INTO Minutiaes
Values('47.9.4.1.1', '47.9.4.1', '/var/www/server/Datasets/MOLF/MindtctOutput/DB1_Lumidgm/47_4_9.xyt');

INSERT INTO Fingers
Values(NULL, 10, '47.10', '47');

INSERT INTO Images
Values('/var/www/server/Datasets/MOLF/OriginalDataset/DB1_Lumidgm/47_1_10.wsq', '47.10.1', '47.10', 352, 544, 500);

INSERT INTO Features
Values('47.10.1', '47.10.1.1', 55);

INSERT INTO Minutiaes
Values('47.10.1.1.1', '47.10.1.1', '/var/www/server/Datasets/MOLF/MindtctOutput/DB1_Lumidgm/47_1_10.xyt');

INSERT INTO Images
Values('/var/www/server/Datasets/MOLF/OriginalDataset/DB1_Lumidgm/47_2_10.wsq', '47.10.2', '47.10', 352, 544, 500);

INSERT INTO Features
Values('47.10.2', '47.10.2.1', 51);

INSERT INTO Minutiaes
Values('47.10.2.1.1', '47.10.2.1', '/var/www/server/Datasets/MOLF/MindtctOutput/DB1_Lumidgm/47_2_10.xyt');

INSERT INTO Images
Values('/var/www/server/Datasets/MOLF/OriginalDataset/DB1_Lumidgm/47_3_10.wsq', '47.10.3', '47.10', 352, 544, 500);

INSERT INTO Features
Values('47.10.3', '47.10.3.1', 54);

INSERT INTO Minutiaes
Values('47.10.3.1.1', '47.10.3.1', '/var/www/server/Datasets/MOLF/MindtctOutput/DB1_Lumidgm/47_3_10.xyt');

INSERT INTO Images
Values('/var/www/server/Datasets/MOLF/OriginalDataset/DB1_Lumidgm/47_4_10.wsq', '47.10.4', '47.10', 352, 544, 500);

INSERT INTO Features
Values('47.10.4', '47.10.4.1', 68);

INSERT INTO Minutiaes
Values('47.10.4.1.1', '47.10.4.1', '/var/www/server/Datasets/MOLF/MindtctOutput/DB1_Lumidgm/47_4_10.xyt');

#------------------------SUBJECT 48------------------------
INSERT INTO Subjects
Values('48');

INSERT INTO Fingers
Values(NULL, 1, '48.1', '48');

INSERT INTO Images
Values('/var/www/server/Datasets/MOLF/OriginalDataset/DB1_Lumidgm/48_1_1.wsq', '48.1.1', '48.1', 352, 544, 500);

INSERT INTO Features
Values('48.1.1', '48.1.1.1', 51);

INSERT INTO Minutiaes
Values('48.1.1.1.1', '48.1.1.1', '/var/www/server/Datasets/MOLF/MindtctOutput/DB1_Lumidgm/48_1_1.xyt');

INSERT INTO Images
Values('/var/www/server/Datasets/MOLF/OriginalDataset/DB1_Lumidgm/48_2_1.wsq', '48.1.2', '48.1', 352, 544, 500);

INSERT INTO Features
Values('48.1.2', '48.1.2.1', 41);

INSERT INTO Minutiaes
Values('48.1.2.1.1', '48.1.2.1', '/var/www/server/Datasets/MOLF/MindtctOutput/DB1_Lumidgm/48_2_1.xyt');

INSERT INTO Images
Values('/var/www/server/Datasets/MOLF/OriginalDataset/DB1_Lumidgm/48_3_1.wsq', '48.1.3', '48.1', 352, 544, 500);

INSERT INTO Features
Values('48.1.3', '48.1.3.1', 53);

INSERT INTO Minutiaes
Values('48.1.3.1.1', '48.1.3.1', '/var/www/server/Datasets/MOLF/MindtctOutput/DB1_Lumidgm/48_3_1.xyt');

INSERT INTO Images
Values('/var/www/server/Datasets/MOLF/OriginalDataset/DB1_Lumidgm/48_4_1.wsq', '48.1.4', '48.1', 352, 544, 500);

INSERT INTO Features
Values('48.1.4', '48.1.4.1', 51);

INSERT INTO Minutiaes
Values('48.1.4.1.1', '48.1.4.1', '/var/www/server/Datasets/MOLF/MindtctOutput/DB1_Lumidgm/48_4_1.xyt');

INSERT INTO Fingers
Values(NULL, 2, '48.2', '48');

INSERT INTO Images
Values('/var/www/server/Datasets/MOLF/OriginalDataset/DB1_Lumidgm/48_1_2.wsq', '48.2.1', '48.2', 352, 544, 500);

INSERT INTO Features
Values('48.2.1', '48.2.1.1', 62);

INSERT INTO Minutiaes
Values('48.2.1.1.1', '48.2.1.1', '/var/www/server/Datasets/MOLF/MindtctOutput/DB1_Lumidgm/48_1_2.xyt');

INSERT INTO Images
Values('/var/www/server/Datasets/MOLF/OriginalDataset/DB1_Lumidgm/48_2_2.wsq', '48.2.2', '48.2', 352, 544, 500);

INSERT INTO Features
Values('48.2.2', '48.2.2.1', 52);

INSERT INTO Minutiaes
Values('48.2.2.1.1', '48.2.2.1', '/var/www/server/Datasets/MOLF/MindtctOutput/DB1_Lumidgm/48_2_2.xyt');

INSERT INTO Images
Values('/var/www/server/Datasets/MOLF/OriginalDataset/DB1_Lumidgm/48_3_2.wsq', '48.2.3', '48.2', 352, 544, 500);

INSERT INTO Features
Values('48.2.3', '48.2.3.1', 52);

INSERT INTO Minutiaes
Values('48.2.3.1.1', '48.2.3.1', '/var/www/server/Datasets/MOLF/MindtctOutput/DB1_Lumidgm/48_3_2.xyt');

INSERT INTO Images
Values('/var/www/server/Datasets/MOLF/OriginalDataset/DB1_Lumidgm/48_4_2.wsq', '48.2.4', '48.2', 352, 544, 500);

INSERT INTO Features
Values('48.2.4', '48.2.4.1', 49);

INSERT INTO Minutiaes
Values('48.2.4.1.1', '48.2.4.1', '/var/www/server/Datasets/MOLF/MindtctOutput/DB1_Lumidgm/48_4_2.xyt');

INSERT INTO Fingers
Values(NULL, 3, '48.3', '48');

INSERT INTO Images
Values('/var/www/server/Datasets/MOLF/OriginalDataset/DB1_Lumidgm/48_1_3.wsq', '48.3.1', '48.3', 352, 544, 500);

INSERT INTO Features
Values('48.3.1', '48.3.1.1', 48);

INSERT INTO Minutiaes
Values('48.3.1.1.1', '48.3.1.1', '/var/www/server/Datasets/MOLF/MindtctOutput/DB1_Lumidgm/48_1_3.xyt');

INSERT INTO Images
Values('/var/www/server/Datasets/MOLF/OriginalDataset/DB1_Lumidgm/48_2_3.wsq', '48.3.2', '48.3', 352, 544, 500);

INSERT INTO Features
Values('48.3.2', '48.3.2.1', 63);

INSERT INTO Minutiaes
Values('48.3.2.1.1', '48.3.2.1', '/var/www/server/Datasets/MOLF/MindtctOutput/DB1_Lumidgm/48_2_3.xyt');

INSERT INTO Images
Values('/var/www/server/Datasets/MOLF/OriginalDataset/DB1_Lumidgm/48_3_3.wsq', '48.3.3', '48.3', 352, 544, 500);

INSERT INTO Features
Values('48.3.3', '48.3.3.1', 43);

INSERT INTO Minutiaes
Values('48.3.3.1.1', '48.3.3.1', '/var/www/server/Datasets/MOLF/MindtctOutput/DB1_Lumidgm/48_3_3.xyt');

INSERT INTO Images
Values('/var/www/server/Datasets/MOLF/OriginalDataset/DB1_Lumidgm/48_4_3.wsq', '48.3.4', '48.3', 352, 544, 500);

INSERT INTO Features
Values('48.3.4', '48.3.4.1', 52);

INSERT INTO Minutiaes
Values('48.3.4.1.1', '48.3.4.1', '/var/www/server/Datasets/MOLF/MindtctOutput/DB1_Lumidgm/48_4_3.xyt');

INSERT INTO Fingers
Values(NULL, 4, '48.4', '48');

INSERT INTO Images
Values('/var/www/server/Datasets/MOLF/OriginalDataset/DB1_Lumidgm/48_1_4.wsq', '48.4.1', '48.4', 352, 544, 500);

INSERT INTO Features
Values('48.4.1', '48.4.1.1', 55);

INSERT INTO Minutiaes
Values('48.4.1.1.1', '48.4.1.1', '/var/www/server/Datasets/MOLF/MindtctOutput/DB1_Lumidgm/48_1_4.xyt');

INSERT INTO Images
Values('/var/www/server/Datasets/MOLF/OriginalDataset/DB1_Lumidgm/48_2_4.wsq', '48.4.2', '48.4', 352, 544, 500);

INSERT INTO Features
Values('48.4.2', '48.4.2.1', 65);

INSERT INTO Minutiaes
Values('48.4.2.1.1', '48.4.2.1', '/var/www/server/Datasets/MOLF/MindtctOutput/DB1_Lumidgm/48_2_4.xyt');

INSERT INTO Images
Values('/var/www/server/Datasets/MOLF/OriginalDataset/DB1_Lumidgm/48_3_4.wsq', '48.4.3', '48.4', 352, 544, 500);

INSERT INTO Features
Values('48.4.3', '48.4.3.1', 55);

INSERT INTO Minutiaes
Values('48.4.3.1.1', '48.4.3.1', '/var/www/server/Datasets/MOLF/MindtctOutput/DB1_Lumidgm/48_3_4.xyt');

INSERT INTO Images
Values('/var/www/server/Datasets/MOLF/OriginalDataset/DB1_Lumidgm/48_4_4.wsq', '48.4.4', '48.4', 352, 544, 500);

INSERT INTO Features
Values('48.4.4', '48.4.4.1', 55);

INSERT INTO Minutiaes
Values('48.4.4.1.1', '48.4.4.1', '/var/www/server/Datasets/MOLF/MindtctOutput/DB1_Lumidgm/48_4_4.xyt');

INSERT INTO Fingers
Values(NULL, 5, '48.5', '48');

INSERT INTO Images
Values('/var/www/server/Datasets/MOLF/OriginalDataset/DB1_Lumidgm/48_1_5.wsq', '48.5.1', '48.5', 352, 544, 500);

INSERT INTO Features
Values('48.5.1', '48.5.1.1', 64);

INSERT INTO Minutiaes
Values('48.5.1.1.1', '48.5.1.1', '/var/www/server/Datasets/MOLF/MindtctOutput/DB1_Lumidgm/48_1_5.xyt');

INSERT INTO Images
Values('/var/www/server/Datasets/MOLF/OriginalDataset/DB1_Lumidgm/48_2_5.wsq', '48.5.2', '48.5', 352, 544, 500);

INSERT INTO Features
Values('48.5.2', '48.5.2.1', 80);

INSERT INTO Minutiaes
Values('48.5.2.1.1', '48.5.2.1', '/var/www/server/Datasets/MOLF/MindtctOutput/DB1_Lumidgm/48_2_5.xyt');

INSERT INTO Images
Values('/var/www/server/Datasets/MOLF/OriginalDataset/DB1_Lumidgm/48_3_5.wsq', '48.5.3', '48.5', 352, 544, 500);

INSERT INTO Features
Values('48.5.3', '48.5.3.1', 56);

INSERT INTO Minutiaes
Values('48.5.3.1.1', '48.5.3.1', '/var/www/server/Datasets/MOLF/MindtctOutput/DB1_Lumidgm/48_3_5.xyt');

INSERT INTO Images
Values('/var/www/server/Datasets/MOLF/OriginalDataset/DB1_Lumidgm/48_4_5.wsq', '48.5.4', '48.5', 352, 544, 500);

INSERT INTO Features
Values('48.5.4', '48.5.4.1', 40);

INSERT INTO Minutiaes
Values('48.5.4.1.1', '48.5.4.1', '/var/www/server/Datasets/MOLF/MindtctOutput/DB1_Lumidgm/48_4_5.xyt');

INSERT INTO Fingers
Values(NULL, 6, '48.6', '48');

INSERT INTO Images
Values('/var/www/server/Datasets/MOLF/OriginalDataset/DB1_Lumidgm/48_1_6.wsq', '48.6.1', '48.6', 352, 544, 500);

INSERT INTO Features
Values('48.6.1', '48.6.1.1', 37);

INSERT INTO Minutiaes
Values('48.6.1.1.1', '48.6.1.1', '/var/www/server/Datasets/MOLF/MindtctOutput/DB1_Lumidgm/48_1_6.xyt');

INSERT INTO Images
Values('/var/www/server/Datasets/MOLF/OriginalDataset/DB1_Lumidgm/48_2_6.wsq', '48.6.2', '48.6', 352, 544, 500);

INSERT INTO Features
Values('48.6.2', '48.6.2.1', 33);

INSERT INTO Minutiaes
Values('48.6.2.1.1', '48.6.2.1', '/var/www/server/Datasets/MOLF/MindtctOutput/DB1_Lumidgm/48_2_6.xyt');

INSERT INTO Images
Values('/var/www/server/Datasets/MOLF/OriginalDataset/DB1_Lumidgm/48_3_6.wsq', '48.6.3', '48.6', 352, 544, 500);

INSERT INTO Features
Values('48.6.3', '48.6.3.1', 42);

INSERT INTO Minutiaes
Values('48.6.3.1.1', '48.6.3.1', '/var/www/server/Datasets/MOLF/MindtctOutput/DB1_Lumidgm/48_3_6.xyt');

INSERT INTO Images
Values('/var/www/server/Datasets/MOLF/OriginalDataset/DB1_Lumidgm/48_4_6.wsq', '48.6.4', '48.6', 352, 544, 500);

INSERT INTO Features
Values('48.6.4', '48.6.4.1', 36);

INSERT INTO Minutiaes
Values('48.6.4.1.1', '48.6.4.1', '/var/www/server/Datasets/MOLF/MindtctOutput/DB1_Lumidgm/48_4_6.xyt');

INSERT INTO Fingers
Values(NULL, 7, '48.7', '48');

INSERT INTO Images
Values('/var/www/server/Datasets/MOLF/OriginalDataset/DB1_Lumidgm/48_1_7.wsq', '48.7.1', '48.7', 352, 544, 500);

INSERT INTO Features
Values('48.7.1', '48.7.1.1', 59);

INSERT INTO Minutiaes
Values('48.7.1.1.1', '48.7.1.1', '/var/www/server/Datasets/MOLF/MindtctOutput/DB1_Lumidgm/48_1_7.xyt');

INSERT INTO Images
Values('/var/www/server/Datasets/MOLF/OriginalDataset/DB1_Lumidgm/48_2_7.wsq', '48.7.2', '48.7', 352, 544, 500);

INSERT INTO Features
Values('48.7.2', '48.7.2.1', 54);

INSERT INTO Minutiaes
Values('48.7.2.1.1', '48.7.2.1', '/var/www/server/Datasets/MOLF/MindtctOutput/DB1_Lumidgm/48_2_7.xyt');

INSERT INTO Images
Values('/var/www/server/Datasets/MOLF/OriginalDataset/DB1_Lumidgm/48_3_7.wsq', '48.7.3', '48.7', 352, 544, 500);

INSERT INTO Features
Values('48.7.3', '48.7.3.1', 38);

INSERT INTO Minutiaes
Values('48.7.3.1.1', '48.7.3.1', '/var/www/server/Datasets/MOLF/MindtctOutput/DB1_Lumidgm/48_3_7.xyt');

INSERT INTO Images
Values('/var/www/server/Datasets/MOLF/OriginalDataset/DB1_Lumidgm/48_4_7.wsq', '48.7.4', '48.7', 352, 544, 500);

INSERT INTO Features
Values('48.7.4', '48.7.4.1', 43);

INSERT INTO Minutiaes
Values('48.7.4.1.1', '48.7.4.1', '/var/www/server/Datasets/MOLF/MindtctOutput/DB1_Lumidgm/48_4_7.xyt');

INSERT INTO Fingers
Values(NULL, 8, '48.8', '48');

INSERT INTO Images
Values('/var/www/server/Datasets/MOLF/OriginalDataset/DB1_Lumidgm/48_1_8.wsq', '48.8.1', '48.8', 352, 544, 500);

INSERT INTO Features
Values('48.8.1', '48.8.1.1', 54);

INSERT INTO Minutiaes
Values('48.8.1.1.1', '48.8.1.1', '/var/www/server/Datasets/MOLF/MindtctOutput/DB1_Lumidgm/48_1_8.xyt');

INSERT INTO Images
Values('/var/www/server/Datasets/MOLF/OriginalDataset/DB1_Lumidgm/48_2_8.wsq', '48.8.2', '48.8', 352, 544, 500);

INSERT INTO Features
Values('48.8.2', '48.8.2.1', 53);

INSERT INTO Minutiaes
Values('48.8.2.1.1', '48.8.2.1', '/var/www/server/Datasets/MOLF/MindtctOutput/DB1_Lumidgm/48_2_8.xyt');

INSERT INTO Images
Values('/var/www/server/Datasets/MOLF/OriginalDataset/DB1_Lumidgm/48_3_8.wsq', '48.8.3', '48.8', 352, 544, 500);

INSERT INTO Features
Values('48.8.3', '48.8.3.1', 52);

INSERT INTO Minutiaes
Values('48.8.3.1.1', '48.8.3.1', '/var/www/server/Datasets/MOLF/MindtctOutput/DB1_Lumidgm/48_3_8.xyt');

INSERT INTO Images
Values('/var/www/server/Datasets/MOLF/OriginalDataset/DB1_Lumidgm/48_4_8.wsq', '48.8.4', '48.8', 352, 544, 500);

INSERT INTO Features
Values('48.8.4', '48.8.4.1', 48);

INSERT INTO Minutiaes
Values('48.8.4.1.1', '48.8.4.1', '/var/www/server/Datasets/MOLF/MindtctOutput/DB1_Lumidgm/48_4_8.xyt');

INSERT INTO Fingers
Values(NULL, 9, '48.9', '48');

INSERT INTO Images
Values('/var/www/server/Datasets/MOLF/OriginalDataset/DB1_Lumidgm/48_1_9.wsq', '48.9.1', '48.9', 352, 544, 500);

INSERT INTO Features
Values('48.9.1', '48.9.1.1', 56);

INSERT INTO Minutiaes
Values('48.9.1.1.1', '48.9.1.1', '/var/www/server/Datasets/MOLF/MindtctOutput/DB1_Lumidgm/48_1_9.xyt');

INSERT INTO Images
Values('/var/www/server/Datasets/MOLF/OriginalDataset/DB1_Lumidgm/48_2_9.wsq', '48.9.2', '48.9', 352, 544, 500);

INSERT INTO Features
Values('48.9.2', '48.9.2.1', 59);

INSERT INTO Minutiaes
Values('48.9.2.1.1', '48.9.2.1', '/var/www/server/Datasets/MOLF/MindtctOutput/DB1_Lumidgm/48_2_9.xyt');

INSERT INTO Images
Values('/var/www/server/Datasets/MOLF/OriginalDataset/DB1_Lumidgm/48_3_9.wsq', '48.9.3', '48.9', 352, 544, 500);

INSERT INTO Features
Values('48.9.3', '48.9.3.1', 60);

INSERT INTO Minutiaes
Values('48.9.3.1.1', '48.9.3.1', '/var/www/server/Datasets/MOLF/MindtctOutput/DB1_Lumidgm/48_3_9.xyt');

INSERT INTO Images
Values('/var/www/server/Datasets/MOLF/OriginalDataset/DB1_Lumidgm/48_4_9.wsq', '48.9.4', '48.9', 352, 544, 500);

INSERT INTO Features
Values('48.9.4', '48.9.4.1', 52);

INSERT INTO Minutiaes
Values('48.9.4.1.1', '48.9.4.1', '/var/www/server/Datasets/MOLF/MindtctOutput/DB1_Lumidgm/48_4_9.xyt');

INSERT INTO Fingers
Values(NULL, 10, '48.10', '48');

INSERT INTO Images
Values('/var/www/server/Datasets/MOLF/OriginalDataset/DB1_Lumidgm/48_1_10.wsq', '48.10.1', '48.10', 352, 544, 500);

INSERT INTO Features
Values('48.10.1', '48.10.1.1', 53);

INSERT INTO Minutiaes
Values('48.10.1.1.1', '48.10.1.1', '/var/www/server/Datasets/MOLF/MindtctOutput/DB1_Lumidgm/48_1_10.xyt');

INSERT INTO Images
Values('/var/www/server/Datasets/MOLF/OriginalDataset/DB1_Lumidgm/48_2_10.wsq', '48.10.2', '48.10', 352, 544, 500);

INSERT INTO Features
Values('48.10.2', '48.10.2.1', 54);

INSERT INTO Minutiaes
Values('48.10.2.1.1', '48.10.2.1', '/var/www/server/Datasets/MOLF/MindtctOutput/DB1_Lumidgm/48_2_10.xyt');

INSERT INTO Images
Values('/var/www/server/Datasets/MOLF/OriginalDataset/DB1_Lumidgm/48_3_10.wsq', '48.10.3', '48.10', 352, 544, 500);

INSERT INTO Features
Values('48.10.3', '48.10.3.1', 53);

INSERT INTO Minutiaes
Values('48.10.3.1.1', '48.10.3.1', '/var/www/server/Datasets/MOLF/MindtctOutput/DB1_Lumidgm/48_3_10.xyt');

INSERT INTO Images
Values('/var/www/server/Datasets/MOLF/OriginalDataset/DB1_Lumidgm/48_4_10.wsq', '48.10.4', '48.10', 352, 544, 500);

INSERT INTO Features
Values('48.10.4', '48.10.4.1', 56);

INSERT INTO Minutiaes
Values('48.10.4.1.1', '48.10.4.1', '/var/www/server/Datasets/MOLF/MindtctOutput/DB1_Lumidgm/48_4_10.xyt');

#------------------------SUBJECT 49------------------------
INSERT INTO Subjects
Values('49');

INSERT INTO Fingers
Values(NULL, 1, '49.1', '49');

INSERT INTO Images
Values('/var/www/server/Datasets/MOLF/OriginalDataset/DB1_Lumidgm/49_1_1.wsq', '49.1.1', '49.1', 352, 544, 500);

INSERT INTO Features
Values('49.1.1', '49.1.1.1', 60);

INSERT INTO Minutiaes
Values('49.1.1.1.1', '49.1.1.1', '/var/www/server/Datasets/MOLF/MindtctOutput/DB1_Lumidgm/49_1_1.xyt');

INSERT INTO Images
Values('/var/www/server/Datasets/MOLF/OriginalDataset/DB1_Lumidgm/49_2_1.wsq', '49.1.2', '49.1', 352, 544, 500);

INSERT INTO Features
Values('49.1.2', '49.1.2.1', 57);

INSERT INTO Minutiaes
Values('49.1.2.1.1', '49.1.2.1', '/var/www/server/Datasets/MOLF/MindtctOutput/DB1_Lumidgm/49_2_1.xyt');

INSERT INTO Images
Values('/var/www/server/Datasets/MOLF/OriginalDataset/DB1_Lumidgm/49_3_1.wsq', '49.1.3', '49.1', 352, 544, 500);

INSERT INTO Features
Values('49.1.3', '49.1.3.1', 58);

INSERT INTO Minutiaes
Values('49.1.3.1.1', '49.1.3.1', '/var/www/server/Datasets/MOLF/MindtctOutput/DB1_Lumidgm/49_3_1.xyt');

INSERT INTO Images
Values('/var/www/server/Datasets/MOLF/OriginalDataset/DB1_Lumidgm/49_4_1.wsq', '49.1.4', '49.1', 352, 544, 500);

INSERT INTO Features
Values('49.1.4', '49.1.4.1', 62);

INSERT INTO Minutiaes
Values('49.1.4.1.1', '49.1.4.1', '/var/www/server/Datasets/MOLF/MindtctOutput/DB1_Lumidgm/49_4_1.xyt');

INSERT INTO Fingers
Values(NULL, 2, '49.2', '49');

INSERT INTO Images
Values('/var/www/server/Datasets/MOLF/OriginalDataset/DB1_Lumidgm/49_1_2.wsq', '49.2.1', '49.2', 352, 544, 500);

INSERT INTO Features
Values('49.2.1', '49.2.1.1', 42);

INSERT INTO Minutiaes
Values('49.2.1.1.1', '49.2.1.1', '/var/www/server/Datasets/MOLF/MindtctOutput/DB1_Lumidgm/49_1_2.xyt');

INSERT INTO Images
Values('/var/www/server/Datasets/MOLF/OriginalDataset/DB1_Lumidgm/49_2_2.wsq', '49.2.2', '49.2', 352, 544, 500);

INSERT INTO Features
Values('49.2.2', '49.2.2.1', 39);

INSERT INTO Minutiaes
Values('49.2.2.1.1', '49.2.2.1', '/var/www/server/Datasets/MOLF/MindtctOutput/DB1_Lumidgm/49_2_2.xyt');

INSERT INTO Images
Values('/var/www/server/Datasets/MOLF/OriginalDataset/DB1_Lumidgm/49_3_2.wsq', '49.2.3', '49.2', 352, 544, 500);

INSERT INTO Features
Values('49.2.3', '49.2.3.1', 40);

INSERT INTO Minutiaes
Values('49.2.3.1.1', '49.2.3.1', '/var/www/server/Datasets/MOLF/MindtctOutput/DB1_Lumidgm/49_3_2.xyt');

INSERT INTO Images
Values('/var/www/server/Datasets/MOLF/OriginalDataset/DB1_Lumidgm/49_4_2.wsq', '49.2.4', '49.2', 352, 544, 500);

INSERT INTO Features
Values('49.2.4', '49.2.4.1', 37);

INSERT INTO Minutiaes
Values('49.2.4.1.1', '49.2.4.1', '/var/www/server/Datasets/MOLF/MindtctOutput/DB1_Lumidgm/49_4_2.xyt');

INSERT INTO Fingers
Values(NULL, 3, '49.3', '49');

INSERT INTO Images
Values('/var/www/server/Datasets/MOLF/OriginalDataset/DB1_Lumidgm/49_1_3.wsq', '49.3.1', '49.3', 352, 544, 500);

INSERT INTO Features
Values('49.3.1', '49.3.1.1', 21);

INSERT INTO Minutiaes
Values('49.3.1.1.1', '49.3.1.1', '/var/www/server/Datasets/MOLF/MindtctOutput/DB1_Lumidgm/49_1_3.xyt');

INSERT INTO Images
Values('/var/www/server/Datasets/MOLF/OriginalDataset/DB1_Lumidgm/49_2_3.wsq', '49.3.2', '49.3', 352, 544, 500);

INSERT INTO Features
Values('49.3.2', '49.3.2.1', 20);

INSERT INTO Minutiaes
Values('49.3.2.1.1', '49.3.2.1', '/var/www/server/Datasets/MOLF/MindtctOutput/DB1_Lumidgm/49_2_3.xyt');

INSERT INTO Images
Values('/var/www/server/Datasets/MOLF/OriginalDataset/DB1_Lumidgm/49_3_3.wsq', '49.3.3', '49.3', 352, 544, 500);

INSERT INTO Features
Values('49.3.3', '49.3.3.1', 25);

INSERT INTO Minutiaes
Values('49.3.3.1.1', '49.3.3.1', '/var/www/server/Datasets/MOLF/MindtctOutput/DB1_Lumidgm/49_3_3.xyt');

INSERT INTO Images
Values('/var/www/server/Datasets/MOLF/OriginalDataset/DB1_Lumidgm/49_4_3.wsq', '49.3.4', '49.3', 352, 544, 500);

INSERT INTO Features
Values('49.3.4', '49.3.4.1', 29);

INSERT INTO Minutiaes
Values('49.3.4.1.1', '49.3.4.1', '/var/www/server/Datasets/MOLF/MindtctOutput/DB1_Lumidgm/49_4_3.xyt');

INSERT INTO Fingers
Values(NULL, 4, '49.4', '49');

INSERT INTO Images
Values('/var/www/server/Datasets/MOLF/OriginalDataset/DB1_Lumidgm/49_1_4.wsq', '49.4.1', '49.4', 352, 544, 500);

INSERT INTO Features
Values('49.4.1', '49.4.1.1', 32);

INSERT INTO Minutiaes
Values('49.4.1.1.1', '49.4.1.1', '/var/www/server/Datasets/MOLF/MindtctOutput/DB1_Lumidgm/49_1_4.xyt');

INSERT INTO Images
Values('/var/www/server/Datasets/MOLF/OriginalDataset/DB1_Lumidgm/49_2_4.wsq', '49.4.2', '49.4', 352, 544, 500);

INSERT INTO Features
Values('49.4.2', '49.4.2.1', 35);

INSERT INTO Minutiaes
Values('49.4.2.1.1', '49.4.2.1', '/var/www/server/Datasets/MOLF/MindtctOutput/DB1_Lumidgm/49_2_4.xyt');

INSERT INTO Images
Values('/var/www/server/Datasets/MOLF/OriginalDataset/DB1_Lumidgm/49_3_4.wsq', '49.4.3', '49.4', 352, 544, 500);

INSERT INTO Features
Values('49.4.3', '49.4.3.1', 42);

INSERT INTO Minutiaes
Values('49.4.3.1.1', '49.4.3.1', '/var/www/server/Datasets/MOLF/MindtctOutput/DB1_Lumidgm/49_3_4.xyt');

INSERT INTO Images
Values('/var/www/server/Datasets/MOLF/OriginalDataset/DB1_Lumidgm/49_4_4.wsq', '49.4.4', '49.4', 352, 544, 500);

INSERT INTO Features
Values('49.4.4', '49.4.4.1', 45);

INSERT INTO Minutiaes
Values('49.4.4.1.1', '49.4.4.1', '/var/www/server/Datasets/MOLF/MindtctOutput/DB1_Lumidgm/49_4_4.xyt');

INSERT INTO Fingers
Values(NULL, 5, '49.5', '49');

INSERT INTO Images
Values('/var/www/server/Datasets/MOLF/OriginalDataset/DB1_Lumidgm/49_1_5.wsq', '49.5.1', '49.5', 352, 544, 500);

INSERT INTO Features
Values('49.5.1', '49.5.1.1', 42);

INSERT INTO Minutiaes
Values('49.5.1.1.1', '49.5.1.1', '/var/www/server/Datasets/MOLF/MindtctOutput/DB1_Lumidgm/49_1_5.xyt');

INSERT INTO Images
Values('/var/www/server/Datasets/MOLF/OriginalDataset/DB1_Lumidgm/49_2_5.wsq', '49.5.2', '49.5', 352, 544, 500);

INSERT INTO Features
Values('49.5.2', '49.5.2.1', 37);

INSERT INTO Minutiaes
Values('49.5.2.1.1', '49.5.2.1', '/var/www/server/Datasets/MOLF/MindtctOutput/DB1_Lumidgm/49_2_5.xyt');

INSERT INTO Images
Values('/var/www/server/Datasets/MOLF/OriginalDataset/DB1_Lumidgm/49_3_5.wsq', '49.5.3', '49.5', 352, 544, 500);

INSERT INTO Features
Values('49.5.3', '49.5.3.1', 42);

INSERT INTO Minutiaes
Values('49.5.3.1.1', '49.5.3.1', '/var/www/server/Datasets/MOLF/MindtctOutput/DB1_Lumidgm/49_3_5.xyt');

INSERT INTO Images
Values('/var/www/server/Datasets/MOLF/OriginalDataset/DB1_Lumidgm/49_4_5.wsq', '49.5.4', '49.5', 352, 544, 500);

INSERT INTO Features
Values('49.5.4', '49.5.4.1', 54);

INSERT INTO Minutiaes
Values('49.5.4.1.1', '49.5.4.1', '/var/www/server/Datasets/MOLF/MindtctOutput/DB1_Lumidgm/49_4_5.xyt');

INSERT INTO Fingers
Values(NULL, 6, '49.6', '49');

INSERT INTO Images
Values('/var/www/server/Datasets/MOLF/OriginalDataset/DB1_Lumidgm/49_1_6.wsq', '49.6.1', '49.6', 352, 544, 500);

INSERT INTO Features
Values('49.6.1', '49.6.1.1', 65);

INSERT INTO Minutiaes
Values('49.6.1.1.1', '49.6.1.1', '/var/www/server/Datasets/MOLF/MindtctOutput/DB1_Lumidgm/49_1_6.xyt');

INSERT INTO Images
Values('/var/www/server/Datasets/MOLF/OriginalDataset/DB1_Lumidgm/49_2_6.wsq', '49.6.2', '49.6', 352, 544, 500);

INSERT INTO Features
Values('49.6.2', '49.6.2.1', 62);

INSERT INTO Minutiaes
Values('49.6.2.1.1', '49.6.2.1', '/var/www/server/Datasets/MOLF/MindtctOutput/DB1_Lumidgm/49_2_6.xyt');

INSERT INTO Images
Values('/var/www/server/Datasets/MOLF/OriginalDataset/DB1_Lumidgm/49_3_6.wsq', '49.6.3', '49.6', 352, 544, 500);

INSERT INTO Features
Values('49.6.3', '49.6.3.1', 60);

INSERT INTO Minutiaes
Values('49.6.3.1.1', '49.6.3.1', '/var/www/server/Datasets/MOLF/MindtctOutput/DB1_Lumidgm/49_3_6.xyt');

INSERT INTO Images
Values('/var/www/server/Datasets/MOLF/OriginalDataset/DB1_Lumidgm/49_4_6.wsq', '49.6.4', '49.6', 352, 544, 500);

INSERT INTO Features
Values('49.6.4', '49.6.4.1', 57);

INSERT INTO Minutiaes
Values('49.6.4.1.1', '49.6.4.1', '/var/www/server/Datasets/MOLF/MindtctOutput/DB1_Lumidgm/49_4_6.xyt');

INSERT INTO Fingers
Values(NULL, 7, '49.7', '49');

INSERT INTO Images
Values('/var/www/server/Datasets/MOLF/OriginalDataset/DB1_Lumidgm/49_1_7.wsq', '49.7.1', '49.7', 352, 544, 500);

INSERT INTO Features
Values('49.7.1', '49.7.1.1', 52);

INSERT INTO Minutiaes
Values('49.7.1.1.1', '49.7.1.1', '/var/www/server/Datasets/MOLF/MindtctOutput/DB1_Lumidgm/49_1_7.xyt');

INSERT INTO Images
Values('/var/www/server/Datasets/MOLF/OriginalDataset/DB1_Lumidgm/49_2_7.wsq', '49.7.2', '49.7', 352, 544, 500);

INSERT INTO Features
Values('49.7.2', '49.7.2.1', 44);

INSERT INTO Minutiaes
Values('49.7.2.1.1', '49.7.2.1', '/var/www/server/Datasets/MOLF/MindtctOutput/DB1_Lumidgm/49_2_7.xyt');

INSERT INTO Images
Values('/var/www/server/Datasets/MOLF/OriginalDataset/DB1_Lumidgm/49_3_7.wsq', '49.7.3', '49.7', 352, 544, 500);

INSERT INTO Features
Values('49.7.3', '49.7.3.1', 35);

INSERT INTO Minutiaes
Values('49.7.3.1.1', '49.7.3.1', '/var/www/server/Datasets/MOLF/MindtctOutput/DB1_Lumidgm/49_3_7.xyt');

INSERT INTO Images
Values('/var/www/server/Datasets/MOLF/OriginalDataset/DB1_Lumidgm/49_4_7.wsq', '49.7.4', '49.7', 352, 544, 500);

INSERT INTO Features
Values('49.7.4', '49.7.4.1', 35);

INSERT INTO Minutiaes
Values('49.7.4.1.1', '49.7.4.1', '/var/www/server/Datasets/MOLF/MindtctOutput/DB1_Lumidgm/49_4_7.xyt');

INSERT INTO Fingers
Values(NULL, 8, '49.8', '49');

INSERT INTO Images
Values('/var/www/server/Datasets/MOLF/OriginalDataset/DB1_Lumidgm/49_1_8.wsq', '49.8.1', '49.8', 352, 544, 500);

INSERT INTO Features
Values('49.8.1', '49.8.1.1', 41);

INSERT INTO Minutiaes
Values('49.8.1.1.1', '49.8.1.1', '/var/www/server/Datasets/MOLF/MindtctOutput/DB1_Lumidgm/49_1_8.xyt');

INSERT INTO Images
Values('/var/www/server/Datasets/MOLF/OriginalDataset/DB1_Lumidgm/49_2_8.wsq', '49.8.2', '49.8', 352, 544, 500);

INSERT INTO Features
Values('49.8.2', '49.8.2.1', 47);

INSERT INTO Minutiaes
Values('49.8.2.1.1', '49.8.2.1', '/var/www/server/Datasets/MOLF/MindtctOutput/DB1_Lumidgm/49_2_8.xyt');

INSERT INTO Images
Values('/var/www/server/Datasets/MOLF/OriginalDataset/DB1_Lumidgm/49_3_8.wsq', '49.8.3', '49.8', 352, 544, 500);

INSERT INTO Features
Values('49.8.3', '49.8.3.1', 51);

INSERT INTO Minutiaes
Values('49.8.3.1.1', '49.8.3.1', '/var/www/server/Datasets/MOLF/MindtctOutput/DB1_Lumidgm/49_3_8.xyt');

INSERT INTO Images
Values('/var/www/server/Datasets/MOLF/OriginalDataset/DB1_Lumidgm/49_4_8.wsq', '49.8.4', '49.8', 352, 544, 500);

INSERT INTO Features
Values('49.8.4', '49.8.4.1', 43);

INSERT INTO Minutiaes
Values('49.8.4.1.1', '49.8.4.1', '/var/www/server/Datasets/MOLF/MindtctOutput/DB1_Lumidgm/49_4_8.xyt');

INSERT INTO Fingers
Values(NULL, 9, '49.9', '49');

INSERT INTO Images
Values('/var/www/server/Datasets/MOLF/OriginalDataset/DB1_Lumidgm/49_1_9.wsq', '49.9.1', '49.9', 352, 544, 500);

INSERT INTO Features
Values('49.9.1', '49.9.1.1', 41);

INSERT INTO Minutiaes
Values('49.9.1.1.1', '49.9.1.1', '/var/www/server/Datasets/MOLF/MindtctOutput/DB1_Lumidgm/49_1_9.xyt');

INSERT INTO Images
Values('/var/www/server/Datasets/MOLF/OriginalDataset/DB1_Lumidgm/49_2_9.wsq', '49.9.2', '49.9', 352, 544, 500);

INSERT INTO Features
Values('49.9.2', '49.9.2.1', 40);

INSERT INTO Minutiaes
Values('49.9.2.1.1', '49.9.2.1', '/var/www/server/Datasets/MOLF/MindtctOutput/DB1_Lumidgm/49_2_9.xyt');

INSERT INTO Images
Values('/var/www/server/Datasets/MOLF/OriginalDataset/DB1_Lumidgm/49_3_9.wsq', '49.9.3', '49.9', 352, 544, 500);

INSERT INTO Features
Values('49.9.3', '49.9.3.1', 47);

INSERT INTO Minutiaes
Values('49.9.3.1.1', '49.9.3.1', '/var/www/server/Datasets/MOLF/MindtctOutput/DB1_Lumidgm/49_3_9.xyt');

INSERT INTO Images
Values('/var/www/server/Datasets/MOLF/OriginalDataset/DB1_Lumidgm/49_4_9.wsq', '49.9.4', '49.9', 352, 544, 500);

INSERT INTO Features
Values('49.9.4', '49.9.4.1', 43);

INSERT INTO Minutiaes
Values('49.9.4.1.1', '49.9.4.1', '/var/www/server/Datasets/MOLF/MindtctOutput/DB1_Lumidgm/49_4_9.xyt');

INSERT INTO Fingers
Values(NULL, 10, '49.10', '49');

INSERT INTO Images
Values('/var/www/server/Datasets/MOLF/OriginalDataset/DB1_Lumidgm/49_1_10.wsq', '49.10.1', '49.10', 352, 544, 500);

INSERT INTO Features
Values('49.10.1', '49.10.1.1', 43);

INSERT INTO Minutiaes
Values('49.10.1.1.1', '49.10.1.1', '/var/www/server/Datasets/MOLF/MindtctOutput/DB1_Lumidgm/49_1_10.xyt');

INSERT INTO Images
Values('/var/www/server/Datasets/MOLF/OriginalDataset/DB1_Lumidgm/49_2_10.wsq', '49.10.2', '49.10', 352, 544, 500);

INSERT INTO Features
Values('49.10.2', '49.10.2.1', 53);

INSERT INTO Minutiaes
Values('49.10.2.1.1', '49.10.2.1', '/var/www/server/Datasets/MOLF/MindtctOutput/DB1_Lumidgm/49_2_10.xyt');

INSERT INTO Images
Values('/var/www/server/Datasets/MOLF/OriginalDataset/DB1_Lumidgm/49_3_10.wsq', '49.10.3', '49.10', 352, 544, 500);

INSERT INTO Features
Values('49.10.3', '49.10.3.1', 49);

INSERT INTO Minutiaes
Values('49.10.3.1.1', '49.10.3.1', '/var/www/server/Datasets/MOLF/MindtctOutput/DB1_Lumidgm/49_3_10.xyt');

INSERT INTO Images
Values('/var/www/server/Datasets/MOLF/OriginalDataset/DB1_Lumidgm/49_4_10.wsq', '49.10.4', '49.10', 352, 544, 500);

INSERT INTO Features
Values('49.10.4', '49.10.4.1', 43);

INSERT INTO Minutiaes
Values('49.10.4.1.1', '49.10.4.1', '/var/www/server/Datasets/MOLF/MindtctOutput/DB1_Lumidgm/49_4_10.xyt');

#------------------------SUBJECT 50------------------------
INSERT INTO Subjects
Values('50');

INSERT INTO Fingers
Values(NULL, 1, '50.1', '50');

INSERT INTO Images
Values('/var/www/server/Datasets/MOLF/OriginalDataset/DB1_Lumidgm/50_1_1.wsq', '50.1.1', '50.1', 352, 544, 500);

INSERT INTO Features
Values('50.1.1', '50.1.1.1', 58);

INSERT INTO Minutiaes
Values('50.1.1.1.1', '50.1.1.1', '/var/www/server/Datasets/MOLF/MindtctOutput/DB1_Lumidgm/50_1_1.xyt');

INSERT INTO Images
Values('/var/www/server/Datasets/MOLF/OriginalDataset/DB1_Lumidgm/50_2_1.wsq', '50.1.2', '50.1', 352, 544, 500);

INSERT INTO Features
Values('50.1.2', '50.1.2.1', 46);

INSERT INTO Minutiaes
Values('50.1.2.1.1', '50.1.2.1', '/var/www/server/Datasets/MOLF/MindtctOutput/DB1_Lumidgm/50_2_1.xyt');

INSERT INTO Images
Values('/var/www/server/Datasets/MOLF/OriginalDataset/DB1_Lumidgm/50_3_1.wsq', '50.1.3', '50.1', 352, 544, 500);

INSERT INTO Features
Values('50.1.3', '50.1.3.1', 60);

INSERT INTO Minutiaes
Values('50.1.3.1.1', '50.1.3.1', '/var/www/server/Datasets/MOLF/MindtctOutput/DB1_Lumidgm/50_3_1.xyt');

INSERT INTO Images
Values('/var/www/server/Datasets/MOLF/OriginalDataset/DB1_Lumidgm/50_4_1.wsq', '50.1.4', '50.1', 352, 544, 500);

INSERT INTO Features
Values('50.1.4', '50.1.4.1', 50);

INSERT INTO Minutiaes
Values('50.1.4.1.1', '50.1.4.1', '/var/www/server/Datasets/MOLF/MindtctOutput/DB1_Lumidgm/50_4_1.xyt');

INSERT INTO Fingers
Values(NULL, 2, '50.2', '50');

INSERT INTO Images
Values('/var/www/server/Datasets/MOLF/OriginalDataset/DB1_Lumidgm/50_1_2.wsq', '50.2.1', '50.2', 352, 544, 500);

INSERT INTO Features
Values('50.2.1', '50.2.1.1', 64);

INSERT INTO Minutiaes
Values('50.2.1.1.1', '50.2.1.1', '/var/www/server/Datasets/MOLF/MindtctOutput/DB1_Lumidgm/50_1_2.xyt');

INSERT INTO Images
Values('/var/www/server/Datasets/MOLF/OriginalDataset/DB1_Lumidgm/50_2_2.wsq', '50.2.2', '50.2', 352, 544, 500);

INSERT INTO Features
Values('50.2.2', '50.2.2.1', 64);

INSERT INTO Minutiaes
Values('50.2.2.1.1', '50.2.2.1', '/var/www/server/Datasets/MOLF/MindtctOutput/DB1_Lumidgm/50_2_2.xyt');

INSERT INTO Images
Values('/var/www/server/Datasets/MOLF/OriginalDataset/DB1_Lumidgm/50_3_2.wsq', '50.2.3', '50.2', 352, 544, 500);

INSERT INTO Features
Values('50.2.3', '50.2.3.1', 66);

INSERT INTO Minutiaes
Values('50.2.3.1.1', '50.2.3.1', '/var/www/server/Datasets/MOLF/MindtctOutput/DB1_Lumidgm/50_3_2.xyt');

INSERT INTO Images
Values('/var/www/server/Datasets/MOLF/OriginalDataset/DB1_Lumidgm/50_4_2.wsq', '50.2.4', '50.2', 352, 544, 500);

INSERT INTO Features
Values('50.2.4', '50.2.4.1', 50);

INSERT INTO Minutiaes
Values('50.2.4.1.1', '50.2.4.1', '/var/www/server/Datasets/MOLF/MindtctOutput/DB1_Lumidgm/50_4_2.xyt');

INSERT INTO Fingers
Values(NULL, 3, '50.3', '50');

INSERT INTO Images
Values('/var/www/server/Datasets/MOLF/OriginalDataset/DB1_Lumidgm/50_1_3.wsq', '50.3.1', '50.3', 352, 544, 500);

INSERT INTO Features
Values('50.3.1', '50.3.1.1', 70);

INSERT INTO Minutiaes
Values('50.3.1.1.1', '50.3.1.1', '/var/www/server/Datasets/MOLF/MindtctOutput/DB1_Lumidgm/50_1_3.xyt');

INSERT INTO Images
Values('/var/www/server/Datasets/MOLF/OriginalDataset/DB1_Lumidgm/50_2_3.wsq', '50.3.2', '50.3', 352, 544, 500);

INSERT INTO Features
Values('50.3.2', '50.3.2.1', 78);

INSERT INTO Minutiaes
Values('50.3.2.1.1', '50.3.2.1', '/var/www/server/Datasets/MOLF/MindtctOutput/DB1_Lumidgm/50_2_3.xyt');

INSERT INTO Images
Values('/var/www/server/Datasets/MOLF/OriginalDataset/DB1_Lumidgm/50_3_3.wsq', '50.3.3', '50.3', 352, 544, 500);

INSERT INTO Features
Values('50.3.3', '50.3.3.1', 69);

INSERT INTO Minutiaes
Values('50.3.3.1.1', '50.3.3.1', '/var/www/server/Datasets/MOLF/MindtctOutput/DB1_Lumidgm/50_3_3.xyt');

INSERT INTO Images
Values('/var/www/server/Datasets/MOLF/OriginalDataset/DB1_Lumidgm/50_4_3.wsq', '50.3.4', '50.3', 352, 544, 500);

INSERT INTO Features
Values('50.3.4', '50.3.4.1', 66);

INSERT INTO Minutiaes
Values('50.3.4.1.1', '50.3.4.1', '/var/www/server/Datasets/MOLF/MindtctOutput/DB1_Lumidgm/50_4_3.xyt');

INSERT INTO Fingers
Values(NULL, 4, '50.4', '50');

INSERT INTO Images
Values('/var/www/server/Datasets/MOLF/OriginalDataset/DB1_Lumidgm/50_1_4.wsq', '50.4.1', '50.4', 352, 544, 500);

INSERT INTO Features
Values('50.4.1', '50.4.1.1', 75);

INSERT INTO Minutiaes
Values('50.4.1.1.1', '50.4.1.1', '/var/www/server/Datasets/MOLF/MindtctOutput/DB1_Lumidgm/50_1_4.xyt');

INSERT INTO Images
Values('/var/www/server/Datasets/MOLF/OriginalDataset/DB1_Lumidgm/50_2_4.wsq', '50.4.2', '50.4', 352, 544, 500);

INSERT INTO Features
Values('50.4.2', '50.4.2.1', 86);

INSERT INTO Minutiaes
Values('50.4.2.1.1', '50.4.2.1', '/var/www/server/Datasets/MOLF/MindtctOutput/DB1_Lumidgm/50_2_4.xyt');

INSERT INTO Images
Values('/var/www/server/Datasets/MOLF/OriginalDataset/DB1_Lumidgm/50_3_4.wsq', '50.4.3', '50.4', 352, 544, 500);

INSERT INTO Features
Values('50.4.3', '50.4.3.1', 88);

INSERT INTO Minutiaes
Values('50.4.3.1.1', '50.4.3.1', '/var/www/server/Datasets/MOLF/MindtctOutput/DB1_Lumidgm/50_3_4.xyt');

INSERT INTO Images
Values('/var/www/server/Datasets/MOLF/OriginalDataset/DB1_Lumidgm/50_4_4.wsq', '50.4.4', '50.4', 352, 544, 500);

INSERT INTO Features
Values('50.4.4', '50.4.4.1', 64);

INSERT INTO Minutiaes
Values('50.4.4.1.1', '50.4.4.1', '/var/www/server/Datasets/MOLF/MindtctOutput/DB1_Lumidgm/50_4_4.xyt');

INSERT INTO Fingers
Values(NULL, 5, '50.5', '50');

INSERT INTO Images
Values('/var/www/server/Datasets/MOLF/OriginalDataset/DB1_Lumidgm/50_1_5.wsq', '50.5.1', '50.5', 352, 544, 500);

INSERT INTO Features
Values('50.5.1', '50.5.1.1', 62);

INSERT INTO Minutiaes
Values('50.5.1.1.1', '50.5.1.1', '/var/www/server/Datasets/MOLF/MindtctOutput/DB1_Lumidgm/50_1_5.xyt');

INSERT INTO Images
Values('/var/www/server/Datasets/MOLF/OriginalDataset/DB1_Lumidgm/50_2_5.wsq', '50.5.2', '50.5', 352, 544, 500);

INSERT INTO Features
Values('50.5.2', '50.5.2.1', 79);

INSERT INTO Minutiaes
Values('50.5.2.1.1', '50.5.2.1', '/var/www/server/Datasets/MOLF/MindtctOutput/DB1_Lumidgm/50_2_5.xyt');

INSERT INTO Images
Values('/var/www/server/Datasets/MOLF/OriginalDataset/DB1_Lumidgm/50_3_5.wsq', '50.5.3', '50.5', 352, 544, 500);

INSERT INTO Features
Values('50.5.3', '50.5.3.1', 58);

INSERT INTO Minutiaes
Values('50.5.3.1.1', '50.5.3.1', '/var/www/server/Datasets/MOLF/MindtctOutput/DB1_Lumidgm/50_3_5.xyt');

INSERT INTO Images
Values('/var/www/server/Datasets/MOLF/OriginalDataset/DB1_Lumidgm/50_4_5.wsq', '50.5.4', '50.5', 352, 544, 500);

INSERT INTO Features
Values('50.5.4', '50.5.4.1', 80);

INSERT INTO Minutiaes
Values('50.5.4.1.1', '50.5.4.1', '/var/www/server/Datasets/MOLF/MindtctOutput/DB1_Lumidgm/50_4_5.xyt');

INSERT INTO Fingers
Values(NULL, 6, '50.6', '50');

INSERT INTO Images
Values('/var/www/server/Datasets/MOLF/OriginalDataset/DB1_Lumidgm/50_1_6.wsq', '50.6.1', '50.6', 352, 544, 500);

INSERT INTO Features
Values('50.6.1', '50.6.1.1', 53);

INSERT INTO Minutiaes
Values('50.6.1.1.1', '50.6.1.1', '/var/www/server/Datasets/MOLF/MindtctOutput/DB1_Lumidgm/50_1_6.xyt');

INSERT INTO Images
Values('/var/www/server/Datasets/MOLF/OriginalDataset/DB1_Lumidgm/50_2_6.wsq', '50.6.2', '50.6', 352, 544, 500);

INSERT INTO Features
Values('50.6.2', '50.6.2.1', 63);

INSERT INTO Minutiaes
Values('50.6.2.1.1', '50.6.2.1', '/var/www/server/Datasets/MOLF/MindtctOutput/DB1_Lumidgm/50_2_6.xyt');

INSERT INTO Images
Values('/var/www/server/Datasets/MOLF/OriginalDataset/DB1_Lumidgm/50_3_6.wsq', '50.6.3', '50.6', 352, 544, 500);

INSERT INTO Features
Values('50.6.3', '50.6.3.1', 49);

INSERT INTO Minutiaes
Values('50.6.3.1.1', '50.6.3.1', '/var/www/server/Datasets/MOLF/MindtctOutput/DB1_Lumidgm/50_3_6.xyt');

INSERT INTO Images
Values('/var/www/server/Datasets/MOLF/OriginalDataset/DB1_Lumidgm/50_4_6.wsq', '50.6.4', '50.6', 352, 544, 500);

INSERT INTO Features
Values('50.6.4', '50.6.4.1', 58);

INSERT INTO Minutiaes
Values('50.6.4.1.1', '50.6.4.1', '/var/www/server/Datasets/MOLF/MindtctOutput/DB1_Lumidgm/50_4_6.xyt');

INSERT INTO Fingers
Values(NULL, 7, '50.7', '50');

INSERT INTO Images
Values('/var/www/server/Datasets/MOLF/OriginalDataset/DB1_Lumidgm/50_1_7.wsq', '50.7.1', '50.7', 352, 544, 500);

INSERT INTO Features
Values('50.7.1', '50.7.1.1', 72);

INSERT INTO Minutiaes
Values('50.7.1.1.1', '50.7.1.1', '/var/www/server/Datasets/MOLF/MindtctOutput/DB1_Lumidgm/50_1_7.xyt');

INSERT INTO Images
Values('/var/www/server/Datasets/MOLF/OriginalDataset/DB1_Lumidgm/50_2_7.wsq', '50.7.2', '50.7', 352, 544, 500);

INSERT INTO Features
Values('50.7.2', '50.7.2.1', 84);

INSERT INTO Minutiaes
Values('50.7.2.1.1', '50.7.2.1', '/var/www/server/Datasets/MOLF/MindtctOutput/DB1_Lumidgm/50_2_7.xyt');

INSERT INTO Images
Values('/var/www/server/Datasets/MOLF/OriginalDataset/DB1_Lumidgm/50_3_7.wsq', '50.7.3', '50.7', 352, 544, 500);

INSERT INTO Features
Values('50.7.3', '50.7.3.1', 73);

INSERT INTO Minutiaes
Values('50.7.3.1.1', '50.7.3.1', '/var/www/server/Datasets/MOLF/MindtctOutput/DB1_Lumidgm/50_3_7.xyt');

INSERT INTO Images
Values('/var/www/server/Datasets/MOLF/OriginalDataset/DB1_Lumidgm/50_4_7.wsq', '50.7.4', '50.7', 352, 544, 500);

INSERT INTO Features
Values('50.7.4', '50.7.4.1', 62);

INSERT INTO Minutiaes
Values('50.7.4.1.1', '50.7.4.1', '/var/www/server/Datasets/MOLF/MindtctOutput/DB1_Lumidgm/50_4_7.xyt');

INSERT INTO Fingers
Values(NULL, 8, '50.8', '50');

INSERT INTO Images
Values('/var/www/server/Datasets/MOLF/OriginalDataset/DB1_Lumidgm/50_1_8.wsq', '50.8.1', '50.8', 352, 544, 500);

INSERT INTO Features
Values('50.8.1', '50.8.1.1', 80);

INSERT INTO Minutiaes
Values('50.8.1.1.1', '50.8.1.1', '/var/www/server/Datasets/MOLF/MindtctOutput/DB1_Lumidgm/50_1_8.xyt');

INSERT INTO Images
Values('/var/www/server/Datasets/MOLF/OriginalDataset/DB1_Lumidgm/50_2_8.wsq', '50.8.2', '50.8', 352, 544, 500);

INSERT INTO Features
Values('50.8.2', '50.8.2.1', 72);

INSERT INTO Minutiaes
Values('50.8.2.1.1', '50.8.2.1', '/var/www/server/Datasets/MOLF/MindtctOutput/DB1_Lumidgm/50_2_8.xyt');

INSERT INTO Images
Values('/var/www/server/Datasets/MOLF/OriginalDataset/DB1_Lumidgm/50_3_8.wsq', '50.8.3', '50.8', 352, 544, 500);

INSERT INTO Features
Values('50.8.3', '50.8.3.1', 86);

INSERT INTO Minutiaes
Values('50.8.3.1.1', '50.8.3.1', '/var/www/server/Datasets/MOLF/MindtctOutput/DB1_Lumidgm/50_3_8.xyt');

INSERT INTO Images
Values('/var/www/server/Datasets/MOLF/OriginalDataset/DB1_Lumidgm/50_4_8.wsq', '50.8.4', '50.8', 352, 544, 500);

INSERT INTO Features
Values('50.8.4', '50.8.4.1', 76);

INSERT INTO Minutiaes
Values('50.8.4.1.1', '50.8.4.1', '/var/www/server/Datasets/MOLF/MindtctOutput/DB1_Lumidgm/50_4_8.xyt');

INSERT INTO Fingers
Values(NULL, 9, '50.9', '50');

INSERT INTO Images
Values('/var/www/server/Datasets/MOLF/OriginalDataset/DB1_Lumidgm/50_1_9.wsq', '50.9.1', '50.9', 352, 544, 500);

INSERT INTO Features
Values('50.9.1', '50.9.1.1', 66);

INSERT INTO Minutiaes
Values('50.9.1.1.1', '50.9.1.1', '/var/www/server/Datasets/MOLF/MindtctOutput/DB1_Lumidgm/50_1_9.xyt');

INSERT INTO Images
Values('/var/www/server/Datasets/MOLF/OriginalDataset/DB1_Lumidgm/50_2_9.wsq', '50.9.2', '50.9', 352, 544, 500);

INSERT INTO Features
Values('50.9.2', '50.9.2.1', 51);

INSERT INTO Minutiaes
Values('50.9.2.1.1', '50.9.2.1', '/var/www/server/Datasets/MOLF/MindtctOutput/DB1_Lumidgm/50_2_9.xyt');

INSERT INTO Images
Values('/var/www/server/Datasets/MOLF/OriginalDataset/DB1_Lumidgm/50_3_9.wsq', '50.9.3', '50.9', 352, 544, 500);

INSERT INTO Features
Values('50.9.3', '50.9.3.1', 68);

INSERT INTO Minutiaes
Values('50.9.3.1.1', '50.9.3.1', '/var/www/server/Datasets/MOLF/MindtctOutput/DB1_Lumidgm/50_3_9.xyt');

INSERT INTO Images
Values('/var/www/server/Datasets/MOLF/OriginalDataset/DB1_Lumidgm/50_4_9.wsq', '50.9.4', '50.9', 352, 544, 500);

INSERT INTO Features
Values('50.9.4', '50.9.4.1', 63);

INSERT INTO Minutiaes
Values('50.9.4.1.1', '50.9.4.1', '/var/www/server/Datasets/MOLF/MindtctOutput/DB1_Lumidgm/50_4_9.xyt');

INSERT INTO Fingers
Values(NULL, 10, '50.10', '50');

INSERT INTO Images
Values('/var/www/server/Datasets/MOLF/OriginalDataset/DB1_Lumidgm/50_1_10.wsq', '50.10.1', '50.10', 352, 544, 500);

INSERT INTO Features
Values('50.10.1', '50.10.1.1', 60);

INSERT INTO Minutiaes
Values('50.10.1.1.1', '50.10.1.1', '/var/www/server/Datasets/MOLF/MindtctOutput/DB1_Lumidgm/50_1_10.xyt');

INSERT INTO Images
Values('/var/www/server/Datasets/MOLF/OriginalDataset/DB1_Lumidgm/50_2_10.wsq', '50.10.2', '50.10', 352, 544, 500);

INSERT INTO Features
Values('50.10.2', '50.10.2.1', 56);

INSERT INTO Minutiaes
Values('50.10.2.1.1', '50.10.2.1', '/var/www/server/Datasets/MOLF/MindtctOutput/DB1_Lumidgm/50_2_10.xyt');

INSERT INTO Images
Values('/var/www/server/Datasets/MOLF/OriginalDataset/DB1_Lumidgm/50_3_10.wsq', '50.10.3', '50.10', 352, 544, 500);

INSERT INTO Features
Values('50.10.3', '50.10.3.1', 70);

INSERT INTO Minutiaes
Values('50.10.3.1.1', '50.10.3.1', '/var/www/server/Datasets/MOLF/MindtctOutput/DB1_Lumidgm/50_3_10.xyt');

INSERT INTO Images
Values('/var/www/server/Datasets/MOLF/OriginalDataset/DB1_Lumidgm/50_4_10.wsq', '50.10.4', '50.10', 352, 544, 500);

INSERT INTO Features
Values('50.10.4', '50.10.4.1', 49);

INSERT INTO Minutiaes
Values('50.10.4.1.1', '50.10.4.1', '/var/www/server/Datasets/MOLF/MindtctOutput/DB1_Lumidgm/50_4_10.xyt');

#------------------------SUBJECT 51------------------------
INSERT INTO Subjects
Values('51');

INSERT INTO Fingers
Values(NULL, 1, '51.1', '51');

INSERT INTO Images
Values('/var/www/server/Datasets/MOLF/OriginalDataset/DB1_Lumidgm/51_1_1.wsq', '51.1.1', '51.1', 352, 544, 500);

INSERT INTO Features
Values('51.1.1', '51.1.1.1', 60);

INSERT INTO Minutiaes
Values('51.1.1.1.1', '51.1.1.1', '/var/www/server/Datasets/MOLF/MindtctOutput/DB1_Lumidgm/51_1_1.xyt');

INSERT INTO Images
Values('/var/www/server/Datasets/MOLF/OriginalDataset/DB1_Lumidgm/51_2_1.wsq', '51.1.2', '51.1', 352, 544, 500);

INSERT INTO Features
Values('51.1.2', '51.1.2.1', 68);

INSERT INTO Minutiaes
Values('51.1.2.1.1', '51.1.2.1', '/var/www/server/Datasets/MOLF/MindtctOutput/DB1_Lumidgm/51_2_1.xyt');

INSERT INTO Images
Values('/var/www/server/Datasets/MOLF/OriginalDataset/DB1_Lumidgm/51_3_1.wsq', '51.1.3', '51.1', 352, 544, 500);

INSERT INTO Features
Values('51.1.3', '51.1.3.1', 64);

INSERT INTO Minutiaes
Values('51.1.3.1.1', '51.1.3.1', '/var/www/server/Datasets/MOLF/MindtctOutput/DB1_Lumidgm/51_3_1.xyt');

INSERT INTO Images
Values('/var/www/server/Datasets/MOLF/OriginalDataset/DB1_Lumidgm/51_4_1.wsq', '51.1.4', '51.1', 352, 544, 500);

INSERT INTO Features
Values('51.1.4', '51.1.4.1', 75);

INSERT INTO Minutiaes
Values('51.1.4.1.1', '51.1.4.1', '/var/www/server/Datasets/MOLF/MindtctOutput/DB1_Lumidgm/51_4_1.xyt');

INSERT INTO Fingers
Values(NULL, 2, '51.2', '51');

INSERT INTO Images
Values('/var/www/server/Datasets/MOLF/OriginalDataset/DB1_Lumidgm/51_1_2.wsq', '51.2.1', '51.2', 352, 544, 500);

INSERT INTO Features
Values('51.2.1', '51.2.1.1', 60);

INSERT INTO Minutiaes
Values('51.2.1.1.1', '51.2.1.1', '/var/www/server/Datasets/MOLF/MindtctOutput/DB1_Lumidgm/51_1_2.xyt');

INSERT INTO Images
Values('/var/www/server/Datasets/MOLF/OriginalDataset/DB1_Lumidgm/51_2_2.wsq', '51.2.2', '51.2', 352, 544, 500);

INSERT INTO Features
Values('51.2.2', '51.2.2.1', 59);

INSERT INTO Minutiaes
Values('51.2.2.1.1', '51.2.2.1', '/var/www/server/Datasets/MOLF/MindtctOutput/DB1_Lumidgm/51_2_2.xyt');

INSERT INTO Images
Values('/var/www/server/Datasets/MOLF/OriginalDataset/DB1_Lumidgm/51_3_2.wsq', '51.2.3', '51.2', 352, 544, 500);

INSERT INTO Features
Values('51.2.3', '51.2.3.1', 55);

INSERT INTO Minutiaes
Values('51.2.3.1.1', '51.2.3.1', '/var/www/server/Datasets/MOLF/MindtctOutput/DB1_Lumidgm/51_3_2.xyt');

INSERT INTO Images
Values('/var/www/server/Datasets/MOLF/OriginalDataset/DB1_Lumidgm/51_4_2.wsq', '51.2.4', '51.2', 352, 544, 500);

INSERT INTO Features
Values('51.2.4', '51.2.4.1', 55);

INSERT INTO Minutiaes
Values('51.2.4.1.1', '51.2.4.1', '/var/www/server/Datasets/MOLF/MindtctOutput/DB1_Lumidgm/51_4_2.xyt');

INSERT INTO Fingers
Values(NULL, 3, '51.3', '51');

INSERT INTO Images
Values('/var/www/server/Datasets/MOLF/OriginalDataset/DB1_Lumidgm/51_1_3.wsq', '51.3.1', '51.3', 352, 544, 500);

INSERT INTO Features
Values('51.3.1', '51.3.1.1', 72);

INSERT INTO Minutiaes
Values('51.3.1.1.1', '51.3.1.1', '/var/www/server/Datasets/MOLF/MindtctOutput/DB1_Lumidgm/51_1_3.xyt');

INSERT INTO Images
Values('/var/www/server/Datasets/MOLF/OriginalDataset/DB1_Lumidgm/51_2_3.wsq', '51.3.2', '51.3', 352, 544, 500);

INSERT INTO Features
Values('51.3.2', '51.3.2.1', 87);

INSERT INTO Minutiaes
Values('51.3.2.1.1', '51.3.2.1', '/var/www/server/Datasets/MOLF/MindtctOutput/DB1_Lumidgm/51_2_3.xyt');

INSERT INTO Images
Values('/var/www/server/Datasets/MOLF/OriginalDataset/DB1_Lumidgm/51_3_3.wsq', '51.3.3', '51.3', 352, 544, 500);

INSERT INTO Features
Values('51.3.3', '51.3.3.1', 75);

INSERT INTO Minutiaes
Values('51.3.3.1.1', '51.3.3.1', '/var/www/server/Datasets/MOLF/MindtctOutput/DB1_Lumidgm/51_3_3.xyt');

INSERT INTO Images
Values('/var/www/server/Datasets/MOLF/OriginalDataset/DB1_Lumidgm/51_4_3.wsq', '51.3.4', '51.3', 352, 544, 500);

INSERT INTO Features
Values('51.3.4', '51.3.4.1', 62);

INSERT INTO Minutiaes
Values('51.3.4.1.1', '51.3.4.1', '/var/www/server/Datasets/MOLF/MindtctOutput/DB1_Lumidgm/51_4_3.xyt');

INSERT INTO Fingers
Values(NULL, 4, '51.4', '51');

INSERT INTO Images
Values('/var/www/server/Datasets/MOLF/OriginalDataset/DB1_Lumidgm/51_1_4.wsq', '51.4.1', '51.4', 352, 544, 500);

INSERT INTO Features
Values('51.4.1', '51.4.1.1', 64);

INSERT INTO Minutiaes
Values('51.4.1.1.1', '51.4.1.1', '/var/www/server/Datasets/MOLF/MindtctOutput/DB1_Lumidgm/51_1_4.xyt');

INSERT INTO Images
Values('/var/www/server/Datasets/MOLF/OriginalDataset/DB1_Lumidgm/51_2_4.wsq', '51.4.2', '51.4', 352, 544, 500);

INSERT INTO Features
Values('51.4.2', '51.4.2.1', 68);

INSERT INTO Minutiaes
Values('51.4.2.1.1', '51.4.2.1', '/var/www/server/Datasets/MOLF/MindtctOutput/DB1_Lumidgm/51_2_4.xyt');

INSERT INTO Images
Values('/var/www/server/Datasets/MOLF/OriginalDataset/DB1_Lumidgm/51_3_4.wsq', '51.4.3', '51.4', 352, 544, 500);

INSERT INTO Features
Values('51.4.3', '51.4.3.1', 61);

INSERT INTO Minutiaes
Values('51.4.3.1.1', '51.4.3.1', '/var/www/server/Datasets/MOLF/MindtctOutput/DB1_Lumidgm/51_3_4.xyt');

INSERT INTO Images
Values('/var/www/server/Datasets/MOLF/OriginalDataset/DB1_Lumidgm/51_4_4.wsq', '51.4.4', '51.4', 352, 544, 500);

INSERT INTO Features
Values('51.4.4', '51.4.4.1', 61);

INSERT INTO Minutiaes
Values('51.4.4.1.1', '51.4.4.1', '/var/www/server/Datasets/MOLF/MindtctOutput/DB1_Lumidgm/51_4_4.xyt');

INSERT INTO Fingers
Values(NULL, 5, '51.5', '51');

INSERT INTO Images
Values('/var/www/server/Datasets/MOLF/OriginalDataset/DB1_Lumidgm/51_1_5.wsq', '51.5.1', '51.5', 352, 544, 500);

INSERT INTO Features
Values('51.5.1', '51.5.1.1', 74);

INSERT INTO Minutiaes
Values('51.5.1.1.1', '51.5.1.1', '/var/www/server/Datasets/MOLF/MindtctOutput/DB1_Lumidgm/51_1_5.xyt');

INSERT INTO Images
Values('/var/www/server/Datasets/MOLF/OriginalDataset/DB1_Lumidgm/51_2_5.wsq', '51.5.2', '51.5', 352, 544, 500);

INSERT INTO Features
Values('51.5.2', '51.5.2.1', 59);

INSERT INTO Minutiaes
Values('51.5.2.1.1', '51.5.2.1', '/var/www/server/Datasets/MOLF/MindtctOutput/DB1_Lumidgm/51_2_5.xyt');

INSERT INTO Images
Values('/var/www/server/Datasets/MOLF/OriginalDataset/DB1_Lumidgm/51_3_5.wsq', '51.5.3', '51.5', 352, 544, 500);

INSERT INTO Features
Values('51.5.3', '51.5.3.1', 60);

INSERT INTO Minutiaes
Values('51.5.3.1.1', '51.5.3.1', '/var/www/server/Datasets/MOLF/MindtctOutput/DB1_Lumidgm/51_3_5.xyt');

INSERT INTO Images
Values('/var/www/server/Datasets/MOLF/OriginalDataset/DB1_Lumidgm/51_4_5.wsq', '51.5.4', '51.5', 352, 544, 500);

INSERT INTO Features
Values('51.5.4', '51.5.4.1', 54);

INSERT INTO Minutiaes
Values('51.5.4.1.1', '51.5.4.1', '/var/www/server/Datasets/MOLF/MindtctOutput/DB1_Lumidgm/51_4_5.xyt');

INSERT INTO Fingers
Values(NULL, 6, '51.6', '51');

INSERT INTO Images
Values('/var/www/server/Datasets/MOLF/OriginalDataset/DB1_Lumidgm/51_1_6.wsq', '51.6.1', '51.6', 352, 544, 500);

INSERT INTO Features
Values('51.6.1', '51.6.1.1', 73);

INSERT INTO Minutiaes
Values('51.6.1.1.1', '51.6.1.1', '/var/www/server/Datasets/MOLF/MindtctOutput/DB1_Lumidgm/51_1_6.xyt');

INSERT INTO Images
Values('/var/www/server/Datasets/MOLF/OriginalDataset/DB1_Lumidgm/51_2_6.wsq', '51.6.2', '51.6', 352, 544, 500);

INSERT INTO Features
Values('51.6.2', '51.6.2.1', 75);

INSERT INTO Minutiaes
Values('51.6.2.1.1', '51.6.2.1', '/var/www/server/Datasets/MOLF/MindtctOutput/DB1_Lumidgm/51_2_6.xyt');

INSERT INTO Images
Values('/var/www/server/Datasets/MOLF/OriginalDataset/DB1_Lumidgm/51_3_6.wsq', '51.6.3', '51.6', 352, 544, 500);

INSERT INTO Features
Values('51.6.3', '51.6.3.1', 86);

INSERT INTO Minutiaes
Values('51.6.3.1.1', '51.6.3.1', '/var/www/server/Datasets/MOLF/MindtctOutput/DB1_Lumidgm/51_3_6.xyt');

INSERT INTO Images
Values('/var/www/server/Datasets/MOLF/OriginalDataset/DB1_Lumidgm/51_4_6.wsq', '51.6.4', '51.6', 352, 544, 500);

INSERT INTO Features
Values('51.6.4', '51.6.4.1', 78);

INSERT INTO Minutiaes
Values('51.6.4.1.1', '51.6.4.1', '/var/www/server/Datasets/MOLF/MindtctOutput/DB1_Lumidgm/51_4_6.xyt');

INSERT INTO Fingers
Values(NULL, 7, '51.7', '51');

INSERT INTO Images
Values('/var/www/server/Datasets/MOLF/OriginalDataset/DB1_Lumidgm/51_1_7.wsq', '51.7.1', '51.7', 352, 544, 500);

INSERT INTO Features
Values('51.7.1', '51.7.1.1', 65);

INSERT INTO Minutiaes
Values('51.7.1.1.1', '51.7.1.1', '/var/www/server/Datasets/MOLF/MindtctOutput/DB1_Lumidgm/51_1_7.xyt');

INSERT INTO Images
Values('/var/www/server/Datasets/MOLF/OriginalDataset/DB1_Lumidgm/51_2_7.wsq', '51.7.2', '51.7', 352, 544, 500);

INSERT INTO Features
Values('51.7.2', '51.7.2.1', 56);

INSERT INTO Minutiaes
Values('51.7.2.1.1', '51.7.2.1', '/var/www/server/Datasets/MOLF/MindtctOutput/DB1_Lumidgm/51_2_7.xyt');

INSERT INTO Images
Values('/var/www/server/Datasets/MOLF/OriginalDataset/DB1_Lumidgm/51_3_7.wsq', '51.7.3', '51.7', 352, 544, 500);

INSERT INTO Features
Values('51.7.3', '51.7.3.1', 66);

INSERT INTO Minutiaes
Values('51.7.3.1.1', '51.7.3.1', '/var/www/server/Datasets/MOLF/MindtctOutput/DB1_Lumidgm/51_3_7.xyt');

INSERT INTO Images
Values('/var/www/server/Datasets/MOLF/OriginalDataset/DB1_Lumidgm/51_4_7.wsq', '51.7.4', '51.7', 352, 544, 500);

INSERT INTO Features
Values('51.7.4', '51.7.4.1', 44);

INSERT INTO Minutiaes
Values('51.7.4.1.1', '51.7.4.1', '/var/www/server/Datasets/MOLF/MindtctOutput/DB1_Lumidgm/51_4_7.xyt');

INSERT INTO Fingers
Values(NULL, 8, '51.8', '51');

INSERT INTO Images
Values('/var/www/server/Datasets/MOLF/OriginalDataset/DB1_Lumidgm/51_1_8.wsq', '51.8.1', '51.8', 352, 544, 500);

INSERT INTO Features
Values('51.8.1', '51.8.1.1', 52);

INSERT INTO Minutiaes
Values('51.8.1.1.1', '51.8.1.1', '/var/www/server/Datasets/MOLF/MindtctOutput/DB1_Lumidgm/51_1_8.xyt');

INSERT INTO Images
Values('/var/www/server/Datasets/MOLF/OriginalDataset/DB1_Lumidgm/51_2_8.wsq', '51.8.2', '51.8', 352, 544, 500);

INSERT INTO Features
Values('51.8.2', '51.8.2.1', 49);

INSERT INTO Minutiaes
Values('51.8.2.1.1', '51.8.2.1', '/var/www/server/Datasets/MOLF/MindtctOutput/DB1_Lumidgm/51_2_8.xyt');

INSERT INTO Images
Values('/var/www/server/Datasets/MOLF/OriginalDataset/DB1_Lumidgm/51_3_8.wsq', '51.8.3', '51.8', 352, 544, 500);

INSERT INTO Features
Values('51.8.3', '51.8.3.1', 61);

INSERT INTO Minutiaes
Values('51.8.3.1.1', '51.8.3.1', '/var/www/server/Datasets/MOLF/MindtctOutput/DB1_Lumidgm/51_3_8.xyt');

INSERT INTO Images
Values('/var/www/server/Datasets/MOLF/OriginalDataset/DB1_Lumidgm/51_4_8.wsq', '51.8.4', '51.8', 352, 544, 500);

INSERT INTO Features
Values('51.8.4', '51.8.4.1', 53);

INSERT INTO Minutiaes
Values('51.8.4.1.1', '51.8.4.1', '/var/www/server/Datasets/MOLF/MindtctOutput/DB1_Lumidgm/51_4_8.xyt');

INSERT INTO Fingers
Values(NULL, 9, '51.9', '51');

INSERT INTO Images
Values('/var/www/server/Datasets/MOLF/OriginalDataset/DB1_Lumidgm/51_1_9.wsq', '51.9.1', '51.9', 352, 544, 500);

INSERT INTO Features
Values('51.9.1', '51.9.1.1', 80);

INSERT INTO Minutiaes
Values('51.9.1.1.1', '51.9.1.1', '/var/www/server/Datasets/MOLF/MindtctOutput/DB1_Lumidgm/51_1_9.xyt');

INSERT INTO Images
Values('/var/www/server/Datasets/MOLF/OriginalDataset/DB1_Lumidgm/51_2_9.wsq', '51.9.2', '51.9', 352, 544, 500);

INSERT INTO Features
Values('51.9.2', '51.9.2.1', 72);

INSERT INTO Minutiaes
Values('51.9.2.1.1', '51.9.2.1', '/var/www/server/Datasets/MOLF/MindtctOutput/DB1_Lumidgm/51_2_9.xyt');

INSERT INTO Images
Values('/var/www/server/Datasets/MOLF/OriginalDataset/DB1_Lumidgm/51_3_9.wsq', '51.9.3', '51.9', 352, 544, 500);

INSERT INTO Features
Values('51.9.3', '51.9.3.1', 59);

INSERT INTO Minutiaes
Values('51.9.3.1.1', '51.9.3.1', '/var/www/server/Datasets/MOLF/MindtctOutput/DB1_Lumidgm/51_3_9.xyt');

INSERT INTO Images
Values('/var/www/server/Datasets/MOLF/OriginalDataset/DB1_Lumidgm/51_4_9.wsq', '51.9.4', '51.9', 352, 544, 500);

INSERT INTO Features
Values('51.9.4', '51.9.4.1', 51);

INSERT INTO Minutiaes
Values('51.9.4.1.1', '51.9.4.1', '/var/www/server/Datasets/MOLF/MindtctOutput/DB1_Lumidgm/51_4_9.xyt');

INSERT INTO Fingers
Values(NULL, 10, '51.10', '51');

INSERT INTO Images
Values('/var/www/server/Datasets/MOLF/OriginalDataset/DB1_Lumidgm/51_1_10.wsq', '51.10.1', '51.10', 352, 544, 500);

INSERT INTO Features
Values('51.10.1', '51.10.1.1', 66);

INSERT INTO Minutiaes
Values('51.10.1.1.1', '51.10.1.1', '/var/www/server/Datasets/MOLF/MindtctOutput/DB1_Lumidgm/51_1_10.xyt');

INSERT INTO Images
Values('/var/www/server/Datasets/MOLF/OriginalDataset/DB1_Lumidgm/51_2_10.wsq', '51.10.2', '51.10', 352, 544, 500);

INSERT INTO Features
Values('51.10.2', '51.10.2.1', 64);

INSERT INTO Minutiaes
Values('51.10.2.1.1', '51.10.2.1', '/var/www/server/Datasets/MOLF/MindtctOutput/DB1_Lumidgm/51_2_10.xyt');

INSERT INTO Images
Values('/var/www/server/Datasets/MOLF/OriginalDataset/DB1_Lumidgm/51_3_10.wsq', '51.10.3', '51.10', 352, 544, 500);

INSERT INTO Features
Values('51.10.3', '51.10.3.1', 71);

INSERT INTO Minutiaes
Values('51.10.3.1.1', '51.10.3.1', '/var/www/server/Datasets/MOLF/MindtctOutput/DB1_Lumidgm/51_3_10.xyt');

INSERT INTO Images
Values('/var/www/server/Datasets/MOLF/OriginalDataset/DB1_Lumidgm/51_4_10.wsq', '51.10.4', '51.10', 352, 544, 500);

INSERT INTO Features
Values('51.10.4', '51.10.4.1', 54);

INSERT INTO Minutiaes
Values('51.10.4.1.1', '51.10.4.1', '/var/www/server/Datasets/MOLF/MindtctOutput/DB1_Lumidgm/51_4_10.xyt');

#------------------------SUBJECT 52------------------------
INSERT INTO Subjects
Values('52');

INSERT INTO Fingers
Values(NULL, 1, '52.1', '52');

INSERT INTO Images
Values('/var/www/server/Datasets/MOLF/OriginalDataset/DB1_Lumidgm/52_1_1.wsq', '52.1.1', '52.1', 352, 544, 500);

INSERT INTO Features
Values('52.1.1', '52.1.1.1', 65);

INSERT INTO Minutiaes
Values('52.1.1.1.1', '52.1.1.1', '/var/www/server/Datasets/MOLF/MindtctOutput/DB1_Lumidgm/52_1_1.xyt');

INSERT INTO Images
Values('/var/www/server/Datasets/MOLF/OriginalDataset/DB1_Lumidgm/52_2_1.wsq', '52.1.2', '52.1', 352, 544, 500);

INSERT INTO Features
Values('52.1.2', '52.1.2.1', 66);

INSERT INTO Minutiaes
Values('52.1.2.1.1', '52.1.2.1', '/var/www/server/Datasets/MOLF/MindtctOutput/DB1_Lumidgm/52_2_1.xyt');

INSERT INTO Images
Values('/var/www/server/Datasets/MOLF/OriginalDataset/DB1_Lumidgm/52_3_1.wsq', '52.1.3', '52.1', 352, 544, 500);

INSERT INTO Features
Values('52.1.3', '52.1.3.1', 65);

INSERT INTO Minutiaes
Values('52.1.3.1.1', '52.1.3.1', '/var/www/server/Datasets/MOLF/MindtctOutput/DB1_Lumidgm/52_3_1.xyt');

INSERT INTO Images
Values('/var/www/server/Datasets/MOLF/OriginalDataset/DB1_Lumidgm/52_4_1.wsq', '52.1.4', '52.1', 352, 544, 500);

INSERT INTO Features
Values('52.1.4', '52.1.4.1', 64);

INSERT INTO Minutiaes
Values('52.1.4.1.1', '52.1.4.1', '/var/www/server/Datasets/MOLF/MindtctOutput/DB1_Lumidgm/52_4_1.xyt');

INSERT INTO Fingers
Values(NULL, 2, '52.2', '52');

INSERT INTO Images
Values('/var/www/server/Datasets/MOLF/OriginalDataset/DB1_Lumidgm/52_1_2.wsq', '52.2.1', '52.2', 352, 544, 500);

INSERT INTO Features
Values('52.2.1', '52.2.1.1', 57);

INSERT INTO Minutiaes
Values('52.2.1.1.1', '52.2.1.1', '/var/www/server/Datasets/MOLF/MindtctOutput/DB1_Lumidgm/52_1_2.xyt');

INSERT INTO Images
Values('/var/www/server/Datasets/MOLF/OriginalDataset/DB1_Lumidgm/52_2_2.wsq', '52.2.2', '52.2', 352, 544, 500);

INSERT INTO Features
Values('52.2.2', '52.2.2.1', 74);

INSERT INTO Minutiaes
Values('52.2.2.1.1', '52.2.2.1', '/var/www/server/Datasets/MOLF/MindtctOutput/DB1_Lumidgm/52_2_2.xyt');

INSERT INTO Images
Values('/var/www/server/Datasets/MOLF/OriginalDataset/DB1_Lumidgm/52_3_2.wsq', '52.2.3', '52.2', 352, 544, 500);

INSERT INTO Features
Values('52.2.3', '52.2.3.1', 80);

INSERT INTO Minutiaes
Values('52.2.3.1.1', '52.2.3.1', '/var/www/server/Datasets/MOLF/MindtctOutput/DB1_Lumidgm/52_3_2.xyt');

INSERT INTO Images
Values('/var/www/server/Datasets/MOLF/OriginalDataset/DB1_Lumidgm/52_4_2.wsq', '52.2.4', '52.2', 352, 544, 500);

INSERT INTO Features
Values('52.2.4', '52.2.4.1', 62);

INSERT INTO Minutiaes
Values('52.2.4.1.1', '52.2.4.1', '/var/www/server/Datasets/MOLF/MindtctOutput/DB1_Lumidgm/52_4_2.xyt');

INSERT INTO Fingers
Values(NULL, 3, '52.3', '52');

INSERT INTO Images
Values('/var/www/server/Datasets/MOLF/OriginalDataset/DB1_Lumidgm/52_1_3.wsq', '52.3.1', '52.3', 352, 544, 500);

INSERT INTO Features
Values('52.3.1', '52.3.1.1', 51);

INSERT INTO Minutiaes
Values('52.3.1.1.1', '52.3.1.1', '/var/www/server/Datasets/MOLF/MindtctOutput/DB1_Lumidgm/52_1_3.xyt');

INSERT INTO Images
Values('/var/www/server/Datasets/MOLF/OriginalDataset/DB1_Lumidgm/52_2_3.wsq', '52.3.2', '52.3', 352, 544, 500);

INSERT INTO Features
Values('52.3.2', '52.3.2.1', 55);

INSERT INTO Minutiaes
Values('52.3.2.1.1', '52.3.2.1', '/var/www/server/Datasets/MOLF/MindtctOutput/DB1_Lumidgm/52_2_3.xyt');

INSERT INTO Images
Values('/var/www/server/Datasets/MOLF/OriginalDataset/DB1_Lumidgm/52_3_3.wsq', '52.3.3', '52.3', 352, 544, 500);

INSERT INTO Features
Values('52.3.3', '52.3.3.1', 52);

INSERT INTO Minutiaes
Values('52.3.3.1.1', '52.3.3.1', '/var/www/server/Datasets/MOLF/MindtctOutput/DB1_Lumidgm/52_3_3.xyt');

INSERT INTO Images
Values('/var/www/server/Datasets/MOLF/OriginalDataset/DB1_Lumidgm/52_4_3.wsq', '52.3.4', '52.3', 352, 544, 500);

INSERT INTO Features
Values('52.3.4', '52.3.4.1', 55);

INSERT INTO Minutiaes
Values('52.3.4.1.1', '52.3.4.1', '/var/www/server/Datasets/MOLF/MindtctOutput/DB1_Lumidgm/52_4_3.xyt');

INSERT INTO Fingers
Values(NULL, 4, '52.4', '52');

INSERT INTO Images
Values('/var/www/server/Datasets/MOLF/OriginalDataset/DB1_Lumidgm/52_1_4.wsq', '52.4.1', '52.4', 352, 544, 500);

INSERT INTO Features
Values('52.4.1', '52.4.1.1', 52);

INSERT INTO Minutiaes
Values('52.4.1.1.1', '52.4.1.1', '/var/www/server/Datasets/MOLF/MindtctOutput/DB1_Lumidgm/52_1_4.xyt');

INSERT INTO Images
Values('/var/www/server/Datasets/MOLF/OriginalDataset/DB1_Lumidgm/52_2_4.wsq', '52.4.2', '52.4', 352, 544, 500);

INSERT INTO Features
Values('52.4.2', '52.4.2.1', 59);

INSERT INTO Minutiaes
Values('52.4.2.1.1', '52.4.2.1', '/var/www/server/Datasets/MOLF/MindtctOutput/DB1_Lumidgm/52_2_4.xyt');

INSERT INTO Images
Values('/var/www/server/Datasets/MOLF/OriginalDataset/DB1_Lumidgm/52_3_4.wsq', '52.4.3', '52.4', 352, 544, 500);

INSERT INTO Features
Values('52.4.3', '52.4.3.1', 58);

INSERT INTO Minutiaes
Values('52.4.3.1.1', '52.4.3.1', '/var/www/server/Datasets/MOLF/MindtctOutput/DB1_Lumidgm/52_3_4.xyt');

INSERT INTO Images
Values('/var/www/server/Datasets/MOLF/OriginalDataset/DB1_Lumidgm/52_4_4.wsq', '52.4.4', '52.4', 352, 544, 500);

INSERT INTO Features
Values('52.4.4', '52.4.4.1', 58);

INSERT INTO Minutiaes
Values('52.4.4.1.1', '52.4.4.1', '/var/www/server/Datasets/MOLF/MindtctOutput/DB1_Lumidgm/52_4_4.xyt');

INSERT INTO Fingers
Values(NULL, 5, '52.5', '52');

INSERT INTO Images
Values('/var/www/server/Datasets/MOLF/OriginalDataset/DB1_Lumidgm/52_1_5.wsq', '52.5.1', '52.5', 352, 544, 500);

INSERT INTO Features
Values('52.5.1', '52.5.1.1', 55);

INSERT INTO Minutiaes
Values('52.5.1.1.1', '52.5.1.1', '/var/www/server/Datasets/MOLF/MindtctOutput/DB1_Lumidgm/52_1_5.xyt');

INSERT INTO Images
Values('/var/www/server/Datasets/MOLF/OriginalDataset/DB1_Lumidgm/52_2_5.wsq', '52.5.2', '52.5', 352, 544, 500);

INSERT INTO Features
Values('52.5.2', '52.5.2.1', 52);

INSERT INTO Minutiaes
Values('52.5.2.1.1', '52.5.2.1', '/var/www/server/Datasets/MOLF/MindtctOutput/DB1_Lumidgm/52_2_5.xyt');

INSERT INTO Images
Values('/var/www/server/Datasets/MOLF/OriginalDataset/DB1_Lumidgm/52_3_5.wsq', '52.5.3', '52.5', 352, 544, 500);

INSERT INTO Features
Values('52.5.3', '52.5.3.1', 53);

INSERT INTO Minutiaes
Values('52.5.3.1.1', '52.5.3.1', '/var/www/server/Datasets/MOLF/MindtctOutput/DB1_Lumidgm/52_3_5.xyt');

INSERT INTO Images
Values('/var/www/server/Datasets/MOLF/OriginalDataset/DB1_Lumidgm/52_4_5.wsq', '52.5.4', '52.5', 352, 544, 500);

INSERT INTO Features
Values('52.5.4', '52.5.4.1', 61);

INSERT INTO Minutiaes
Values('52.5.4.1.1', '52.5.4.1', '/var/www/server/Datasets/MOLF/MindtctOutput/DB1_Lumidgm/52_4_5.xyt');

INSERT INTO Fingers
Values(NULL, 6, '52.6', '52');

INSERT INTO Images
Values('/var/www/server/Datasets/MOLF/OriginalDataset/DB1_Lumidgm/52_1_6.wsq', '52.6.1', '52.6', 352, 544, 500);

INSERT INTO Features
Values('52.6.1', '52.6.1.1', 61);

INSERT INTO Minutiaes
Values('52.6.1.1.1', '52.6.1.1', '/var/www/server/Datasets/MOLF/MindtctOutput/DB1_Lumidgm/52_1_6.xyt');

INSERT INTO Images
Values('/var/www/server/Datasets/MOLF/OriginalDataset/DB1_Lumidgm/52_2_6.wsq', '52.6.2', '52.6', 352, 544, 500);

INSERT INTO Features
Values('52.6.2', '52.6.2.1', 67);

INSERT INTO Minutiaes
Values('52.6.2.1.1', '52.6.2.1', '/var/www/server/Datasets/MOLF/MindtctOutput/DB1_Lumidgm/52_2_6.xyt');

INSERT INTO Images
Values('/var/www/server/Datasets/MOLF/OriginalDataset/DB1_Lumidgm/52_3_6.wsq', '52.6.3', '52.6', 352, 544, 500);

INSERT INTO Features
Values('52.6.3', '52.6.3.1', 62);

INSERT INTO Minutiaes
Values('52.6.3.1.1', '52.6.3.1', '/var/www/server/Datasets/MOLF/MindtctOutput/DB1_Lumidgm/52_3_6.xyt');

INSERT INTO Images
Values('/var/www/server/Datasets/MOLF/OriginalDataset/DB1_Lumidgm/52_4_6.wsq', '52.6.4', '52.6', 352, 544, 500);

INSERT INTO Features
Values('52.6.4', '52.6.4.1', 59);

INSERT INTO Minutiaes
Values('52.6.4.1.1', '52.6.4.1', '/var/www/server/Datasets/MOLF/MindtctOutput/DB1_Lumidgm/52_4_6.xyt');

INSERT INTO Fingers
Values(NULL, 7, '52.7', '52');

INSERT INTO Images
Values('/var/www/server/Datasets/MOLF/OriginalDataset/DB1_Lumidgm/52_1_7.wsq', '52.7.1', '52.7', 352, 544, 500);

INSERT INTO Features
Values('52.7.1', '52.7.1.1', 74);

INSERT INTO Minutiaes
Values('52.7.1.1.1', '52.7.1.1', '/var/www/server/Datasets/MOLF/MindtctOutput/DB1_Lumidgm/52_1_7.xyt');

INSERT INTO Images
Values('/var/www/server/Datasets/MOLF/OriginalDataset/DB1_Lumidgm/52_2_7.wsq', '52.7.2', '52.7', 352, 544, 500);

INSERT INTO Features
Values('52.7.2', '52.7.2.1', 94);

INSERT INTO Minutiaes
Values('52.7.2.1.1', '52.7.2.1', '/var/www/server/Datasets/MOLF/MindtctOutput/DB1_Lumidgm/52_2_7.xyt');

INSERT INTO Images
Values('/var/www/server/Datasets/MOLF/OriginalDataset/DB1_Lumidgm/52_3_7.wsq', '52.7.3', '52.7', 352, 544, 500);

INSERT INTO Features
Values('52.7.3', '52.7.3.1', 83);

INSERT INTO Minutiaes
Values('52.7.3.1.1', '52.7.3.1', '/var/www/server/Datasets/MOLF/MindtctOutput/DB1_Lumidgm/52_3_7.xyt');

INSERT INTO Images
Values('/var/www/server/Datasets/MOLF/OriginalDataset/DB1_Lumidgm/52_4_7.wsq', '52.7.4', '52.7', 352, 544, 500);

INSERT INTO Features
Values('52.7.4', '52.7.4.1', 92);

INSERT INTO Minutiaes
Values('52.7.4.1.1', '52.7.4.1', '/var/www/server/Datasets/MOLF/MindtctOutput/DB1_Lumidgm/52_4_7.xyt');

INSERT INTO Fingers
Values(NULL, 8, '52.8', '52');

INSERT INTO Images
Values('/var/www/server/Datasets/MOLF/OriginalDataset/DB1_Lumidgm/52_1_8.wsq', '52.8.1', '52.8', 352, 544, 500);

INSERT INTO Features
Values('52.8.1', '52.8.1.1', 85);

INSERT INTO Minutiaes
Values('52.8.1.1.1', '52.8.1.1', '/var/www/server/Datasets/MOLF/MindtctOutput/DB1_Lumidgm/52_1_8.xyt');

INSERT INTO Images
Values('/var/www/server/Datasets/MOLF/OriginalDataset/DB1_Lumidgm/52_2_8.wsq', '52.8.2', '52.8', 352, 544, 500);

INSERT INTO Features
Values('52.8.2', '52.8.2.1', 93);

INSERT INTO Minutiaes
Values('52.8.2.1.1', '52.8.2.1', '/var/www/server/Datasets/MOLF/MindtctOutput/DB1_Lumidgm/52_2_8.xyt');

INSERT INTO Images
Values('/var/www/server/Datasets/MOLF/OriginalDataset/DB1_Lumidgm/52_3_8.wsq', '52.8.3', '52.8', 352, 544, 500);

INSERT INTO Features
Values('52.8.3', '52.8.3.1', 84);

INSERT INTO Minutiaes
Values('52.8.3.1.1', '52.8.3.1', '/var/www/server/Datasets/MOLF/MindtctOutput/DB1_Lumidgm/52_3_8.xyt');

INSERT INTO Images
Values('/var/www/server/Datasets/MOLF/OriginalDataset/DB1_Lumidgm/52_4_8.wsq', '52.8.4', '52.8', 352, 544, 500);

INSERT INTO Features
Values('52.8.4', '52.8.4.1', 90);

INSERT INTO Minutiaes
Values('52.8.4.1.1', '52.8.4.1', '/var/www/server/Datasets/MOLF/MindtctOutput/DB1_Lumidgm/52_4_8.xyt');

INSERT INTO Fingers
Values(NULL, 9, '52.9', '52');

INSERT INTO Images
Values('/var/www/server/Datasets/MOLF/OriginalDataset/DB1_Lumidgm/52_1_9.wsq', '52.9.1', '52.9', 352, 544, 500);

INSERT INTO Features
Values('52.9.1', '52.9.1.1', 77);

INSERT INTO Minutiaes
Values('52.9.1.1.1', '52.9.1.1', '/var/www/server/Datasets/MOLF/MindtctOutput/DB1_Lumidgm/52_1_9.xyt');

INSERT INTO Images
Values('/var/www/server/Datasets/MOLF/OriginalDataset/DB1_Lumidgm/52_2_9.wsq', '52.9.2', '52.9', 352, 544, 500);

INSERT INTO Features
Values('52.9.2', '52.9.2.1', 72);

INSERT INTO Minutiaes
Values('52.9.2.1.1', '52.9.2.1', '/var/www/server/Datasets/MOLF/MindtctOutput/DB1_Lumidgm/52_2_9.xyt');

INSERT INTO Images
Values('/var/www/server/Datasets/MOLF/OriginalDataset/DB1_Lumidgm/52_3_9.wsq', '52.9.3', '52.9', 352, 544, 500);

INSERT INTO Features
Values('52.9.3', '52.9.3.1', 70);

INSERT INTO Minutiaes
Values('52.9.3.1.1', '52.9.3.1', '/var/www/server/Datasets/MOLF/MindtctOutput/DB1_Lumidgm/52_3_9.xyt');

INSERT INTO Images
Values('/var/www/server/Datasets/MOLF/OriginalDataset/DB1_Lumidgm/52_4_9.wsq', '52.9.4', '52.9', 352, 544, 500);

INSERT INTO Features
Values('52.9.4', '52.9.4.1', 74);

INSERT INTO Minutiaes
Values('52.9.4.1.1', '52.9.4.1', '/var/www/server/Datasets/MOLF/MindtctOutput/DB1_Lumidgm/52_4_9.xyt');

INSERT INTO Fingers
Values(NULL, 10, '52.10', '52');

INSERT INTO Images
Values('/var/www/server/Datasets/MOLF/OriginalDataset/DB1_Lumidgm/52_1_10.wsq', '52.10.1', '52.10', 352, 544, 500);

INSERT INTO Features
Values('52.10.1', '52.10.1.1', 56);

INSERT INTO Minutiaes
Values('52.10.1.1.1', '52.10.1.1', '/var/www/server/Datasets/MOLF/MindtctOutput/DB1_Lumidgm/52_1_10.xyt');

INSERT INTO Images
Values('/var/www/server/Datasets/MOLF/OriginalDataset/DB1_Lumidgm/52_2_10.wsq', '52.10.2', '52.10', 352, 544, 500);

INSERT INTO Features
Values('52.10.2', '52.10.2.1', 73);

INSERT INTO Minutiaes
Values('52.10.2.1.1', '52.10.2.1', '/var/www/server/Datasets/MOLF/MindtctOutput/DB1_Lumidgm/52_2_10.xyt');

INSERT INTO Images
Values('/var/www/server/Datasets/MOLF/OriginalDataset/DB1_Lumidgm/52_3_10.wsq', '52.10.3', '52.10', 352, 544, 500);

INSERT INTO Features
Values('52.10.3', '52.10.3.1', 71);

INSERT INTO Minutiaes
Values('52.10.3.1.1', '52.10.3.1', '/var/www/server/Datasets/MOLF/MindtctOutput/DB1_Lumidgm/52_3_10.xyt');

INSERT INTO Images
Values('/var/www/server/Datasets/MOLF/OriginalDataset/DB1_Lumidgm/52_4_10.wsq', '52.10.4', '52.10', 352, 544, 500);

INSERT INTO Features
Values('52.10.4', '52.10.4.1', 77);

INSERT INTO Minutiaes
Values('52.10.4.1.1', '52.10.4.1', '/var/www/server/Datasets/MOLF/MindtctOutput/DB1_Lumidgm/52_4_10.xyt');

#------------------------SUBJECT 53------------------------
INSERT INTO Subjects
Values('53');

INSERT INTO Fingers
Values(NULL, 1, '53.1', '53');

INSERT INTO Images
Values('/var/www/server/Datasets/MOLF/OriginalDataset/DB1_Lumidgm/53_1_1.wsq', '53.1.1', '53.1', 352, 544, 500);

INSERT INTO Features
Values('53.1.1', '53.1.1.1', 46);

INSERT INTO Minutiaes
Values('53.1.1.1.1', '53.1.1.1', '/var/www/server/Datasets/MOLF/MindtctOutput/DB1_Lumidgm/53_1_1.xyt');

INSERT INTO Images
Values('/var/www/server/Datasets/MOLF/OriginalDataset/DB1_Lumidgm/53_2_1.wsq', '53.1.2', '53.1', 352, 544, 500);

INSERT INTO Features
Values('53.1.2', '53.1.2.1', 40);

INSERT INTO Minutiaes
Values('53.1.2.1.1', '53.1.2.1', '/var/www/server/Datasets/MOLF/MindtctOutput/DB1_Lumidgm/53_2_1.xyt');

INSERT INTO Images
Values('/var/www/server/Datasets/MOLF/OriginalDataset/DB1_Lumidgm/53_3_1.wsq', '53.1.3', '53.1', 352, 544, 500);

INSERT INTO Features
Values('53.1.3', '53.1.3.1', 42);

INSERT INTO Minutiaes
Values('53.1.3.1.1', '53.1.3.1', '/var/www/server/Datasets/MOLF/MindtctOutput/DB1_Lumidgm/53_3_1.xyt');

INSERT INTO Images
Values('/var/www/server/Datasets/MOLF/OriginalDataset/DB1_Lumidgm/53_4_1.wsq', '53.1.4', '53.1', 352, 544, 500);

INSERT INTO Features
Values('53.1.4', '53.1.4.1', 43);

INSERT INTO Minutiaes
Values('53.1.4.1.1', '53.1.4.1', '/var/www/server/Datasets/MOLF/MindtctOutput/DB1_Lumidgm/53_4_1.xyt');

INSERT INTO Fingers
Values(NULL, 2, '53.2', '53');

INSERT INTO Images
Values('/var/www/server/Datasets/MOLF/OriginalDataset/DB1_Lumidgm/53_1_2.wsq', '53.2.1', '53.2', 352, 544, 500);

INSERT INTO Features
Values('53.2.1', '53.2.1.1', 36);

INSERT INTO Minutiaes
Values('53.2.1.1.1', '53.2.1.1', '/var/www/server/Datasets/MOLF/MindtctOutput/DB1_Lumidgm/53_1_2.xyt');

INSERT INTO Images
Values('/var/www/server/Datasets/MOLF/OriginalDataset/DB1_Lumidgm/53_2_2.wsq', '53.2.2', '53.2', 352, 544, 500);

INSERT INTO Features
Values('53.2.2', '53.2.2.1', 43);

INSERT INTO Minutiaes
Values('53.2.2.1.1', '53.2.2.1', '/var/www/server/Datasets/MOLF/MindtctOutput/DB1_Lumidgm/53_2_2.xyt');

INSERT INTO Images
Values('/var/www/server/Datasets/MOLF/OriginalDataset/DB1_Lumidgm/53_3_2.wsq', '53.2.3', '53.2', 352, 544, 500);

INSERT INTO Features
Values('53.2.3', '53.2.3.1', 46);

INSERT INTO Minutiaes
Values('53.2.3.1.1', '53.2.3.1', '/var/www/server/Datasets/MOLF/MindtctOutput/DB1_Lumidgm/53_3_2.xyt');

INSERT INTO Images
Values('/var/www/server/Datasets/MOLF/OriginalDataset/DB1_Lumidgm/53_4_2.wsq', '53.2.4', '53.2', 352, 544, 500);

INSERT INTO Features
Values('53.2.4', '53.2.4.1', 43);

INSERT INTO Minutiaes
Values('53.2.4.1.1', '53.2.4.1', '/var/www/server/Datasets/MOLF/MindtctOutput/DB1_Lumidgm/53_4_2.xyt');

INSERT INTO Fingers
Values(NULL, 3, '53.3', '53');

INSERT INTO Images
Values('/var/www/server/Datasets/MOLF/OriginalDataset/DB1_Lumidgm/53_1_3.wsq', '53.3.1', '53.3', 352, 544, 500);

INSERT INTO Features
Values('53.3.1', '53.3.1.1', 51);

INSERT INTO Minutiaes
Values('53.3.1.1.1', '53.3.1.1', '/var/www/server/Datasets/MOLF/MindtctOutput/DB1_Lumidgm/53_1_3.xyt');

INSERT INTO Images
Values('/var/www/server/Datasets/MOLF/OriginalDataset/DB1_Lumidgm/53_2_3.wsq', '53.3.2', '53.3', 352, 544, 500);

INSERT INTO Features
Values('53.3.2', '53.3.2.1', 48);

INSERT INTO Minutiaes
Values('53.3.2.1.1', '53.3.2.1', '/var/www/server/Datasets/MOLF/MindtctOutput/DB1_Lumidgm/53_2_3.xyt');

INSERT INTO Images
Values('/var/www/server/Datasets/MOLF/OriginalDataset/DB1_Lumidgm/53_3_3.wsq', '53.3.3', '53.3', 352, 544, 500);

INSERT INTO Features
Values('53.3.3', '53.3.3.1', 50);

INSERT INTO Minutiaes
Values('53.3.3.1.1', '53.3.3.1', '/var/www/server/Datasets/MOLF/MindtctOutput/DB1_Lumidgm/53_3_3.xyt');

INSERT INTO Images
Values('/var/www/server/Datasets/MOLF/OriginalDataset/DB1_Lumidgm/53_4_3.wsq', '53.3.4', '53.3', 352, 544, 500);

INSERT INTO Features
Values('53.3.4', '53.3.4.1', 49);

INSERT INTO Minutiaes
Values('53.3.4.1.1', '53.3.4.1', '/var/www/server/Datasets/MOLF/MindtctOutput/DB1_Lumidgm/53_4_3.xyt');

INSERT INTO Fingers
Values(NULL, 4, '53.4', '53');

INSERT INTO Images
Values('/var/www/server/Datasets/MOLF/OriginalDataset/DB1_Lumidgm/53_1_4.wsq', '53.4.1', '53.4', 352, 544, 500);

INSERT INTO Features
Values('53.4.1', '53.4.1.1', 49);

INSERT INTO Minutiaes
Values('53.4.1.1.1', '53.4.1.1', '/var/www/server/Datasets/MOLF/MindtctOutput/DB1_Lumidgm/53_1_4.xyt');

INSERT INTO Images
Values('/var/www/server/Datasets/MOLF/OriginalDataset/DB1_Lumidgm/53_2_4.wsq', '53.4.2', '53.4', 352, 544, 500);

INSERT INTO Features
Values('53.4.2', '53.4.2.1', 54);

INSERT INTO Minutiaes
Values('53.4.2.1.1', '53.4.2.1', '/var/www/server/Datasets/MOLF/MindtctOutput/DB1_Lumidgm/53_2_4.xyt');

INSERT INTO Images
Values('/var/www/server/Datasets/MOLF/OriginalDataset/DB1_Lumidgm/53_3_4.wsq', '53.4.3', '53.4', 352, 544, 500);

INSERT INTO Features
Values('53.4.3', '53.4.3.1', 52);

INSERT INTO Minutiaes
Values('53.4.3.1.1', '53.4.3.1', '/var/www/server/Datasets/MOLF/MindtctOutput/DB1_Lumidgm/53_3_4.xyt');

INSERT INTO Images
Values('/var/www/server/Datasets/MOLF/OriginalDataset/DB1_Lumidgm/53_4_4.wsq', '53.4.4', '53.4', 352, 544, 500);

INSERT INTO Features
Values('53.4.4', '53.4.4.1', 47);

INSERT INTO Minutiaes
Values('53.4.4.1.1', '53.4.4.1', '/var/www/server/Datasets/MOLF/MindtctOutput/DB1_Lumidgm/53_4_4.xyt');

INSERT INTO Fingers
Values(NULL, 5, '53.5', '53');

INSERT INTO Images
Values('/var/www/server/Datasets/MOLF/OriginalDataset/DB1_Lumidgm/53_1_5.wsq', '53.5.1', '53.5', 352, 544, 500);

INSERT INTO Features
Values('53.5.1', '53.5.1.1', 46);

INSERT INTO Minutiaes
Values('53.5.1.1.1', '53.5.1.1', '/var/www/server/Datasets/MOLF/MindtctOutput/DB1_Lumidgm/53_1_5.xyt');

INSERT INTO Images
Values('/var/www/server/Datasets/MOLF/OriginalDataset/DB1_Lumidgm/53_2_5.wsq', '53.5.2', '53.5', 352, 544, 500);

INSERT INTO Features
Values('53.5.2', '53.5.2.1', 47);

INSERT INTO Minutiaes
Values('53.5.2.1.1', '53.5.2.1', '/var/www/server/Datasets/MOLF/MindtctOutput/DB1_Lumidgm/53_2_5.xyt');

INSERT INTO Images
Values('/var/www/server/Datasets/MOLF/OriginalDataset/DB1_Lumidgm/53_3_5.wsq', '53.5.3', '53.5', 352, 544, 500);

INSERT INTO Features
Values('53.5.3', '53.5.3.1', 52);

INSERT INTO Minutiaes
Values('53.5.3.1.1', '53.5.3.1', '/var/www/server/Datasets/MOLF/MindtctOutput/DB1_Lumidgm/53_3_5.xyt');

INSERT INTO Images
Values('/var/www/server/Datasets/MOLF/OriginalDataset/DB1_Lumidgm/53_4_5.wsq', '53.5.4', '53.5', 352, 544, 500);

INSERT INTO Features
Values('53.5.4', '53.5.4.1', 57);

INSERT INTO Minutiaes
Values('53.5.4.1.1', '53.5.4.1', '/var/www/server/Datasets/MOLF/MindtctOutput/DB1_Lumidgm/53_4_5.xyt');

INSERT INTO Fingers
Values(NULL, 6, '53.6', '53');

INSERT INTO Images
Values('/var/www/server/Datasets/MOLF/OriginalDataset/DB1_Lumidgm/53_1_6.wsq', '53.6.1', '53.6', 352, 544, 500);

INSERT INTO Features
Values('53.6.1', '53.6.1.1', 47);

INSERT INTO Minutiaes
Values('53.6.1.1.1', '53.6.1.1', '/var/www/server/Datasets/MOLF/MindtctOutput/DB1_Lumidgm/53_1_6.xyt');

INSERT INTO Images
Values('/var/www/server/Datasets/MOLF/OriginalDataset/DB1_Lumidgm/53_2_6.wsq', '53.6.2', '53.6', 352, 544, 500);

INSERT INTO Features
Values('53.6.2', '53.6.2.1', 43);

INSERT INTO Minutiaes
Values('53.6.2.1.1', '53.6.2.1', '/var/www/server/Datasets/MOLF/MindtctOutput/DB1_Lumidgm/53_2_6.xyt');

INSERT INTO Images
Values('/var/www/server/Datasets/MOLF/OriginalDataset/DB1_Lumidgm/53_3_6.wsq', '53.6.3', '53.6', 352, 544, 500);

INSERT INTO Features
Values('53.6.3', '53.6.3.1', 50);

INSERT INTO Minutiaes
Values('53.6.3.1.1', '53.6.3.1', '/var/www/server/Datasets/MOLF/MindtctOutput/DB1_Lumidgm/53_3_6.xyt');

INSERT INTO Images
Values('/var/www/server/Datasets/MOLF/OriginalDataset/DB1_Lumidgm/53_4_6.wsq', '53.6.4', '53.6', 352, 544, 500);

INSERT INTO Features
Values('53.6.4', '53.6.4.1', 47);

INSERT INTO Minutiaes
Values('53.6.4.1.1', '53.6.4.1', '/var/www/server/Datasets/MOLF/MindtctOutput/DB1_Lumidgm/53_4_6.xyt');

INSERT INTO Fingers
Values(NULL, 7, '53.7', '53');

INSERT INTO Images
Values('/var/www/server/Datasets/MOLF/OriginalDataset/DB1_Lumidgm/53_1_7.wsq', '53.7.1', '53.7', 352, 544, 500);

INSERT INTO Features
Values('53.7.1', '53.7.1.1', 50);

INSERT INTO Minutiaes
Values('53.7.1.1.1', '53.7.1.1', '/var/www/server/Datasets/MOLF/MindtctOutput/DB1_Lumidgm/53_1_7.xyt');

INSERT INTO Images
Values('/var/www/server/Datasets/MOLF/OriginalDataset/DB1_Lumidgm/53_2_7.wsq', '53.7.2', '53.7', 352, 544, 500);

INSERT INTO Features
Values('53.7.2', '53.7.2.1', 47);

INSERT INTO Minutiaes
Values('53.7.2.1.1', '53.7.2.1', '/var/www/server/Datasets/MOLF/MindtctOutput/DB1_Lumidgm/53_2_7.xyt');

INSERT INTO Images
Values('/var/www/server/Datasets/MOLF/OriginalDataset/DB1_Lumidgm/53_3_7.wsq', '53.7.3', '53.7', 352, 544, 500);

INSERT INTO Features
Values('53.7.3', '53.7.3.1', 54);

INSERT INTO Minutiaes
Values('53.7.3.1.1', '53.7.3.1', '/var/www/server/Datasets/MOLF/MindtctOutput/DB1_Lumidgm/53_3_7.xyt');

INSERT INTO Images
Values('/var/www/server/Datasets/MOLF/OriginalDataset/DB1_Lumidgm/53_4_7.wsq', '53.7.4', '53.7', 352, 544, 500);

INSERT INTO Features
Values('53.7.4', '53.7.4.1', 54);

INSERT INTO Minutiaes
Values('53.7.4.1.1', '53.7.4.1', '/var/www/server/Datasets/MOLF/MindtctOutput/DB1_Lumidgm/53_4_7.xyt');

INSERT INTO Fingers
Values(NULL, 8, '53.8', '53');

INSERT INTO Images
Values('/var/www/server/Datasets/MOLF/OriginalDataset/DB1_Lumidgm/53_1_8.wsq', '53.8.1', '53.8', 352, 544, 500);

INSERT INTO Features
Values('53.8.1', '53.8.1.1', 62);

INSERT INTO Minutiaes
Values('53.8.1.1.1', '53.8.1.1', '/var/www/server/Datasets/MOLF/MindtctOutput/DB1_Lumidgm/53_1_8.xyt');

INSERT INTO Images
Values('/var/www/server/Datasets/MOLF/OriginalDataset/DB1_Lumidgm/53_2_8.wsq', '53.8.2', '53.8', 352, 544, 500);

INSERT INTO Features
Values('53.8.2', '53.8.2.1', 56);

INSERT INTO Minutiaes
Values('53.8.2.1.1', '53.8.2.1', '/var/www/server/Datasets/MOLF/MindtctOutput/DB1_Lumidgm/53_2_8.xyt');

INSERT INTO Images
Values('/var/www/server/Datasets/MOLF/OriginalDataset/DB1_Lumidgm/53_3_8.wsq', '53.8.3', '53.8', 352, 544, 500);

INSERT INTO Features
Values('53.8.3', '53.8.3.1', 61);

INSERT INTO Minutiaes
Values('53.8.3.1.1', '53.8.3.1', '/var/www/server/Datasets/MOLF/MindtctOutput/DB1_Lumidgm/53_3_8.xyt');

INSERT INTO Images
Values('/var/www/server/Datasets/MOLF/OriginalDataset/DB1_Lumidgm/53_4_8.wsq', '53.8.4', '53.8', 352, 544, 500);

INSERT INTO Features
Values('53.8.4', '53.8.4.1', 57);

INSERT INTO Minutiaes
Values('53.8.4.1.1', '53.8.4.1', '/var/www/server/Datasets/MOLF/MindtctOutput/DB1_Lumidgm/53_4_8.xyt');

INSERT INTO Fingers
Values(NULL, 9, '53.9', '53');

INSERT INTO Images
Values('/var/www/server/Datasets/MOLF/OriginalDataset/DB1_Lumidgm/53_1_9.wsq', '53.9.1', '53.9', 352, 544, 500);

INSERT INTO Features
Values('53.9.1', '53.9.1.1', 85);

INSERT INTO Minutiaes
Values('53.9.1.1.1', '53.9.1.1', '/var/www/server/Datasets/MOLF/MindtctOutput/DB1_Lumidgm/53_1_9.xyt');

INSERT INTO Images
Values('/var/www/server/Datasets/MOLF/OriginalDataset/DB1_Lumidgm/53_2_9.wsq', '53.9.2', '53.9', 352, 544, 500);

INSERT INTO Features
Values('53.9.2', '53.9.2.1', 74);

INSERT INTO Minutiaes
Values('53.9.2.1.1', '53.9.2.1', '/var/www/server/Datasets/MOLF/MindtctOutput/DB1_Lumidgm/53_2_9.xyt');

INSERT INTO Images
Values('/var/www/server/Datasets/MOLF/OriginalDataset/DB1_Lumidgm/53_3_9.wsq', '53.9.3', '53.9', 352, 544, 500);

INSERT INTO Features
Values('53.9.3', '53.9.3.1', 70);

INSERT INTO Minutiaes
Values('53.9.3.1.1', '53.9.3.1', '/var/www/server/Datasets/MOLF/MindtctOutput/DB1_Lumidgm/53_3_9.xyt');

INSERT INTO Images
Values('/var/www/server/Datasets/MOLF/OriginalDataset/DB1_Lumidgm/53_4_9.wsq', '53.9.4', '53.9', 352, 544, 500);

INSERT INTO Features
Values('53.9.4', '53.9.4.1', 81);

INSERT INTO Minutiaes
Values('53.9.4.1.1', '53.9.4.1', '/var/www/server/Datasets/MOLF/MindtctOutput/DB1_Lumidgm/53_4_9.xyt');

INSERT INTO Fingers
Values(NULL, 10, '53.10', '53');

INSERT INTO Images
Values('/var/www/server/Datasets/MOLF/OriginalDataset/DB1_Lumidgm/53_1_10.wsq', '53.10.1', '53.10', 352, 544, 500);

INSERT INTO Features
Values('53.10.1', '53.10.1.1', 51);

INSERT INTO Minutiaes
Values('53.10.1.1.1', '53.10.1.1', '/var/www/server/Datasets/MOLF/MindtctOutput/DB1_Lumidgm/53_1_10.xyt');

INSERT INTO Images
Values('/var/www/server/Datasets/MOLF/OriginalDataset/DB1_Lumidgm/53_2_10.wsq', '53.10.2', '53.10', 352, 544, 500);

INSERT INTO Features
Values('53.10.2', '53.10.2.1', 60);

INSERT INTO Minutiaes
Values('53.10.2.1.1', '53.10.2.1', '/var/www/server/Datasets/MOLF/MindtctOutput/DB1_Lumidgm/53_2_10.xyt');

INSERT INTO Images
Values('/var/www/server/Datasets/MOLF/OriginalDataset/DB1_Lumidgm/53_3_10.wsq', '53.10.3', '53.10', 352, 544, 500);

INSERT INTO Features
Values('53.10.3', '53.10.3.1', 62);

INSERT INTO Minutiaes
Values('53.10.3.1.1', '53.10.3.1', '/var/www/server/Datasets/MOLF/MindtctOutput/DB1_Lumidgm/53_3_10.xyt');

INSERT INTO Images
Values('/var/www/server/Datasets/MOLF/OriginalDataset/DB1_Lumidgm/53_4_10.wsq', '53.10.4', '53.10', 352, 544, 500);

INSERT INTO Features
Values('53.10.4', '53.10.4.1', 60);

INSERT INTO Minutiaes
Values('53.10.4.1.1', '53.10.4.1', '/var/www/server/Datasets/MOLF/MindtctOutput/DB1_Lumidgm/53_4_10.xyt');

#------------------------SUBJECT 54------------------------
INSERT INTO Subjects
Values('54');

INSERT INTO Fingers
Values(NULL, 1, '54.1', '54');

INSERT INTO Images
Values('/var/www/server/Datasets/MOLF/OriginalDataset/DB1_Lumidgm/54_1_1.wsq', '54.1.1', '54.1', 352, 544, 500);

INSERT INTO Features
Values('54.1.1', '54.1.1.1', 62);

INSERT INTO Minutiaes
Values('54.1.1.1.1', '54.1.1.1', '/var/www/server/Datasets/MOLF/MindtctOutput/DB1_Lumidgm/54_1_1.xyt');

INSERT INTO Images
Values('/var/www/server/Datasets/MOLF/OriginalDataset/DB1_Lumidgm/54_2_1.wsq', '54.1.2', '54.1', 352, 544, 500);

INSERT INTO Features
Values('54.1.2', '54.1.2.1', 64);

INSERT INTO Minutiaes
Values('54.1.2.1.1', '54.1.2.1', '/var/www/server/Datasets/MOLF/MindtctOutput/DB1_Lumidgm/54_2_1.xyt');

INSERT INTO Images
Values('/var/www/server/Datasets/MOLF/OriginalDataset/DB1_Lumidgm/54_3_1.wsq', '54.1.3', '54.1', 352, 544, 500);

INSERT INTO Features
Values('54.1.3', '54.1.3.1', 64);

INSERT INTO Minutiaes
Values('54.1.3.1.1', '54.1.3.1', '/var/www/server/Datasets/MOLF/MindtctOutput/DB1_Lumidgm/54_3_1.xyt');

INSERT INTO Images
Values('/var/www/server/Datasets/MOLF/OriginalDataset/DB1_Lumidgm/54_4_1.wsq', '54.1.4', '54.1', 352, 544, 500);

INSERT INTO Features
Values('54.1.4', '54.1.4.1', 61);

INSERT INTO Minutiaes
Values('54.1.4.1.1', '54.1.4.1', '/var/www/server/Datasets/MOLF/MindtctOutput/DB1_Lumidgm/54_4_1.xyt');

INSERT INTO Fingers
Values(NULL, 2, '54.2', '54');

INSERT INTO Images
Values('/var/www/server/Datasets/MOLF/OriginalDataset/DB1_Lumidgm/54_1_2.wsq', '54.2.1', '54.2', 352, 544, 500);

INSERT INTO Features
Values('54.2.1', '54.2.1.1', 54);

INSERT INTO Minutiaes
Values('54.2.1.1.1', '54.2.1.1', '/var/www/server/Datasets/MOLF/MindtctOutput/DB1_Lumidgm/54_1_2.xyt');

INSERT INTO Images
Values('/var/www/server/Datasets/MOLF/OriginalDataset/DB1_Lumidgm/54_2_2.wsq', '54.2.2', '54.2', 352, 544, 500);

INSERT INTO Features
Values('54.2.2', '54.2.2.1', 54);

INSERT INTO Minutiaes
Values('54.2.2.1.1', '54.2.2.1', '/var/www/server/Datasets/MOLF/MindtctOutput/DB1_Lumidgm/54_2_2.xyt');

INSERT INTO Images
Values('/var/www/server/Datasets/MOLF/OriginalDataset/DB1_Lumidgm/54_3_2.wsq', '54.2.3', '54.2', 352, 544, 500);

INSERT INTO Features
Values('54.2.3', '54.2.3.1', 69);

INSERT INTO Minutiaes
Values('54.2.3.1.1', '54.2.3.1', '/var/www/server/Datasets/MOLF/MindtctOutput/DB1_Lumidgm/54_3_2.xyt');

INSERT INTO Images
Values('/var/www/server/Datasets/MOLF/OriginalDataset/DB1_Lumidgm/54_4_2.wsq', '54.2.4', '54.2', 352, 544, 500);

INSERT INTO Features
Values('54.2.4', '54.2.4.1', 71);

INSERT INTO Minutiaes
Values('54.2.4.1.1', '54.2.4.1', '/var/www/server/Datasets/MOLF/MindtctOutput/DB1_Lumidgm/54_4_2.xyt');

INSERT INTO Fingers
Values(NULL, 3, '54.3', '54');

INSERT INTO Images
Values('/var/www/server/Datasets/MOLF/OriginalDataset/DB1_Lumidgm/54_1_3.wsq', '54.3.1', '54.3', 352, 544, 500);

INSERT INTO Features
Values('54.3.1', '54.3.1.1', 60);

INSERT INTO Minutiaes
Values('54.3.1.1.1', '54.3.1.1', '/var/www/server/Datasets/MOLF/MindtctOutput/DB1_Lumidgm/54_1_3.xyt');

INSERT INTO Images
Values('/var/www/server/Datasets/MOLF/OriginalDataset/DB1_Lumidgm/54_2_3.wsq', '54.3.2', '54.3', 352, 544, 500);

INSERT INTO Features
Values('54.3.2', '54.3.2.1', 61);

INSERT INTO Minutiaes
Values('54.3.2.1.1', '54.3.2.1', '/var/www/server/Datasets/MOLF/MindtctOutput/DB1_Lumidgm/54_2_3.xyt');

INSERT INTO Images
Values('/var/www/server/Datasets/MOLF/OriginalDataset/DB1_Lumidgm/54_3_3.wsq', '54.3.3', '54.3', 352, 544, 500);

INSERT INTO Features
Values('54.3.3', '54.3.3.1', 60);

INSERT INTO Minutiaes
Values('54.3.3.1.1', '54.3.3.1', '/var/www/server/Datasets/MOLF/MindtctOutput/DB1_Lumidgm/54_3_3.xyt');

INSERT INTO Images
Values('/var/www/server/Datasets/MOLF/OriginalDataset/DB1_Lumidgm/54_4_3.wsq', '54.3.4', '54.3', 352, 544, 500);

INSERT INTO Features
Values('54.3.4', '54.3.4.1', 64);

INSERT INTO Minutiaes
Values('54.3.4.1.1', '54.3.4.1', '/var/www/server/Datasets/MOLF/MindtctOutput/DB1_Lumidgm/54_4_3.xyt');

INSERT INTO Fingers
Values(NULL, 4, '54.4', '54');

INSERT INTO Images
Values('/var/www/server/Datasets/MOLF/OriginalDataset/DB1_Lumidgm/54_1_4.wsq', '54.4.1', '54.4', 352, 544, 500);

INSERT INTO Features
Values('54.4.1', '54.4.1.1', 74);

INSERT INTO Minutiaes
Values('54.4.1.1.1', '54.4.1.1', '/var/www/server/Datasets/MOLF/MindtctOutput/DB1_Lumidgm/54_1_4.xyt');

INSERT INTO Images
Values('/var/www/server/Datasets/MOLF/OriginalDataset/DB1_Lumidgm/54_2_4.wsq', '54.4.2', '54.4', 352, 544, 500);

INSERT INTO Features
Values('54.4.2', '54.4.2.1', 83);

INSERT INTO Minutiaes
Values('54.4.2.1.1', '54.4.2.1', '/var/www/server/Datasets/MOLF/MindtctOutput/DB1_Lumidgm/54_2_4.xyt');

INSERT INTO Images
Values('/var/www/server/Datasets/MOLF/OriginalDataset/DB1_Lumidgm/54_3_4.wsq', '54.4.3', '54.4', 352, 544, 500);

INSERT INTO Features
Values('54.4.3', '54.4.3.1', 84);

INSERT INTO Minutiaes
Values('54.4.3.1.1', '54.4.3.1', '/var/www/server/Datasets/MOLF/MindtctOutput/DB1_Lumidgm/54_3_4.xyt');

INSERT INTO Images
Values('/var/www/server/Datasets/MOLF/OriginalDataset/DB1_Lumidgm/54_4_4.wsq', '54.4.4', '54.4', 352, 544, 500);

INSERT INTO Features
Values('54.4.4', '54.4.4.1', 69);

INSERT INTO Minutiaes
Values('54.4.4.1.1', '54.4.4.1', '/var/www/server/Datasets/MOLF/MindtctOutput/DB1_Lumidgm/54_4_4.xyt');

INSERT INTO Fingers
Values(NULL, 5, '54.5', '54');

INSERT INTO Images
Values('/var/www/server/Datasets/MOLF/OriginalDataset/DB1_Lumidgm/54_1_5.wsq', '54.5.1', '54.5', 352, 544, 500);

INSERT INTO Features
Values('54.5.1', '54.5.1.1', 51);

INSERT INTO Minutiaes
Values('54.5.1.1.1', '54.5.1.1', '/var/www/server/Datasets/MOLF/MindtctOutput/DB1_Lumidgm/54_1_5.xyt');

INSERT INTO Images
Values('/var/www/server/Datasets/MOLF/OriginalDataset/DB1_Lumidgm/54_2_5.wsq', '54.5.2', '54.5', 352, 544, 500);

INSERT INTO Features
Values('54.5.2', '54.5.2.1', 54);

INSERT INTO Minutiaes
Values('54.5.2.1.1', '54.5.2.1', '/var/www/server/Datasets/MOLF/MindtctOutput/DB1_Lumidgm/54_2_5.xyt');

INSERT INTO Images
Values('/var/www/server/Datasets/MOLF/OriginalDataset/DB1_Lumidgm/54_3_5.wsq', '54.5.3', '54.5', 352, 544, 500);

INSERT INTO Features
Values('54.5.3', '54.5.3.1', 54);

INSERT INTO Minutiaes
Values('54.5.3.1.1', '54.5.3.1', '/var/www/server/Datasets/MOLF/MindtctOutput/DB1_Lumidgm/54_3_5.xyt');

INSERT INTO Images
Values('/var/www/server/Datasets/MOLF/OriginalDataset/DB1_Lumidgm/54_4_5.wsq', '54.5.4', '54.5', 352, 544, 500);

INSERT INTO Features
Values('54.5.4', '54.5.4.1', 66);

INSERT INTO Minutiaes
Values('54.5.4.1.1', '54.5.4.1', '/var/www/server/Datasets/MOLF/MindtctOutput/DB1_Lumidgm/54_4_5.xyt');

INSERT INTO Fingers
Values(NULL, 6, '54.6', '54');

INSERT INTO Images
Values('/var/www/server/Datasets/MOLF/OriginalDataset/DB1_Lumidgm/54_1_6.wsq', '54.6.1', '54.6', 352, 544, 500);

INSERT INTO Features
Values('54.6.1', '54.6.1.1', 52);

INSERT INTO Minutiaes
Values('54.6.1.1.1', '54.6.1.1', '/var/www/server/Datasets/MOLF/MindtctOutput/DB1_Lumidgm/54_1_6.xyt');

INSERT INTO Images
Values('/var/www/server/Datasets/MOLF/OriginalDataset/DB1_Lumidgm/54_2_6.wsq', '54.6.2', '54.6', 352, 544, 500);

INSERT INTO Features
Values('54.6.2', '54.6.2.1', 66);

INSERT INTO Minutiaes
Values('54.6.2.1.1', '54.6.2.1', '/var/www/server/Datasets/MOLF/MindtctOutput/DB1_Lumidgm/54_2_6.xyt');

INSERT INTO Images
Values('/var/www/server/Datasets/MOLF/OriginalDataset/DB1_Lumidgm/54_3_6.wsq', '54.6.3', '54.6', 352, 544, 500);

INSERT INTO Features
Values('54.6.3', '54.6.3.1', 56);

INSERT INTO Minutiaes
Values('54.6.3.1.1', '54.6.3.1', '/var/www/server/Datasets/MOLF/MindtctOutput/DB1_Lumidgm/54_3_6.xyt');

INSERT INTO Images
Values('/var/www/server/Datasets/MOLF/OriginalDataset/DB1_Lumidgm/54_4_6.wsq', '54.6.4', '54.6', 352, 544, 500);

INSERT INTO Features
Values('54.6.4', '54.6.4.1', 51);

INSERT INTO Minutiaes
Values('54.6.4.1.1', '54.6.4.1', '/var/www/server/Datasets/MOLF/MindtctOutput/DB1_Lumidgm/54_4_6.xyt');

INSERT INTO Fingers
Values(NULL, 7, '54.7', '54');

INSERT INTO Images
Values('/var/www/server/Datasets/MOLF/OriginalDataset/DB1_Lumidgm/54_1_7.wsq', '54.7.1', '54.7', 352, 544, 500);

INSERT INTO Features
Values('54.7.1', '54.7.1.1', 65);

INSERT INTO Minutiaes
Values('54.7.1.1.1', '54.7.1.1', '/var/www/server/Datasets/MOLF/MindtctOutput/DB1_Lumidgm/54_1_7.xyt');

INSERT INTO Images
Values('/var/www/server/Datasets/MOLF/OriginalDataset/DB1_Lumidgm/54_2_7.wsq', '54.7.2', '54.7', 352, 544, 500);

INSERT INTO Features
Values('54.7.2', '54.7.2.1', 57);

INSERT INTO Minutiaes
Values('54.7.2.1.1', '54.7.2.1', '/var/www/server/Datasets/MOLF/MindtctOutput/DB1_Lumidgm/54_2_7.xyt');

INSERT INTO Images
Values('/var/www/server/Datasets/MOLF/OriginalDataset/DB1_Lumidgm/54_3_7.wsq', '54.7.3', '54.7', 352, 544, 500);

INSERT INTO Features
Values('54.7.3', '54.7.3.1', 55);

INSERT INTO Minutiaes
Values('54.7.3.1.1', '54.7.3.1', '/var/www/server/Datasets/MOLF/MindtctOutput/DB1_Lumidgm/54_3_7.xyt');

INSERT INTO Images
Values('/var/www/server/Datasets/MOLF/OriginalDataset/DB1_Lumidgm/54_4_7.wsq', '54.7.4', '54.7', 352, 544, 500);

INSERT INTO Features
Values('54.7.4', '54.7.4.1', 55);

INSERT INTO Minutiaes
Values('54.7.4.1.1', '54.7.4.1', '/var/www/server/Datasets/MOLF/MindtctOutput/DB1_Lumidgm/54_4_7.xyt');

INSERT INTO Fingers
Values(NULL, 8, '54.8', '54');

INSERT INTO Images
Values('/var/www/server/Datasets/MOLF/OriginalDataset/DB1_Lumidgm/54_1_8.wsq', '54.8.1', '54.8', 352, 544, 500);

INSERT INTO Features
Values('54.8.1', '54.8.1.1', 78);

INSERT INTO Minutiaes
Values('54.8.1.1.1', '54.8.1.1', '/var/www/server/Datasets/MOLF/MindtctOutput/DB1_Lumidgm/54_1_8.xyt');

INSERT INTO Images
Values('/var/www/server/Datasets/MOLF/OriginalDataset/DB1_Lumidgm/54_2_8.wsq', '54.8.2', '54.8', 352, 544, 500);

INSERT INTO Features
Values('54.8.2', '54.8.2.1', 73);

INSERT INTO Minutiaes
Values('54.8.2.1.1', '54.8.2.1', '/var/www/server/Datasets/MOLF/MindtctOutput/DB1_Lumidgm/54_2_8.xyt');

INSERT INTO Images
Values('/var/www/server/Datasets/MOLF/OriginalDataset/DB1_Lumidgm/54_3_8.wsq', '54.8.3', '54.8', 352, 544, 500);

INSERT INTO Features
Values('54.8.3', '54.8.3.1', 74);

INSERT INTO Minutiaes
Values('54.8.3.1.1', '54.8.3.1', '/var/www/server/Datasets/MOLF/MindtctOutput/DB1_Lumidgm/54_3_8.xyt');

INSERT INTO Images
Values('/var/www/server/Datasets/MOLF/OriginalDataset/DB1_Lumidgm/54_4_8.wsq', '54.8.4', '54.8', 352, 544, 500);

INSERT INTO Features
Values('54.8.4', '54.8.4.1', 71);

INSERT INTO Minutiaes
Values('54.8.4.1.1', '54.8.4.1', '/var/www/server/Datasets/MOLF/MindtctOutput/DB1_Lumidgm/54_4_8.xyt');

INSERT INTO Fingers
Values(NULL, 9, '54.9', '54');

INSERT INTO Images
Values('/var/www/server/Datasets/MOLF/OriginalDataset/DB1_Lumidgm/54_1_9.wsq', '54.9.1', '54.9', 352, 544, 500);

INSERT INTO Features
Values('54.9.1', '54.9.1.1', 56);

INSERT INTO Minutiaes
Values('54.9.1.1.1', '54.9.1.1', '/var/www/server/Datasets/MOLF/MindtctOutput/DB1_Lumidgm/54_1_9.xyt');

INSERT INTO Images
Values('/var/www/server/Datasets/MOLF/OriginalDataset/DB1_Lumidgm/54_2_9.wsq', '54.9.2', '54.9', 352, 544, 500);

INSERT INTO Features
Values('54.9.2', '54.9.2.1', 55);

INSERT INTO Minutiaes
Values('54.9.2.1.1', '54.9.2.1', '/var/www/server/Datasets/MOLF/MindtctOutput/DB1_Lumidgm/54_2_9.xyt');

INSERT INTO Images
Values('/var/www/server/Datasets/MOLF/OriginalDataset/DB1_Lumidgm/54_3_9.wsq', '54.9.3', '54.9', 352, 544, 500);

INSERT INTO Features
Values('54.9.3', '54.9.3.1', 73);

INSERT INTO Minutiaes
Values('54.9.3.1.1', '54.9.3.1', '/var/www/server/Datasets/MOLF/MindtctOutput/DB1_Lumidgm/54_3_9.xyt');

INSERT INTO Images
Values('/var/www/server/Datasets/MOLF/OriginalDataset/DB1_Lumidgm/54_4_9.wsq', '54.9.4', '54.9', 352, 544, 500);

INSERT INTO Features
Values('54.9.4', '54.9.4.1', 58);

INSERT INTO Minutiaes
Values('54.9.4.1.1', '54.9.4.1', '/var/www/server/Datasets/MOLF/MindtctOutput/DB1_Lumidgm/54_4_9.xyt');

INSERT INTO Fingers
Values(NULL, 10, '54.10', '54');

INSERT INTO Images
Values('/var/www/server/Datasets/MOLF/OriginalDataset/DB1_Lumidgm/54_1_10.wsq', '54.10.1', '54.10', 352, 544, 500);

INSERT INTO Features
Values('54.10.1', '54.10.1.1', 56);

INSERT INTO Minutiaes
Values('54.10.1.1.1', '54.10.1.1', '/var/www/server/Datasets/MOLF/MindtctOutput/DB1_Lumidgm/54_1_10.xyt');

INSERT INTO Images
Values('/var/www/server/Datasets/MOLF/OriginalDataset/DB1_Lumidgm/54_2_10.wsq', '54.10.2', '54.10', 352, 544, 500);

INSERT INTO Features
Values('54.10.2', '54.10.2.1', 50);

INSERT INTO Minutiaes
Values('54.10.2.1.1', '54.10.2.1', '/var/www/server/Datasets/MOLF/MindtctOutput/DB1_Lumidgm/54_2_10.xyt');

INSERT INTO Images
Values('/var/www/server/Datasets/MOLF/OriginalDataset/DB1_Lumidgm/54_3_10.wsq', '54.10.3', '54.10', 352, 544, 500);

INSERT INTO Features
Values('54.10.3', '54.10.3.1', 54);

INSERT INTO Minutiaes
Values('54.10.3.1.1', '54.10.3.1', '/var/www/server/Datasets/MOLF/MindtctOutput/DB1_Lumidgm/54_3_10.xyt');

INSERT INTO Images
Values('/var/www/server/Datasets/MOLF/OriginalDataset/DB1_Lumidgm/54_4_10.wsq', '54.10.4', '54.10', 352, 544, 500);

INSERT INTO Features
Values('54.10.4', '54.10.4.1', 51);

INSERT INTO Minutiaes
Values('54.10.4.1.1', '54.10.4.1', '/var/www/server/Datasets/MOLF/MindtctOutput/DB1_Lumidgm/54_4_10.xyt');

#------------------------SUBJECT 55------------------------
INSERT INTO Subjects
Values('55');

INSERT INTO Fingers
Values(NULL, 1, '55.1', '55');

INSERT INTO Images
Values('/var/www/server/Datasets/MOLF/OriginalDataset/DB1_Lumidgm/55_1_1.wsq', '55.1.1', '55.1', 352, 544, 500);

INSERT INTO Features
Values('55.1.1', '55.1.1.1', 44);

INSERT INTO Minutiaes
Values('55.1.1.1.1', '55.1.1.1', '/var/www/server/Datasets/MOLF/MindtctOutput/DB1_Lumidgm/55_1_1.xyt');

INSERT INTO Images
Values('/var/www/server/Datasets/MOLF/OriginalDataset/DB1_Lumidgm/55_2_1.wsq', '55.1.2', '55.1', 352, 544, 500);

INSERT INTO Features
Values('55.1.2', '55.1.2.1', 47);

INSERT INTO Minutiaes
Values('55.1.2.1.1', '55.1.2.1', '/var/www/server/Datasets/MOLF/MindtctOutput/DB1_Lumidgm/55_2_1.xyt');

INSERT INTO Images
Values('/var/www/server/Datasets/MOLF/OriginalDataset/DB1_Lumidgm/55_3_1.wsq', '55.1.3', '55.1', 352, 544, 500);

INSERT INTO Features
Values('55.1.3', '55.1.3.1', 44);

INSERT INTO Minutiaes
Values('55.1.3.1.1', '55.1.3.1', '/var/www/server/Datasets/MOLF/MindtctOutput/DB1_Lumidgm/55_3_1.xyt');

INSERT INTO Images
Values('/var/www/server/Datasets/MOLF/OriginalDataset/DB1_Lumidgm/55_4_1.wsq', '55.1.4', '55.1', 352, 544, 500);

INSERT INTO Features
Values('55.1.4', '55.1.4.1', 43);

INSERT INTO Minutiaes
Values('55.1.4.1.1', '55.1.4.1', '/var/www/server/Datasets/MOLF/MindtctOutput/DB1_Lumidgm/55_4_1.xyt');

INSERT INTO Fingers
Values(NULL, 2, '55.2', '55');

INSERT INTO Images
Values('/var/www/server/Datasets/MOLF/OriginalDataset/DB1_Lumidgm/55_1_2.wsq', '55.2.1', '55.2', 352, 544, 500);

INSERT INTO Features
Values('55.2.1', '55.2.1.1', 51);

INSERT INTO Minutiaes
Values('55.2.1.1.1', '55.2.1.1', '/var/www/server/Datasets/MOLF/MindtctOutput/DB1_Lumidgm/55_1_2.xyt');

INSERT INTO Images
Values('/var/www/server/Datasets/MOLF/OriginalDataset/DB1_Lumidgm/55_2_2.wsq', '55.2.2', '55.2', 352, 544, 500);

INSERT INTO Features
Values('55.2.2', '55.2.2.1', 51);

INSERT INTO Minutiaes
Values('55.2.2.1.1', '55.2.2.1', '/var/www/server/Datasets/MOLF/MindtctOutput/DB1_Lumidgm/55_2_2.xyt');

INSERT INTO Images
Values('/var/www/server/Datasets/MOLF/OriginalDataset/DB1_Lumidgm/55_3_2.wsq', '55.2.3', '55.2', 352, 544, 500);

INSERT INTO Features
Values('55.2.3', '55.2.3.1', 57);

INSERT INTO Minutiaes
Values('55.2.3.1.1', '55.2.3.1', '/var/www/server/Datasets/MOLF/MindtctOutput/DB1_Lumidgm/55_3_2.xyt');

INSERT INTO Images
Values('/var/www/server/Datasets/MOLF/OriginalDataset/DB1_Lumidgm/55_4_2.wsq', '55.2.4', '55.2', 352, 544, 500);

INSERT INTO Features
Values('55.2.4', '55.2.4.1', 51);

INSERT INTO Minutiaes
Values('55.2.4.1.1', '55.2.4.1', '/var/www/server/Datasets/MOLF/MindtctOutput/DB1_Lumidgm/55_4_2.xyt');

INSERT INTO Fingers
Values(NULL, 3, '55.3', '55');

INSERT INTO Images
Values('/var/www/server/Datasets/MOLF/OriginalDataset/DB1_Lumidgm/55_1_3.wsq', '55.3.1', '55.3', 352, 544, 500);

INSERT INTO Features
Values('55.3.1', '55.3.1.1', 69);

INSERT INTO Minutiaes
Values('55.3.1.1.1', '55.3.1.1', '/var/www/server/Datasets/MOLF/MindtctOutput/DB1_Lumidgm/55_1_3.xyt');

INSERT INTO Images
Values('/var/www/server/Datasets/MOLF/OriginalDataset/DB1_Lumidgm/55_2_3.wsq', '55.3.2', '55.3', 352, 544, 500);

INSERT INTO Features
Values('55.3.2', '55.3.2.1', 64);

INSERT INTO Minutiaes
Values('55.3.2.1.1', '55.3.2.1', '/var/www/server/Datasets/MOLF/MindtctOutput/DB1_Lumidgm/55_2_3.xyt');

INSERT INTO Images
Values('/var/www/server/Datasets/MOLF/OriginalDataset/DB1_Lumidgm/55_3_3.wsq', '55.3.3', '55.3', 352, 544, 500);

INSERT INTO Features
Values('55.3.3', '55.3.3.1', 60);

INSERT INTO Minutiaes
Values('55.3.3.1.1', '55.3.3.1', '/var/www/server/Datasets/MOLF/MindtctOutput/DB1_Lumidgm/55_3_3.xyt');

INSERT INTO Images
Values('/var/www/server/Datasets/MOLF/OriginalDataset/DB1_Lumidgm/55_4_3.wsq', '55.3.4', '55.3', 352, 544, 500);

INSERT INTO Features
Values('55.3.4', '55.3.4.1', 68);

INSERT INTO Minutiaes
Values('55.3.4.1.1', '55.3.4.1', '/var/www/server/Datasets/MOLF/MindtctOutput/DB1_Lumidgm/55_4_3.xyt');

INSERT INTO Fingers
Values(NULL, 4, '55.4', '55');

INSERT INTO Images
Values('/var/www/server/Datasets/MOLF/OriginalDataset/DB1_Lumidgm/55_1_4.wsq', '55.4.1', '55.4', 352, 544, 500);

INSERT INTO Features
Values('55.4.1', '55.4.1.1', 57);

INSERT INTO Minutiaes
Values('55.4.1.1.1', '55.4.1.1', '/var/www/server/Datasets/MOLF/MindtctOutput/DB1_Lumidgm/55_1_4.xyt');

INSERT INTO Images
Values('/var/www/server/Datasets/MOLF/OriginalDataset/DB1_Lumidgm/55_2_4.wsq', '55.4.2', '55.4', 352, 544, 500);

INSERT INTO Features
Values('55.4.2', '55.4.2.1', 59);

INSERT INTO Minutiaes
Values('55.4.2.1.1', '55.4.2.1', '/var/www/server/Datasets/MOLF/MindtctOutput/DB1_Lumidgm/55_2_4.xyt');

INSERT INTO Images
Values('/var/www/server/Datasets/MOLF/OriginalDataset/DB1_Lumidgm/55_3_4.wsq', '55.4.3', '55.4', 352, 544, 500);

INSERT INTO Features
Values('55.4.3', '55.4.3.1', 70);

INSERT INTO Minutiaes
Values('55.4.3.1.1', '55.4.3.1', '/var/www/server/Datasets/MOLF/MindtctOutput/DB1_Lumidgm/55_3_4.xyt');

INSERT INTO Images
Values('/var/www/server/Datasets/MOLF/OriginalDataset/DB1_Lumidgm/55_4_4.wsq', '55.4.4', '55.4', 352, 544, 500);

INSERT INTO Features
Values('55.4.4', '55.4.4.1', 62);

INSERT INTO Minutiaes
Values('55.4.4.1.1', '55.4.4.1', '/var/www/server/Datasets/MOLF/MindtctOutput/DB1_Lumidgm/55_4_4.xyt');

INSERT INTO Fingers
Values(NULL, 5, '55.5', '55');

INSERT INTO Images
Values('/var/www/server/Datasets/MOLF/OriginalDataset/DB1_Lumidgm/55_1_5.wsq', '55.5.1', '55.5', 352, 544, 500);

INSERT INTO Features
Values('55.5.1', '55.5.1.1', 62);

INSERT INTO Minutiaes
Values('55.5.1.1.1', '55.5.1.1', '/var/www/server/Datasets/MOLF/MindtctOutput/DB1_Lumidgm/55_1_5.xyt');

INSERT INTO Images
Values('/var/www/server/Datasets/MOLF/OriginalDataset/DB1_Lumidgm/55_2_5.wsq', '55.5.2', '55.5', 352, 544, 500);

INSERT INTO Features
Values('55.5.2', '55.5.2.1', 69);

INSERT INTO Minutiaes
Values('55.5.2.1.1', '55.5.2.1', '/var/www/server/Datasets/MOLF/MindtctOutput/DB1_Lumidgm/55_2_5.xyt');

INSERT INTO Images
Values('/var/www/server/Datasets/MOLF/OriginalDataset/DB1_Lumidgm/55_3_5.wsq', '55.5.3', '55.5', 352, 544, 500);

INSERT INTO Features
Values('55.5.3', '55.5.3.1', 51);

INSERT INTO Minutiaes
Values('55.5.3.1.1', '55.5.3.1', '/var/www/server/Datasets/MOLF/MindtctOutput/DB1_Lumidgm/55_3_5.xyt');

INSERT INTO Images
Values('/var/www/server/Datasets/MOLF/OriginalDataset/DB1_Lumidgm/55_4_5.wsq', '55.5.4', '55.5', 352, 544, 500);

INSERT INTO Features
Values('55.5.4', '55.5.4.1', 56);

INSERT INTO Minutiaes
Values('55.5.4.1.1', '55.5.4.1', '/var/www/server/Datasets/MOLF/MindtctOutput/DB1_Lumidgm/55_4_5.xyt');

INSERT INTO Fingers
Values(NULL, 6, '55.6', '55');

INSERT INTO Images
Values('/var/www/server/Datasets/MOLF/OriginalDataset/DB1_Lumidgm/55_1_6.wsq', '55.6.1', '55.6', 352, 544, 500);

INSERT INTO Features
Values('55.6.1', '55.6.1.1', 44);

INSERT INTO Minutiaes
Values('55.6.1.1.1', '55.6.1.1', '/var/www/server/Datasets/MOLF/MindtctOutput/DB1_Lumidgm/55_1_6.xyt');

INSERT INTO Images
Values('/var/www/server/Datasets/MOLF/OriginalDataset/DB1_Lumidgm/55_2_6.wsq', '55.6.2', '55.6', 352, 544, 500);

INSERT INTO Features
Values('55.6.2', '55.6.2.1', 65);

INSERT INTO Minutiaes
Values('55.6.2.1.1', '55.6.2.1', '/var/www/server/Datasets/MOLF/MindtctOutput/DB1_Lumidgm/55_2_6.xyt');

INSERT INTO Images
Values('/var/www/server/Datasets/MOLF/OriginalDataset/DB1_Lumidgm/55_3_6.wsq', '55.6.3', '55.6', 352, 544, 500);

INSERT INTO Features
Values('55.6.3', '55.6.3.1', 46);

INSERT INTO Minutiaes
Values('55.6.3.1.1', '55.6.3.1', '/var/www/server/Datasets/MOLF/MindtctOutput/DB1_Lumidgm/55_3_6.xyt');

INSERT INTO Images
Values('/var/www/server/Datasets/MOLF/OriginalDataset/DB1_Lumidgm/55_4_6.wsq', '55.6.4', '55.6', 352, 544, 500);

INSERT INTO Features
Values('55.6.4', '55.6.4.1', 63);

INSERT INTO Minutiaes
Values('55.6.4.1.1', '55.6.4.1', '/var/www/server/Datasets/MOLF/MindtctOutput/DB1_Lumidgm/55_4_6.xyt');

INSERT INTO Fingers
Values(NULL, 7, '55.7', '55');

INSERT INTO Images
Values('/var/www/server/Datasets/MOLF/OriginalDataset/DB1_Lumidgm/55_1_7.wsq', '55.7.1', '55.7', 352, 544, 500);

INSERT INTO Features
Values('55.7.1', '55.7.1.1', 47);

INSERT INTO Minutiaes
Values('55.7.1.1.1', '55.7.1.1', '/var/www/server/Datasets/MOLF/MindtctOutput/DB1_Lumidgm/55_1_7.xyt');

INSERT INTO Images
Values('/var/www/server/Datasets/MOLF/OriginalDataset/DB1_Lumidgm/55_2_7.wsq', '55.7.2', '55.7', 352, 544, 500);

INSERT INTO Features
Values('55.7.2', '55.7.2.1', 58);

INSERT INTO Minutiaes
Values('55.7.2.1.1', '55.7.2.1', '/var/www/server/Datasets/MOLF/MindtctOutput/DB1_Lumidgm/55_2_7.xyt');

INSERT INTO Images
Values('/var/www/server/Datasets/MOLF/OriginalDataset/DB1_Lumidgm/55_3_7.wsq', '55.7.3', '55.7', 352, 544, 500);

INSERT INTO Features
Values('55.7.3', '55.7.3.1', 51);

INSERT INTO Minutiaes
Values('55.7.3.1.1', '55.7.3.1', '/var/www/server/Datasets/MOLF/MindtctOutput/DB1_Lumidgm/55_3_7.xyt');

INSERT INTO Images
Values('/var/www/server/Datasets/MOLF/OriginalDataset/DB1_Lumidgm/55_4_7.wsq', '55.7.4', '55.7', 352, 544, 500);

INSERT INTO Features
Values('55.7.4', '55.7.4.1', 65);

INSERT INTO Minutiaes
Values('55.7.4.1.1', '55.7.4.1', '/var/www/server/Datasets/MOLF/MindtctOutput/DB1_Lumidgm/55_4_7.xyt');

INSERT INTO Fingers
Values(NULL, 8, '55.8', '55');

INSERT INTO Images
Values('/var/www/server/Datasets/MOLF/OriginalDataset/DB1_Lumidgm/55_1_8.wsq', '55.8.1', '55.8', 352, 544, 500);

INSERT INTO Features
Values('55.8.1', '55.8.1.1', 63);

INSERT INTO Minutiaes
Values('55.8.1.1.1', '55.8.1.1', '/var/www/server/Datasets/MOLF/MindtctOutput/DB1_Lumidgm/55_1_8.xyt');

INSERT INTO Images
Values('/var/www/server/Datasets/MOLF/OriginalDataset/DB1_Lumidgm/55_2_8.wsq', '55.8.2', '55.8', 352, 544, 500);

INSERT INTO Features
Values('55.8.2', '55.8.2.1', 60);

INSERT INTO Minutiaes
Values('55.8.2.1.1', '55.8.2.1', '/var/www/server/Datasets/MOLF/MindtctOutput/DB1_Lumidgm/55_2_8.xyt');

INSERT INTO Images
Values('/var/www/server/Datasets/MOLF/OriginalDataset/DB1_Lumidgm/55_3_8.wsq', '55.8.3', '55.8', 352, 544, 500);

INSERT INTO Features
Values('55.8.3', '55.8.3.1', 54);

INSERT INTO Minutiaes
Values('55.8.3.1.1', '55.8.3.1', '/var/www/server/Datasets/MOLF/MindtctOutput/DB1_Lumidgm/55_3_8.xyt');

INSERT INTO Images
Values('/var/www/server/Datasets/MOLF/OriginalDataset/DB1_Lumidgm/55_4_8.wsq', '55.8.4', '55.8', 352, 544, 500);

INSERT INTO Features
Values('55.8.4', '55.8.4.1', 63);

INSERT INTO Minutiaes
Values('55.8.4.1.1', '55.8.4.1', '/var/www/server/Datasets/MOLF/MindtctOutput/DB1_Lumidgm/55_4_8.xyt');

INSERT INTO Fingers
Values(NULL, 9, '55.9', '55');

INSERT INTO Images
Values('/var/www/server/Datasets/MOLF/OriginalDataset/DB1_Lumidgm/55_1_9.wsq', '55.9.1', '55.9', 352, 544, 500);

INSERT INTO Features
Values('55.9.1', '55.9.1.1', 59);

INSERT INTO Minutiaes
Values('55.9.1.1.1', '55.9.1.1', '/var/www/server/Datasets/MOLF/MindtctOutput/DB1_Lumidgm/55_1_9.xyt');

INSERT INTO Images
Values('/var/www/server/Datasets/MOLF/OriginalDataset/DB1_Lumidgm/55_2_9.wsq', '55.9.2', '55.9', 352, 544, 500);

INSERT INTO Features
Values('55.9.2', '55.9.2.1', 49);

INSERT INTO Minutiaes
Values('55.9.2.1.1', '55.9.2.1', '/var/www/server/Datasets/MOLF/MindtctOutput/DB1_Lumidgm/55_2_9.xyt');

INSERT INTO Images
Values('/var/www/server/Datasets/MOLF/OriginalDataset/DB1_Lumidgm/55_3_9.wsq', '55.9.3', '55.9', 352, 544, 500);

INSERT INTO Features
Values('55.9.3', '55.9.3.1', 51);

INSERT INTO Minutiaes
Values('55.9.3.1.1', '55.9.3.1', '/var/www/server/Datasets/MOLF/MindtctOutput/DB1_Lumidgm/55_3_9.xyt');

INSERT INTO Images
Values('/var/www/server/Datasets/MOLF/OriginalDataset/DB1_Lumidgm/55_4_9.wsq', '55.9.4', '55.9', 352, 544, 500);

INSERT INTO Features
Values('55.9.4', '55.9.4.1', 53);

INSERT INTO Minutiaes
Values('55.9.4.1.1', '55.9.4.1', '/var/www/server/Datasets/MOLF/MindtctOutput/DB1_Lumidgm/55_4_9.xyt');

INSERT INTO Fingers
Values(NULL, 10, '55.10', '55');

INSERT INTO Images
Values('/var/www/server/Datasets/MOLF/OriginalDataset/DB1_Lumidgm/55_1_10.wsq', '55.10.1', '55.10', 352, 544, 500);

INSERT INTO Features
Values('55.10.1', '55.10.1.1', 65);

INSERT INTO Minutiaes
Values('55.10.1.1.1', '55.10.1.1', '/var/www/server/Datasets/MOLF/MindtctOutput/DB1_Lumidgm/55_1_10.xyt');

INSERT INTO Images
Values('/var/www/server/Datasets/MOLF/OriginalDataset/DB1_Lumidgm/55_2_10.wsq', '55.10.2', '55.10', 352, 544, 500);

INSERT INTO Features
Values('55.10.2', '55.10.2.1', 69);

INSERT INTO Minutiaes
Values('55.10.2.1.1', '55.10.2.1', '/var/www/server/Datasets/MOLF/MindtctOutput/DB1_Lumidgm/55_2_10.xyt');

INSERT INTO Images
Values('/var/www/server/Datasets/MOLF/OriginalDataset/DB1_Lumidgm/55_3_10.wsq', '55.10.3', '55.10', 352, 544, 500);

INSERT INTO Features
Values('55.10.3', '55.10.3.1', 57);

INSERT INTO Minutiaes
Values('55.10.3.1.1', '55.10.3.1', '/var/www/server/Datasets/MOLF/MindtctOutput/DB1_Lumidgm/55_3_10.xyt');

INSERT INTO Images
Values('/var/www/server/Datasets/MOLF/OriginalDataset/DB1_Lumidgm/55_4_10.wsq', '55.10.4', '55.10', 352, 544, 500);

INSERT INTO Features
Values('55.10.4', '55.10.4.1', 64);

INSERT INTO Minutiaes
Values('55.10.4.1.1', '55.10.4.1', '/var/www/server/Datasets/MOLF/MindtctOutput/DB1_Lumidgm/55_4_10.xyt');

#------------------------SUBJECT 56------------------------
INSERT INTO Subjects
Values('56');

INSERT INTO Fingers
Values(NULL, 1, '56.1', '56');

INSERT INTO Images
Values('/var/www/server/Datasets/MOLF/OriginalDataset/DB1_Lumidgm/56_1_1.wsq', '56.1.1', '56.1', 352, 544, 500);

INSERT INTO Features
Values('56.1.1', '56.1.1.1', 61);

INSERT INTO Minutiaes
Values('56.1.1.1.1', '56.1.1.1', '/var/www/server/Datasets/MOLF/MindtctOutput/DB1_Lumidgm/56_1_1.xyt');

INSERT INTO Images
Values('/var/www/server/Datasets/MOLF/OriginalDataset/DB1_Lumidgm/56_2_1.wsq', '56.1.2', '56.1', 352, 544, 500);

INSERT INTO Features
Values('56.1.2', '56.1.2.1', 48);

INSERT INTO Minutiaes
Values('56.1.2.1.1', '56.1.2.1', '/var/www/server/Datasets/MOLF/MindtctOutput/DB1_Lumidgm/56_2_1.xyt');

INSERT INTO Images
Values('/var/www/server/Datasets/MOLF/OriginalDataset/DB1_Lumidgm/56_3_1.wsq', '56.1.3', '56.1', 352, 544, 500);

INSERT INTO Features
Values('56.1.3', '56.1.3.1', 32);

INSERT INTO Minutiaes
Values('56.1.3.1.1', '56.1.3.1', '/var/www/server/Datasets/MOLF/MindtctOutput/DB1_Lumidgm/56_3_1.xyt');

INSERT INTO Images
Values('/var/www/server/Datasets/MOLF/OriginalDataset/DB1_Lumidgm/56_4_1.wsq', '56.1.4', '56.1', 352, 544, 500);

INSERT INTO Features
Values('56.1.4', '56.1.4.1', 53);

INSERT INTO Minutiaes
Values('56.1.4.1.1', '56.1.4.1', '/var/www/server/Datasets/MOLF/MindtctOutput/DB1_Lumidgm/56_4_1.xyt');

INSERT INTO Fingers
Values(NULL, 2, '56.2', '56');

INSERT INTO Images
Values('/var/www/server/Datasets/MOLF/OriginalDataset/DB1_Lumidgm/56_1_2.wsq', '56.2.1', '56.2', 352, 544, 500);

INSERT INTO Features
Values('56.2.1', '56.2.1.1', 48);

INSERT INTO Minutiaes
Values('56.2.1.1.1', '56.2.1.1', '/var/www/server/Datasets/MOLF/MindtctOutput/DB1_Lumidgm/56_1_2.xyt');

INSERT INTO Images
Values('/var/www/server/Datasets/MOLF/OriginalDataset/DB1_Lumidgm/56_2_2.wsq', '56.2.2', '56.2', 352, 544, 500);

INSERT INTO Features
Values('56.2.2', '56.2.2.1', 49);

INSERT INTO Minutiaes
Values('56.2.2.1.1', '56.2.2.1', '/var/www/server/Datasets/MOLF/MindtctOutput/DB1_Lumidgm/56_2_2.xyt');

INSERT INTO Images
Values('/var/www/server/Datasets/MOLF/OriginalDataset/DB1_Lumidgm/56_3_2.wsq', '56.2.3', '56.2', 352, 544, 500);

INSERT INTO Features
Values('56.2.3', '56.2.3.1', 38);

INSERT INTO Minutiaes
Values('56.2.3.1.1', '56.2.3.1', '/var/www/server/Datasets/MOLF/MindtctOutput/DB1_Lumidgm/56_3_2.xyt');

INSERT INTO Images
Values('/var/www/server/Datasets/MOLF/OriginalDataset/DB1_Lumidgm/56_4_2.wsq', '56.2.4', '56.2', 352, 544, 500);

INSERT INTO Features
Values('56.2.4', '56.2.4.1', 43);

INSERT INTO Minutiaes
Values('56.2.4.1.1', '56.2.4.1', '/var/www/server/Datasets/MOLF/MindtctOutput/DB1_Lumidgm/56_4_2.xyt');

INSERT INTO Fingers
Values(NULL, 3, '56.3', '56');

INSERT INTO Images
Values('/var/www/server/Datasets/MOLF/OriginalDataset/DB1_Lumidgm/56_1_3.wsq', '56.3.1', '56.3', 352, 544, 500);

INSERT INTO Features
Values('56.3.1', '56.3.1.1', 53);

INSERT INTO Minutiaes
Values('56.3.1.1.1', '56.3.1.1', '/var/www/server/Datasets/MOLF/MindtctOutput/DB1_Lumidgm/56_1_3.xyt');

INSERT INTO Images
Values('/var/www/server/Datasets/MOLF/OriginalDataset/DB1_Lumidgm/56_2_3.wsq', '56.3.2', '56.3', 352, 544, 500);

INSERT INTO Features
Values('56.3.2', '56.3.2.1', 46);

INSERT INTO Minutiaes
Values('56.3.2.1.1', '56.3.2.1', '/var/www/server/Datasets/MOLF/MindtctOutput/DB1_Lumidgm/56_2_3.xyt');

INSERT INTO Images
Values('/var/www/server/Datasets/MOLF/OriginalDataset/DB1_Lumidgm/56_3_3.wsq', '56.3.3', '56.3', 352, 544, 500);

INSERT INTO Features
Values('56.3.3', '56.3.3.1', 50);

INSERT INTO Minutiaes
Values('56.3.3.1.1', '56.3.3.1', '/var/www/server/Datasets/MOLF/MindtctOutput/DB1_Lumidgm/56_3_3.xyt');

INSERT INTO Images
Values('/var/www/server/Datasets/MOLF/OriginalDataset/DB1_Lumidgm/56_4_3.wsq', '56.3.4', '56.3', 352, 544, 500);

INSERT INTO Features
Values('56.3.4', '56.3.4.1', 46);

INSERT INTO Minutiaes
Values('56.3.4.1.1', '56.3.4.1', '/var/www/server/Datasets/MOLF/MindtctOutput/DB1_Lumidgm/56_4_3.xyt');

INSERT INTO Fingers
Values(NULL, 4, '56.4', '56');

INSERT INTO Images
Values('/var/www/server/Datasets/MOLF/OriginalDataset/DB1_Lumidgm/56_1_4.wsq', '56.4.1', '56.4', 352, 544, 500);

INSERT INTO Features
Values('56.4.1', '56.4.1.1', 57);

INSERT INTO Minutiaes
Values('56.4.1.1.1', '56.4.1.1', '/var/www/server/Datasets/MOLF/MindtctOutput/DB1_Lumidgm/56_1_4.xyt');

INSERT INTO Images
Values('/var/www/server/Datasets/MOLF/OriginalDataset/DB1_Lumidgm/56_2_4.wsq', '56.4.2', '56.4', 352, 544, 500);

INSERT INTO Features
Values('56.4.2', '56.4.2.1', 42);

INSERT INTO Minutiaes
Values('56.4.2.1.1', '56.4.2.1', '/var/www/server/Datasets/MOLF/MindtctOutput/DB1_Lumidgm/56_2_4.xyt');

INSERT INTO Images
Values('/var/www/server/Datasets/MOLF/OriginalDataset/DB1_Lumidgm/56_3_4.wsq', '56.4.3', '56.4', 352, 544, 500);

INSERT INTO Features
Values('56.4.3', '56.4.3.1', 47);

INSERT INTO Minutiaes
Values('56.4.3.1.1', '56.4.3.1', '/var/www/server/Datasets/MOLF/MindtctOutput/DB1_Lumidgm/56_3_4.xyt');

INSERT INTO Images
Values('/var/www/server/Datasets/MOLF/OriginalDataset/DB1_Lumidgm/56_4_4.wsq', '56.4.4', '56.4', 352, 544, 500);

INSERT INTO Features
Values('56.4.4', '56.4.4.1', 48);

INSERT INTO Minutiaes
Values('56.4.4.1.1', '56.4.4.1', '/var/www/server/Datasets/MOLF/MindtctOutput/DB1_Lumidgm/56_4_4.xyt');

INSERT INTO Fingers
Values(NULL, 5, '56.5', '56');

INSERT INTO Images
Values('/var/www/server/Datasets/MOLF/OriginalDataset/DB1_Lumidgm/56_1_5.wsq', '56.5.1', '56.5', 352, 544, 500);

INSERT INTO Features
Values('56.5.1', '56.5.1.1', 38);

INSERT INTO Minutiaes
Values('56.5.1.1.1', '56.5.1.1', '/var/www/server/Datasets/MOLF/MindtctOutput/DB1_Lumidgm/56_1_5.xyt');

INSERT INTO Images
Values('/var/www/server/Datasets/MOLF/OriginalDataset/DB1_Lumidgm/56_2_5.wsq', '56.5.2', '56.5', 352, 544, 500);

INSERT INTO Features
Values('56.5.2', '56.5.2.1', 49);

INSERT INTO Minutiaes
Values('56.5.2.1.1', '56.5.2.1', '/var/www/server/Datasets/MOLF/MindtctOutput/DB1_Lumidgm/56_2_5.xyt');

INSERT INTO Images
Values('/var/www/server/Datasets/MOLF/OriginalDataset/DB1_Lumidgm/56_3_5.wsq', '56.5.3', '56.5', 352, 544, 500);

INSERT INTO Features
Values('56.5.3', '56.5.3.1', 45);

INSERT INTO Minutiaes
Values('56.5.3.1.1', '56.5.3.1', '/var/www/server/Datasets/MOLF/MindtctOutput/DB1_Lumidgm/56_3_5.xyt');

INSERT INTO Images
Values('/var/www/server/Datasets/MOLF/OriginalDataset/DB1_Lumidgm/56_4_5.wsq', '56.5.4', '56.5', 352, 544, 500);

INSERT INTO Features
Values('56.5.4', '56.5.4.1', 37);

INSERT INTO Minutiaes
Values('56.5.4.1.1', '56.5.4.1', '/var/www/server/Datasets/MOLF/MindtctOutput/DB1_Lumidgm/56_4_5.xyt');

INSERT INTO Fingers
Values(NULL, 6, '56.6', '56');

INSERT INTO Images
Values('/var/www/server/Datasets/MOLF/OriginalDataset/DB1_Lumidgm/56_1_6.wsq', '56.6.1', '56.6', 352, 544, 500);

INSERT INTO Features
Values('56.6.1', '56.6.1.1', 55);

INSERT INTO Minutiaes
Values('56.6.1.1.1', '56.6.1.1', '/var/www/server/Datasets/MOLF/MindtctOutput/DB1_Lumidgm/56_1_6.xyt');

INSERT INTO Images
Values('/var/www/server/Datasets/MOLF/OriginalDataset/DB1_Lumidgm/56_2_6.wsq', '56.6.2', '56.6', 352, 544, 500);

INSERT INTO Features
Values('56.6.2', '56.6.2.1', 32);

INSERT INTO Minutiaes
Values('56.6.2.1.1', '56.6.2.1', '/var/www/server/Datasets/MOLF/MindtctOutput/DB1_Lumidgm/56_2_6.xyt');

INSERT INTO Images
Values('/var/www/server/Datasets/MOLF/OriginalDataset/DB1_Lumidgm/56_3_6.wsq', '56.6.3', '56.6', 352, 544, 500);

INSERT INTO Features
Values('56.6.3', '56.6.3.1', 65);

INSERT INTO Minutiaes
Values('56.6.3.1.1', '56.6.3.1', '/var/www/server/Datasets/MOLF/MindtctOutput/DB1_Lumidgm/56_3_6.xyt');

INSERT INTO Images
Values('/var/www/server/Datasets/MOLF/OriginalDataset/DB1_Lumidgm/56_4_6.wsq', '56.6.4', '56.6', 352, 544, 500);

INSERT INTO Features
Values('56.6.4', '56.6.4.1', 40);

INSERT INTO Minutiaes
Values('56.6.4.1.1', '56.6.4.1', '/var/www/server/Datasets/MOLF/MindtctOutput/DB1_Lumidgm/56_4_6.xyt');

INSERT INTO Fingers
Values(NULL, 7, '56.7', '56');

INSERT INTO Images
Values('/var/www/server/Datasets/MOLF/OriginalDataset/DB1_Lumidgm/56_1_7.wsq', '56.7.1', '56.7', 352, 544, 500);

INSERT INTO Features
Values('56.7.1', '56.7.1.1', 64);

INSERT INTO Minutiaes
Values('56.7.1.1.1', '56.7.1.1', '/var/www/server/Datasets/MOLF/MindtctOutput/DB1_Lumidgm/56_1_7.xyt');

INSERT INTO Images
Values('/var/www/server/Datasets/MOLF/OriginalDataset/DB1_Lumidgm/56_2_7.wsq', '56.7.2', '56.7', 352, 544, 500);

INSERT INTO Features
Values('56.7.2', '56.7.2.1', 52);

INSERT INTO Minutiaes
Values('56.7.2.1.1', '56.7.2.1', '/var/www/server/Datasets/MOLF/MindtctOutput/DB1_Lumidgm/56_2_7.xyt');

INSERT INTO Images
Values('/var/www/server/Datasets/MOLF/OriginalDataset/DB1_Lumidgm/56_3_7.wsq', '56.7.3', '56.7', 352, 544, 500);

INSERT INTO Features
Values('56.7.3', '56.7.3.1', 54);

INSERT INTO Minutiaes
Values('56.7.3.1.1', '56.7.3.1', '/var/www/server/Datasets/MOLF/MindtctOutput/DB1_Lumidgm/56_3_7.xyt');

INSERT INTO Images
Values('/var/www/server/Datasets/MOLF/OriginalDataset/DB1_Lumidgm/56_4_7.wsq', '56.7.4', '56.7', 352, 544, 500);

INSERT INTO Features
Values('56.7.4', '56.7.4.1', 53);

INSERT INTO Minutiaes
Values('56.7.4.1.1', '56.7.4.1', '/var/www/server/Datasets/MOLF/MindtctOutput/DB1_Lumidgm/56_4_7.xyt');

INSERT INTO Fingers
Values(NULL, 8, '56.8', '56');

INSERT INTO Images
Values('/var/www/server/Datasets/MOLF/OriginalDataset/DB1_Lumidgm/56_1_8.wsq', '56.8.1', '56.8', 352, 544, 500);

INSERT INTO Features
Values('56.8.1', '56.8.1.1', 57);

INSERT INTO Minutiaes
Values('56.8.1.1.1', '56.8.1.1', '/var/www/server/Datasets/MOLF/MindtctOutput/DB1_Lumidgm/56_1_8.xyt');

INSERT INTO Images
Values('/var/www/server/Datasets/MOLF/OriginalDataset/DB1_Lumidgm/56_2_8.wsq', '56.8.2', '56.8', 352, 544, 500);

INSERT INTO Features
Values('56.8.2', '56.8.2.1', 59);

INSERT INTO Minutiaes
Values('56.8.2.1.1', '56.8.2.1', '/var/www/server/Datasets/MOLF/MindtctOutput/DB1_Lumidgm/56_2_8.xyt');

INSERT INTO Images
Values('/var/www/server/Datasets/MOLF/OriginalDataset/DB1_Lumidgm/56_3_8.wsq', '56.8.3', '56.8', 352, 544, 500);

INSERT INTO Features
Values('56.8.3', '56.8.3.1', 50);

INSERT INTO Minutiaes
Values('56.8.3.1.1', '56.8.3.1', '/var/www/server/Datasets/MOLF/MindtctOutput/DB1_Lumidgm/56_3_8.xyt');

INSERT INTO Images
Values('/var/www/server/Datasets/MOLF/OriginalDataset/DB1_Lumidgm/56_4_8.wsq', '56.8.4', '56.8', 352, 544, 500);

INSERT INTO Features
Values('56.8.4', '56.8.4.1', 64);

INSERT INTO Minutiaes
Values('56.8.4.1.1', '56.8.4.1', '/var/www/server/Datasets/MOLF/MindtctOutput/DB1_Lumidgm/56_4_8.xyt');

INSERT INTO Fingers
Values(NULL, 9, '56.9', '56');

INSERT INTO Images
Values('/var/www/server/Datasets/MOLF/OriginalDataset/DB1_Lumidgm/56_1_9.wsq', '56.9.1', '56.9', 352, 544, 500);

INSERT INTO Features
Values('56.9.1', '56.9.1.1', 54);

INSERT INTO Minutiaes
Values('56.9.1.1.1', '56.9.1.1', '/var/www/server/Datasets/MOLF/MindtctOutput/DB1_Lumidgm/56_1_9.xyt');

INSERT INTO Images
Values('/var/www/server/Datasets/MOLF/OriginalDataset/DB1_Lumidgm/56_2_9.wsq', '56.9.2', '56.9', 352, 544, 500);

INSERT INTO Features
Values('56.9.2', '56.9.2.1', 44);

INSERT INTO Minutiaes
Values('56.9.2.1.1', '56.9.2.1', '/var/www/server/Datasets/MOLF/MindtctOutput/DB1_Lumidgm/56_2_9.xyt');

INSERT INTO Images
Values('/var/www/server/Datasets/MOLF/OriginalDataset/DB1_Lumidgm/56_3_9.wsq', '56.9.3', '56.9', 352, 544, 500);

INSERT INTO Features
Values('56.9.3', '56.9.3.1', 46);

INSERT INTO Minutiaes
Values('56.9.3.1.1', '56.9.3.1', '/var/www/server/Datasets/MOLF/MindtctOutput/DB1_Lumidgm/56_3_9.xyt');

INSERT INTO Images
Values('/var/www/server/Datasets/MOLF/OriginalDataset/DB1_Lumidgm/56_4_9.wsq', '56.9.4', '56.9', 352, 544, 500);

INSERT INTO Features
Values('56.9.4', '56.9.4.1', 53);

INSERT INTO Minutiaes
Values('56.9.4.1.1', '56.9.4.1', '/var/www/server/Datasets/MOLF/MindtctOutput/DB1_Lumidgm/56_4_9.xyt');

INSERT INTO Fingers
Values(NULL, 10, '56.10', '56');

INSERT INTO Images
Values('/var/www/server/Datasets/MOLF/OriginalDataset/DB1_Lumidgm/56_1_10.wsq', '56.10.1', '56.10', 352, 544, 500);

INSERT INTO Features
Values('56.10.1', '56.10.1.1', 34);

INSERT INTO Minutiaes
Values('56.10.1.1.1', '56.10.1.1', '/var/www/server/Datasets/MOLF/MindtctOutput/DB1_Lumidgm/56_1_10.xyt');

INSERT INTO Images
Values('/var/www/server/Datasets/MOLF/OriginalDataset/DB1_Lumidgm/56_2_10.wsq', '56.10.2', '56.10', 352, 544, 500);

INSERT INTO Features
Values('56.10.2', '56.10.2.1', 44);

INSERT INTO Minutiaes
Values('56.10.2.1.1', '56.10.2.1', '/var/www/server/Datasets/MOLF/MindtctOutput/DB1_Lumidgm/56_2_10.xyt');

INSERT INTO Images
Values('/var/www/server/Datasets/MOLF/OriginalDataset/DB1_Lumidgm/56_3_10.wsq', '56.10.3', '56.10', 352, 544, 500);

INSERT INTO Features
Values('56.10.3', '56.10.3.1', 36);

INSERT INTO Minutiaes
Values('56.10.3.1.1', '56.10.3.1', '/var/www/server/Datasets/MOLF/MindtctOutput/DB1_Lumidgm/56_3_10.xyt');

INSERT INTO Images
Values('/var/www/server/Datasets/MOLF/OriginalDataset/DB1_Lumidgm/56_4_10.wsq', '56.10.4', '56.10', 352, 544, 500);

INSERT INTO Features
Values('56.10.4', '56.10.4.1', 45);

INSERT INTO Minutiaes
Values('56.10.4.1.1', '56.10.4.1', '/var/www/server/Datasets/MOLF/MindtctOutput/DB1_Lumidgm/56_4_10.xyt');

#------------------------SUBJECT 57------------------------
INSERT INTO Subjects
Values('57');

INSERT INTO Fingers
Values(NULL, 1, '57.1', '57');

INSERT INTO Images
Values('/var/www/server/Datasets/MOLF/OriginalDataset/DB1_Lumidgm/57_1_1.wsq', '57.1.1', '57.1', 352, 544, 500);

INSERT INTO Features
Values('57.1.1', '57.1.1.1', 67);

INSERT INTO Minutiaes
Values('57.1.1.1.1', '57.1.1.1', '/var/www/server/Datasets/MOLF/MindtctOutput/DB1_Lumidgm/57_1_1.xyt');

INSERT INTO Images
Values('/var/www/server/Datasets/MOLF/OriginalDataset/DB1_Lumidgm/57_2_1.wsq', '57.1.2', '57.1', 352, 544, 500);

INSERT INTO Features
Values('57.1.2', '57.1.2.1', 65);

INSERT INTO Minutiaes
Values('57.1.2.1.1', '57.1.2.1', '/var/www/server/Datasets/MOLF/MindtctOutput/DB1_Lumidgm/57_2_1.xyt');

INSERT INTO Images
Values('/var/www/server/Datasets/MOLF/OriginalDataset/DB1_Lumidgm/57_3_1.wsq', '57.1.3', '57.1', 352, 544, 500);

INSERT INTO Features
Values('57.1.3', '57.1.3.1', 64);

INSERT INTO Minutiaes
Values('57.1.3.1.1', '57.1.3.1', '/var/www/server/Datasets/MOLF/MindtctOutput/DB1_Lumidgm/57_3_1.xyt');

INSERT INTO Images
Values('/var/www/server/Datasets/MOLF/OriginalDataset/DB1_Lumidgm/57_4_1.wsq', '57.1.4', '57.1', 352, 544, 500);

INSERT INTO Features
Values('57.1.4', '57.1.4.1', 63);

INSERT INTO Minutiaes
Values('57.1.4.1.1', '57.1.4.1', '/var/www/server/Datasets/MOLF/MindtctOutput/DB1_Lumidgm/57_4_1.xyt');

INSERT INTO Fingers
Values(NULL, 2, '57.2', '57');

INSERT INTO Images
Values('/var/www/server/Datasets/MOLF/OriginalDataset/DB1_Lumidgm/57_1_2.wsq', '57.2.1', '57.2', 352, 544, 500);

INSERT INTO Features
Values('57.2.1', '57.2.1.1', 59);

INSERT INTO Minutiaes
Values('57.2.1.1.1', '57.2.1.1', '/var/www/server/Datasets/MOLF/MindtctOutput/DB1_Lumidgm/57_1_2.xyt');

INSERT INTO Images
Values('/var/www/server/Datasets/MOLF/OriginalDataset/DB1_Lumidgm/57_2_2.wsq', '57.2.2', '57.2', 352, 544, 500);

INSERT INTO Features
Values('57.2.2', '57.2.2.1', 64);

INSERT INTO Minutiaes
Values('57.2.2.1.1', '57.2.2.1', '/var/www/server/Datasets/MOLF/MindtctOutput/DB1_Lumidgm/57_2_2.xyt');

INSERT INTO Images
Values('/var/www/server/Datasets/MOLF/OriginalDataset/DB1_Lumidgm/57_3_2.wsq', '57.2.3', '57.2', 352, 544, 500);

INSERT INTO Features
Values('57.2.3', '57.2.3.1', 63);

INSERT INTO Minutiaes
Values('57.2.3.1.1', '57.2.3.1', '/var/www/server/Datasets/MOLF/MindtctOutput/DB1_Lumidgm/57_3_2.xyt');

INSERT INTO Images
Values('/var/www/server/Datasets/MOLF/OriginalDataset/DB1_Lumidgm/57_4_2.wsq', '57.2.4', '57.2', 352, 544, 500);

INSERT INTO Features
Values('57.2.4', '57.2.4.1', 62);

INSERT INTO Minutiaes
Values('57.2.4.1.1', '57.2.4.1', '/var/www/server/Datasets/MOLF/MindtctOutput/DB1_Lumidgm/57_4_2.xyt');

INSERT INTO Fingers
Values(NULL, 3, '57.3', '57');

INSERT INTO Images
Values('/var/www/server/Datasets/MOLF/OriginalDataset/DB1_Lumidgm/57_1_3.wsq', '57.3.1', '57.3', 352, 544, 500);

INSERT INTO Features
Values('57.3.1', '57.3.1.1', 62);

INSERT INTO Minutiaes
Values('57.3.1.1.1', '57.3.1.1', '/var/www/server/Datasets/MOLF/MindtctOutput/DB1_Lumidgm/57_1_3.xyt');

INSERT INTO Images
Values('/var/www/server/Datasets/MOLF/OriginalDataset/DB1_Lumidgm/57_2_3.wsq', '57.3.2', '57.3', 352, 544, 500);

INSERT INTO Features
Values('57.3.2', '57.3.2.1', 68);

INSERT INTO Minutiaes
Values('57.3.2.1.1', '57.3.2.1', '/var/www/server/Datasets/MOLF/MindtctOutput/DB1_Lumidgm/57_2_3.xyt');

INSERT INTO Images
Values('/var/www/server/Datasets/MOLF/OriginalDataset/DB1_Lumidgm/57_3_3.wsq', '57.3.3', '57.3', 352, 544, 500);

INSERT INTO Features
Values('57.3.3', '57.3.3.1', 54);

INSERT INTO Minutiaes
Values('57.3.3.1.1', '57.3.3.1', '/var/www/server/Datasets/MOLF/MindtctOutput/DB1_Lumidgm/57_3_3.xyt');

INSERT INTO Images
Values('/var/www/server/Datasets/MOLF/OriginalDataset/DB1_Lumidgm/57_4_3.wsq', '57.3.4', '57.3', 352, 544, 500);

INSERT INTO Features
Values('57.3.4', '57.3.4.1', 62);

INSERT INTO Minutiaes
Values('57.3.4.1.1', '57.3.4.1', '/var/www/server/Datasets/MOLF/MindtctOutput/DB1_Lumidgm/57_4_3.xyt');

INSERT INTO Fingers
Values(NULL, 4, '57.4', '57');

INSERT INTO Images
Values('/var/www/server/Datasets/MOLF/OriginalDataset/DB1_Lumidgm/57_1_4.wsq', '57.4.1', '57.4', 352, 544, 500);

INSERT INTO Features
Values('57.4.1', '57.4.1.1', 102);

INSERT INTO Minutiaes
Values('57.4.1.1.1', '57.4.1.1', '/var/www/server/Datasets/MOLF/MindtctOutput/DB1_Lumidgm/57_1_4.xyt');

INSERT INTO Images
Values('/var/www/server/Datasets/MOLF/OriginalDataset/DB1_Lumidgm/57_2_4.wsq', '57.4.2', '57.4', 352, 544, 500);

INSERT INTO Features
Values('57.4.2', '57.4.2.1', 97);

INSERT INTO Minutiaes
Values('57.4.2.1.1', '57.4.2.1', '/var/www/server/Datasets/MOLF/MindtctOutput/DB1_Lumidgm/57_2_4.xyt');

INSERT INTO Images
Values('/var/www/server/Datasets/MOLF/OriginalDataset/DB1_Lumidgm/57_3_4.wsq', '57.4.3', '57.4', 352, 544, 500);

INSERT INTO Features
Values('57.4.3', '57.4.3.1', 72);

INSERT INTO Minutiaes
Values('57.4.3.1.1', '57.4.3.1', '/var/www/server/Datasets/MOLF/MindtctOutput/DB1_Lumidgm/57_3_4.xyt');

INSERT INTO Images
Values('/var/www/server/Datasets/MOLF/OriginalDataset/DB1_Lumidgm/57_4_4.wsq', '57.4.4', '57.4', 352, 544, 500);

INSERT INTO Features
Values('57.4.4', '57.4.4.1', 82);

INSERT INTO Minutiaes
Values('57.4.4.1.1', '57.4.4.1', '/var/www/server/Datasets/MOLF/MindtctOutput/DB1_Lumidgm/57_4_4.xyt');

INSERT INTO Fingers
Values(NULL, 5, '57.5', '57');

INSERT INTO Images
Values('/var/www/server/Datasets/MOLF/OriginalDataset/DB1_Lumidgm/57_1_5.wsq', '57.5.1', '57.5', 352, 544, 500);

INSERT INTO Features
Values('57.5.1', '57.5.1.1', 58);

INSERT INTO Minutiaes
Values('57.5.1.1.1', '57.5.1.1', '/var/www/server/Datasets/MOLF/MindtctOutput/DB1_Lumidgm/57_1_5.xyt');

INSERT INTO Images
Values('/var/www/server/Datasets/MOLF/OriginalDataset/DB1_Lumidgm/57_2_5.wsq', '57.5.2', '57.5', 352, 544, 500);

INSERT INTO Features
Values('57.5.2', '57.5.2.1', 61);

INSERT INTO Minutiaes
Values('57.5.2.1.1', '57.5.2.1', '/var/www/server/Datasets/MOLF/MindtctOutput/DB1_Lumidgm/57_2_5.xyt');

INSERT INTO Images
Values('/var/www/server/Datasets/MOLF/OriginalDataset/DB1_Lumidgm/57_3_5.wsq', '57.5.3', '57.5', 352, 544, 500);

INSERT INTO Features
Values('57.5.3', '57.5.3.1', 67);

INSERT INTO Minutiaes
Values('57.5.3.1.1', '57.5.3.1', '/var/www/server/Datasets/MOLF/MindtctOutput/DB1_Lumidgm/57_3_5.xyt');

INSERT INTO Images
Values('/var/www/server/Datasets/MOLF/OriginalDataset/DB1_Lumidgm/57_4_5.wsq', '57.5.4', '57.5', 352, 544, 500);

INSERT INTO Features
Values('57.5.4', '57.5.4.1', 54);

INSERT INTO Minutiaes
Values('57.5.4.1.1', '57.5.4.1', '/var/www/server/Datasets/MOLF/MindtctOutput/DB1_Lumidgm/57_4_5.xyt');

INSERT INTO Fingers
Values(NULL, 6, '57.6', '57');

INSERT INTO Images
Values('/var/www/server/Datasets/MOLF/OriginalDataset/DB1_Lumidgm/57_1_6.wsq', '57.6.1', '57.6', 352, 544, 500);

INSERT INTO Features
Values('57.6.1', '57.6.1.1', 56);

INSERT INTO Minutiaes
Values('57.6.1.1.1', '57.6.1.1', '/var/www/server/Datasets/MOLF/MindtctOutput/DB1_Lumidgm/57_1_6.xyt');

INSERT INTO Images
Values('/var/www/server/Datasets/MOLF/OriginalDataset/DB1_Lumidgm/57_2_6.wsq', '57.6.2', '57.6', 352, 544, 500);

INSERT INTO Features
Values('57.6.2', '57.6.2.1', 65);

INSERT INTO Minutiaes
Values('57.6.2.1.1', '57.6.2.1', '/var/www/server/Datasets/MOLF/MindtctOutput/DB1_Lumidgm/57_2_6.xyt');

INSERT INTO Images
Values('/var/www/server/Datasets/MOLF/OriginalDataset/DB1_Lumidgm/57_3_6.wsq', '57.6.3', '57.6', 352, 544, 500);

INSERT INTO Features
Values('57.6.3', '57.6.3.1', 64);

INSERT INTO Minutiaes
Values('57.6.3.1.1', '57.6.3.1', '/var/www/server/Datasets/MOLF/MindtctOutput/DB1_Lumidgm/57_3_6.xyt');

INSERT INTO Images
Values('/var/www/server/Datasets/MOLF/OriginalDataset/DB1_Lumidgm/57_4_6.wsq', '57.6.4', '57.6', 352, 544, 500);

INSERT INTO Features
Values('57.6.4', '57.6.4.1', 56);

INSERT INTO Minutiaes
Values('57.6.4.1.1', '57.6.4.1', '/var/www/server/Datasets/MOLF/MindtctOutput/DB1_Lumidgm/57_4_6.xyt');

INSERT INTO Fingers
Values(NULL, 7, '57.7', '57');

INSERT INTO Images
Values('/var/www/server/Datasets/MOLF/OriginalDataset/DB1_Lumidgm/57_1_7.wsq', '57.7.1', '57.7', 352, 544, 500);

INSERT INTO Features
Values('57.7.1', '57.7.1.1', 69);

INSERT INTO Minutiaes
Values('57.7.1.1.1', '57.7.1.1', '/var/www/server/Datasets/MOLF/MindtctOutput/DB1_Lumidgm/57_1_7.xyt');

INSERT INTO Images
Values('/var/www/server/Datasets/MOLF/OriginalDataset/DB1_Lumidgm/57_2_7.wsq', '57.7.2', '57.7', 352, 544, 500);

INSERT INTO Features
Values('57.7.2', '57.7.2.1', 52);

INSERT INTO Minutiaes
Values('57.7.2.1.1', '57.7.2.1', '/var/www/server/Datasets/MOLF/MindtctOutput/DB1_Lumidgm/57_2_7.xyt');

INSERT INTO Images
Values('/var/www/server/Datasets/MOLF/OriginalDataset/DB1_Lumidgm/57_3_7.wsq', '57.7.3', '57.7', 352, 544, 500);

INSERT INTO Features
Values('57.7.3', '57.7.3.1', 78);

INSERT INTO Minutiaes
Values('57.7.3.1.1', '57.7.3.1', '/var/www/server/Datasets/MOLF/MindtctOutput/DB1_Lumidgm/57_3_7.xyt');

INSERT INTO Images
Values('/var/www/server/Datasets/MOLF/OriginalDataset/DB1_Lumidgm/57_4_7.wsq', '57.7.4', '57.7', 352, 544, 500);

INSERT INTO Features
Values('57.7.4', '57.7.4.1', 54);

INSERT INTO Minutiaes
Values('57.7.4.1.1', '57.7.4.1', '/var/www/server/Datasets/MOLF/MindtctOutput/DB1_Lumidgm/57_4_7.xyt');

INSERT INTO Fingers
Values(NULL, 8, '57.8', '57');

INSERT INTO Images
Values('/var/www/server/Datasets/MOLF/OriginalDataset/DB1_Lumidgm/57_1_8.wsq', '57.8.1', '57.8', 352, 544, 500);

INSERT INTO Features
Values('57.8.1', '57.8.1.1', 106);

INSERT INTO Minutiaes
Values('57.8.1.1.1', '57.8.1.1', '/var/www/server/Datasets/MOLF/MindtctOutput/DB1_Lumidgm/57_1_8.xyt');

INSERT INTO Images
Values('/var/www/server/Datasets/MOLF/OriginalDataset/DB1_Lumidgm/57_2_8.wsq', '57.8.2', '57.8', 352, 544, 500);

INSERT INTO Features
Values('57.8.2', '57.8.2.1', 82);

INSERT INTO Minutiaes
Values('57.8.2.1.1', '57.8.2.1', '/var/www/server/Datasets/MOLF/MindtctOutput/DB1_Lumidgm/57_2_8.xyt');

INSERT INTO Images
Values('/var/www/server/Datasets/MOLF/OriginalDataset/DB1_Lumidgm/57_3_8.wsq', '57.8.3', '57.8', 352, 544, 500);

INSERT INTO Features
Values('57.8.3', '57.8.3.1', 66);

INSERT INTO Minutiaes
Values('57.8.3.1.1', '57.8.3.1', '/var/www/server/Datasets/MOLF/MindtctOutput/DB1_Lumidgm/57_3_8.xyt');

INSERT INTO Images
Values('/var/www/server/Datasets/MOLF/OriginalDataset/DB1_Lumidgm/57_4_8.wsq', '57.8.4', '57.8', 352, 544, 500);

INSERT INTO Features
Values('57.8.4', '57.8.4.1', 53);

INSERT INTO Minutiaes
Values('57.8.4.1.1', '57.8.4.1', '/var/www/server/Datasets/MOLF/MindtctOutput/DB1_Lumidgm/57_4_8.xyt');

INSERT INTO Fingers
Values(NULL, 9, '57.9', '57');

INSERT INTO Images
Values('/var/www/server/Datasets/MOLF/OriginalDataset/DB1_Lumidgm/57_1_9.wsq', '57.9.1', '57.9', 352, 544, 500);

INSERT INTO Features
Values('57.9.1', '57.9.1.1', 96);

INSERT INTO Minutiaes
Values('57.9.1.1.1', '57.9.1.1', '/var/www/server/Datasets/MOLF/MindtctOutput/DB1_Lumidgm/57_1_9.xyt');

INSERT INTO Images
Values('/var/www/server/Datasets/MOLF/OriginalDataset/DB1_Lumidgm/57_2_9.wsq', '57.9.2', '57.9', 352, 544, 500);

INSERT INTO Features
Values('57.9.2', '57.9.2.1', 90);

INSERT INTO Minutiaes
Values('57.9.2.1.1', '57.9.2.1', '/var/www/server/Datasets/MOLF/MindtctOutput/DB1_Lumidgm/57_2_9.xyt');

INSERT INTO Images
Values('/var/www/server/Datasets/MOLF/OriginalDataset/DB1_Lumidgm/57_3_9.wsq', '57.9.3', '57.9', 352, 544, 500);

INSERT INTO Features
Values('57.9.3', '57.9.3.1', 98);

INSERT INTO Minutiaes
Values('57.9.3.1.1', '57.9.3.1', '/var/www/server/Datasets/MOLF/MindtctOutput/DB1_Lumidgm/57_3_9.xyt');

INSERT INTO Images
Values('/var/www/server/Datasets/MOLF/OriginalDataset/DB1_Lumidgm/57_4_9.wsq', '57.9.4', '57.9', 352, 544, 500);

INSERT INTO Features
Values('57.9.4', '57.9.4.1', 72);

INSERT INTO Minutiaes
Values('57.9.4.1.1', '57.9.4.1', '/var/www/server/Datasets/MOLF/MindtctOutput/DB1_Lumidgm/57_4_9.xyt');

INSERT INTO Fingers
Values(NULL, 10, '57.10', '57');

INSERT INTO Images
Values('/var/www/server/Datasets/MOLF/OriginalDataset/DB1_Lumidgm/57_1_10.wsq', '57.10.1', '57.10', 352, 544, 500);

INSERT INTO Features
Values('57.10.1', '57.10.1.1', 75);

INSERT INTO Minutiaes
Values('57.10.1.1.1', '57.10.1.1', '/var/www/server/Datasets/MOLF/MindtctOutput/DB1_Lumidgm/57_1_10.xyt');

INSERT INTO Images
Values('/var/www/server/Datasets/MOLF/OriginalDataset/DB1_Lumidgm/57_2_10.wsq', '57.10.2', '57.10', 352, 544, 500);

INSERT INTO Features
Values('57.10.2', '57.10.2.1', 76);

INSERT INTO Minutiaes
Values('57.10.2.1.1', '57.10.2.1', '/var/www/server/Datasets/MOLF/MindtctOutput/DB1_Lumidgm/57_2_10.xyt');

INSERT INTO Images
Values('/var/www/server/Datasets/MOLF/OriginalDataset/DB1_Lumidgm/57_3_10.wsq', '57.10.3', '57.10', 352, 544, 500);

INSERT INTO Features
Values('57.10.3', '57.10.3.1', 75);

INSERT INTO Minutiaes
Values('57.10.3.1.1', '57.10.3.1', '/var/www/server/Datasets/MOLF/MindtctOutput/DB1_Lumidgm/57_3_10.xyt');

INSERT INTO Images
Values('/var/www/server/Datasets/MOLF/OriginalDataset/DB1_Lumidgm/57_4_10.wsq', '57.10.4', '57.10', 352, 544, 500);

INSERT INTO Features
Values('57.10.4', '57.10.4.1', 88);

INSERT INTO Minutiaes
Values('57.10.4.1.1', '57.10.4.1', '/var/www/server/Datasets/MOLF/MindtctOutput/DB1_Lumidgm/57_4_10.xyt');

#------------------------SUBJECT 58------------------------
INSERT INTO Subjects
Values('58');

INSERT INTO Fingers
Values(NULL, 1, '58.1', '58');

INSERT INTO Images
Values('/var/www/server/Datasets/MOLF/OriginalDataset/DB1_Lumidgm/58_1_1.wsq', '58.1.1', '58.1', 352, 544, 500);

INSERT INTO Features
Values('58.1.1', '58.1.1.1', 94);

INSERT INTO Minutiaes
Values('58.1.1.1.1', '58.1.1.1', '/var/www/server/Datasets/MOLF/MindtctOutput/DB1_Lumidgm/58_1_1.xyt');

INSERT INTO Images
Values('/var/www/server/Datasets/MOLF/OriginalDataset/DB1_Lumidgm/58_2_1.wsq', '58.1.2', '58.1', 352, 544, 500);

INSERT INTO Features
Values('58.1.2', '58.1.2.1', 124);

INSERT INTO Minutiaes
Values('58.1.2.1.1', '58.1.2.1', '/var/www/server/Datasets/MOLF/MindtctOutput/DB1_Lumidgm/58_2_1.xyt');

INSERT INTO Images
Values('/var/www/server/Datasets/MOLF/OriginalDataset/DB1_Lumidgm/58_3_1.wsq', '58.1.3', '58.1', 352, 544, 500);

INSERT INTO Features
Values('58.1.3', '58.1.3.1', 48);

INSERT INTO Minutiaes
Values('58.1.3.1.1', '58.1.3.1', '/var/www/server/Datasets/MOLF/MindtctOutput/DB1_Lumidgm/58_3_1.xyt');

INSERT INTO Images
Values('/var/www/server/Datasets/MOLF/OriginalDataset/DB1_Lumidgm/58_4_1.wsq', '58.1.4', '58.1', 352, 544, 500);

INSERT INTO Features
Values('58.1.4', '58.1.4.1', 39);

INSERT INTO Minutiaes
Values('58.1.4.1.1', '58.1.4.1', '/var/www/server/Datasets/MOLF/MindtctOutput/DB1_Lumidgm/58_4_1.xyt');

INSERT INTO Fingers
Values(NULL, 2, '58.2', '58');

INSERT INTO Images
Values('/var/www/server/Datasets/MOLF/OriginalDataset/DB1_Lumidgm/58_1_2.wsq', '58.2.1', '58.2', 352, 544, 500);

INSERT INTO Features
Values('58.2.1', '58.2.1.1', 99);

INSERT INTO Minutiaes
Values('58.2.1.1.1', '58.2.1.1', '/var/www/server/Datasets/MOLF/MindtctOutput/DB1_Lumidgm/58_1_2.xyt');

INSERT INTO Images
Values('/var/www/server/Datasets/MOLF/OriginalDataset/DB1_Lumidgm/58_2_2.wsq', '58.2.2', '58.2', 352, 544, 500);

INSERT INTO Features
Values('58.2.2', '58.2.2.1', 124);

INSERT INTO Minutiaes
Values('58.2.2.1.1', '58.2.2.1', '/var/www/server/Datasets/MOLF/MindtctOutput/DB1_Lumidgm/58_2_2.xyt');

INSERT INTO Images
Values('/var/www/server/Datasets/MOLF/OriginalDataset/DB1_Lumidgm/58_3_2.wsq', '58.2.3', '58.2', 352, 544, 500);

INSERT INTO Features
Values('58.2.3', '58.2.3.1', 34);

INSERT INTO Minutiaes
Values('58.2.3.1.1', '58.2.3.1', '/var/www/server/Datasets/MOLF/MindtctOutput/DB1_Lumidgm/58_3_2.xyt');

INSERT INTO Images
Values('/var/www/server/Datasets/MOLF/OriginalDataset/DB1_Lumidgm/58_4_2.wsq', '58.2.4', '58.2', 352, 544, 500);

INSERT INTO Features
Values('58.2.4', '58.2.4.1', 36);

INSERT INTO Minutiaes
Values('58.2.4.1.1', '58.2.4.1', '/var/www/server/Datasets/MOLF/MindtctOutput/DB1_Lumidgm/58_4_2.xyt');

INSERT INTO Fingers
Values(NULL, 3, '58.3', '58');

INSERT INTO Images
Values('/var/www/server/Datasets/MOLF/OriginalDataset/DB1_Lumidgm/58_1_3.wsq', '58.3.1', '58.3', 352, 544, 500);

INSERT INTO Features
Values('58.3.1', '58.3.1.1', 117);

INSERT INTO Minutiaes
Values('58.3.1.1.1', '58.3.1.1', '/var/www/server/Datasets/MOLF/MindtctOutput/DB1_Lumidgm/58_1_3.xyt');

INSERT INTO Images
Values('/var/www/server/Datasets/MOLF/OriginalDataset/DB1_Lumidgm/58_2_3.wsq', '58.3.2', '58.3', 352, 544, 500);

INSERT INTO Features
Values('58.3.2', '58.3.2.1', 113);

INSERT INTO Minutiaes
Values('58.3.2.1.1', '58.3.2.1', '/var/www/server/Datasets/MOLF/MindtctOutput/DB1_Lumidgm/58_2_3.xyt');

INSERT INTO Images
Values('/var/www/server/Datasets/MOLF/OriginalDataset/DB1_Lumidgm/58_3_3.wsq', '58.3.3', '58.3', 352, 544, 500);

INSERT INTO Features
Values('58.3.3', '58.3.3.1', 33);

INSERT INTO Minutiaes
Values('58.3.3.1.1', '58.3.3.1', '/var/www/server/Datasets/MOLF/MindtctOutput/DB1_Lumidgm/58_3_3.xyt');

INSERT INTO Images
Values('/var/www/server/Datasets/MOLF/OriginalDataset/DB1_Lumidgm/58_4_3.wsq', '58.3.4', '58.3', 352, 544, 500);

INSERT INTO Features
Values('58.3.4', '58.3.4.1', 39);

INSERT INTO Minutiaes
Values('58.3.4.1.1', '58.3.4.1', '/var/www/server/Datasets/MOLF/MindtctOutput/DB1_Lumidgm/58_4_3.xyt');

INSERT INTO Fingers
Values(NULL, 4, '58.4', '58');

INSERT INTO Images
Values('/var/www/server/Datasets/MOLF/OriginalDataset/DB1_Lumidgm/58_1_4.wsq', '58.4.1', '58.4', 352, 544, 500);

INSERT INTO Features
Values('58.4.1', '58.4.1.1', 98);

INSERT INTO Minutiaes
Values('58.4.1.1.1', '58.4.1.1', '/var/www/server/Datasets/MOLF/MindtctOutput/DB1_Lumidgm/58_1_4.xyt');

INSERT INTO Images
Values('/var/www/server/Datasets/MOLF/OriginalDataset/DB1_Lumidgm/58_2_4.wsq', '58.4.2', '58.4', 352, 544, 500);

INSERT INTO Features
Values('58.4.2', '58.4.2.1', 108);

INSERT INTO Minutiaes
Values('58.4.2.1.1', '58.4.2.1', '/var/www/server/Datasets/MOLF/MindtctOutput/DB1_Lumidgm/58_2_4.xyt');

INSERT INTO Images
Values('/var/www/server/Datasets/MOLF/OriginalDataset/DB1_Lumidgm/58_3_4.wsq', '58.4.3', '58.4', 352, 544, 500);

INSERT INTO Features
Values('58.4.3', '58.4.3.1', 40);

INSERT INTO Minutiaes
Values('58.4.3.1.1', '58.4.3.1', '/var/www/server/Datasets/MOLF/MindtctOutput/DB1_Lumidgm/58_3_4.xyt');

INSERT INTO Images
Values('/var/www/server/Datasets/MOLF/OriginalDataset/DB1_Lumidgm/58_4_4.wsq', '58.4.4', '58.4', 352, 544, 500);

INSERT INTO Features
Values('58.4.4', '58.4.4.1', 48);

INSERT INTO Minutiaes
Values('58.4.4.1.1', '58.4.4.1', '/var/www/server/Datasets/MOLF/MindtctOutput/DB1_Lumidgm/58_4_4.xyt');

INSERT INTO Fingers
Values(NULL, 5, '58.5', '58');

INSERT INTO Images
Values('/var/www/server/Datasets/MOLF/OriginalDataset/DB1_Lumidgm/58_1_5.wsq', '58.5.1', '58.5', 352, 544, 500);

INSERT INTO Features
Values('58.5.1', '58.5.1.1', 105);

INSERT INTO Minutiaes
Values('58.5.1.1.1', '58.5.1.1', '/var/www/server/Datasets/MOLF/MindtctOutput/DB1_Lumidgm/58_1_5.xyt');

INSERT INTO Images
Values('/var/www/server/Datasets/MOLF/OriginalDataset/DB1_Lumidgm/58_2_5.wsq', '58.5.2', '58.5', 352, 544, 500);

INSERT INTO Features
Values('58.5.2', '58.5.2.1', 146);

INSERT INTO Minutiaes
Values('58.5.2.1.1', '58.5.2.1', '/var/www/server/Datasets/MOLF/MindtctOutput/DB1_Lumidgm/58_2_5.xyt');

INSERT INTO Images
Values('/var/www/server/Datasets/MOLF/OriginalDataset/DB1_Lumidgm/58_3_5.wsq', '58.5.3', '58.5', 352, 544, 500);

INSERT INTO Features
Values('58.5.3', '58.5.3.1', 31);

INSERT INTO Minutiaes
Values('58.5.3.1.1', '58.5.3.1', '/var/www/server/Datasets/MOLF/MindtctOutput/DB1_Lumidgm/58_3_5.xyt');

INSERT INTO Images
Values('/var/www/server/Datasets/MOLF/OriginalDataset/DB1_Lumidgm/58_4_5.wsq', '58.5.4', '58.5', 352, 544, 500);

INSERT INTO Features
Values('58.5.4', '58.5.4.1', 37);

INSERT INTO Minutiaes
Values('58.5.4.1.1', '58.5.4.1', '/var/www/server/Datasets/MOLF/MindtctOutput/DB1_Lumidgm/58_4_5.xyt');

INSERT INTO Fingers
Values(NULL, 6, '58.6', '58');

INSERT INTO Images
Values('/var/www/server/Datasets/MOLF/OriginalDataset/DB1_Lumidgm/58_1_6.wsq', '58.6.1', '58.6', 352, 544, 500);

INSERT INTO Features
Values('58.6.1', '58.6.1.1', 106);

INSERT INTO Minutiaes
Values('58.6.1.1.1', '58.6.1.1', '/var/www/server/Datasets/MOLF/MindtctOutput/DB1_Lumidgm/58_1_6.xyt');

INSERT INTO Images
Values('/var/www/server/Datasets/MOLF/OriginalDataset/DB1_Lumidgm/58_2_6.wsq', '58.6.2', '58.6', 352, 544, 500);

INSERT INTO Features
Values('58.6.2', '58.6.2.1', 98);

INSERT INTO Minutiaes
Values('58.6.2.1.1', '58.6.2.1', '/var/www/server/Datasets/MOLF/MindtctOutput/DB1_Lumidgm/58_2_6.xyt');

INSERT INTO Images
Values('/var/www/server/Datasets/MOLF/OriginalDataset/DB1_Lumidgm/58_3_6.wsq', '58.6.3', '58.6', 352, 544, 500);

INSERT INTO Features
Values('58.6.3', '58.6.3.1', 48);

INSERT INTO Minutiaes
Values('58.6.3.1.1', '58.6.3.1', '/var/www/server/Datasets/MOLF/MindtctOutput/DB1_Lumidgm/58_3_6.xyt');

INSERT INTO Images
Values('/var/www/server/Datasets/MOLF/OriginalDataset/DB1_Lumidgm/58_4_6.wsq', '58.6.4', '58.6', 352, 544, 500);

INSERT INTO Features
Values('58.6.4', '58.6.4.1', 54);

INSERT INTO Minutiaes
Values('58.6.4.1.1', '58.6.4.1', '/var/www/server/Datasets/MOLF/MindtctOutput/DB1_Lumidgm/58_4_6.xyt');

INSERT INTO Fingers
Values(NULL, 7, '58.7', '58');

INSERT INTO Images
Values('/var/www/server/Datasets/MOLF/OriginalDataset/DB1_Lumidgm/58_1_7.wsq', '58.7.1', '58.7', 352, 544, 500);

INSERT INTO Features
Values('58.7.1', '58.7.1.1', 91);

INSERT INTO Minutiaes
Values('58.7.1.1.1', '58.7.1.1', '/var/www/server/Datasets/MOLF/MindtctOutput/DB1_Lumidgm/58_1_7.xyt');

INSERT INTO Images
Values('/var/www/server/Datasets/MOLF/OriginalDataset/DB1_Lumidgm/58_2_7.wsq', '58.7.2', '58.7', 352, 544, 500);

INSERT INTO Features
Values('58.7.2', '58.7.2.1', 87);

INSERT INTO Minutiaes
Values('58.7.2.1.1', '58.7.2.1', '/var/www/server/Datasets/MOLF/MindtctOutput/DB1_Lumidgm/58_2_7.xyt');

INSERT INTO Images
Values('/var/www/server/Datasets/MOLF/OriginalDataset/DB1_Lumidgm/58_3_7.wsq', '58.7.3', '58.7', 352, 544, 500);

INSERT INTO Features
Values('58.7.3', '58.7.3.1', 31);

INSERT INTO Minutiaes
Values('58.7.3.1.1', '58.7.3.1', '/var/www/server/Datasets/MOLF/MindtctOutput/DB1_Lumidgm/58_3_7.xyt');

INSERT INTO Images
Values('/var/www/server/Datasets/MOLF/OriginalDataset/DB1_Lumidgm/58_4_7.wsq', '58.7.4', '58.7', 352, 544, 500);

INSERT INTO Features
Values('58.7.4', '58.7.4.1', 39);

INSERT INTO Minutiaes
Values('58.7.4.1.1', '58.7.4.1', '/var/www/server/Datasets/MOLF/MindtctOutput/DB1_Lumidgm/58_4_7.xyt');

INSERT INTO Fingers
Values(NULL, 8, '58.8', '58');

INSERT INTO Images
Values('/var/www/server/Datasets/MOLF/OriginalDataset/DB1_Lumidgm/58_1_8.wsq', '58.8.1', '58.8', 352, 544, 500);

INSERT INTO Features
Values('58.8.1', '58.8.1.1', 102);

INSERT INTO Minutiaes
Values('58.8.1.1.1', '58.8.1.1', '/var/www/server/Datasets/MOLF/MindtctOutput/DB1_Lumidgm/58_1_8.xyt');

INSERT INTO Images
Values('/var/www/server/Datasets/MOLF/OriginalDataset/DB1_Lumidgm/58_2_8.wsq', '58.8.2', '58.8', 352, 544, 500);

INSERT INTO Features
Values('58.8.2', '58.8.2.1', 93);

INSERT INTO Minutiaes
Values('58.8.2.1.1', '58.8.2.1', '/var/www/server/Datasets/MOLF/MindtctOutput/DB1_Lumidgm/58_2_8.xyt');

INSERT INTO Images
Values('/var/www/server/Datasets/MOLF/OriginalDataset/DB1_Lumidgm/58_3_8.wsq', '58.8.3', '58.8', 352, 544, 500);

INSERT INTO Features
Values('58.8.3', '58.8.3.1', 42);

INSERT INTO Minutiaes
Values('58.8.3.1.1', '58.8.3.1', '/var/www/server/Datasets/MOLF/MindtctOutput/DB1_Lumidgm/58_3_8.xyt');

INSERT INTO Images
Values('/var/www/server/Datasets/MOLF/OriginalDataset/DB1_Lumidgm/58_4_8.wsq', '58.8.4', '58.8', 352, 544, 500);

INSERT INTO Features
Values('58.8.4', '58.8.4.1', 49);

INSERT INTO Minutiaes
Values('58.8.4.1.1', '58.8.4.1', '/var/www/server/Datasets/MOLF/MindtctOutput/DB1_Lumidgm/58_4_8.xyt');

INSERT INTO Fingers
Values(NULL, 9, '58.9', '58');

INSERT INTO Images
Values('/var/www/server/Datasets/MOLF/OriginalDataset/DB1_Lumidgm/58_1_9.wsq', '58.9.1', '58.9', 352, 544, 500);

INSERT INTO Features
Values('58.9.1', '58.9.1.1', 86);

INSERT INTO Minutiaes
Values('58.9.1.1.1', '58.9.1.1', '/var/www/server/Datasets/MOLF/MindtctOutput/DB1_Lumidgm/58_1_9.xyt');

INSERT INTO Images
Values('/var/www/server/Datasets/MOLF/OriginalDataset/DB1_Lumidgm/58_2_9.wsq', '58.9.2', '58.9', 352, 544, 500);

INSERT INTO Features
Values('58.9.2', '58.9.2.1', 114);

INSERT INTO Minutiaes
Values('58.9.2.1.1', '58.9.2.1', '/var/www/server/Datasets/MOLF/MindtctOutput/DB1_Lumidgm/58_2_9.xyt');

INSERT INTO Images
Values('/var/www/server/Datasets/MOLF/OriginalDataset/DB1_Lumidgm/58_3_9.wsq', '58.9.3', '58.9', 352, 544, 500);

INSERT INTO Features
Values('58.9.3', '58.9.3.1', 35);

INSERT INTO Minutiaes
Values('58.9.3.1.1', '58.9.3.1', '/var/www/server/Datasets/MOLF/MindtctOutput/DB1_Lumidgm/58_3_9.xyt');

INSERT INTO Images
Values('/var/www/server/Datasets/MOLF/OriginalDataset/DB1_Lumidgm/58_4_9.wsq', '58.9.4', '58.9', 352, 544, 500);

INSERT INTO Features
Values('58.9.4', '58.9.4.1', 38);

INSERT INTO Minutiaes
Values('58.9.4.1.1', '58.9.4.1', '/var/www/server/Datasets/MOLF/MindtctOutput/DB1_Lumidgm/58_4_9.xyt');

INSERT INTO Fingers
Values(NULL, 10, '58.10', '58');

INSERT INTO Images
Values('/var/www/server/Datasets/MOLF/OriginalDataset/DB1_Lumidgm/58_1_10.wsq', '58.10.1', '58.10', 352, 544, 500);

INSERT INTO Features
Values('58.10.1', '58.10.1.1', 109);

INSERT INTO Minutiaes
Values('58.10.1.1.1', '58.10.1.1', '/var/www/server/Datasets/MOLF/MindtctOutput/DB1_Lumidgm/58_1_10.xyt');

INSERT INTO Images
Values('/var/www/server/Datasets/MOLF/OriginalDataset/DB1_Lumidgm/58_2_10.wsq', '58.10.2', '58.10', 352, 544, 500);

INSERT INTO Features
Values('58.10.2', '58.10.2.1', 104);

INSERT INTO Minutiaes
Values('58.10.2.1.1', '58.10.2.1', '/var/www/server/Datasets/MOLF/MindtctOutput/DB1_Lumidgm/58_2_10.xyt');

INSERT INTO Images
Values('/var/www/server/Datasets/MOLF/OriginalDataset/DB1_Lumidgm/58_3_10.wsq', '58.10.3', '58.10', 352, 544, 500);

INSERT INTO Features
Values('58.10.3', '58.10.3.1', 50);

INSERT INTO Minutiaes
Values('58.10.3.1.1', '58.10.3.1', '/var/www/server/Datasets/MOLF/MindtctOutput/DB1_Lumidgm/58_3_10.xyt');

INSERT INTO Images
Values('/var/www/server/Datasets/MOLF/OriginalDataset/DB1_Lumidgm/58_4_10.wsq', '58.10.4', '58.10', 352, 544, 500);

INSERT INTO Features
Values('58.10.4', '58.10.4.1', 35);

INSERT INTO Minutiaes
Values('58.10.4.1.1', '58.10.4.1', '/var/www/server/Datasets/MOLF/MindtctOutput/DB1_Lumidgm/58_4_10.xyt');

#------------------------SUBJECT 59------------------------
INSERT INTO Subjects
Values('59');

INSERT INTO Fingers
Values(NULL, 1, '59.1', '59');

INSERT INTO Images
Values('/var/www/server/Datasets/MOLF/OriginalDataset/DB1_Lumidgm/59_1_1.wsq', '59.1.1', '59.1', 352, 544, 500);

INSERT INTO Features
Values('59.1.1', '59.1.1.1', 70);

INSERT INTO Minutiaes
Values('59.1.1.1.1', '59.1.1.1', '/var/www/server/Datasets/MOLF/MindtctOutput/DB1_Lumidgm/59_1_1.xyt');

INSERT INTO Images
Values('/var/www/server/Datasets/MOLF/OriginalDataset/DB1_Lumidgm/59_2_1.wsq', '59.1.2', '59.1', 352, 544, 500);

INSERT INTO Features
Values('59.1.2', '59.1.2.1', 53);

INSERT INTO Minutiaes
Values('59.1.2.1.1', '59.1.2.1', '/var/www/server/Datasets/MOLF/MindtctOutput/DB1_Lumidgm/59_2_1.xyt');

INSERT INTO Images
Values('/var/www/server/Datasets/MOLF/OriginalDataset/DB1_Lumidgm/59_3_1.wsq', '59.1.3', '59.1', 352, 544, 500);

INSERT INTO Features
Values('59.1.3', '59.1.3.1', 59);

INSERT INTO Minutiaes
Values('59.1.3.1.1', '59.1.3.1', '/var/www/server/Datasets/MOLF/MindtctOutput/DB1_Lumidgm/59_3_1.xyt');

INSERT INTO Images
Values('/var/www/server/Datasets/MOLF/OriginalDataset/DB1_Lumidgm/59_4_1.wsq', '59.1.4', '59.1', 352, 544, 500);

INSERT INTO Features
Values('59.1.4', '59.1.4.1', 58);

INSERT INTO Minutiaes
Values('59.1.4.1.1', '59.1.4.1', '/var/www/server/Datasets/MOLF/MindtctOutput/DB1_Lumidgm/59_4_1.xyt');

INSERT INTO Fingers
Values(NULL, 2, '59.2', '59');

INSERT INTO Images
Values('/var/www/server/Datasets/MOLF/OriginalDataset/DB1_Lumidgm/59_1_2.wsq', '59.2.1', '59.2', 352, 544, 500);

INSERT INTO Features
Values('59.2.1', '59.2.1.1', 76);

INSERT INTO Minutiaes
Values('59.2.1.1.1', '59.2.1.1', '/var/www/server/Datasets/MOLF/MindtctOutput/DB1_Lumidgm/59_1_2.xyt');

INSERT INTO Images
Values('/var/www/server/Datasets/MOLF/OriginalDataset/DB1_Lumidgm/59_2_2.wsq', '59.2.2', '59.2', 352, 544, 500);

INSERT INTO Features
Values('59.2.2', '59.2.2.1', 68);

INSERT INTO Minutiaes
Values('59.2.2.1.1', '59.2.2.1', '/var/www/server/Datasets/MOLF/MindtctOutput/DB1_Lumidgm/59_2_2.xyt');

INSERT INTO Images
Values('/var/www/server/Datasets/MOLF/OriginalDataset/DB1_Lumidgm/59_3_2.wsq', '59.2.3', '59.2', 352, 544, 500);

INSERT INTO Features
Values('59.2.3', '59.2.3.1', 42);

INSERT INTO Minutiaes
Values('59.2.3.1.1', '59.2.3.1', '/var/www/server/Datasets/MOLF/MindtctOutput/DB1_Lumidgm/59_3_2.xyt');

INSERT INTO Images
Values('/var/www/server/Datasets/MOLF/OriginalDataset/DB1_Lumidgm/59_4_2.wsq', '59.2.4', '59.2', 352, 544, 500);

INSERT INTO Features
Values('59.2.4', '59.2.4.1', 49);

INSERT INTO Minutiaes
Values('59.2.4.1.1', '59.2.4.1', '/var/www/server/Datasets/MOLF/MindtctOutput/DB1_Lumidgm/59_4_2.xyt');

INSERT INTO Fingers
Values(NULL, 3, '59.3', '59');

INSERT INTO Images
Values('/var/www/server/Datasets/MOLF/OriginalDataset/DB1_Lumidgm/59_1_3.wsq', '59.3.1', '59.3', 352, 544, 500);

INSERT INTO Features
Values('59.3.1', '59.3.1.1', 71);

INSERT INTO Minutiaes
Values('59.3.1.1.1', '59.3.1.1', '/var/www/server/Datasets/MOLF/MindtctOutput/DB1_Lumidgm/59_1_3.xyt');

INSERT INTO Images
Values('/var/www/server/Datasets/MOLF/OriginalDataset/DB1_Lumidgm/59_2_3.wsq', '59.3.2', '59.3', 352, 544, 500);

INSERT INTO Features
Values('59.3.2', '59.3.2.1', 55);

INSERT INTO Minutiaes
Values('59.3.2.1.1', '59.3.2.1', '/var/www/server/Datasets/MOLF/MindtctOutput/DB1_Lumidgm/59_2_3.xyt');

INSERT INTO Images
Values('/var/www/server/Datasets/MOLF/OriginalDataset/DB1_Lumidgm/59_3_3.wsq', '59.3.3', '59.3', 352, 544, 500);

INSERT INTO Features
Values('59.3.3', '59.3.3.1', 57);

INSERT INTO Minutiaes
Values('59.3.3.1.1', '59.3.3.1', '/var/www/server/Datasets/MOLF/MindtctOutput/DB1_Lumidgm/59_3_3.xyt');

INSERT INTO Images
Values('/var/www/server/Datasets/MOLF/OriginalDataset/DB1_Lumidgm/59_4_3.wsq', '59.3.4', '59.3', 352, 544, 500);

INSERT INTO Features
Values('59.3.4', '59.3.4.1', 59);

INSERT INTO Minutiaes
Values('59.3.4.1.1', '59.3.4.1', '/var/www/server/Datasets/MOLF/MindtctOutput/DB1_Lumidgm/59_4_3.xyt');

INSERT INTO Fingers
Values(NULL, 4, '59.4', '59');

INSERT INTO Images
Values('/var/www/server/Datasets/MOLF/OriginalDataset/DB1_Lumidgm/59_1_4.wsq', '59.4.1', '59.4', 352, 544, 500);

INSERT INTO Features
Values('59.4.1', '59.4.1.1', 61);

INSERT INTO Minutiaes
Values('59.4.1.1.1', '59.4.1.1', '/var/www/server/Datasets/MOLF/MindtctOutput/DB1_Lumidgm/59_1_4.xyt');

INSERT INTO Images
Values('/var/www/server/Datasets/MOLF/OriginalDataset/DB1_Lumidgm/59_2_4.wsq', '59.4.2', '59.4', 352, 544, 500);

INSERT INTO Features
Values('59.4.2', '59.4.2.1', 61);

INSERT INTO Minutiaes
Values('59.4.2.1.1', '59.4.2.1', '/var/www/server/Datasets/MOLF/MindtctOutput/DB1_Lumidgm/59_2_4.xyt');

INSERT INTO Images
Values('/var/www/server/Datasets/MOLF/OriginalDataset/DB1_Lumidgm/59_3_4.wsq', '59.4.3', '59.4', 352, 544, 500);

INSERT INTO Features
Values('59.4.3', '59.4.3.1', 54);

INSERT INTO Minutiaes
Values('59.4.3.1.1', '59.4.3.1', '/var/www/server/Datasets/MOLF/MindtctOutput/DB1_Lumidgm/59_3_4.xyt');

INSERT INTO Images
Values('/var/www/server/Datasets/MOLF/OriginalDataset/DB1_Lumidgm/59_4_4.wsq', '59.4.4', '59.4', 352, 544, 500);

INSERT INTO Features
Values('59.4.4', '59.4.4.1', 37);

INSERT INTO Minutiaes
Values('59.4.4.1.1', '59.4.4.1', '/var/www/server/Datasets/MOLF/MindtctOutput/DB1_Lumidgm/59_4_4.xyt');

INSERT INTO Fingers
Values(NULL, 5, '59.5', '59');

INSERT INTO Images
Values('/var/www/server/Datasets/MOLF/OriginalDataset/DB1_Lumidgm/59_1_5.wsq', '59.5.1', '59.5', 352, 544, 500);

INSERT INTO Features
Values('59.5.1', '59.5.1.1', 57);

INSERT INTO Minutiaes
Values('59.5.1.1.1', '59.5.1.1', '/var/www/server/Datasets/MOLF/MindtctOutput/DB1_Lumidgm/59_1_5.xyt');

INSERT INTO Images
Values('/var/www/server/Datasets/MOLF/OriginalDataset/DB1_Lumidgm/59_2_5.wsq', '59.5.2', '59.5', 352, 544, 500);

INSERT INTO Features
Values('59.5.2', '59.5.2.1', 63);

INSERT INTO Minutiaes
Values('59.5.2.1.1', '59.5.2.1', '/var/www/server/Datasets/MOLF/MindtctOutput/DB1_Lumidgm/59_2_5.xyt');

INSERT INTO Images
Values('/var/www/server/Datasets/MOLF/OriginalDataset/DB1_Lumidgm/59_3_5.wsq', '59.5.3', '59.5', 352, 544, 500);

INSERT INTO Features
Values('59.5.3', '59.5.3.1', 34);

INSERT INTO Minutiaes
Values('59.5.3.1.1', '59.5.3.1', '/var/www/server/Datasets/MOLF/MindtctOutput/DB1_Lumidgm/59_3_5.xyt');

INSERT INTO Images
Values('/var/www/server/Datasets/MOLF/OriginalDataset/DB1_Lumidgm/59_4_5.wsq', '59.5.4', '59.5', 352, 544, 500);

INSERT INTO Features
Values('59.5.4', '59.5.4.1', 52);

INSERT INTO Minutiaes
Values('59.5.4.1.1', '59.5.4.1', '/var/www/server/Datasets/MOLF/MindtctOutput/DB1_Lumidgm/59_4_5.xyt');

INSERT INTO Fingers
Values(NULL, 6, '59.6', '59');

INSERT INTO Images
Values('/var/www/server/Datasets/MOLF/OriginalDataset/DB1_Lumidgm/59_1_6.wsq', '59.6.1', '59.6', 352, 544, 500);

INSERT INTO Features
Values('59.6.1', '59.6.1.1', 50);

INSERT INTO Minutiaes
Values('59.6.1.1.1', '59.6.1.1', '/var/www/server/Datasets/MOLF/MindtctOutput/DB1_Lumidgm/59_1_6.xyt');

INSERT INTO Images
Values('/var/www/server/Datasets/MOLF/OriginalDataset/DB1_Lumidgm/59_2_6.wsq', '59.6.2', '59.6', 352, 544, 500);

INSERT INTO Features
Values('59.6.2', '59.6.2.1', 60);

INSERT INTO Minutiaes
Values('59.6.2.1.1', '59.6.2.1', '/var/www/server/Datasets/MOLF/MindtctOutput/DB1_Lumidgm/59_2_6.xyt');

INSERT INTO Images
Values('/var/www/server/Datasets/MOLF/OriginalDataset/DB1_Lumidgm/59_3_6.wsq', '59.6.3', '59.6', 352, 544, 500);

INSERT INTO Features
Values('59.6.3', '59.6.3.1', 32);

INSERT INTO Minutiaes
Values('59.6.3.1.1', '59.6.3.1', '/var/www/server/Datasets/MOLF/MindtctOutput/DB1_Lumidgm/59_3_6.xyt');

INSERT INTO Images
Values('/var/www/server/Datasets/MOLF/OriginalDataset/DB1_Lumidgm/59_4_6.wsq', '59.6.4', '59.6', 352, 544, 500);

INSERT INTO Features
Values('59.6.4', '59.6.4.1', 53);

INSERT INTO Minutiaes
Values('59.6.4.1.1', '59.6.4.1', '/var/www/server/Datasets/MOLF/MindtctOutput/DB1_Lumidgm/59_4_6.xyt');

INSERT INTO Fingers
Values(NULL, 7, '59.7', '59');

INSERT INTO Images
Values('/var/www/server/Datasets/MOLF/OriginalDataset/DB1_Lumidgm/59_1_7.wsq', '59.7.1', '59.7', 352, 544, 500);

INSERT INTO Features
Values('59.7.1', '59.7.1.1', 44);

INSERT INTO Minutiaes
Values('59.7.1.1.1', '59.7.1.1', '/var/www/server/Datasets/MOLF/MindtctOutput/DB1_Lumidgm/59_1_7.xyt');

INSERT INTO Images
Values('/var/www/server/Datasets/MOLF/OriginalDataset/DB1_Lumidgm/59_2_7.wsq', '59.7.2', '59.7', 352, 544, 500);

INSERT INTO Features
Values('59.7.2', '59.7.2.1', 57);

INSERT INTO Minutiaes
Values('59.7.2.1.1', '59.7.2.1', '/var/www/server/Datasets/MOLF/MindtctOutput/DB1_Lumidgm/59_2_7.xyt');

INSERT INTO Images
Values('/var/www/server/Datasets/MOLF/OriginalDataset/DB1_Lumidgm/59_3_7.wsq', '59.7.3', '59.7', 352, 544, 500);

INSERT INTO Features
Values('59.7.3', '59.7.3.1', 53);

INSERT INTO Minutiaes
Values('59.7.3.1.1', '59.7.3.1', '/var/www/server/Datasets/MOLF/MindtctOutput/DB1_Lumidgm/59_3_7.xyt');

INSERT INTO Images
Values('/var/www/server/Datasets/MOLF/OriginalDataset/DB1_Lumidgm/59_4_7.wsq', '59.7.4', '59.7', 352, 544, 500);

INSERT INTO Features
Values('59.7.4', '59.7.4.1', 49);

INSERT INTO Minutiaes
Values('59.7.4.1.1', '59.7.4.1', '/var/www/server/Datasets/MOLF/MindtctOutput/DB1_Lumidgm/59_4_7.xyt');

INSERT INTO Fingers
Values(NULL, 8, '59.8', '59');

INSERT INTO Images
Values('/var/www/server/Datasets/MOLF/OriginalDataset/DB1_Lumidgm/59_1_8.wsq', '59.8.1', '59.8', 352, 544, 500);

INSERT INTO Features
Values('59.8.1', '59.8.1.1', 62);

INSERT INTO Minutiaes
Values('59.8.1.1.1', '59.8.1.1', '/var/www/server/Datasets/MOLF/MindtctOutput/DB1_Lumidgm/59_1_8.xyt');

INSERT INTO Images
Values('/var/www/server/Datasets/MOLF/OriginalDataset/DB1_Lumidgm/59_2_8.wsq', '59.8.2', '59.8', 352, 544, 500);

INSERT INTO Features
Values('59.8.2', '59.8.2.1', 57);

INSERT INTO Minutiaes
Values('59.8.2.1.1', '59.8.2.1', '/var/www/server/Datasets/MOLF/MindtctOutput/DB1_Lumidgm/59_2_8.xyt');

INSERT INTO Images
Values('/var/www/server/Datasets/MOLF/OriginalDataset/DB1_Lumidgm/59_3_8.wsq', '59.8.3', '59.8', 352, 544, 500);

INSERT INTO Features
Values('59.8.3', '59.8.3.1', 61);

INSERT INTO Minutiaes
Values('59.8.3.1.1', '59.8.3.1', '/var/www/server/Datasets/MOLF/MindtctOutput/DB1_Lumidgm/59_3_8.xyt');

INSERT INTO Images
Values('/var/www/server/Datasets/MOLF/OriginalDataset/DB1_Lumidgm/59_4_8.wsq', '59.8.4', '59.8', 352, 544, 500);

INSERT INTO Features
Values('59.8.4', '59.8.4.1', 77);

INSERT INTO Minutiaes
Values('59.8.4.1.1', '59.8.4.1', '/var/www/server/Datasets/MOLF/MindtctOutput/DB1_Lumidgm/59_4_8.xyt');

INSERT INTO Fingers
Values(NULL, 9, '59.9', '59');

INSERT INTO Images
Values('/var/www/server/Datasets/MOLF/OriginalDataset/DB1_Lumidgm/59_1_9.wsq', '59.9.1', '59.9', 352, 544, 500);

INSERT INTO Features
Values('59.9.1', '59.9.1.1', 57);

INSERT INTO Minutiaes
Values('59.9.1.1.1', '59.9.1.1', '/var/www/server/Datasets/MOLF/MindtctOutput/DB1_Lumidgm/59_1_9.xyt');

INSERT INTO Images
Values('/var/www/server/Datasets/MOLF/OriginalDataset/DB1_Lumidgm/59_2_9.wsq', '59.9.2', '59.9', 352, 544, 500);

INSERT INTO Features
Values('59.9.2', '59.9.2.1', 50);

INSERT INTO Minutiaes
Values('59.9.2.1.1', '59.9.2.1', '/var/www/server/Datasets/MOLF/MindtctOutput/DB1_Lumidgm/59_2_9.xyt');

INSERT INTO Images
Values('/var/www/server/Datasets/MOLF/OriginalDataset/DB1_Lumidgm/59_3_9.wsq', '59.9.3', '59.9', 352, 544, 500);

INSERT INTO Features
Values('59.9.3', '59.9.3.1', 56);

INSERT INTO Minutiaes
Values('59.9.3.1.1', '59.9.3.1', '/var/www/server/Datasets/MOLF/MindtctOutput/DB1_Lumidgm/59_3_9.xyt');

INSERT INTO Images
Values('/var/www/server/Datasets/MOLF/OriginalDataset/DB1_Lumidgm/59_4_9.wsq', '59.9.4', '59.9', 352, 544, 500);

INSERT INTO Features
Values('59.9.4', '59.9.4.1', 67);

INSERT INTO Minutiaes
Values('59.9.4.1.1', '59.9.4.1', '/var/www/server/Datasets/MOLF/MindtctOutput/DB1_Lumidgm/59_4_9.xyt');

INSERT INTO Fingers
Values(NULL, 10, '59.10', '59');

INSERT INTO Images
Values('/var/www/server/Datasets/MOLF/OriginalDataset/DB1_Lumidgm/59_1_10.wsq', '59.10.1', '59.10', 352, 544, 500);

INSERT INTO Features
Values('59.10.1', '59.10.1.1', 32);

INSERT INTO Minutiaes
Values('59.10.1.1.1', '59.10.1.1', '/var/www/server/Datasets/MOLF/MindtctOutput/DB1_Lumidgm/59_1_10.xyt');

INSERT INTO Images
Values('/var/www/server/Datasets/MOLF/OriginalDataset/DB1_Lumidgm/59_2_10.wsq', '59.10.2', '59.10', 352, 544, 500);

INSERT INTO Features
Values('59.10.2', '59.10.2.1', 54);

INSERT INTO Minutiaes
Values('59.10.2.1.1', '59.10.2.1', '/var/www/server/Datasets/MOLF/MindtctOutput/DB1_Lumidgm/59_2_10.xyt');

INSERT INTO Images
Values('/var/www/server/Datasets/MOLF/OriginalDataset/DB1_Lumidgm/59_3_10.wsq', '59.10.3', '59.10', 352, 544, 500);

INSERT INTO Features
Values('59.10.3', '59.10.3.1', 41);

INSERT INTO Minutiaes
Values('59.10.3.1.1', '59.10.3.1', '/var/www/server/Datasets/MOLF/MindtctOutput/DB1_Lumidgm/59_3_10.xyt');

INSERT INTO Images
Values('/var/www/server/Datasets/MOLF/OriginalDataset/DB1_Lumidgm/59_4_10.wsq', '59.10.4', '59.10', 352, 544, 500);

INSERT INTO Features
Values('59.10.4', '59.10.4.1', 44);

INSERT INTO Minutiaes
Values('59.10.4.1.1', '59.10.4.1', '/var/www/server/Datasets/MOLF/MindtctOutput/DB1_Lumidgm/59_4_10.xyt');

#------------------------SUBJECT 60------------------------
INSERT INTO Subjects
Values('60');

INSERT INTO Fingers
Values(NULL, 1, '60.1', '60');

INSERT INTO Images
Values('/var/www/server/Datasets/MOLF/OriginalDataset/DB1_Lumidgm/60_1_1.wsq', '60.1.1', '60.1', 352, 544, 500);

INSERT INTO Features
Values('60.1.1', '60.1.1.1', 74);

INSERT INTO Minutiaes
Values('60.1.1.1.1', '60.1.1.1', '/var/www/server/Datasets/MOLF/MindtctOutput/DB1_Lumidgm/60_1_1.xyt');

INSERT INTO Images
Values('/var/www/server/Datasets/MOLF/OriginalDataset/DB1_Lumidgm/60_2_1.wsq', '60.1.2', '60.1', 352, 544, 500);

INSERT INTO Features
Values('60.1.2', '60.1.2.1', 54);

INSERT INTO Minutiaes
Values('60.1.2.1.1', '60.1.2.1', '/var/www/server/Datasets/MOLF/MindtctOutput/DB1_Lumidgm/60_2_1.xyt');

INSERT INTO Images
Values('/var/www/server/Datasets/MOLF/OriginalDataset/DB1_Lumidgm/60_3_1.wsq', '60.1.3', '60.1', 352, 544, 500);

INSERT INTO Features
Values('60.1.3', '60.1.3.1', 81);

INSERT INTO Minutiaes
Values('60.1.3.1.1', '60.1.3.1', '/var/www/server/Datasets/MOLF/MindtctOutput/DB1_Lumidgm/60_3_1.xyt');

INSERT INTO Images
Values('/var/www/server/Datasets/MOLF/OriginalDataset/DB1_Lumidgm/60_4_1.wsq', '60.1.4', '60.1', 352, 544, 500);

INSERT INTO Features
Values('60.1.4', '60.1.4.1', 55);

INSERT INTO Minutiaes
Values('60.1.4.1.1', '60.1.4.1', '/var/www/server/Datasets/MOLF/MindtctOutput/DB1_Lumidgm/60_4_1.xyt');

INSERT INTO Fingers
Values(NULL, 2, '60.2', '60');

INSERT INTO Images
Values('/var/www/server/Datasets/MOLF/OriginalDataset/DB1_Lumidgm/60_1_2.wsq', '60.2.1', '60.2', 352, 544, 500);

INSERT INTO Features
Values('60.2.1', '60.2.1.1', 79);

INSERT INTO Minutiaes
Values('60.2.1.1.1', '60.2.1.1', '/var/www/server/Datasets/MOLF/MindtctOutput/DB1_Lumidgm/60_1_2.xyt');

INSERT INTO Images
Values('/var/www/server/Datasets/MOLF/OriginalDataset/DB1_Lumidgm/60_2_2.wsq', '60.2.2', '60.2', 352, 544, 500);

INSERT INTO Features
Values('60.2.2', '60.2.2.1', 70);

INSERT INTO Minutiaes
Values('60.2.2.1.1', '60.2.2.1', '/var/www/server/Datasets/MOLF/MindtctOutput/DB1_Lumidgm/60_2_2.xyt');

INSERT INTO Images
Values('/var/www/server/Datasets/MOLF/OriginalDataset/DB1_Lumidgm/60_3_2.wsq', '60.2.3', '60.2', 352, 544, 500);

INSERT INTO Features
Values('60.2.3', '60.2.3.1', 74);

INSERT INTO Minutiaes
Values('60.2.3.1.1', '60.2.3.1', '/var/www/server/Datasets/MOLF/MindtctOutput/DB1_Lumidgm/60_3_2.xyt');

INSERT INTO Images
Values('/var/www/server/Datasets/MOLF/OriginalDataset/DB1_Lumidgm/60_4_2.wsq', '60.2.4', '60.2', 352, 544, 500);

INSERT INTO Features
Values('60.2.4', '60.2.4.1', 74);

INSERT INTO Minutiaes
Values('60.2.4.1.1', '60.2.4.1', '/var/www/server/Datasets/MOLF/MindtctOutput/DB1_Lumidgm/60_4_2.xyt');

INSERT INTO Fingers
Values(NULL, 3, '60.3', '60');

INSERT INTO Images
Values('/var/www/server/Datasets/MOLF/OriginalDataset/DB1_Lumidgm/60_1_3.wsq', '60.3.1', '60.3', 352, 544, 500);

INSERT INTO Features
Values('60.3.1', '60.3.1.1', 53);

INSERT INTO Minutiaes
Values('60.3.1.1.1', '60.3.1.1', '/var/www/server/Datasets/MOLF/MindtctOutput/DB1_Lumidgm/60_1_3.xyt');

INSERT INTO Images
Values('/var/www/server/Datasets/MOLF/OriginalDataset/DB1_Lumidgm/60_2_3.wsq', '60.3.2', '60.3', 352, 544, 500);

INSERT INTO Features
Values('60.3.2', '60.3.2.1', 61);

INSERT INTO Minutiaes
Values('60.3.2.1.1', '60.3.2.1', '/var/www/server/Datasets/MOLF/MindtctOutput/DB1_Lumidgm/60_2_3.xyt');

INSERT INTO Images
Values('/var/www/server/Datasets/MOLF/OriginalDataset/DB1_Lumidgm/60_3_3.wsq', '60.3.3', '60.3', 352, 544, 500);

INSERT INTO Features
Values('60.3.3', '60.3.3.1', 50);

INSERT INTO Minutiaes
Values('60.3.3.1.1', '60.3.3.1', '/var/www/server/Datasets/MOLF/MindtctOutput/DB1_Lumidgm/60_3_3.xyt');

INSERT INTO Images
Values('/var/www/server/Datasets/MOLF/OriginalDataset/DB1_Lumidgm/60_4_3.wsq', '60.3.4', '60.3', 352, 544, 500);

INSERT INTO Features
Values('60.3.4', '60.3.4.1', 57);

INSERT INTO Minutiaes
Values('60.3.4.1.1', '60.3.4.1', '/var/www/server/Datasets/MOLF/MindtctOutput/DB1_Lumidgm/60_4_3.xyt');

INSERT INTO Fingers
Values(NULL, 4, '60.4', '60');

INSERT INTO Images
Values('/var/www/server/Datasets/MOLF/OriginalDataset/DB1_Lumidgm/60_1_4.wsq', '60.4.1', '60.4', 352, 544, 500);

INSERT INTO Features
Values('60.4.1', '60.4.1.1', 70);

INSERT INTO Minutiaes
Values('60.4.1.1.1', '60.4.1.1', '/var/www/server/Datasets/MOLF/MindtctOutput/DB1_Lumidgm/60_1_4.xyt');

INSERT INTO Images
Values('/var/www/server/Datasets/MOLF/OriginalDataset/DB1_Lumidgm/60_2_4.wsq', '60.4.2', '60.4', 352, 544, 500);

INSERT INTO Features
Values('60.4.2', '60.4.2.1', 70);

INSERT INTO Minutiaes
Values('60.4.2.1.1', '60.4.2.1', '/var/www/server/Datasets/MOLF/MindtctOutput/DB1_Lumidgm/60_2_4.xyt');

INSERT INTO Images
Values('/var/www/server/Datasets/MOLF/OriginalDataset/DB1_Lumidgm/60_3_4.wsq', '60.4.3', '60.4', 352, 544, 500);

INSERT INTO Features
Values('60.4.3', '60.4.3.1', 69);

INSERT INTO Minutiaes
Values('60.4.3.1.1', '60.4.3.1', '/var/www/server/Datasets/MOLF/MindtctOutput/DB1_Lumidgm/60_3_4.xyt');

INSERT INTO Images
Values('/var/www/server/Datasets/MOLF/OriginalDataset/DB1_Lumidgm/60_4_4.wsq', '60.4.4', '60.4', 352, 544, 500);

INSERT INTO Features
Values('60.4.4', '60.4.4.1', 77);

INSERT INTO Minutiaes
Values('60.4.4.1.1', '60.4.4.1', '/var/www/server/Datasets/MOLF/MindtctOutput/DB1_Lumidgm/60_4_4.xyt');

INSERT INTO Fingers
Values(NULL, 5, '60.5', '60');

INSERT INTO Images
Values('/var/www/server/Datasets/MOLF/OriginalDataset/DB1_Lumidgm/60_1_5.wsq', '60.5.1', '60.5', 352, 544, 500);

INSERT INTO Features
Values('60.5.1', '60.5.1.1', 58);

INSERT INTO Minutiaes
Values('60.5.1.1.1', '60.5.1.1', '/var/www/server/Datasets/MOLF/MindtctOutput/DB1_Lumidgm/60_1_5.xyt');

INSERT INTO Images
Values('/var/www/server/Datasets/MOLF/OriginalDataset/DB1_Lumidgm/60_2_5.wsq', '60.5.2', '60.5', 352, 544, 500);

INSERT INTO Features
Values('60.5.2', '60.5.2.1', 53);

INSERT INTO Minutiaes
Values('60.5.2.1.1', '60.5.2.1', '/var/www/server/Datasets/MOLF/MindtctOutput/DB1_Lumidgm/60_2_5.xyt');

INSERT INTO Images
Values('/var/www/server/Datasets/MOLF/OriginalDataset/DB1_Lumidgm/60_3_5.wsq', '60.5.3', '60.5', 352, 544, 500);

INSERT INTO Features
Values('60.5.3', '60.5.3.1', 59);

INSERT INTO Minutiaes
Values('60.5.3.1.1', '60.5.3.1', '/var/www/server/Datasets/MOLF/MindtctOutput/DB1_Lumidgm/60_3_5.xyt');

INSERT INTO Images
Values('/var/www/server/Datasets/MOLF/OriginalDataset/DB1_Lumidgm/60_4_5.wsq', '60.5.4', '60.5', 352, 544, 500);

INSERT INTO Features
Values('60.5.4', '60.5.4.1', 56);

INSERT INTO Minutiaes
Values('60.5.4.1.1', '60.5.4.1', '/var/www/server/Datasets/MOLF/MindtctOutput/DB1_Lumidgm/60_4_5.xyt');

INSERT INTO Fingers
Values(NULL, 6, '60.6', '60');

INSERT INTO Images
Values('/var/www/server/Datasets/MOLF/OriginalDataset/DB1_Lumidgm/60_1_6.wsq', '60.6.1', '60.6', 352, 544, 500);

INSERT INTO Features
Values('60.6.1', '60.6.1.1', 50);

INSERT INTO Minutiaes
Values('60.6.1.1.1', '60.6.1.1', '/var/www/server/Datasets/MOLF/MindtctOutput/DB1_Lumidgm/60_1_6.xyt');

INSERT INTO Images
Values('/var/www/server/Datasets/MOLF/OriginalDataset/DB1_Lumidgm/60_2_6.wsq', '60.6.2', '60.6', 352, 544, 500);

INSERT INTO Features
Values('60.6.2', '60.6.2.1', 82);

INSERT INTO Minutiaes
Values('60.6.2.1.1', '60.6.2.1', '/var/www/server/Datasets/MOLF/MindtctOutput/DB1_Lumidgm/60_2_6.xyt');

INSERT INTO Images
Values('/var/www/server/Datasets/MOLF/OriginalDataset/DB1_Lumidgm/60_3_6.wsq', '60.6.3', '60.6', 352, 544, 500);

INSERT INTO Features
Values('60.6.3', '60.6.3.1', 46);

INSERT INTO Minutiaes
Values('60.6.3.1.1', '60.6.3.1', '/var/www/server/Datasets/MOLF/MindtctOutput/DB1_Lumidgm/60_3_6.xyt');

INSERT INTO Images
Values('/var/www/server/Datasets/MOLF/OriginalDataset/DB1_Lumidgm/60_4_6.wsq', '60.6.4', '60.6', 352, 544, 500);

INSERT INTO Features
Values('60.6.4', '60.6.4.1', 60);

INSERT INTO Minutiaes
Values('60.6.4.1.1', '60.6.4.1', '/var/www/server/Datasets/MOLF/MindtctOutput/DB1_Lumidgm/60_4_6.xyt');

INSERT INTO Fingers
Values(NULL, 7, '60.7', '60');

INSERT INTO Images
Values('/var/www/server/Datasets/MOLF/OriginalDataset/DB1_Lumidgm/60_1_7.wsq', '60.7.1', '60.7', 352, 544, 500);

INSERT INTO Features
Values('60.7.1', '60.7.1.1', 74);

INSERT INTO Minutiaes
Values('60.7.1.1.1', '60.7.1.1', '/var/www/server/Datasets/MOLF/MindtctOutput/DB1_Lumidgm/60_1_7.xyt');

INSERT INTO Images
Values('/var/www/server/Datasets/MOLF/OriginalDataset/DB1_Lumidgm/60_2_7.wsq', '60.7.2', '60.7', 352, 544, 500);

INSERT INTO Features
Values('60.7.2', '60.7.2.1', 74);

INSERT INTO Minutiaes
Values('60.7.2.1.1', '60.7.2.1', '/var/www/server/Datasets/MOLF/MindtctOutput/DB1_Lumidgm/60_2_7.xyt');

INSERT INTO Images
Values('/var/www/server/Datasets/MOLF/OriginalDataset/DB1_Lumidgm/60_3_7.wsq', '60.7.3', '60.7', 352, 544, 500);

INSERT INTO Features
Values('60.7.3', '60.7.3.1', 67);

INSERT INTO Minutiaes
Values('60.7.3.1.1', '60.7.3.1', '/var/www/server/Datasets/MOLF/MindtctOutput/DB1_Lumidgm/60_3_7.xyt');

INSERT INTO Images
Values('/var/www/server/Datasets/MOLF/OriginalDataset/DB1_Lumidgm/60_4_7.wsq', '60.7.4', '60.7', 352, 544, 500);

INSERT INTO Features
Values('60.7.4', '60.7.4.1', 74);

INSERT INTO Minutiaes
Values('60.7.4.1.1', '60.7.4.1', '/var/www/server/Datasets/MOLF/MindtctOutput/DB1_Lumidgm/60_4_7.xyt');

INSERT INTO Fingers
Values(NULL, 8, '60.8', '60');

INSERT INTO Images
Values('/var/www/server/Datasets/MOLF/OriginalDataset/DB1_Lumidgm/60_1_8.wsq', '60.8.1', '60.8', 352, 544, 500);

INSERT INTO Features
Values('60.8.1', '60.8.1.1', 67);

INSERT INTO Minutiaes
Values('60.8.1.1.1', '60.8.1.1', '/var/www/server/Datasets/MOLF/MindtctOutput/DB1_Lumidgm/60_1_8.xyt');

INSERT INTO Images
Values('/var/www/server/Datasets/MOLF/OriginalDataset/DB1_Lumidgm/60_2_8.wsq', '60.8.2', '60.8', 352, 544, 500);

INSERT INTO Features
Values('60.8.2', '60.8.2.1', 62);

INSERT INTO Minutiaes
Values('60.8.2.1.1', '60.8.2.1', '/var/www/server/Datasets/MOLF/MindtctOutput/DB1_Lumidgm/60_2_8.xyt');

INSERT INTO Images
Values('/var/www/server/Datasets/MOLF/OriginalDataset/DB1_Lumidgm/60_3_8.wsq', '60.8.3', '60.8', 352, 544, 500);

INSERT INTO Features
Values('60.8.3', '60.8.3.1', 76);

INSERT INTO Minutiaes
Values('60.8.3.1.1', '60.8.3.1', '/var/www/server/Datasets/MOLF/MindtctOutput/DB1_Lumidgm/60_3_8.xyt');

INSERT INTO Images
Values('/var/www/server/Datasets/MOLF/OriginalDataset/DB1_Lumidgm/60_4_8.wsq', '60.8.4', '60.8', 352, 544, 500);

INSERT INTO Features
Values('60.8.4', '60.8.4.1', 72);

INSERT INTO Minutiaes
Values('60.8.4.1.1', '60.8.4.1', '/var/www/server/Datasets/MOLF/MindtctOutput/DB1_Lumidgm/60_4_8.xyt');

INSERT INTO Fingers
Values(NULL, 9, '60.9', '60');

INSERT INTO Images
Values('/var/www/server/Datasets/MOLF/OriginalDataset/DB1_Lumidgm/60_1_9.wsq', '60.9.1', '60.9', 352, 544, 500);

INSERT INTO Features
Values('60.9.1', '60.9.1.1', 66);

INSERT INTO Minutiaes
Values('60.9.1.1.1', '60.9.1.1', '/var/www/server/Datasets/MOLF/MindtctOutput/DB1_Lumidgm/60_1_9.xyt');

INSERT INTO Images
Values('/var/www/server/Datasets/MOLF/OriginalDataset/DB1_Lumidgm/60_2_9.wsq', '60.9.2', '60.9', 352, 544, 500);

INSERT INTO Features
Values('60.9.2', '60.9.2.1', 61);

INSERT INTO Minutiaes
Values('60.9.2.1.1', '60.9.2.1', '/var/www/server/Datasets/MOLF/MindtctOutput/DB1_Lumidgm/60_2_9.xyt');

INSERT INTO Images
Values('/var/www/server/Datasets/MOLF/OriginalDataset/DB1_Lumidgm/60_3_9.wsq', '60.9.3', '60.9', 352, 544, 500);

INSERT INTO Features
Values('60.9.3', '60.9.3.1', 67);

INSERT INTO Minutiaes
Values('60.9.3.1.1', '60.9.3.1', '/var/www/server/Datasets/MOLF/MindtctOutput/DB1_Lumidgm/60_3_9.xyt');

INSERT INTO Images
Values('/var/www/server/Datasets/MOLF/OriginalDataset/DB1_Lumidgm/60_4_9.wsq', '60.9.4', '60.9', 352, 544, 500);

INSERT INTO Features
Values('60.9.4', '60.9.4.1', 68);

INSERT INTO Minutiaes
Values('60.9.4.1.1', '60.9.4.1', '/var/www/server/Datasets/MOLF/MindtctOutput/DB1_Lumidgm/60_4_9.xyt');

INSERT INTO Fingers
Values(NULL, 10, '60.10', '60');

INSERT INTO Images
Values('/var/www/server/Datasets/MOLF/OriginalDataset/DB1_Lumidgm/60_1_10.wsq', '60.10.1', '60.10', 352, 544, 500);

INSERT INTO Features
Values('60.10.1', '60.10.1.1', 60);

INSERT INTO Minutiaes
Values('60.10.1.1.1', '60.10.1.1', '/var/www/server/Datasets/MOLF/MindtctOutput/DB1_Lumidgm/60_1_10.xyt');

INSERT INTO Images
Values('/var/www/server/Datasets/MOLF/OriginalDataset/DB1_Lumidgm/60_2_10.wsq', '60.10.2', '60.10', 352, 544, 500);

INSERT INTO Features
Values('60.10.2', '60.10.2.1', 49);

INSERT INTO Minutiaes
Values('60.10.2.1.1', '60.10.2.1', '/var/www/server/Datasets/MOLF/MindtctOutput/DB1_Lumidgm/60_2_10.xyt');

INSERT INTO Images
Values('/var/www/server/Datasets/MOLF/OriginalDataset/DB1_Lumidgm/60_3_10.wsq', '60.10.3', '60.10', 352, 544, 500);

INSERT INTO Features
Values('60.10.3', '60.10.3.1', 69);

INSERT INTO Minutiaes
Values('60.10.3.1.1', '60.10.3.1', '/var/www/server/Datasets/MOLF/MindtctOutput/DB1_Lumidgm/60_3_10.xyt');

INSERT INTO Images
Values('/var/www/server/Datasets/MOLF/OriginalDataset/DB1_Lumidgm/60_4_10.wsq', '60.10.4', '60.10', 352, 544, 500);

INSERT INTO Features
Values('60.10.4', '60.10.4.1', 63);

INSERT INTO Minutiaes
Values('60.10.4.1.1', '60.10.4.1', '/var/www/server/Datasets/MOLF/MindtctOutput/DB1_Lumidgm/60_4_10.xyt');

#------------------------SUBJECT 61------------------------
INSERT INTO Subjects
Values('61');

INSERT INTO Fingers
Values(NULL, 1, '61.1', '61');

INSERT INTO Images
Values('/var/www/server/Datasets/MOLF/OriginalDataset/DB1_Lumidgm/61_1_1.wsq', '61.1.1', '61.1', 352, 544, 500);

INSERT INTO Features
Values('61.1.1', '61.1.1.1', 70);

INSERT INTO Minutiaes
Values('61.1.1.1.1', '61.1.1.1', '/var/www/server/Datasets/MOLF/MindtctOutput/DB1_Lumidgm/61_1_1.xyt');

INSERT INTO Images
Values('/var/www/server/Datasets/MOLF/OriginalDataset/DB1_Lumidgm/61_2_1.wsq', '61.1.2', '61.1', 352, 544, 500);

INSERT INTO Features
Values('61.1.2', '61.1.2.1', 64);

INSERT INTO Minutiaes
Values('61.1.2.1.1', '61.1.2.1', '/var/www/server/Datasets/MOLF/MindtctOutput/DB1_Lumidgm/61_2_1.xyt');

INSERT INTO Images
Values('/var/www/server/Datasets/MOLF/OriginalDataset/DB1_Lumidgm/61_3_1.wsq', '61.1.3', '61.1', 352, 544, 500);

INSERT INTO Features
Values('61.1.3', '61.1.3.1', 60);

INSERT INTO Minutiaes
Values('61.1.3.1.1', '61.1.3.1', '/var/www/server/Datasets/MOLF/MindtctOutput/DB1_Lumidgm/61_3_1.xyt');

INSERT INTO Images
Values('/var/www/server/Datasets/MOLF/OriginalDataset/DB1_Lumidgm/61_4_1.wsq', '61.1.4', '61.1', 352, 544, 500);

INSERT INTO Features
Values('61.1.4', '61.1.4.1', 61);

INSERT INTO Minutiaes
Values('61.1.4.1.1', '61.1.4.1', '/var/www/server/Datasets/MOLF/MindtctOutput/DB1_Lumidgm/61_4_1.xyt');

INSERT INTO Fingers
Values(NULL, 2, '61.2', '61');

INSERT INTO Images
Values('/var/www/server/Datasets/MOLF/OriginalDataset/DB1_Lumidgm/61_1_2.wsq', '61.2.1', '61.2', 352, 544, 500);

INSERT INTO Features
Values('61.2.1', '61.2.1.1', 67);

INSERT INTO Minutiaes
Values('61.2.1.1.1', '61.2.1.1', '/var/www/server/Datasets/MOLF/MindtctOutput/DB1_Lumidgm/61_1_2.xyt');

INSERT INTO Images
Values('/var/www/server/Datasets/MOLF/OriginalDataset/DB1_Lumidgm/61_2_2.wsq', '61.2.2', '61.2', 352, 544, 500);

INSERT INTO Features
Values('61.2.2', '61.2.2.1', 54);

INSERT INTO Minutiaes
Values('61.2.2.1.1', '61.2.2.1', '/var/www/server/Datasets/MOLF/MindtctOutput/DB1_Lumidgm/61_2_2.xyt');

INSERT INTO Images
Values('/var/www/server/Datasets/MOLF/OriginalDataset/DB1_Lumidgm/61_3_2.wsq', '61.2.3', '61.2', 352, 544, 500);

INSERT INTO Features
Values('61.2.3', '61.2.3.1', 66);

INSERT INTO Minutiaes
Values('61.2.3.1.1', '61.2.3.1', '/var/www/server/Datasets/MOLF/MindtctOutput/DB1_Lumidgm/61_3_2.xyt');

INSERT INTO Images
Values('/var/www/server/Datasets/MOLF/OriginalDataset/DB1_Lumidgm/61_4_2.wsq', '61.2.4', '61.2', 352, 544, 500);

INSERT INTO Features
Values('61.2.4', '61.2.4.1', 60);

INSERT INTO Minutiaes
Values('61.2.4.1.1', '61.2.4.1', '/var/www/server/Datasets/MOLF/MindtctOutput/DB1_Lumidgm/61_4_2.xyt');

INSERT INTO Fingers
Values(NULL, 3, '61.3', '61');

INSERT INTO Images
Values('/var/www/server/Datasets/MOLF/OriginalDataset/DB1_Lumidgm/61_1_3.wsq', '61.3.1', '61.3', 352, 544, 500);

INSERT INTO Features
Values('61.3.1', '61.3.1.1', 60);

INSERT INTO Minutiaes
Values('61.3.1.1.1', '61.3.1.1', '/var/www/server/Datasets/MOLF/MindtctOutput/DB1_Lumidgm/61_1_3.xyt');

INSERT INTO Images
Values('/var/www/server/Datasets/MOLF/OriginalDataset/DB1_Lumidgm/61_2_3.wsq', '61.3.2', '61.3', 352, 544, 500);

INSERT INTO Features
Values('61.3.2', '61.3.2.1', 56);

INSERT INTO Minutiaes
Values('61.3.2.1.1', '61.3.2.1', '/var/www/server/Datasets/MOLF/MindtctOutput/DB1_Lumidgm/61_2_3.xyt');

INSERT INTO Images
Values('/var/www/server/Datasets/MOLF/OriginalDataset/DB1_Lumidgm/61_3_3.wsq', '61.3.3', '61.3', 352, 544, 500);

INSERT INTO Features
Values('61.3.3', '61.3.3.1', 53);

INSERT INTO Minutiaes
Values('61.3.3.1.1', '61.3.3.1', '/var/www/server/Datasets/MOLF/MindtctOutput/DB1_Lumidgm/61_3_3.xyt');

INSERT INTO Images
Values('/var/www/server/Datasets/MOLF/OriginalDataset/DB1_Lumidgm/61_4_3.wsq', '61.3.4', '61.3', 352, 544, 500);

INSERT INTO Features
Values('61.3.4', '61.3.4.1', 66);

INSERT INTO Minutiaes
Values('61.3.4.1.1', '61.3.4.1', '/var/www/server/Datasets/MOLF/MindtctOutput/DB1_Lumidgm/61_4_3.xyt');

INSERT INTO Fingers
Values(NULL, 4, '61.4', '61');

INSERT INTO Images
Values('/var/www/server/Datasets/MOLF/OriginalDataset/DB1_Lumidgm/61_1_4.wsq', '61.4.1', '61.4', 352, 544, 500);

INSERT INTO Features
Values('61.4.1', '61.4.1.1', 71);

INSERT INTO Minutiaes
Values('61.4.1.1.1', '61.4.1.1', '/var/www/server/Datasets/MOLF/MindtctOutput/DB1_Lumidgm/61_1_4.xyt');

INSERT INTO Images
Values('/var/www/server/Datasets/MOLF/OriginalDataset/DB1_Lumidgm/61_2_4.wsq', '61.4.2', '61.4', 352, 544, 500);

INSERT INTO Features
Values('61.4.2', '61.4.2.1', 69);

INSERT INTO Minutiaes
Values('61.4.2.1.1', '61.4.2.1', '/var/www/server/Datasets/MOLF/MindtctOutput/DB1_Lumidgm/61_2_4.xyt');

INSERT INTO Images
Values('/var/www/server/Datasets/MOLF/OriginalDataset/DB1_Lumidgm/61_3_4.wsq', '61.4.3', '61.4', 352, 544, 500);

INSERT INTO Features
Values('61.4.3', '61.4.3.1', 112);

INSERT INTO Minutiaes
Values('61.4.3.1.1', '61.4.3.1', '/var/www/server/Datasets/MOLF/MindtctOutput/DB1_Lumidgm/61_3_4.xyt');

INSERT INTO Images
Values('/var/www/server/Datasets/MOLF/OriginalDataset/DB1_Lumidgm/61_4_4.wsq', '61.4.4', '61.4', 352, 544, 500);

INSERT INTO Features
Values('61.4.4', '61.4.4.1', 85);

INSERT INTO Minutiaes
Values('61.4.4.1.1', '61.4.4.1', '/var/www/server/Datasets/MOLF/MindtctOutput/DB1_Lumidgm/61_4_4.xyt');

INSERT INTO Fingers
Values(NULL, 5, '61.5', '61');

INSERT INTO Images
Values('/var/www/server/Datasets/MOLF/OriginalDataset/DB1_Lumidgm/61_1_5.wsq', '61.5.1', '61.5', 352, 544, 500);

INSERT INTO Features
Values('61.5.1', '61.5.1.1', 70);

INSERT INTO Minutiaes
Values('61.5.1.1.1', '61.5.1.1', '/var/www/server/Datasets/MOLF/MindtctOutput/DB1_Lumidgm/61_1_5.xyt');

INSERT INTO Images
Values('/var/www/server/Datasets/MOLF/OriginalDataset/DB1_Lumidgm/61_2_5.wsq', '61.5.2', '61.5', 352, 544, 500);

INSERT INTO Features
Values('61.5.2', '61.5.2.1', 65);

INSERT INTO Minutiaes
Values('61.5.2.1.1', '61.5.2.1', '/var/www/server/Datasets/MOLF/MindtctOutput/DB1_Lumidgm/61_2_5.xyt');

INSERT INTO Images
Values('/var/www/server/Datasets/MOLF/OriginalDataset/DB1_Lumidgm/61_3_5.wsq', '61.5.3', '61.5', 352, 544, 500);

INSERT INTO Features
Values('61.5.3', '61.5.3.1', 70);

INSERT INTO Minutiaes
Values('61.5.3.1.1', '61.5.3.1', '/var/www/server/Datasets/MOLF/MindtctOutput/DB1_Lumidgm/61_3_5.xyt');

INSERT INTO Images
Values('/var/www/server/Datasets/MOLF/OriginalDataset/DB1_Lumidgm/61_4_5.wsq', '61.5.4', '61.5', 352, 544, 500);

INSERT INTO Features
Values('61.5.4', '61.5.4.1', 76);

INSERT INTO Minutiaes
Values('61.5.4.1.1', '61.5.4.1', '/var/www/server/Datasets/MOLF/MindtctOutput/DB1_Lumidgm/61_4_5.xyt');

INSERT INTO Fingers
Values(NULL, 6, '61.6', '61');

INSERT INTO Images
Values('/var/www/server/Datasets/MOLF/OriginalDataset/DB1_Lumidgm/61_1_6.wsq', '61.6.1', '61.6', 352, 544, 500);

INSERT INTO Features
Values('61.6.1', '61.6.1.1', 53);

INSERT INTO Minutiaes
Values('61.6.1.1.1', '61.6.1.1', '/var/www/server/Datasets/MOLF/MindtctOutput/DB1_Lumidgm/61_1_6.xyt');

INSERT INTO Images
Values('/var/www/server/Datasets/MOLF/OriginalDataset/DB1_Lumidgm/61_2_6.wsq', '61.6.2', '61.6', 352, 544, 500);

INSERT INTO Features
Values('61.6.2', '61.6.2.1', 52);

INSERT INTO Minutiaes
Values('61.6.2.1.1', '61.6.2.1', '/var/www/server/Datasets/MOLF/MindtctOutput/DB1_Lumidgm/61_2_6.xyt');

INSERT INTO Images
Values('/var/www/server/Datasets/MOLF/OriginalDataset/DB1_Lumidgm/61_3_6.wsq', '61.6.3', '61.6', 352, 544, 500);

INSERT INTO Features
Values('61.6.3', '61.6.3.1', 60);

INSERT INTO Minutiaes
Values('61.6.3.1.1', '61.6.3.1', '/var/www/server/Datasets/MOLF/MindtctOutput/DB1_Lumidgm/61_3_6.xyt');

INSERT INTO Images
Values('/var/www/server/Datasets/MOLF/OriginalDataset/DB1_Lumidgm/61_4_6.wsq', '61.6.4', '61.6', 352, 544, 500);

INSERT INTO Features
Values('61.6.4', '61.6.4.1', 69);

INSERT INTO Minutiaes
Values('61.6.4.1.1', '61.6.4.1', '/var/www/server/Datasets/MOLF/MindtctOutput/DB1_Lumidgm/61_4_6.xyt');

INSERT INTO Fingers
Values(NULL, 7, '61.7', '61');

INSERT INTO Images
Values('/var/www/server/Datasets/MOLF/OriginalDataset/DB1_Lumidgm/61_1_7.wsq', '61.7.1', '61.7', 352, 544, 500);

INSERT INTO Features
Values('61.7.1', '61.7.1.1', 66);

INSERT INTO Minutiaes
Values('61.7.1.1.1', '61.7.1.1', '/var/www/server/Datasets/MOLF/MindtctOutput/DB1_Lumidgm/61_1_7.xyt');

INSERT INTO Images
Values('/var/www/server/Datasets/MOLF/OriginalDataset/DB1_Lumidgm/61_2_7.wsq', '61.7.2', '61.7', 352, 544, 500);

INSERT INTO Features
Values('61.7.2', '61.7.2.1', 74);

INSERT INTO Minutiaes
Values('61.7.2.1.1', '61.7.2.1', '/var/www/server/Datasets/MOLF/MindtctOutput/DB1_Lumidgm/61_2_7.xyt');

INSERT INTO Images
Values('/var/www/server/Datasets/MOLF/OriginalDataset/DB1_Lumidgm/61_3_7.wsq', '61.7.3', '61.7', 352, 544, 500);

INSERT INTO Features
Values('61.7.3', '61.7.3.1', 68);

INSERT INTO Minutiaes
Values('61.7.3.1.1', '61.7.3.1', '/var/www/server/Datasets/MOLF/MindtctOutput/DB1_Lumidgm/61_3_7.xyt');

INSERT INTO Images
Values('/var/www/server/Datasets/MOLF/OriginalDataset/DB1_Lumidgm/61_4_7.wsq', '61.7.4', '61.7', 352, 544, 500);

INSERT INTO Features
Values('61.7.4', '61.7.4.1', 69);

INSERT INTO Minutiaes
Values('61.7.4.1.1', '61.7.4.1', '/var/www/server/Datasets/MOLF/MindtctOutput/DB1_Lumidgm/61_4_7.xyt');

INSERT INTO Fingers
Values(NULL, 8, '61.8', '61');

INSERT INTO Images
Values('/var/www/server/Datasets/MOLF/OriginalDataset/DB1_Lumidgm/61_1_8.wsq', '61.8.1', '61.8', 352, 544, 500);

INSERT INTO Features
Values('61.8.1', '61.8.1.1', 62);

INSERT INTO Minutiaes
Values('61.8.1.1.1', '61.8.1.1', '/var/www/server/Datasets/MOLF/MindtctOutput/DB1_Lumidgm/61_1_8.xyt');

INSERT INTO Images
Values('/var/www/server/Datasets/MOLF/OriginalDataset/DB1_Lumidgm/61_2_8.wsq', '61.8.2', '61.8', 352, 544, 500);

INSERT INTO Features
Values('61.8.2', '61.8.2.1', 67);

INSERT INTO Minutiaes
Values('61.8.2.1.1', '61.8.2.1', '/var/www/server/Datasets/MOLF/MindtctOutput/DB1_Lumidgm/61_2_8.xyt');

INSERT INTO Images
Values('/var/www/server/Datasets/MOLF/OriginalDataset/DB1_Lumidgm/61_3_8.wsq', '61.8.3', '61.8', 352, 544, 500);

INSERT INTO Features
Values('61.8.3', '61.8.3.1', 59);

INSERT INTO Minutiaes
Values('61.8.3.1.1', '61.8.3.1', '/var/www/server/Datasets/MOLF/MindtctOutput/DB1_Lumidgm/61_3_8.xyt');

INSERT INTO Images
Values('/var/www/server/Datasets/MOLF/OriginalDataset/DB1_Lumidgm/61_4_8.wsq', '61.8.4', '61.8', 352, 544, 500);

INSERT INTO Features
Values('61.8.4', '61.8.4.1', 69);

INSERT INTO Minutiaes
Values('61.8.4.1.1', '61.8.4.1', '/var/www/server/Datasets/MOLF/MindtctOutput/DB1_Lumidgm/61_4_8.xyt');

INSERT INTO Fingers
Values(NULL, 9, '61.9', '61');

INSERT INTO Images
Values('/var/www/server/Datasets/MOLF/OriginalDataset/DB1_Lumidgm/61_1_9.wsq', '61.9.1', '61.9', 352, 544, 500);

INSERT INTO Features
Values('61.9.1', '61.9.1.1', 88);

INSERT INTO Minutiaes
Values('61.9.1.1.1', '61.9.1.1', '/var/www/server/Datasets/MOLF/MindtctOutput/DB1_Lumidgm/61_1_9.xyt');

INSERT INTO Images
Values('/var/www/server/Datasets/MOLF/OriginalDataset/DB1_Lumidgm/61_2_9.wsq', '61.9.2', '61.9', 352, 544, 500);

INSERT INTO Features
Values('61.9.2', '61.9.2.1', 100);

INSERT INTO Minutiaes
Values('61.9.2.1.1', '61.9.2.1', '/var/www/server/Datasets/MOLF/MindtctOutput/DB1_Lumidgm/61_2_9.xyt');

INSERT INTO Images
Values('/var/www/server/Datasets/MOLF/OriginalDataset/DB1_Lumidgm/61_3_9.wsq', '61.9.3', '61.9', 352, 544, 500);

INSERT INTO Features
Values('61.9.3', '61.9.3.1', 66);

INSERT INTO Minutiaes
Values('61.9.3.1.1', '61.9.3.1', '/var/www/server/Datasets/MOLF/MindtctOutput/DB1_Lumidgm/61_3_9.xyt');

INSERT INTO Images
Values('/var/www/server/Datasets/MOLF/OriginalDataset/DB1_Lumidgm/61_4_9.wsq', '61.9.4', '61.9', 352, 544, 500);

INSERT INTO Features
Values('61.9.4', '61.9.4.1', 75);

INSERT INTO Minutiaes
Values('61.9.4.1.1', '61.9.4.1', '/var/www/server/Datasets/MOLF/MindtctOutput/DB1_Lumidgm/61_4_9.xyt');

INSERT INTO Fingers
Values(NULL, 10, '61.10', '61');

INSERT INTO Images
Values('/var/www/server/Datasets/MOLF/OriginalDataset/DB1_Lumidgm/61_1_10.wsq', '61.10.1', '61.10', 352, 544, 500);

INSERT INTO Features
Values('61.10.1', '61.10.1.1', 83);

INSERT INTO Minutiaes
Values('61.10.1.1.1', '61.10.1.1', '/var/www/server/Datasets/MOLF/MindtctOutput/DB1_Lumidgm/61_1_10.xyt');

INSERT INTO Images
Values('/var/www/server/Datasets/MOLF/OriginalDataset/DB1_Lumidgm/61_2_10.wsq', '61.10.2', '61.10', 352, 544, 500);

INSERT INTO Features
Values('61.10.2', '61.10.2.1', 69);

INSERT INTO Minutiaes
Values('61.10.2.1.1', '61.10.2.1', '/var/www/server/Datasets/MOLF/MindtctOutput/DB1_Lumidgm/61_2_10.xyt');

INSERT INTO Images
Values('/var/www/server/Datasets/MOLF/OriginalDataset/DB1_Lumidgm/61_3_10.wsq', '61.10.3', '61.10', 352, 544, 500);

INSERT INTO Features
Values('61.10.3', '61.10.3.1', 80);

INSERT INTO Minutiaes
Values('61.10.3.1.1', '61.10.3.1', '/var/www/server/Datasets/MOLF/MindtctOutput/DB1_Lumidgm/61_3_10.xyt');

INSERT INTO Images
Values('/var/www/server/Datasets/MOLF/OriginalDataset/DB1_Lumidgm/61_4_10.wsq', '61.10.4', '61.10', 352, 544, 500);

INSERT INTO Features
Values('61.10.4', '61.10.4.1', 98);

INSERT INTO Minutiaes
Values('61.10.4.1.1', '61.10.4.1', '/var/www/server/Datasets/MOLF/MindtctOutput/DB1_Lumidgm/61_4_10.xyt');

#------------------------SUBJECT 62------------------------
INSERT INTO Subjects
Values('62');

INSERT INTO Fingers
Values(NULL, 1, '62.1', '62');

INSERT INTO Images
Values('/var/www/server/Datasets/MOLF/OriginalDataset/DB1_Lumidgm/62_1_1.wsq', '62.1.1', '62.1', 352, 544, 500);

INSERT INTO Features
Values('62.1.1', '62.1.1.1', 147);

INSERT INTO Minutiaes
Values('62.1.1.1.1', '62.1.1.1', '/var/www/server/Datasets/MOLF/MindtctOutput/DB1_Lumidgm/62_1_1.xyt');

INSERT INTO Images
Values('/var/www/server/Datasets/MOLF/OriginalDataset/DB1_Lumidgm/62_2_1.wsq', '62.1.2', '62.1', 352, 544, 500);

INSERT INTO Features
Values('62.1.2', '62.1.2.1', 129);

INSERT INTO Minutiaes
Values('62.1.2.1.1', '62.1.2.1', '/var/www/server/Datasets/MOLF/MindtctOutput/DB1_Lumidgm/62_2_1.xyt');

INSERT INTO Images
Values('/var/www/server/Datasets/MOLF/OriginalDataset/DB1_Lumidgm/62_3_1.wsq', '62.1.3', '62.1', 352, 544, 500);

INSERT INTO Features
Values('62.1.3', '62.1.3.1', 140);

INSERT INTO Minutiaes
Values('62.1.3.1.1', '62.1.3.1', '/var/www/server/Datasets/MOLF/MindtctOutput/DB1_Lumidgm/62_3_1.xyt');

INSERT INTO Images
Values('/var/www/server/Datasets/MOLF/OriginalDataset/DB1_Lumidgm/62_4_1.wsq', '62.1.4', '62.1', 352, 544, 500);

INSERT INTO Features
Values('62.1.4', '62.1.4.1', 133);

INSERT INTO Minutiaes
Values('62.1.4.1.1', '62.1.4.1', '/var/www/server/Datasets/MOLF/MindtctOutput/DB1_Lumidgm/62_4_1.xyt');

INSERT INTO Fingers
Values(NULL, 2, '62.2', '62');

INSERT INTO Images
Values('/var/www/server/Datasets/MOLF/OriginalDataset/DB1_Lumidgm/62_1_2.wsq', '62.2.1', '62.2', 352, 544, 500);

INSERT INTO Features
Values('62.2.1', '62.2.1.1', 110);

INSERT INTO Minutiaes
Values('62.2.1.1.1', '62.2.1.1', '/var/www/server/Datasets/MOLF/MindtctOutput/DB1_Lumidgm/62_1_2.xyt');

INSERT INTO Images
Values('/var/www/server/Datasets/MOLF/OriginalDataset/DB1_Lumidgm/62_2_2.wsq', '62.2.2', '62.2', 352, 544, 500);

INSERT INTO Features
Values('62.2.2', '62.2.2.1', 111);

INSERT INTO Minutiaes
Values('62.2.2.1.1', '62.2.2.1', '/var/www/server/Datasets/MOLF/MindtctOutput/DB1_Lumidgm/62_2_2.xyt');

INSERT INTO Images
Values('/var/www/server/Datasets/MOLF/OriginalDataset/DB1_Lumidgm/62_3_2.wsq', '62.2.3', '62.2', 352, 544, 500);

INSERT INTO Features
Values('62.2.3', '62.2.3.1', 113);

INSERT INTO Minutiaes
Values('62.2.3.1.1', '62.2.3.1', '/var/www/server/Datasets/MOLF/MindtctOutput/DB1_Lumidgm/62_3_2.xyt');

INSERT INTO Images
Values('/var/www/server/Datasets/MOLF/OriginalDataset/DB1_Lumidgm/62_4_2.wsq', '62.2.4', '62.2', 352, 544, 500);

INSERT INTO Features
Values('62.2.4', '62.2.4.1', 120);

INSERT INTO Minutiaes
Values('62.2.4.1.1', '62.2.4.1', '/var/www/server/Datasets/MOLF/MindtctOutput/DB1_Lumidgm/62_4_2.xyt');

INSERT INTO Fingers
Values(NULL, 3, '62.3', '62');

INSERT INTO Images
Values('/var/www/server/Datasets/MOLF/OriginalDataset/DB1_Lumidgm/62_1_3.wsq', '62.3.1', '62.3', 352, 544, 500);

INSERT INTO Features
Values('62.3.1', '62.3.1.1', 140);

INSERT INTO Minutiaes
Values('62.3.1.1.1', '62.3.1.1', '/var/www/server/Datasets/MOLF/MindtctOutput/DB1_Lumidgm/62_1_3.xyt');

INSERT INTO Images
Values('/var/www/server/Datasets/MOLF/OriginalDataset/DB1_Lumidgm/62_2_3.wsq', '62.3.2', '62.3', 352, 544, 500);

INSERT INTO Features
Values('62.3.2', '62.3.2.1', 123);

INSERT INTO Minutiaes
Values('62.3.2.1.1', '62.3.2.1', '/var/www/server/Datasets/MOLF/MindtctOutput/DB1_Lumidgm/62_2_3.xyt');

INSERT INTO Images
Values('/var/www/server/Datasets/MOLF/OriginalDataset/DB1_Lumidgm/62_3_3.wsq', '62.3.3', '62.3', 352, 544, 500);

INSERT INTO Features
Values('62.3.3', '62.3.3.1', 139);

INSERT INTO Minutiaes
Values('62.3.3.1.1', '62.3.3.1', '/var/www/server/Datasets/MOLF/MindtctOutput/DB1_Lumidgm/62_3_3.xyt');

INSERT INTO Images
Values('/var/www/server/Datasets/MOLF/OriginalDataset/DB1_Lumidgm/62_4_3.wsq', '62.3.4', '62.3', 352, 544, 500);

INSERT INTO Features
Values('62.3.4', '62.3.4.1', 117);

INSERT INTO Minutiaes
Values('62.3.4.1.1', '62.3.4.1', '/var/www/server/Datasets/MOLF/MindtctOutput/DB1_Lumidgm/62_4_3.xyt');

INSERT INTO Fingers
Values(NULL, 4, '62.4', '62');

INSERT INTO Images
Values('/var/www/server/Datasets/MOLF/OriginalDataset/DB1_Lumidgm/62_1_4.wsq', '62.4.1', '62.4', 352, 544, 500);

INSERT INTO Features
Values('62.4.1', '62.4.1.1', 174);

INSERT INTO Minutiaes
Values('62.4.1.1.1', '62.4.1.1', '/var/www/server/Datasets/MOLF/MindtctOutput/DB1_Lumidgm/62_1_4.xyt');

INSERT INTO Images
Values('/var/www/server/Datasets/MOLF/OriginalDataset/DB1_Lumidgm/62_2_4.wsq', '62.4.2', '62.4', 352, 544, 500);

INSERT INTO Features
Values('62.4.2', '62.4.2.1', 163);

INSERT INTO Minutiaes
Values('62.4.2.1.1', '62.4.2.1', '/var/www/server/Datasets/MOLF/MindtctOutput/DB1_Lumidgm/62_2_4.xyt');

INSERT INTO Images
Values('/var/www/server/Datasets/MOLF/OriginalDataset/DB1_Lumidgm/62_3_4.wsq', '62.4.3', '62.4', 352, 544, 500);

INSERT INTO Features
Values('62.4.3', '62.4.3.1', 130);

INSERT INTO Minutiaes
Values('62.4.3.1.1', '62.4.3.1', '/var/www/server/Datasets/MOLF/MindtctOutput/DB1_Lumidgm/62_3_4.xyt');

INSERT INTO Images
Values('/var/www/server/Datasets/MOLF/OriginalDataset/DB1_Lumidgm/62_4_4.wsq', '62.4.4', '62.4', 352, 544, 500);

INSERT INTO Features
Values('62.4.4', '62.4.4.1', 150);

INSERT INTO Minutiaes
Values('62.4.4.1.1', '62.4.4.1', '/var/www/server/Datasets/MOLF/MindtctOutput/DB1_Lumidgm/62_4_4.xyt');

INSERT INTO Fingers
Values(NULL, 5, '62.5', '62');

INSERT INTO Images
Values('/var/www/server/Datasets/MOLF/OriginalDataset/DB1_Lumidgm/62_1_5.wsq', '62.5.1', '62.5', 352, 544, 500);

INSERT INTO Features
Values('62.5.1', '62.5.1.1', 149);

INSERT INTO Minutiaes
Values('62.5.1.1.1', '62.5.1.1', '/var/www/server/Datasets/MOLF/MindtctOutput/DB1_Lumidgm/62_1_5.xyt');

INSERT INTO Images
Values('/var/www/server/Datasets/MOLF/OriginalDataset/DB1_Lumidgm/62_2_5.wsq', '62.5.2', '62.5', 352, 544, 500);

INSERT INTO Features
Values('62.5.2', '62.5.2.1', 104);

INSERT INTO Minutiaes
Values('62.5.2.1.1', '62.5.2.1', '/var/www/server/Datasets/MOLF/MindtctOutput/DB1_Lumidgm/62_2_5.xyt');

INSERT INTO Images
Values('/var/www/server/Datasets/MOLF/OriginalDataset/DB1_Lumidgm/62_3_5.wsq', '62.5.3', '62.5', 352, 544, 500);

INSERT INTO Features
Values('62.5.3', '62.5.3.1', 117);

INSERT INTO Minutiaes
Values('62.5.3.1.1', '62.5.3.1', '/var/www/server/Datasets/MOLF/MindtctOutput/DB1_Lumidgm/62_3_5.xyt');

INSERT INTO Images
Values('/var/www/server/Datasets/MOLF/OriginalDataset/DB1_Lumidgm/62_4_5.wsq', '62.5.4', '62.5', 352, 544, 500);

INSERT INTO Features
Values('62.5.4', '62.5.4.1', 125);

INSERT INTO Minutiaes
Values('62.5.4.1.1', '62.5.4.1', '/var/www/server/Datasets/MOLF/MindtctOutput/DB1_Lumidgm/62_4_5.xyt');

INSERT INTO Fingers
Values(NULL, 6, '62.6', '62');

INSERT INTO Images
Values('/var/www/server/Datasets/MOLF/OriginalDataset/DB1_Lumidgm/62_1_6.wsq', '62.6.1', '62.6', 352, 544, 500);

INSERT INTO Features
Values('62.6.1', '62.6.1.1', 143);

INSERT INTO Minutiaes
Values('62.6.1.1.1', '62.6.1.1', '/var/www/server/Datasets/MOLF/MindtctOutput/DB1_Lumidgm/62_1_6.xyt');

INSERT INTO Images
Values('/var/www/server/Datasets/MOLF/OriginalDataset/DB1_Lumidgm/62_2_6.wsq', '62.6.2', '62.6', 352, 544, 500);

INSERT INTO Features
Values('62.6.2', '62.6.2.1', 143);

INSERT INTO Minutiaes
Values('62.6.2.1.1', '62.6.2.1', '/var/www/server/Datasets/MOLF/MindtctOutput/DB1_Lumidgm/62_2_6.xyt');

INSERT INTO Images
Values('/var/www/server/Datasets/MOLF/OriginalDataset/DB1_Lumidgm/62_3_6.wsq', '62.6.3', '62.6', 352, 544, 500);

INSERT INTO Features
Values('62.6.3', '62.6.3.1', 122);

INSERT INTO Minutiaes
Values('62.6.3.1.1', '62.6.3.1', '/var/www/server/Datasets/MOLF/MindtctOutput/DB1_Lumidgm/62_3_6.xyt');

INSERT INTO Images
Values('/var/www/server/Datasets/MOLF/OriginalDataset/DB1_Lumidgm/62_4_6.wsq', '62.6.4', '62.6', 352, 544, 500);

INSERT INTO Features
Values('62.6.4', '62.6.4.1', 134);

INSERT INTO Minutiaes
Values('62.6.4.1.1', '62.6.4.1', '/var/www/server/Datasets/MOLF/MindtctOutput/DB1_Lumidgm/62_4_6.xyt');

INSERT INTO Fingers
Values(NULL, 7, '62.7', '62');

INSERT INTO Images
Values('/var/www/server/Datasets/MOLF/OriginalDataset/DB1_Lumidgm/62_1_7.wsq', '62.7.1', '62.7', 352, 544, 500);

INSERT INTO Features
Values('62.7.1', '62.7.1.1', 129);

INSERT INTO Minutiaes
Values('62.7.1.1.1', '62.7.1.1', '/var/www/server/Datasets/MOLF/MindtctOutput/DB1_Lumidgm/62_1_7.xyt');

INSERT INTO Images
Values('/var/www/server/Datasets/MOLF/OriginalDataset/DB1_Lumidgm/62_2_7.wsq', '62.7.2', '62.7', 352, 544, 500);

INSERT INTO Features
Values('62.7.2', '62.7.2.1', 135);

INSERT INTO Minutiaes
Values('62.7.2.1.1', '62.7.2.1', '/var/www/server/Datasets/MOLF/MindtctOutput/DB1_Lumidgm/62_2_7.xyt');

INSERT INTO Images
Values('/var/www/server/Datasets/MOLF/OriginalDataset/DB1_Lumidgm/62_3_7.wsq', '62.7.3', '62.7', 352, 544, 500);

INSERT INTO Features
Values('62.7.3', '62.7.3.1', 134);

INSERT INTO Minutiaes
Values('62.7.3.1.1', '62.7.3.1', '/var/www/server/Datasets/MOLF/MindtctOutput/DB1_Lumidgm/62_3_7.xyt');

INSERT INTO Images
Values('/var/www/server/Datasets/MOLF/OriginalDataset/DB1_Lumidgm/62_4_7.wsq', '62.7.4', '62.7', 352, 544, 500);

INSERT INTO Features
Values('62.7.4', '62.7.4.1', 123);

INSERT INTO Minutiaes
Values('62.7.4.1.1', '62.7.4.1', '/var/www/server/Datasets/MOLF/MindtctOutput/DB1_Lumidgm/62_4_7.xyt');

INSERT INTO Fingers
Values(NULL, 8, '62.8', '62');

INSERT INTO Images
Values('/var/www/server/Datasets/MOLF/OriginalDataset/DB1_Lumidgm/62_1_8.wsq', '62.8.1', '62.8', 352, 544, 500);

INSERT INTO Features
Values('62.8.1', '62.8.1.1', 120);

INSERT INTO Minutiaes
Values('62.8.1.1.1', '62.8.1.1', '/var/www/server/Datasets/MOLF/MindtctOutput/DB1_Lumidgm/62_1_8.xyt');

INSERT INTO Images
Values('/var/www/server/Datasets/MOLF/OriginalDataset/DB1_Lumidgm/62_2_8.wsq', '62.8.2', '62.8', 352, 544, 500);

INSERT INTO Features
Values('62.8.2', '62.8.2.1', 134);

INSERT INTO Minutiaes
Values('62.8.2.1.1', '62.8.2.1', '/var/www/server/Datasets/MOLF/MindtctOutput/DB1_Lumidgm/62_2_8.xyt');

INSERT INTO Images
Values('/var/www/server/Datasets/MOLF/OriginalDataset/DB1_Lumidgm/62_3_8.wsq', '62.8.3', '62.8', 352, 544, 500);

INSERT INTO Features
Values('62.8.3', '62.8.3.1', 126);

INSERT INTO Minutiaes
Values('62.8.3.1.1', '62.8.3.1', '/var/www/server/Datasets/MOLF/MindtctOutput/DB1_Lumidgm/62_3_8.xyt');

INSERT INTO Images
Values('/var/www/server/Datasets/MOLF/OriginalDataset/DB1_Lumidgm/62_4_8.wsq', '62.8.4', '62.8', 352, 544, 500);

INSERT INTO Features
Values('62.8.4', '62.8.4.1', 128);

INSERT INTO Minutiaes
Values('62.8.4.1.1', '62.8.4.1', '/var/www/server/Datasets/MOLF/MindtctOutput/DB1_Lumidgm/62_4_8.xyt');

INSERT INTO Fingers
Values(NULL, 9, '62.9', '62');

INSERT INTO Images
Values('/var/www/server/Datasets/MOLF/OriginalDataset/DB1_Lumidgm/62_1_9.wsq', '62.9.1', '62.9', 352, 544, 500);

INSERT INTO Features
Values('62.9.1', '62.9.1.1', 159);

INSERT INTO Minutiaes
Values('62.9.1.1.1', '62.9.1.1', '/var/www/server/Datasets/MOLF/MindtctOutput/DB1_Lumidgm/62_1_9.xyt');

INSERT INTO Images
Values('/var/www/server/Datasets/MOLF/OriginalDataset/DB1_Lumidgm/62_2_9.wsq', '62.9.2', '62.9', 352, 544, 500);

INSERT INTO Features
Values('62.9.2', '62.9.2.1', 143);

INSERT INTO Minutiaes
Values('62.9.2.1.1', '62.9.2.1', '/var/www/server/Datasets/MOLF/MindtctOutput/DB1_Lumidgm/62_2_9.xyt');

INSERT INTO Images
Values('/var/www/server/Datasets/MOLF/OriginalDataset/DB1_Lumidgm/62_3_9.wsq', '62.9.3', '62.9', 352, 544, 500);

INSERT INTO Features
Values('62.9.3', '62.9.3.1', 126);

INSERT INTO Minutiaes
Values('62.9.3.1.1', '62.9.3.1', '/var/www/server/Datasets/MOLF/MindtctOutput/DB1_Lumidgm/62_3_9.xyt');

INSERT INTO Images
Values('/var/www/server/Datasets/MOLF/OriginalDataset/DB1_Lumidgm/62_4_9.wsq', '62.9.4', '62.9', 352, 544, 500);

INSERT INTO Features
Values('62.9.4', '62.9.4.1', 156);

INSERT INTO Minutiaes
Values('62.9.4.1.1', '62.9.4.1', '/var/www/server/Datasets/MOLF/MindtctOutput/DB1_Lumidgm/62_4_9.xyt');

INSERT INTO Fingers
Values(NULL, 10, '62.10', '62');

INSERT INTO Images
Values('/var/www/server/Datasets/MOLF/OriginalDataset/DB1_Lumidgm/62_1_10.wsq', '62.10.1', '62.10', 352, 544, 500);

INSERT INTO Features
Values('62.10.1', '62.10.1.1', 86);

INSERT INTO Minutiaes
Values('62.10.1.1.1', '62.10.1.1', '/var/www/server/Datasets/MOLF/MindtctOutput/DB1_Lumidgm/62_1_10.xyt');

INSERT INTO Images
Values('/var/www/server/Datasets/MOLF/OriginalDataset/DB1_Lumidgm/62_2_10.wsq', '62.10.2', '62.10', 352, 544, 500);

INSERT INTO Features
Values('62.10.2', '62.10.2.1', 99);

INSERT INTO Minutiaes
Values('62.10.2.1.1', '62.10.2.1', '/var/www/server/Datasets/MOLF/MindtctOutput/DB1_Lumidgm/62_2_10.xyt');

INSERT INTO Images
Values('/var/www/server/Datasets/MOLF/OriginalDataset/DB1_Lumidgm/62_3_10.wsq', '62.10.3', '62.10', 352, 544, 500);

INSERT INTO Features
Values('62.10.3', '62.10.3.1', 103);

INSERT INTO Minutiaes
Values('62.10.3.1.1', '62.10.3.1', '/var/www/server/Datasets/MOLF/MindtctOutput/DB1_Lumidgm/62_3_10.xyt');

INSERT INTO Images
Values('/var/www/server/Datasets/MOLF/OriginalDataset/DB1_Lumidgm/62_4_10.wsq', '62.10.4', '62.10', 352, 544, 500);

INSERT INTO Features
Values('62.10.4', '62.10.4.1', 130);

INSERT INTO Minutiaes
Values('62.10.4.1.1', '62.10.4.1', '/var/www/server/Datasets/MOLF/MindtctOutput/DB1_Lumidgm/62_4_10.xyt');

#------------------------SUBJECT 63------------------------
INSERT INTO Subjects
Values('63');

INSERT INTO Fingers
Values(NULL, 1, '63.1', '63');

INSERT INTO Images
Values('/var/www/server/Datasets/MOLF/OriginalDataset/DB1_Lumidgm/63_1_1.wsq', '63.1.1', '63.1', 352, 544, 500);

INSERT INTO Features
Values('63.1.1', '63.1.1.1', 72);

INSERT INTO Minutiaes
Values('63.1.1.1.1', '63.1.1.1', '/var/www/server/Datasets/MOLF/MindtctOutput/DB1_Lumidgm/63_1_1.xyt');

INSERT INTO Images
Values('/var/www/server/Datasets/MOLF/OriginalDataset/DB1_Lumidgm/63_2_1.wsq', '63.1.2', '63.1', 352, 544, 500);

INSERT INTO Features
Values('63.1.2', '63.1.2.1', 79);

INSERT INTO Minutiaes
Values('63.1.2.1.1', '63.1.2.1', '/var/www/server/Datasets/MOLF/MindtctOutput/DB1_Lumidgm/63_2_1.xyt');

INSERT INTO Images
Values('/var/www/server/Datasets/MOLF/OriginalDataset/DB1_Lumidgm/63_3_1.wsq', '63.1.3', '63.1', 352, 544, 500);

INSERT INTO Features
Values('63.1.3', '63.1.3.1', 64);

INSERT INTO Minutiaes
Values('63.1.3.1.1', '63.1.3.1', '/var/www/server/Datasets/MOLF/MindtctOutput/DB1_Lumidgm/63_3_1.xyt');

INSERT INTO Images
Values('/var/www/server/Datasets/MOLF/OriginalDataset/DB1_Lumidgm/63_4_1.wsq', '63.1.4', '63.1', 352, 544, 500);

INSERT INTO Features
Values('63.1.4', '63.1.4.1', 65);

INSERT INTO Minutiaes
Values('63.1.4.1.1', '63.1.4.1', '/var/www/server/Datasets/MOLF/MindtctOutput/DB1_Lumidgm/63_4_1.xyt');

INSERT INTO Fingers
Values(NULL, 2, '63.2', '63');

INSERT INTO Images
Values('/var/www/server/Datasets/MOLF/OriginalDataset/DB1_Lumidgm/63_1_2.wsq', '63.2.1', '63.2', 352, 544, 500);

INSERT INTO Features
Values('63.2.1', '63.2.1.1', 48);

INSERT INTO Minutiaes
Values('63.2.1.1.1', '63.2.1.1', '/var/www/server/Datasets/MOLF/MindtctOutput/DB1_Lumidgm/63_1_2.xyt');

INSERT INTO Images
Values('/var/www/server/Datasets/MOLF/OriginalDataset/DB1_Lumidgm/63_2_2.wsq', '63.2.2', '63.2', 352, 544, 500);

INSERT INTO Features
Values('63.2.2', '63.2.2.1', 51);

INSERT INTO Minutiaes
Values('63.2.2.1.1', '63.2.2.1', '/var/www/server/Datasets/MOLF/MindtctOutput/DB1_Lumidgm/63_2_2.xyt');

INSERT INTO Images
Values('/var/www/server/Datasets/MOLF/OriginalDataset/DB1_Lumidgm/63_3_2.wsq', '63.2.3', '63.2', 352, 544, 500);

INSERT INTO Features
Values('63.2.3', '63.2.3.1', 51);

INSERT INTO Minutiaes
Values('63.2.3.1.1', '63.2.3.1', '/var/www/server/Datasets/MOLF/MindtctOutput/DB1_Lumidgm/63_3_2.xyt');

INSERT INTO Images
Values('/var/www/server/Datasets/MOLF/OriginalDataset/DB1_Lumidgm/63_4_2.wsq', '63.2.4', '63.2', 352, 544, 500);

INSERT INTO Features
Values('63.2.4', '63.2.4.1', 52);

INSERT INTO Minutiaes
Values('63.2.4.1.1', '63.2.4.1', '/var/www/server/Datasets/MOLF/MindtctOutput/DB1_Lumidgm/63_4_2.xyt');

INSERT INTO Fingers
Values(NULL, 3, '63.3', '63');

INSERT INTO Images
Values('/var/www/server/Datasets/MOLF/OriginalDataset/DB1_Lumidgm/63_1_3.wsq', '63.3.1', '63.3', 352, 544, 500);

INSERT INTO Features
Values('63.3.1', '63.3.1.1', 41);

INSERT INTO Minutiaes
Values('63.3.1.1.1', '63.3.1.1', '/var/www/server/Datasets/MOLF/MindtctOutput/DB1_Lumidgm/63_1_3.xyt');

INSERT INTO Images
Values('/var/www/server/Datasets/MOLF/OriginalDataset/DB1_Lumidgm/63_2_3.wsq', '63.3.2', '63.3', 352, 544, 500);

INSERT INTO Features
Values('63.3.2', '63.3.2.1', 45);

INSERT INTO Minutiaes
Values('63.3.2.1.1', '63.3.2.1', '/var/www/server/Datasets/MOLF/MindtctOutput/DB1_Lumidgm/63_2_3.xyt');

INSERT INTO Images
Values('/var/www/server/Datasets/MOLF/OriginalDataset/DB1_Lumidgm/63_3_3.wsq', '63.3.3', '63.3', 352, 544, 500);

INSERT INTO Features
Values('63.3.3', '63.3.3.1', 45);

INSERT INTO Minutiaes
Values('63.3.3.1.1', '63.3.3.1', '/var/www/server/Datasets/MOLF/MindtctOutput/DB1_Lumidgm/63_3_3.xyt');

INSERT INTO Images
Values('/var/www/server/Datasets/MOLF/OriginalDataset/DB1_Lumidgm/63_4_3.wsq', '63.3.4', '63.3', 352, 544, 500);

INSERT INTO Features
Values('63.3.4', '63.3.4.1', 56);

INSERT INTO Minutiaes
Values('63.3.4.1.1', '63.3.4.1', '/var/www/server/Datasets/MOLF/MindtctOutput/DB1_Lumidgm/63_4_3.xyt');

INSERT INTO Fingers
Values(NULL, 4, '63.4', '63');

INSERT INTO Images
Values('/var/www/server/Datasets/MOLF/OriginalDataset/DB1_Lumidgm/63_1_4.wsq', '63.4.1', '63.4', 352, 544, 500);

INSERT INTO Features
Values('63.4.1', '63.4.1.1', 50);

INSERT INTO Minutiaes
Values('63.4.1.1.1', '63.4.1.1', '/var/www/server/Datasets/MOLF/MindtctOutput/DB1_Lumidgm/63_1_4.xyt');

INSERT INTO Images
Values('/var/www/server/Datasets/MOLF/OriginalDataset/DB1_Lumidgm/63_2_4.wsq', '63.4.2', '63.4', 352, 544, 500);

INSERT INTO Features
Values('63.4.2', '63.4.2.1', 49);

INSERT INTO Minutiaes
Values('63.4.2.1.1', '63.4.2.1', '/var/www/server/Datasets/MOLF/MindtctOutput/DB1_Lumidgm/63_2_4.xyt');

INSERT INTO Images
Values('/var/www/server/Datasets/MOLF/OriginalDataset/DB1_Lumidgm/63_3_4.wsq', '63.4.3', '63.4', 352, 544, 500);

INSERT INTO Features
Values('63.4.3', '63.4.3.1', 59);

INSERT INTO Minutiaes
Values('63.4.3.1.1', '63.4.3.1', '/var/www/server/Datasets/MOLF/MindtctOutput/DB1_Lumidgm/63_3_4.xyt');

INSERT INTO Images
Values('/var/www/server/Datasets/MOLF/OriginalDataset/DB1_Lumidgm/63_4_4.wsq', '63.4.4', '63.4', 352, 544, 500);

INSERT INTO Features
Values('63.4.4', '63.4.4.1', 62);

INSERT INTO Minutiaes
Values('63.4.4.1.1', '63.4.4.1', '/var/www/server/Datasets/MOLF/MindtctOutput/DB1_Lumidgm/63_4_4.xyt');

INSERT INTO Fingers
Values(NULL, 5, '63.5', '63');

INSERT INTO Images
Values('/var/www/server/Datasets/MOLF/OriginalDataset/DB1_Lumidgm/63_1_5.wsq', '63.5.1', '63.5', 352, 544, 500);

INSERT INTO Features
Values('63.5.1', '63.5.1.1', 76);

INSERT INTO Minutiaes
Values('63.5.1.1.1', '63.5.1.1', '/var/www/server/Datasets/MOLF/MindtctOutput/DB1_Lumidgm/63_1_5.xyt');

INSERT INTO Images
Values('/var/www/server/Datasets/MOLF/OriginalDataset/DB1_Lumidgm/63_2_5.wsq', '63.5.2', '63.5', 352, 544, 500);

INSERT INTO Features
Values('63.5.2', '63.5.2.1', 72);

INSERT INTO Minutiaes
Values('63.5.2.1.1', '63.5.2.1', '/var/www/server/Datasets/MOLF/MindtctOutput/DB1_Lumidgm/63_2_5.xyt');

INSERT INTO Images
Values('/var/www/server/Datasets/MOLF/OriginalDataset/DB1_Lumidgm/63_3_5.wsq', '63.5.3', '63.5', 352, 544, 500);

INSERT INTO Features
Values('63.5.3', '63.5.3.1', 44);

INSERT INTO Minutiaes
Values('63.5.3.1.1', '63.5.3.1', '/var/www/server/Datasets/MOLF/MindtctOutput/DB1_Lumidgm/63_3_5.xyt');

INSERT INTO Images
Values('/var/www/server/Datasets/MOLF/OriginalDataset/DB1_Lumidgm/63_4_5.wsq', '63.5.4', '63.5', 352, 544, 500);

INSERT INTO Features
Values('63.5.4', '63.5.4.1', 47);

INSERT INTO Minutiaes
Values('63.5.4.1.1', '63.5.4.1', '/var/www/server/Datasets/MOLF/MindtctOutput/DB1_Lumidgm/63_4_5.xyt');

INSERT INTO Fingers
Values(NULL, 6, '63.6', '63');

INSERT INTO Images
Values('/var/www/server/Datasets/MOLF/OriginalDataset/DB1_Lumidgm/63_1_6.wsq', '63.6.1', '63.6', 352, 544, 500);

INSERT INTO Features
Values('63.6.1', '63.6.1.1', 49);

INSERT INTO Minutiaes
Values('63.6.1.1.1', '63.6.1.1', '/var/www/server/Datasets/MOLF/MindtctOutput/DB1_Lumidgm/63_1_6.xyt');

INSERT INTO Images
Values('/var/www/server/Datasets/MOLF/OriginalDataset/DB1_Lumidgm/63_2_6.wsq', '63.6.2', '63.6', 352, 544, 500);

INSERT INTO Features
Values('63.6.2', '63.6.2.1', 49);

INSERT INTO Minutiaes
Values('63.6.2.1.1', '63.6.2.1', '/var/www/server/Datasets/MOLF/MindtctOutput/DB1_Lumidgm/63_2_6.xyt');

INSERT INTO Images
Values('/var/www/server/Datasets/MOLF/OriginalDataset/DB1_Lumidgm/63_3_6.wsq', '63.6.3', '63.6', 352, 544, 500);

INSERT INTO Features
Values('63.6.3', '63.6.3.1', 35);

INSERT INTO Minutiaes
Values('63.6.3.1.1', '63.6.3.1', '/var/www/server/Datasets/MOLF/MindtctOutput/DB1_Lumidgm/63_3_6.xyt');

INSERT INTO Images
Values('/var/www/server/Datasets/MOLF/OriginalDataset/DB1_Lumidgm/63_4_6.wsq', '63.6.4', '63.6', 352, 544, 500);

INSERT INTO Features
Values('63.6.4', '63.6.4.1', 37);

INSERT INTO Minutiaes
Values('63.6.4.1.1', '63.6.4.1', '/var/www/server/Datasets/MOLF/MindtctOutput/DB1_Lumidgm/63_4_6.xyt');

INSERT INTO Fingers
Values(NULL, 7, '63.7', '63');

INSERT INTO Images
Values('/var/www/server/Datasets/MOLF/OriginalDataset/DB1_Lumidgm/63_1_7.wsq', '63.7.1', '63.7', 352, 544, 500);

INSERT INTO Features
Values('63.7.1', '63.7.1.1', 40);

INSERT INTO Minutiaes
Values('63.7.1.1.1', '63.7.1.1', '/var/www/server/Datasets/MOLF/MindtctOutput/DB1_Lumidgm/63_1_7.xyt');

INSERT INTO Images
Values('/var/www/server/Datasets/MOLF/OriginalDataset/DB1_Lumidgm/63_2_7.wsq', '63.7.2', '63.7', 352, 544, 500);

INSERT INTO Features
Values('63.7.2', '63.7.2.1', 51);

INSERT INTO Minutiaes
Values('63.7.2.1.1', '63.7.2.1', '/var/www/server/Datasets/MOLF/MindtctOutput/DB1_Lumidgm/63_2_7.xyt');

INSERT INTO Images
Values('/var/www/server/Datasets/MOLF/OriginalDataset/DB1_Lumidgm/63_3_7.wsq', '63.7.3', '63.7', 352, 544, 500);

INSERT INTO Features
Values('63.7.3', '63.7.3.1', 43);

INSERT INTO Minutiaes
Values('63.7.3.1.1', '63.7.3.1', '/var/www/server/Datasets/MOLF/MindtctOutput/DB1_Lumidgm/63_3_7.xyt');

INSERT INTO Images
Values('/var/www/server/Datasets/MOLF/OriginalDataset/DB1_Lumidgm/63_4_7.wsq', '63.7.4', '63.7', 352, 544, 500);

INSERT INTO Features
Values('63.7.4', '63.7.4.1', 50);

INSERT INTO Minutiaes
Values('63.7.4.1.1', '63.7.4.1', '/var/www/server/Datasets/MOLF/MindtctOutput/DB1_Lumidgm/63_4_7.xyt');

INSERT INTO Fingers
Values(NULL, 8, '63.8', '63');

INSERT INTO Images
Values('/var/www/server/Datasets/MOLF/OriginalDataset/DB1_Lumidgm/63_1_8.wsq', '63.8.1', '63.8', 352, 544, 500);

INSERT INTO Features
Values('63.8.1', '63.8.1.1', 64);

INSERT INTO Minutiaes
Values('63.8.1.1.1', '63.8.1.1', '/var/www/server/Datasets/MOLF/MindtctOutput/DB1_Lumidgm/63_1_8.xyt');

INSERT INTO Images
Values('/var/www/server/Datasets/MOLF/OriginalDataset/DB1_Lumidgm/63_2_8.wsq', '63.8.2', '63.8', 352, 544, 500);

INSERT INTO Features
Values('63.8.2', '63.8.2.1', 65);

INSERT INTO Minutiaes
Values('63.8.2.1.1', '63.8.2.1', '/var/www/server/Datasets/MOLF/MindtctOutput/DB1_Lumidgm/63_2_8.xyt');

INSERT INTO Images
Values('/var/www/server/Datasets/MOLF/OriginalDataset/DB1_Lumidgm/63_3_8.wsq', '63.8.3', '63.8', 352, 544, 500);

INSERT INTO Features
Values('63.8.3', '63.8.3.1', 63);

INSERT INTO Minutiaes
Values('63.8.3.1.1', '63.8.3.1', '/var/www/server/Datasets/MOLF/MindtctOutput/DB1_Lumidgm/63_3_8.xyt');

INSERT INTO Images
Values('/var/www/server/Datasets/MOLF/OriginalDataset/DB1_Lumidgm/63_4_8.wsq', '63.8.4', '63.8', 352, 544, 500);

INSERT INTO Features
Values('63.8.4', '63.8.4.1', 54);

INSERT INTO Minutiaes
Values('63.8.4.1.1', '63.8.4.1', '/var/www/server/Datasets/MOLF/MindtctOutput/DB1_Lumidgm/63_4_8.xyt');

INSERT INTO Fingers
Values(NULL, 9, '63.9', '63');

INSERT INTO Images
Values('/var/www/server/Datasets/MOLF/OriginalDataset/DB1_Lumidgm/63_1_9.wsq', '63.9.1', '63.9', 352, 544, 500);

INSERT INTO Features
Values('63.9.1', '63.9.1.1', 77);

INSERT INTO Minutiaes
Values('63.9.1.1.1', '63.9.1.1', '/var/www/server/Datasets/MOLF/MindtctOutput/DB1_Lumidgm/63_1_9.xyt');

INSERT INTO Images
Values('/var/www/server/Datasets/MOLF/OriginalDataset/DB1_Lumidgm/63_2_9.wsq', '63.9.2', '63.9', 352, 544, 500);

INSERT INTO Features
Values('63.9.2', '63.9.2.1', 84);

INSERT INTO Minutiaes
Values('63.9.2.1.1', '63.9.2.1', '/var/www/server/Datasets/MOLF/MindtctOutput/DB1_Lumidgm/63_2_9.xyt');

INSERT INTO Images
Values('/var/www/server/Datasets/MOLF/OriginalDataset/DB1_Lumidgm/63_3_9.wsq', '63.9.3', '63.9', 352, 544, 500);

INSERT INTO Features
Values('63.9.3', '63.9.3.1', 57);

INSERT INTO Minutiaes
Values('63.9.3.1.1', '63.9.3.1', '/var/www/server/Datasets/MOLF/MindtctOutput/DB1_Lumidgm/63_3_9.xyt');

INSERT INTO Images
Values('/var/www/server/Datasets/MOLF/OriginalDataset/DB1_Lumidgm/63_4_9.wsq', '63.9.4', '63.9', 352, 544, 500);

INSERT INTO Features
Values('63.9.4', '63.9.4.1', 63);

INSERT INTO Minutiaes
Values('63.9.4.1.1', '63.9.4.1', '/var/www/server/Datasets/MOLF/MindtctOutput/DB1_Lumidgm/63_4_9.xyt');

INSERT INTO Fingers
Values(NULL, 10, '63.10', '63');

INSERT INTO Images
Values('/var/www/server/Datasets/MOLF/OriginalDataset/DB1_Lumidgm/63_1_10.wsq', '63.10.1', '63.10', 352, 544, 500);

INSERT INTO Features
Values('63.10.1', '63.10.1.1', 109);

INSERT INTO Minutiaes
Values('63.10.1.1.1', '63.10.1.1', '/var/www/server/Datasets/MOLF/MindtctOutput/DB1_Lumidgm/63_1_10.xyt');

INSERT INTO Images
Values('/var/www/server/Datasets/MOLF/OriginalDataset/DB1_Lumidgm/63_2_10.wsq', '63.10.2', '63.10', 352, 544, 500);

INSERT INTO Features
Values('63.10.2', '63.10.2.1', 102);

INSERT INTO Minutiaes
Values('63.10.2.1.1', '63.10.2.1', '/var/www/server/Datasets/MOLF/MindtctOutput/DB1_Lumidgm/63_2_10.xyt');

INSERT INTO Images
Values('/var/www/server/Datasets/MOLF/OriginalDataset/DB1_Lumidgm/63_3_10.wsq', '63.10.3', '63.10', 352, 544, 500);

INSERT INTO Features
Values('63.10.3', '63.10.3.1', 62);

INSERT INTO Minutiaes
Values('63.10.3.1.1', '63.10.3.1', '/var/www/server/Datasets/MOLF/MindtctOutput/DB1_Lumidgm/63_3_10.xyt');

INSERT INTO Images
Values('/var/www/server/Datasets/MOLF/OriginalDataset/DB1_Lumidgm/63_4_10.wsq', '63.10.4', '63.10', 352, 544, 500);

INSERT INTO Features
Values('63.10.4', '63.10.4.1', 87);

INSERT INTO Minutiaes
Values('63.10.4.1.1', '63.10.4.1', '/var/www/server/Datasets/MOLF/MindtctOutput/DB1_Lumidgm/63_4_10.xyt');

#------------------------SUBJECT 64------------------------
INSERT INTO Subjects
Values('64');

INSERT INTO Fingers
Values(NULL, 1, '64.1', '64');

INSERT INTO Images
Values('/var/www/server/Datasets/MOLF/OriginalDataset/DB1_Lumidgm/64_1_1.wsq', '64.1.1', '64.1', 352, 544, 500);

INSERT INTO Features
Values('64.1.1', '64.1.1.1', 60);

INSERT INTO Minutiaes
Values('64.1.1.1.1', '64.1.1.1', '/var/www/server/Datasets/MOLF/MindtctOutput/DB1_Lumidgm/64_1_1.xyt');

INSERT INTO Images
Values('/var/www/server/Datasets/MOLF/OriginalDataset/DB1_Lumidgm/64_2_1.wsq', '64.1.2', '64.1', 352, 544, 500);

INSERT INTO Features
Values('64.1.2', '64.1.2.1', 61);

INSERT INTO Minutiaes
Values('64.1.2.1.1', '64.1.2.1', '/var/www/server/Datasets/MOLF/MindtctOutput/DB1_Lumidgm/64_2_1.xyt');

INSERT INTO Images
Values('/var/www/server/Datasets/MOLF/OriginalDataset/DB1_Lumidgm/64_3_1.wsq', '64.1.3', '64.1', 352, 544, 500);

INSERT INTO Features
Values('64.1.3', '64.1.3.1', 58);

INSERT INTO Minutiaes
Values('64.1.3.1.1', '64.1.3.1', '/var/www/server/Datasets/MOLF/MindtctOutput/DB1_Lumidgm/64_3_1.xyt');

INSERT INTO Images
Values('/var/www/server/Datasets/MOLF/OriginalDataset/DB1_Lumidgm/64_4_1.wsq', '64.1.4', '64.1', 352, 544, 500);

INSERT INTO Features
Values('64.1.4', '64.1.4.1', 65);

INSERT INTO Minutiaes
Values('64.1.4.1.1', '64.1.4.1', '/var/www/server/Datasets/MOLF/MindtctOutput/DB1_Lumidgm/64_4_1.xyt');

INSERT INTO Fingers
Values(NULL, 2, '64.2', '64');

INSERT INTO Images
Values('/var/www/server/Datasets/MOLF/OriginalDataset/DB1_Lumidgm/64_1_2.wsq', '64.2.1', '64.2', 352, 544, 500);

INSERT INTO Features
Values('64.2.1', '64.2.1.1', 49);

INSERT INTO Minutiaes
Values('64.2.1.1.1', '64.2.1.1', '/var/www/server/Datasets/MOLF/MindtctOutput/DB1_Lumidgm/64_1_2.xyt');

INSERT INTO Images
Values('/var/www/server/Datasets/MOLF/OriginalDataset/DB1_Lumidgm/64_2_2.wsq', '64.2.2', '64.2', 352, 544, 500);

INSERT INTO Features
Values('64.2.2', '64.2.2.1', 61);

INSERT INTO Minutiaes
Values('64.2.2.1.1', '64.2.2.1', '/var/www/server/Datasets/MOLF/MindtctOutput/DB1_Lumidgm/64_2_2.xyt');

INSERT INTO Images
Values('/var/www/server/Datasets/MOLF/OriginalDataset/DB1_Lumidgm/64_3_2.wsq', '64.2.3', '64.2', 352, 544, 500);

INSERT INTO Features
Values('64.2.3', '64.2.3.1', 61);

INSERT INTO Minutiaes
Values('64.2.3.1.1', '64.2.3.1', '/var/www/server/Datasets/MOLF/MindtctOutput/DB1_Lumidgm/64_3_2.xyt');

INSERT INTO Images
Values('/var/www/server/Datasets/MOLF/OriginalDataset/DB1_Lumidgm/64_4_2.wsq', '64.2.4', '64.2', 352, 544, 500);

INSERT INTO Features
Values('64.2.4', '64.2.4.1', 55);

INSERT INTO Minutiaes
Values('64.2.4.1.1', '64.2.4.1', '/var/www/server/Datasets/MOLF/MindtctOutput/DB1_Lumidgm/64_4_2.xyt');

INSERT INTO Fingers
Values(NULL, 3, '64.3', '64');

INSERT INTO Images
Values('/var/www/server/Datasets/MOLF/OriginalDataset/DB1_Lumidgm/64_1_3.wsq', '64.3.1', '64.3', 352, 544, 500);

INSERT INTO Features
Values('64.3.1', '64.3.1.1', 66);

INSERT INTO Minutiaes
Values('64.3.1.1.1', '64.3.1.1', '/var/www/server/Datasets/MOLF/MindtctOutput/DB1_Lumidgm/64_1_3.xyt');

INSERT INTO Images
Values('/var/www/server/Datasets/MOLF/OriginalDataset/DB1_Lumidgm/64_2_3.wsq', '64.3.2', '64.3', 352, 544, 500);

INSERT INTO Features
Values('64.3.2', '64.3.2.1', 54);

INSERT INTO Minutiaes
Values('64.3.2.1.1', '64.3.2.1', '/var/www/server/Datasets/MOLF/MindtctOutput/DB1_Lumidgm/64_2_3.xyt');

INSERT INTO Images
Values('/var/www/server/Datasets/MOLF/OriginalDataset/DB1_Lumidgm/64_3_3.wsq', '64.3.3', '64.3', 352, 544, 500);

INSERT INTO Features
Values('64.3.3', '64.3.3.1', 59);

INSERT INTO Minutiaes
Values('64.3.3.1.1', '64.3.3.1', '/var/www/server/Datasets/MOLF/MindtctOutput/DB1_Lumidgm/64_3_3.xyt');

INSERT INTO Images
Values('/var/www/server/Datasets/MOLF/OriginalDataset/DB1_Lumidgm/64_4_3.wsq', '64.3.4', '64.3', 352, 544, 500);

INSERT INTO Features
Values('64.3.4', '64.3.4.1', 58);

INSERT INTO Minutiaes
Values('64.3.4.1.1', '64.3.4.1', '/var/www/server/Datasets/MOLF/MindtctOutput/DB1_Lumidgm/64_4_3.xyt');

INSERT INTO Fingers
Values(NULL, 4, '64.4', '64');

INSERT INTO Images
Values('/var/www/server/Datasets/MOLF/OriginalDataset/DB1_Lumidgm/64_1_4.wsq', '64.4.1', '64.4', 352, 544, 500);

INSERT INTO Features
Values('64.4.1', '64.4.1.1', 63);

INSERT INTO Minutiaes
Values('64.4.1.1.1', '64.4.1.1', '/var/www/server/Datasets/MOLF/MindtctOutput/DB1_Lumidgm/64_1_4.xyt');

INSERT INTO Images
Values('/var/www/server/Datasets/MOLF/OriginalDataset/DB1_Lumidgm/64_2_4.wsq', '64.4.2', '64.4', 352, 544, 500);

INSERT INTO Features
Values('64.4.2', '64.4.2.1', 50);

INSERT INTO Minutiaes
Values('64.4.2.1.1', '64.4.2.1', '/var/www/server/Datasets/MOLF/MindtctOutput/DB1_Lumidgm/64_2_4.xyt');

INSERT INTO Images
Values('/var/www/server/Datasets/MOLF/OriginalDataset/DB1_Lumidgm/64_3_4.wsq', '64.4.3', '64.4', 352, 544, 500);

INSERT INTO Features
Values('64.4.3', '64.4.3.1', 69);

INSERT INTO Minutiaes
Values('64.4.3.1.1', '64.4.3.1', '/var/www/server/Datasets/MOLF/MindtctOutput/DB1_Lumidgm/64_3_4.xyt');

INSERT INTO Images
Values('/var/www/server/Datasets/MOLF/OriginalDataset/DB1_Lumidgm/64_4_4.wsq', '64.4.4', '64.4', 352, 544, 500);

INSERT INTO Features
Values('64.4.4', '64.4.4.1', 58);

INSERT INTO Minutiaes
Values('64.4.4.1.1', '64.4.4.1', '/var/www/server/Datasets/MOLF/MindtctOutput/DB1_Lumidgm/64_4_4.xyt');

INSERT INTO Fingers
Values(NULL, 5, '64.5', '64');

INSERT INTO Images
Values('/var/www/server/Datasets/MOLF/OriginalDataset/DB1_Lumidgm/64_1_5.wsq', '64.5.1', '64.5', 352, 544, 500);

INSERT INTO Features
Values('64.5.1', '64.5.1.1', 60);

INSERT INTO Minutiaes
Values('64.5.1.1.1', '64.5.1.1', '/var/www/server/Datasets/MOLF/MindtctOutput/DB1_Lumidgm/64_1_5.xyt');

INSERT INTO Images
Values('/var/www/server/Datasets/MOLF/OriginalDataset/DB1_Lumidgm/64_2_5.wsq', '64.5.2', '64.5', 352, 544, 500);

INSERT INTO Features
Values('64.5.2', '64.5.2.1', 50);

INSERT INTO Minutiaes
Values('64.5.2.1.1', '64.5.2.1', '/var/www/server/Datasets/MOLF/MindtctOutput/DB1_Lumidgm/64_2_5.xyt');

INSERT INTO Images
Values('/var/www/server/Datasets/MOLF/OriginalDataset/DB1_Lumidgm/64_3_5.wsq', '64.5.3', '64.5', 352, 544, 500);

INSERT INTO Features
Values('64.5.3', '64.5.3.1', 48);

INSERT INTO Minutiaes
Values('64.5.3.1.1', '64.5.3.1', '/var/www/server/Datasets/MOLF/MindtctOutput/DB1_Lumidgm/64_3_5.xyt');

INSERT INTO Images
Values('/var/www/server/Datasets/MOLF/OriginalDataset/DB1_Lumidgm/64_4_5.wsq', '64.5.4', '64.5', 352, 544, 500);

INSERT INTO Features
Values('64.5.4', '64.5.4.1', 43);

INSERT INTO Minutiaes
Values('64.5.4.1.1', '64.5.4.1', '/var/www/server/Datasets/MOLF/MindtctOutput/DB1_Lumidgm/64_4_5.xyt');

INSERT INTO Fingers
Values(NULL, 6, '64.6', '64');

INSERT INTO Images
Values('/var/www/server/Datasets/MOLF/OriginalDataset/DB1_Lumidgm/64_1_6.wsq', '64.6.1', '64.6', 352, 544, 500);

INSERT INTO Features
Values('64.6.1', '64.6.1.1', 55);

INSERT INTO Minutiaes
Values('64.6.1.1.1', '64.6.1.1', '/var/www/server/Datasets/MOLF/MindtctOutput/DB1_Lumidgm/64_1_6.xyt');

INSERT INTO Images
Values('/var/www/server/Datasets/MOLF/OriginalDataset/DB1_Lumidgm/64_2_6.wsq', '64.6.2', '64.6', 352, 544, 500);

INSERT INTO Features
Values('64.6.2', '64.6.2.1', 58);

INSERT INTO Minutiaes
Values('64.6.2.1.1', '64.6.2.1', '/var/www/server/Datasets/MOLF/MindtctOutput/DB1_Lumidgm/64_2_6.xyt');

INSERT INTO Images
Values('/var/www/server/Datasets/MOLF/OriginalDataset/DB1_Lumidgm/64_3_6.wsq', '64.6.3', '64.6', 352, 544, 500);

INSERT INTO Features
Values('64.6.3', '64.6.3.1', 63);

INSERT INTO Minutiaes
Values('64.6.3.1.1', '64.6.3.1', '/var/www/server/Datasets/MOLF/MindtctOutput/DB1_Lumidgm/64_3_6.xyt');

INSERT INTO Images
Values('/var/www/server/Datasets/MOLF/OriginalDataset/DB1_Lumidgm/64_4_6.wsq', '64.6.4', '64.6', 352, 544, 500);

INSERT INTO Features
Values('64.6.4', '64.6.4.1', 46);

INSERT INTO Minutiaes
Values('64.6.4.1.1', '64.6.4.1', '/var/www/server/Datasets/MOLF/MindtctOutput/DB1_Lumidgm/64_4_6.xyt');

INSERT INTO Fingers
Values(NULL, 7, '64.7', '64');

INSERT INTO Images
Values('/var/www/server/Datasets/MOLF/OriginalDataset/DB1_Lumidgm/64_1_7.wsq', '64.7.1', '64.7', 352, 544, 500);

INSERT INTO Features
Values('64.7.1', '64.7.1.1', 70);

INSERT INTO Minutiaes
Values('64.7.1.1.1', '64.7.1.1', '/var/www/server/Datasets/MOLF/MindtctOutput/DB1_Lumidgm/64_1_7.xyt');

INSERT INTO Images
Values('/var/www/server/Datasets/MOLF/OriginalDataset/DB1_Lumidgm/64_2_7.wsq', '64.7.2', '64.7', 352, 544, 500);

INSERT INTO Features
Values('64.7.2', '64.7.2.1', 77);

INSERT INTO Minutiaes
Values('64.7.2.1.1', '64.7.2.1', '/var/www/server/Datasets/MOLF/MindtctOutput/DB1_Lumidgm/64_2_7.xyt');

INSERT INTO Images
Values('/var/www/server/Datasets/MOLF/OriginalDataset/DB1_Lumidgm/64_3_7.wsq', '64.7.3', '64.7', 352, 544, 500);

INSERT INTO Features
Values('64.7.3', '64.7.3.1', 77);

INSERT INTO Minutiaes
Values('64.7.3.1.1', '64.7.3.1', '/var/www/server/Datasets/MOLF/MindtctOutput/DB1_Lumidgm/64_3_7.xyt');

INSERT INTO Images
Values('/var/www/server/Datasets/MOLF/OriginalDataset/DB1_Lumidgm/64_4_7.wsq', '64.7.4', '64.7', 352, 544, 500);

INSERT INTO Features
Values('64.7.4', '64.7.4.1', 73);

INSERT INTO Minutiaes
Values('64.7.4.1.1', '64.7.4.1', '/var/www/server/Datasets/MOLF/MindtctOutput/DB1_Lumidgm/64_4_7.xyt');

INSERT INTO Fingers
Values(NULL, 8, '64.8', '64');

INSERT INTO Images
Values('/var/www/server/Datasets/MOLF/OriginalDataset/DB1_Lumidgm/64_1_8.wsq', '64.8.1', '64.8', 352, 544, 500);

INSERT INTO Features
Values('64.8.1', '64.8.1.1', 48);

INSERT INTO Minutiaes
Values('64.8.1.1.1', '64.8.1.1', '/var/www/server/Datasets/MOLF/MindtctOutput/DB1_Lumidgm/64_1_8.xyt');

INSERT INTO Images
Values('/var/www/server/Datasets/MOLF/OriginalDataset/DB1_Lumidgm/64_2_8.wsq', '64.8.2', '64.8', 352, 544, 500);

INSERT INTO Features
Values('64.8.2', '64.8.2.1', 70);

INSERT INTO Minutiaes
Values('64.8.2.1.1', '64.8.2.1', '/var/www/server/Datasets/MOLF/MindtctOutput/DB1_Lumidgm/64_2_8.xyt');

INSERT INTO Images
Values('/var/www/server/Datasets/MOLF/OriginalDataset/DB1_Lumidgm/64_3_8.wsq', '64.8.3', '64.8', 352, 544, 500);

INSERT INTO Features
Values('64.8.3', '64.8.3.1', 47);

INSERT INTO Minutiaes
Values('64.8.3.1.1', '64.8.3.1', '/var/www/server/Datasets/MOLF/MindtctOutput/DB1_Lumidgm/64_3_8.xyt');

INSERT INTO Images
Values('/var/www/server/Datasets/MOLF/OriginalDataset/DB1_Lumidgm/64_4_8.wsq', '64.8.4', '64.8', 352, 544, 500);

INSERT INTO Features
Values('64.8.4', '64.8.4.1', 55);

INSERT INTO Minutiaes
Values('64.8.4.1.1', '64.8.4.1', '/var/www/server/Datasets/MOLF/MindtctOutput/DB1_Lumidgm/64_4_8.xyt');

INSERT INTO Fingers
Values(NULL, 9, '64.9', '64');

INSERT INTO Images
Values('/var/www/server/Datasets/MOLF/OriginalDataset/DB1_Lumidgm/64_1_9.wsq', '64.9.1', '64.9', 352, 544, 500);

INSERT INTO Features
Values('64.9.1', '64.9.1.1', 73);

INSERT INTO Minutiaes
Values('64.9.1.1.1', '64.9.1.1', '/var/www/server/Datasets/MOLF/MindtctOutput/DB1_Lumidgm/64_1_9.xyt');

INSERT INTO Images
Values('/var/www/server/Datasets/MOLF/OriginalDataset/DB1_Lumidgm/64_2_9.wsq', '64.9.2', '64.9', 352, 544, 500);

INSERT INTO Features
Values('64.9.2', '64.9.2.1', 57);

INSERT INTO Minutiaes
Values('64.9.2.1.1', '64.9.2.1', '/var/www/server/Datasets/MOLF/MindtctOutput/DB1_Lumidgm/64_2_9.xyt');

INSERT INTO Images
Values('/var/www/server/Datasets/MOLF/OriginalDataset/DB1_Lumidgm/64_3_9.wsq', '64.9.3', '64.9', 352, 544, 500);

INSERT INTO Features
Values('64.9.3', '64.9.3.1', 77);

INSERT INTO Minutiaes
Values('64.9.3.1.1', '64.9.3.1', '/var/www/server/Datasets/MOLF/MindtctOutput/DB1_Lumidgm/64_3_9.xyt');

INSERT INTO Images
Values('/var/www/server/Datasets/MOLF/OriginalDataset/DB1_Lumidgm/64_4_9.wsq', '64.9.4', '64.9', 352, 544, 500);

INSERT INTO Features
Values('64.9.4', '64.9.4.1', 82);

INSERT INTO Minutiaes
Values('64.9.4.1.1', '64.9.4.1', '/var/www/server/Datasets/MOLF/MindtctOutput/DB1_Lumidgm/64_4_9.xyt');

INSERT INTO Fingers
Values(NULL, 10, '64.10', '64');

INSERT INTO Images
Values('/var/www/server/Datasets/MOLF/OriginalDataset/DB1_Lumidgm/64_1_10.wsq', '64.10.1', '64.10', 352, 544, 500);

INSERT INTO Features
Values('64.10.1', '64.10.1.1', 57);

INSERT INTO Minutiaes
Values('64.10.1.1.1', '64.10.1.1', '/var/www/server/Datasets/MOLF/MindtctOutput/DB1_Lumidgm/64_1_10.xyt');

INSERT INTO Images
Values('/var/www/server/Datasets/MOLF/OriginalDataset/DB1_Lumidgm/64_2_10.wsq', '64.10.2', '64.10', 352, 544, 500);

INSERT INTO Features
Values('64.10.2', '64.10.2.1', 58);

INSERT INTO Minutiaes
Values('64.10.2.1.1', '64.10.2.1', '/var/www/server/Datasets/MOLF/MindtctOutput/DB1_Lumidgm/64_2_10.xyt');

INSERT INTO Images
Values('/var/www/server/Datasets/MOLF/OriginalDataset/DB1_Lumidgm/64_3_10.wsq', '64.10.3', '64.10', 352, 544, 500);

INSERT INTO Features
Values('64.10.3', '64.10.3.1', 66);

INSERT INTO Minutiaes
Values('64.10.3.1.1', '64.10.3.1', '/var/www/server/Datasets/MOLF/MindtctOutput/DB1_Lumidgm/64_3_10.xyt');

INSERT INTO Images
Values('/var/www/server/Datasets/MOLF/OriginalDataset/DB1_Lumidgm/64_4_10.wsq', '64.10.4', '64.10', 352, 544, 500);

INSERT INTO Features
Values('64.10.4', '64.10.4.1', 63);

INSERT INTO Minutiaes
Values('64.10.4.1.1', '64.10.4.1', '/var/www/server/Datasets/MOLF/MindtctOutput/DB1_Lumidgm/64_4_10.xyt');

#------------------------SUBJECT 65------------------------
INSERT INTO Subjects
Values('65');

INSERT INTO Fingers
Values(NULL, 1, '65.1', '65');

INSERT INTO Images
Values('/var/www/server/Datasets/MOLF/OriginalDataset/DB1_Lumidgm/65_1_1.wsq', '65.1.1', '65.1', 352, 544, 500);

INSERT INTO Features
Values('65.1.1', '65.1.1.1', 124);

INSERT INTO Minutiaes
Values('65.1.1.1.1', '65.1.1.1', '/var/www/server/Datasets/MOLF/MindtctOutput/DB1_Lumidgm/65_1_1.xyt');

INSERT INTO Images
Values('/var/www/server/Datasets/MOLF/OriginalDataset/DB1_Lumidgm/65_2_1.wsq', '65.1.2', '65.1', 352, 544, 500);

INSERT INTO Features
Values('65.1.2', '65.1.2.1', 119);

INSERT INTO Minutiaes
Values('65.1.2.1.1', '65.1.2.1', '/var/www/server/Datasets/MOLF/MindtctOutput/DB1_Lumidgm/65_2_1.xyt');

INSERT INTO Images
Values('/var/www/server/Datasets/MOLF/OriginalDataset/DB1_Lumidgm/65_3_1.wsq', '65.1.3', '65.1', 352, 544, 500);

INSERT INTO Features
Values('65.1.3', '65.1.3.1', 132);

INSERT INTO Minutiaes
Values('65.1.3.1.1', '65.1.3.1', '/var/www/server/Datasets/MOLF/MindtctOutput/DB1_Lumidgm/65_3_1.xyt');

INSERT INTO Images
Values('/var/www/server/Datasets/MOLF/OriginalDataset/DB1_Lumidgm/65_4_1.wsq', '65.1.4', '65.1', 352, 544, 500);

INSERT INTO Features
Values('65.1.4', '65.1.4.1', 131);

INSERT INTO Minutiaes
Values('65.1.4.1.1', '65.1.4.1', '/var/www/server/Datasets/MOLF/MindtctOutput/DB1_Lumidgm/65_4_1.xyt');

INSERT INTO Fingers
Values(NULL, 2, '65.2', '65');

INSERT INTO Images
Values('/var/www/server/Datasets/MOLF/OriginalDataset/DB1_Lumidgm/65_1_2.wsq', '65.2.1', '65.2', 352, 544, 500);

INSERT INTO Features
Values('65.2.1', '65.2.1.1', 118);

INSERT INTO Minutiaes
Values('65.2.1.1.1', '65.2.1.1', '/var/www/server/Datasets/MOLF/MindtctOutput/DB1_Lumidgm/65_1_2.xyt');

INSERT INTO Images
Values('/var/www/server/Datasets/MOLF/OriginalDataset/DB1_Lumidgm/65_2_2.wsq', '65.2.2', '65.2', 352, 544, 500);

INSERT INTO Features
Values('65.2.2', '65.2.2.1', 122);

INSERT INTO Minutiaes
Values('65.2.2.1.1', '65.2.2.1', '/var/www/server/Datasets/MOLF/MindtctOutput/DB1_Lumidgm/65_2_2.xyt');

INSERT INTO Images
Values('/var/www/server/Datasets/MOLF/OriginalDataset/DB1_Lumidgm/65_3_2.wsq', '65.2.3', '65.2', 352, 544, 500);

INSERT INTO Features
Values('65.2.3', '65.2.3.1', 113);

INSERT INTO Minutiaes
Values('65.2.3.1.1', '65.2.3.1', '/var/www/server/Datasets/MOLF/MindtctOutput/DB1_Lumidgm/65_3_2.xyt');

INSERT INTO Images
Values('/var/www/server/Datasets/MOLF/OriginalDataset/DB1_Lumidgm/65_4_2.wsq', '65.2.4', '65.2', 352, 544, 500);

INSERT INTO Features
Values('65.2.4', '65.2.4.1', 98);

INSERT INTO Minutiaes
Values('65.2.4.1.1', '65.2.4.1', '/var/www/server/Datasets/MOLF/MindtctOutput/DB1_Lumidgm/65_4_2.xyt');

INSERT INTO Fingers
Values(NULL, 3, '65.3', '65');

INSERT INTO Images
Values('/var/www/server/Datasets/MOLF/OriginalDataset/DB1_Lumidgm/65_1_3.wsq', '65.3.1', '65.3', 352, 544, 500);

INSERT INTO Features
Values('65.3.1', '65.3.1.1', 97);

INSERT INTO Minutiaes
Values('65.3.1.1.1', '65.3.1.1', '/var/www/server/Datasets/MOLF/MindtctOutput/DB1_Lumidgm/65_1_3.xyt');

INSERT INTO Images
Values('/var/www/server/Datasets/MOLF/OriginalDataset/DB1_Lumidgm/65_2_3.wsq', '65.3.2', '65.3', 352, 544, 500);

INSERT INTO Features
Values('65.3.2', '65.3.2.1', 96);

INSERT INTO Minutiaes
Values('65.3.2.1.1', '65.3.2.1', '/var/www/server/Datasets/MOLF/MindtctOutput/DB1_Lumidgm/65_2_3.xyt');

INSERT INTO Images
Values('/var/www/server/Datasets/MOLF/OriginalDataset/DB1_Lumidgm/65_3_3.wsq', '65.3.3', '65.3', 352, 544, 500);

INSERT INTO Features
Values('65.3.3', '65.3.3.1', 97);

INSERT INTO Minutiaes
Values('65.3.3.1.1', '65.3.3.1', '/var/www/server/Datasets/MOLF/MindtctOutput/DB1_Lumidgm/65_3_3.xyt');

INSERT INTO Images
Values('/var/www/server/Datasets/MOLF/OriginalDataset/DB1_Lumidgm/65_4_3.wsq', '65.3.4', '65.3', 352, 544, 500);

INSERT INTO Features
Values('65.3.4', '65.3.4.1', 115);

INSERT INTO Minutiaes
Values('65.3.4.1.1', '65.3.4.1', '/var/www/server/Datasets/MOLF/MindtctOutput/DB1_Lumidgm/65_4_3.xyt');

INSERT INTO Fingers
Values(NULL, 4, '65.4', '65');

INSERT INTO Images
Values('/var/www/server/Datasets/MOLF/OriginalDataset/DB1_Lumidgm/65_1_4.wsq', '65.4.1', '65.4', 352, 544, 500);

INSERT INTO Features
Values('65.4.1', '65.4.1.1', 104);

INSERT INTO Minutiaes
Values('65.4.1.1.1', '65.4.1.1', '/var/www/server/Datasets/MOLF/MindtctOutput/DB1_Lumidgm/65_1_4.xyt');

INSERT INTO Images
Values('/var/www/server/Datasets/MOLF/OriginalDataset/DB1_Lumidgm/65_2_4.wsq', '65.4.2', '65.4', 352, 544, 500);

INSERT INTO Features
Values('65.4.2', '65.4.2.1', 108);

INSERT INTO Minutiaes
Values('65.4.2.1.1', '65.4.2.1', '/var/www/server/Datasets/MOLF/MindtctOutput/DB1_Lumidgm/65_2_4.xyt');

INSERT INTO Images
Values('/var/www/server/Datasets/MOLF/OriginalDataset/DB1_Lumidgm/65_3_4.wsq', '65.4.3', '65.4', 352, 544, 500);

INSERT INTO Features
Values('65.4.3', '65.4.3.1', 108);

INSERT INTO Minutiaes
Values('65.4.3.1.1', '65.4.3.1', '/var/www/server/Datasets/MOLF/MindtctOutput/DB1_Lumidgm/65_3_4.xyt');

INSERT INTO Images
Values('/var/www/server/Datasets/MOLF/OriginalDataset/DB1_Lumidgm/65_4_4.wsq', '65.4.4', '65.4', 352, 544, 500);

INSERT INTO Features
Values('65.4.4', '65.4.4.1', 104);

INSERT INTO Minutiaes
Values('65.4.4.1.1', '65.4.4.1', '/var/www/server/Datasets/MOLF/MindtctOutput/DB1_Lumidgm/65_4_4.xyt');

INSERT INTO Fingers
Values(NULL, 5, '65.5', '65');

INSERT INTO Images
Values('/var/www/server/Datasets/MOLF/OriginalDataset/DB1_Lumidgm/65_1_5.wsq', '65.5.1', '65.5', 352, 544, 500);

INSERT INTO Features
Values('65.5.1', '65.5.1.1', 116);

INSERT INTO Minutiaes
Values('65.5.1.1.1', '65.5.1.1', '/var/www/server/Datasets/MOLF/MindtctOutput/DB1_Lumidgm/65_1_5.xyt');

INSERT INTO Images
Values('/var/www/server/Datasets/MOLF/OriginalDataset/DB1_Lumidgm/65_2_5.wsq', '65.5.2', '65.5', 352, 544, 500);

INSERT INTO Features
Values('65.5.2', '65.5.2.1', 113);

INSERT INTO Minutiaes
Values('65.5.2.1.1', '65.5.2.1', '/var/www/server/Datasets/MOLF/MindtctOutput/DB1_Lumidgm/65_2_5.xyt');

INSERT INTO Images
Values('/var/www/server/Datasets/MOLF/OriginalDataset/DB1_Lumidgm/65_3_5.wsq', '65.5.3', '65.5', 352, 544, 500);

INSERT INTO Features
Values('65.5.3', '65.5.3.1', 97);

INSERT INTO Minutiaes
Values('65.5.3.1.1', '65.5.3.1', '/var/www/server/Datasets/MOLF/MindtctOutput/DB1_Lumidgm/65_3_5.xyt');

INSERT INTO Images
Values('/var/www/server/Datasets/MOLF/OriginalDataset/DB1_Lumidgm/65_4_5.wsq', '65.5.4', '65.5', 352, 544, 500);

INSERT INTO Features
Values('65.5.4', '65.5.4.1', 105);

INSERT INTO Minutiaes
Values('65.5.4.1.1', '65.5.4.1', '/var/www/server/Datasets/MOLF/MindtctOutput/DB1_Lumidgm/65_4_5.xyt');

INSERT INTO Fingers
Values(NULL, 6, '65.6', '65');

INSERT INTO Images
Values('/var/www/server/Datasets/MOLF/OriginalDataset/DB1_Lumidgm/65_1_6.wsq', '65.6.1', '65.6', 352, 544, 500);

INSERT INTO Features
Values('65.6.1', '65.6.1.1', 127);

INSERT INTO Minutiaes
Values('65.6.1.1.1', '65.6.1.1', '/var/www/server/Datasets/MOLF/MindtctOutput/DB1_Lumidgm/65_1_6.xyt');

INSERT INTO Images
Values('/var/www/server/Datasets/MOLF/OriginalDataset/DB1_Lumidgm/65_2_6.wsq', '65.6.2', '65.6', 352, 544, 500);

INSERT INTO Features
Values('65.6.2', '65.6.2.1', 113);

INSERT INTO Minutiaes
Values('65.6.2.1.1', '65.6.2.1', '/var/www/server/Datasets/MOLF/MindtctOutput/DB1_Lumidgm/65_2_6.xyt');

INSERT INTO Images
Values('/var/www/server/Datasets/MOLF/OriginalDataset/DB1_Lumidgm/65_3_6.wsq', '65.6.3', '65.6', 352, 544, 500);

INSERT INTO Features
Values('65.6.3', '65.6.3.1', 115);

INSERT INTO Minutiaes
Values('65.6.3.1.1', '65.6.3.1', '/var/www/server/Datasets/MOLF/MindtctOutput/DB1_Lumidgm/65_3_6.xyt');

INSERT INTO Images
Values('/var/www/server/Datasets/MOLF/OriginalDataset/DB1_Lumidgm/65_4_6.wsq', '65.6.4', '65.6', 352, 544, 500);

INSERT INTO Features
Values('65.6.4', '65.6.4.1', 128);

INSERT INTO Minutiaes
Values('65.6.4.1.1', '65.6.4.1', '/var/www/server/Datasets/MOLF/MindtctOutput/DB1_Lumidgm/65_4_6.xyt');

INSERT INTO Fingers
Values(NULL, 7, '65.7', '65');

INSERT INTO Images
Values('/var/www/server/Datasets/MOLF/OriginalDataset/DB1_Lumidgm/65_1_7.wsq', '65.7.1', '65.7', 352, 544, 500);

INSERT INTO Features
Values('65.7.1', '65.7.1.1', 119);

INSERT INTO Minutiaes
Values('65.7.1.1.1', '65.7.1.1', '/var/www/server/Datasets/MOLF/MindtctOutput/DB1_Lumidgm/65_1_7.xyt');

INSERT INTO Images
Values('/var/www/server/Datasets/MOLF/OriginalDataset/DB1_Lumidgm/65_2_7.wsq', '65.7.2', '65.7', 352, 544, 500);

INSERT INTO Features
Values('65.7.2', '65.7.2.1', 137);

INSERT INTO Minutiaes
Values('65.7.2.1.1', '65.7.2.1', '/var/www/server/Datasets/MOLF/MindtctOutput/DB1_Lumidgm/65_2_7.xyt');

INSERT INTO Images
Values('/var/www/server/Datasets/MOLF/OriginalDataset/DB1_Lumidgm/65_3_7.wsq', '65.7.3', '65.7', 352, 544, 500);

INSERT INTO Features
Values('65.7.3', '65.7.3.1', 138);

INSERT INTO Minutiaes
Values('65.7.3.1.1', '65.7.3.1', '/var/www/server/Datasets/MOLF/MindtctOutput/DB1_Lumidgm/65_3_7.xyt');

INSERT INTO Images
Values('/var/www/server/Datasets/MOLF/OriginalDataset/DB1_Lumidgm/65_4_7.wsq', '65.7.4', '65.7', 352, 544, 500);

INSERT INTO Features
Values('65.7.4', '65.7.4.1', 118);

INSERT INTO Minutiaes
Values('65.7.4.1.1', '65.7.4.1', '/var/www/server/Datasets/MOLF/MindtctOutput/DB1_Lumidgm/65_4_7.xyt');

INSERT INTO Fingers
Values(NULL, 8, '65.8', '65');

INSERT INTO Images
Values('/var/www/server/Datasets/MOLF/OriginalDataset/DB1_Lumidgm/65_1_8.wsq', '65.8.1', '65.8', 352, 544, 500);

INSERT INTO Features
Values('65.8.1', '65.8.1.1', 123);

INSERT INTO Minutiaes
Values('65.8.1.1.1', '65.8.1.1', '/var/www/server/Datasets/MOLF/MindtctOutput/DB1_Lumidgm/65_1_8.xyt');

INSERT INTO Images
Values('/var/www/server/Datasets/MOLF/OriginalDataset/DB1_Lumidgm/65_2_8.wsq', '65.8.2', '65.8', 352, 544, 500);

INSERT INTO Features
Values('65.8.2', '65.8.2.1', 140);

INSERT INTO Minutiaes
Values('65.8.2.1.1', '65.8.2.1', '/var/www/server/Datasets/MOLF/MindtctOutput/DB1_Lumidgm/65_2_8.xyt');

INSERT INTO Images
Values('/var/www/server/Datasets/MOLF/OriginalDataset/DB1_Lumidgm/65_3_8.wsq', '65.8.3', '65.8', 352, 544, 500);

INSERT INTO Features
Values('65.8.3', '65.8.3.1', 109);

INSERT INTO Minutiaes
Values('65.8.3.1.1', '65.8.3.1', '/var/www/server/Datasets/MOLF/MindtctOutput/DB1_Lumidgm/65_3_8.xyt');

INSERT INTO Images
Values('/var/www/server/Datasets/MOLF/OriginalDataset/DB1_Lumidgm/65_4_8.wsq', '65.8.4', '65.8', 352, 544, 500);

INSERT INTO Features
Values('65.8.4', '65.8.4.1', 106);

INSERT INTO Minutiaes
Values('65.8.4.1.1', '65.8.4.1', '/var/www/server/Datasets/MOLF/MindtctOutput/DB1_Lumidgm/65_4_8.xyt');

INSERT INTO Fingers
Values(NULL, 9, '65.9', '65');

INSERT INTO Images
Values('/var/www/server/Datasets/MOLF/OriginalDataset/DB1_Lumidgm/65_1_9.wsq', '65.9.1', '65.9', 352, 544, 500);

INSERT INTO Features
Values('65.9.1', '65.9.1.1', 120);

INSERT INTO Minutiaes
Values('65.9.1.1.1', '65.9.1.1', '/var/www/server/Datasets/MOLF/MindtctOutput/DB1_Lumidgm/65_1_9.xyt');

INSERT INTO Images
Values('/var/www/server/Datasets/MOLF/OriginalDataset/DB1_Lumidgm/65_2_9.wsq', '65.9.2', '65.9', 352, 544, 500);

INSERT INTO Features
Values('65.9.2', '65.9.2.1', 110);

INSERT INTO Minutiaes
Values('65.9.2.1.1', '65.9.2.1', '/var/www/server/Datasets/MOLF/MindtctOutput/DB1_Lumidgm/65_2_9.xyt');

INSERT INTO Images
Values('/var/www/server/Datasets/MOLF/OriginalDataset/DB1_Lumidgm/65_3_9.wsq', '65.9.3', '65.9', 352, 544, 500);

INSERT INTO Features
Values('65.9.3', '65.9.3.1', 135);

INSERT INTO Minutiaes
Values('65.9.3.1.1', '65.9.3.1', '/var/www/server/Datasets/MOLF/MindtctOutput/DB1_Lumidgm/65_3_9.xyt');

INSERT INTO Images
Values('/var/www/server/Datasets/MOLF/OriginalDataset/DB1_Lumidgm/65_4_9.wsq', '65.9.4', '65.9', 352, 544, 500);

INSERT INTO Features
Values('65.9.4', '65.9.4.1', 117);

INSERT INTO Minutiaes
Values('65.9.4.1.1', '65.9.4.1', '/var/www/server/Datasets/MOLF/MindtctOutput/DB1_Lumidgm/65_4_9.xyt');

INSERT INTO Fingers
Values(NULL, 10, '65.10', '65');

INSERT INTO Images
Values('/var/www/server/Datasets/MOLF/OriginalDataset/DB1_Lumidgm/65_1_10.wsq', '65.10.1', '65.10', 352, 544, 500);

INSERT INTO Features
Values('65.10.1', '65.10.1.1', 103);

INSERT INTO Minutiaes
Values('65.10.1.1.1', '65.10.1.1', '/var/www/server/Datasets/MOLF/MindtctOutput/DB1_Lumidgm/65_1_10.xyt');

INSERT INTO Images
Values('/var/www/server/Datasets/MOLF/OriginalDataset/DB1_Lumidgm/65_2_10.wsq', '65.10.2', '65.10', 352, 544, 500);

INSERT INTO Features
Values('65.10.2', '65.10.2.1', 110);

INSERT INTO Minutiaes
Values('65.10.2.1.1', '65.10.2.1', '/var/www/server/Datasets/MOLF/MindtctOutput/DB1_Lumidgm/65_2_10.xyt');

INSERT INTO Images
Values('/var/www/server/Datasets/MOLF/OriginalDataset/DB1_Lumidgm/65_3_10.wsq', '65.10.3', '65.10', 352, 544, 500);

INSERT INTO Features
Values('65.10.3', '65.10.3.1', 108);

INSERT INTO Minutiaes
Values('65.10.3.1.1', '65.10.3.1', '/var/www/server/Datasets/MOLF/MindtctOutput/DB1_Lumidgm/65_3_10.xyt');

INSERT INTO Images
Values('/var/www/server/Datasets/MOLF/OriginalDataset/DB1_Lumidgm/65_4_10.wsq', '65.10.4', '65.10', 352, 544, 500);

INSERT INTO Features
Values('65.10.4', '65.10.4.1', 113);

INSERT INTO Minutiaes
Values('65.10.4.1.1', '65.10.4.1', '/var/www/server/Datasets/MOLF/MindtctOutput/DB1_Lumidgm/65_4_10.xyt');

#------------------------SUBJECT 66------------------------
INSERT INTO Subjects
Values('66');

INSERT INTO Fingers
Values(NULL, 1, '66.1', '66');

INSERT INTO Images
Values('/var/www/server/Datasets/MOLF/OriginalDataset/DB1_Lumidgm/66_1_1.wsq', '66.1.1', '66.1', 352, 544, 500);

INSERT INTO Features
Values('66.1.1', '66.1.1.1', 68);

INSERT INTO Minutiaes
Values('66.1.1.1.1', '66.1.1.1', '/var/www/server/Datasets/MOLF/MindtctOutput/DB1_Lumidgm/66_1_1.xyt');

INSERT INTO Images
Values('/var/www/server/Datasets/MOLF/OriginalDataset/DB1_Lumidgm/66_2_1.wsq', '66.1.2', '66.1', 352, 544, 500);

INSERT INTO Features
Values('66.1.2', '66.1.2.1', 57);

INSERT INTO Minutiaes
Values('66.1.2.1.1', '66.1.2.1', '/var/www/server/Datasets/MOLF/MindtctOutput/DB1_Lumidgm/66_2_1.xyt');

INSERT INTO Images
Values('/var/www/server/Datasets/MOLF/OriginalDataset/DB1_Lumidgm/66_3_1.wsq', '66.1.3', '66.1', 352, 544, 500);

INSERT INTO Features
Values('66.1.3', '66.1.3.1', 75);

INSERT INTO Minutiaes
Values('66.1.3.1.1', '66.1.3.1', '/var/www/server/Datasets/MOLF/MindtctOutput/DB1_Lumidgm/66_3_1.xyt');

INSERT INTO Images
Values('/var/www/server/Datasets/MOLF/OriginalDataset/DB1_Lumidgm/66_4_1.wsq', '66.1.4', '66.1', 352, 544, 500);

INSERT INTO Features
Values('66.1.4', '66.1.4.1', 61);

INSERT INTO Minutiaes
Values('66.1.4.1.1', '66.1.4.1', '/var/www/server/Datasets/MOLF/MindtctOutput/DB1_Lumidgm/66_4_1.xyt');

INSERT INTO Fingers
Values(NULL, 2, '66.2', '66');

INSERT INTO Images
Values('/var/www/server/Datasets/MOLF/OriginalDataset/DB1_Lumidgm/66_1_2.wsq', '66.2.1', '66.2', 352, 544, 500);

INSERT INTO Features
Values('66.2.1', '66.2.1.1', 74);

INSERT INTO Minutiaes
Values('66.2.1.1.1', '66.2.1.1', '/var/www/server/Datasets/MOLF/MindtctOutput/DB1_Lumidgm/66_1_2.xyt');

INSERT INTO Images
Values('/var/www/server/Datasets/MOLF/OriginalDataset/DB1_Lumidgm/66_2_2.wsq', '66.2.2', '66.2', 352, 544, 500);

INSERT INTO Features
Values('66.2.2', '66.2.2.1', 81);

INSERT INTO Minutiaes
Values('66.2.2.1.1', '66.2.2.1', '/var/www/server/Datasets/MOLF/MindtctOutput/DB1_Lumidgm/66_2_2.xyt');

INSERT INTO Images
Values('/var/www/server/Datasets/MOLF/OriginalDataset/DB1_Lumidgm/66_3_2.wsq', '66.2.3', '66.2', 352, 544, 500);

INSERT INTO Features
Values('66.2.3', '66.2.3.1', 74);

INSERT INTO Minutiaes
Values('66.2.3.1.1', '66.2.3.1', '/var/www/server/Datasets/MOLF/MindtctOutput/DB1_Lumidgm/66_3_2.xyt');

INSERT INTO Images
Values('/var/www/server/Datasets/MOLF/OriginalDataset/DB1_Lumidgm/66_4_2.wsq', '66.2.4', '66.2', 352, 544, 500);

INSERT INTO Features
Values('66.2.4', '66.2.4.1', 79);

INSERT INTO Minutiaes
Values('66.2.4.1.1', '66.2.4.1', '/var/www/server/Datasets/MOLF/MindtctOutput/DB1_Lumidgm/66_4_2.xyt');

INSERT INTO Fingers
Values(NULL, 3, '66.3', '66');

INSERT INTO Images
Values('/var/www/server/Datasets/MOLF/OriginalDataset/DB1_Lumidgm/66_1_3.wsq', '66.3.1', '66.3', 352, 544, 500);

INSERT INTO Features
Values('66.3.1', '66.3.1.1', 75);

INSERT INTO Minutiaes
Values('66.3.1.1.1', '66.3.1.1', '/var/www/server/Datasets/MOLF/MindtctOutput/DB1_Lumidgm/66_1_3.xyt');

INSERT INTO Images
Values('/var/www/server/Datasets/MOLF/OriginalDataset/DB1_Lumidgm/66_2_3.wsq', '66.3.2', '66.3', 352, 544, 500);

INSERT INTO Features
Values('66.3.2', '66.3.2.1', 66);

INSERT INTO Minutiaes
Values('66.3.2.1.1', '66.3.2.1', '/var/www/server/Datasets/MOLF/MindtctOutput/DB1_Lumidgm/66_2_3.xyt');

INSERT INTO Images
Values('/var/www/server/Datasets/MOLF/OriginalDataset/DB1_Lumidgm/66_3_3.wsq', '66.3.3', '66.3', 352, 544, 500);

INSERT INTO Features
Values('66.3.3', '66.3.3.1', 75);

INSERT INTO Minutiaes
Values('66.3.3.1.1', '66.3.3.1', '/var/www/server/Datasets/MOLF/MindtctOutput/DB1_Lumidgm/66_3_3.xyt');

INSERT INTO Images
Values('/var/www/server/Datasets/MOLF/OriginalDataset/DB1_Lumidgm/66_4_3.wsq', '66.3.4', '66.3', 352, 544, 500);

INSERT INTO Features
Values('66.3.4', '66.3.4.1', 68);

INSERT INTO Minutiaes
Values('66.3.4.1.1', '66.3.4.1', '/var/www/server/Datasets/MOLF/MindtctOutput/DB1_Lumidgm/66_4_3.xyt');

INSERT INTO Fingers
Values(NULL, 4, '66.4', '66');

INSERT INTO Images
Values('/var/www/server/Datasets/MOLF/OriginalDataset/DB1_Lumidgm/66_1_4.wsq', '66.4.1', '66.4', 352, 544, 500);

INSERT INTO Features
Values('66.4.1', '66.4.1.1', 53);

INSERT INTO Minutiaes
Values('66.4.1.1.1', '66.4.1.1', '/var/www/server/Datasets/MOLF/MindtctOutput/DB1_Lumidgm/66_1_4.xyt');

INSERT INTO Images
Values('/var/www/server/Datasets/MOLF/OriginalDataset/DB1_Lumidgm/66_2_4.wsq', '66.4.2', '66.4', 352, 544, 500);

INSERT INTO Features
Values('66.4.2', '66.4.2.1', 58);

INSERT INTO Minutiaes
Values('66.4.2.1.1', '66.4.2.1', '/var/www/server/Datasets/MOLF/MindtctOutput/DB1_Lumidgm/66_2_4.xyt');

INSERT INTO Images
Values('/var/www/server/Datasets/MOLF/OriginalDataset/DB1_Lumidgm/66_3_4.wsq', '66.4.3', '66.4', 352, 544, 500);

INSERT INTO Features
Values('66.4.3', '66.4.3.1', 66);

INSERT INTO Minutiaes
Values('66.4.3.1.1', '66.4.3.1', '/var/www/server/Datasets/MOLF/MindtctOutput/DB1_Lumidgm/66_3_4.xyt');

INSERT INTO Images
Values('/var/www/server/Datasets/MOLF/OriginalDataset/DB1_Lumidgm/66_4_4.wsq', '66.4.4', '66.4', 352, 544, 500);

INSERT INTO Features
Values('66.4.4', '66.4.4.1', 78);

INSERT INTO Minutiaes
Values('66.4.4.1.1', '66.4.4.1', '/var/www/server/Datasets/MOLF/MindtctOutput/DB1_Lumidgm/66_4_4.xyt');

INSERT INTO Fingers
Values(NULL, 5, '66.5', '66');

INSERT INTO Images
Values('/var/www/server/Datasets/MOLF/OriginalDataset/DB1_Lumidgm/66_1_5.wsq', '66.5.1', '66.5', 352, 544, 500);

INSERT INTO Features
Values('66.5.1', '66.5.1.1', 62);

INSERT INTO Minutiaes
Values('66.5.1.1.1', '66.5.1.1', '/var/www/server/Datasets/MOLF/MindtctOutput/DB1_Lumidgm/66_1_5.xyt');

INSERT INTO Images
Values('/var/www/server/Datasets/MOLF/OriginalDataset/DB1_Lumidgm/66_2_5.wsq', '66.5.2', '66.5', 352, 544, 500);

INSERT INTO Features
Values('66.5.2', '66.5.2.1', 63);

INSERT INTO Minutiaes
Values('66.5.2.1.1', '66.5.2.1', '/var/www/server/Datasets/MOLF/MindtctOutput/DB1_Lumidgm/66_2_5.xyt');

INSERT INTO Images
Values('/var/www/server/Datasets/MOLF/OriginalDataset/DB1_Lumidgm/66_3_5.wsq', '66.5.3', '66.5', 352, 544, 500);

INSERT INTO Features
Values('66.5.3', '66.5.3.1', 66);

INSERT INTO Minutiaes
Values('66.5.3.1.1', '66.5.3.1', '/var/www/server/Datasets/MOLF/MindtctOutput/DB1_Lumidgm/66_3_5.xyt');

INSERT INTO Images
Values('/var/www/server/Datasets/MOLF/OriginalDataset/DB1_Lumidgm/66_4_5.wsq', '66.5.4', '66.5', 352, 544, 500);

INSERT INTO Features
Values('66.5.4', '66.5.4.1', 56);

INSERT INTO Minutiaes
Values('66.5.4.1.1', '66.5.4.1', '/var/www/server/Datasets/MOLF/MindtctOutput/DB1_Lumidgm/66_4_5.xyt');

INSERT INTO Fingers
Values(NULL, 6, '66.6', '66');

INSERT INTO Images
Values('/var/www/server/Datasets/MOLF/OriginalDataset/DB1_Lumidgm/66_1_6.wsq', '66.6.1', '66.6', 352, 544, 500);

INSERT INTO Features
Values('66.6.1', '66.6.1.1', 56);

INSERT INTO Minutiaes
Values('66.6.1.1.1', '66.6.1.1', '/var/www/server/Datasets/MOLF/MindtctOutput/DB1_Lumidgm/66_1_6.xyt');

INSERT INTO Images
Values('/var/www/server/Datasets/MOLF/OriginalDataset/DB1_Lumidgm/66_2_6.wsq', '66.6.2', '66.6', 352, 544, 500);

INSERT INTO Features
Values('66.6.2', '66.6.2.1', 60);

INSERT INTO Minutiaes
Values('66.6.2.1.1', '66.6.2.1', '/var/www/server/Datasets/MOLF/MindtctOutput/DB1_Lumidgm/66_2_6.xyt');

INSERT INTO Images
Values('/var/www/server/Datasets/MOLF/OriginalDataset/DB1_Lumidgm/66_3_6.wsq', '66.6.3', '66.6', 352, 544, 500);

INSERT INTO Features
Values('66.6.3', '66.6.3.1', 79);

INSERT INTO Minutiaes
Values('66.6.3.1.1', '66.6.3.1', '/var/www/server/Datasets/MOLF/MindtctOutput/DB1_Lumidgm/66_3_6.xyt');

INSERT INTO Images
Values('/var/www/server/Datasets/MOLF/OriginalDataset/DB1_Lumidgm/66_4_6.wsq', '66.6.4', '66.6', 352, 544, 500);

INSERT INTO Features
Values('66.6.4', '66.6.4.1', 58);

INSERT INTO Minutiaes
Values('66.6.4.1.1', '66.6.4.1', '/var/www/server/Datasets/MOLF/MindtctOutput/DB1_Lumidgm/66_4_6.xyt');

INSERT INTO Fingers
Values(NULL, 7, '66.7', '66');

INSERT INTO Images
Values('/var/www/server/Datasets/MOLF/OriginalDataset/DB1_Lumidgm/66_1_7.wsq', '66.7.1', '66.7', 352, 544, 500);

INSERT INTO Features
Values('66.7.1', '66.7.1.1', 91);

INSERT INTO Minutiaes
Values('66.7.1.1.1', '66.7.1.1', '/var/www/server/Datasets/MOLF/MindtctOutput/DB1_Lumidgm/66_1_7.xyt');

INSERT INTO Images
Values('/var/www/server/Datasets/MOLF/OriginalDataset/DB1_Lumidgm/66_2_7.wsq', '66.7.2', '66.7', 352, 544, 500);

INSERT INTO Features
Values('66.7.2', '66.7.2.1', 78);

INSERT INTO Minutiaes
Values('66.7.2.1.1', '66.7.2.1', '/var/www/server/Datasets/MOLF/MindtctOutput/DB1_Lumidgm/66_2_7.xyt');

INSERT INTO Images
Values('/var/www/server/Datasets/MOLF/OriginalDataset/DB1_Lumidgm/66_3_7.wsq', '66.7.3', '66.7', 352, 544, 500);

INSERT INTO Features
Values('66.7.3', '66.7.3.1', 86);

INSERT INTO Minutiaes
Values('66.7.3.1.1', '66.7.3.1', '/var/www/server/Datasets/MOLF/MindtctOutput/DB1_Lumidgm/66_3_7.xyt');

INSERT INTO Images
Values('/var/www/server/Datasets/MOLF/OriginalDataset/DB1_Lumidgm/66_4_7.wsq', '66.7.4', '66.7', 352, 544, 500);

INSERT INTO Features
Values('66.7.4', '66.7.4.1', 79);

INSERT INTO Minutiaes
Values('66.7.4.1.1', '66.7.4.1', '/var/www/server/Datasets/MOLF/MindtctOutput/DB1_Lumidgm/66_4_7.xyt');

INSERT INTO Fingers
Values(NULL, 8, '66.8', '66');

INSERT INTO Images
Values('/var/www/server/Datasets/MOLF/OriginalDataset/DB1_Lumidgm/66_1_8.wsq', '66.8.1', '66.8', 352, 544, 500);

INSERT INTO Features
Values('66.8.1', '66.8.1.1', 91);

INSERT INTO Minutiaes
Values('66.8.1.1.1', '66.8.1.1', '/var/www/server/Datasets/MOLF/MindtctOutput/DB1_Lumidgm/66_1_8.xyt');

INSERT INTO Images
Values('/var/www/server/Datasets/MOLF/OriginalDataset/DB1_Lumidgm/66_2_8.wsq', '66.8.2', '66.8', 352, 544, 500);

INSERT INTO Features
Values('66.8.2', '66.8.2.1', 93);

INSERT INTO Minutiaes
Values('66.8.2.1.1', '66.8.2.1', '/var/www/server/Datasets/MOLF/MindtctOutput/DB1_Lumidgm/66_2_8.xyt');

INSERT INTO Images
Values('/var/www/server/Datasets/MOLF/OriginalDataset/DB1_Lumidgm/66_3_8.wsq', '66.8.3', '66.8', 352, 544, 500);

INSERT INTO Features
Values('66.8.3', '66.8.3.1', 100);

INSERT INTO Minutiaes
Values('66.8.3.1.1', '66.8.3.1', '/var/www/server/Datasets/MOLF/MindtctOutput/DB1_Lumidgm/66_3_8.xyt');

INSERT INTO Images
Values('/var/www/server/Datasets/MOLF/OriginalDataset/DB1_Lumidgm/66_4_8.wsq', '66.8.4', '66.8', 352, 544, 500);

INSERT INTO Features
Values('66.8.4', '66.8.4.1', 83);

INSERT INTO Minutiaes
Values('66.8.4.1.1', '66.8.4.1', '/var/www/server/Datasets/MOLF/MindtctOutput/DB1_Lumidgm/66_4_8.xyt');

INSERT INTO Fingers
Values(NULL, 9, '66.9', '66');

INSERT INTO Images
Values('/var/www/server/Datasets/MOLF/OriginalDataset/DB1_Lumidgm/66_1_9.wsq', '66.9.1', '66.9', 352, 544, 500);

INSERT INTO Features
Values('66.9.1', '66.9.1.1', 63);

INSERT INTO Minutiaes
Values('66.9.1.1.1', '66.9.1.1', '/var/www/server/Datasets/MOLF/MindtctOutput/DB1_Lumidgm/66_1_9.xyt');

INSERT INTO Images
Values('/var/www/server/Datasets/MOLF/OriginalDataset/DB1_Lumidgm/66_2_9.wsq', '66.9.2', '66.9', 352, 544, 500);

INSERT INTO Features
Values('66.9.2', '66.9.2.1', 75);

INSERT INTO Minutiaes
Values('66.9.2.1.1', '66.9.2.1', '/var/www/server/Datasets/MOLF/MindtctOutput/DB1_Lumidgm/66_2_9.xyt');

INSERT INTO Images
Values('/var/www/server/Datasets/MOLF/OriginalDataset/DB1_Lumidgm/66_3_9.wsq', '66.9.3', '66.9', 352, 544, 500);

INSERT INTO Features
Values('66.9.3', '66.9.3.1', 64);

INSERT INTO Minutiaes
Values('66.9.3.1.1', '66.9.3.1', '/var/www/server/Datasets/MOLF/MindtctOutput/DB1_Lumidgm/66_3_9.xyt');

INSERT INTO Images
Values('/var/www/server/Datasets/MOLF/OriginalDataset/DB1_Lumidgm/66_4_9.wsq', '66.9.4', '66.9', 352, 544, 500);

INSERT INTO Features
Values('66.9.4', '66.9.4.1', 73);

INSERT INTO Minutiaes
Values('66.9.4.1.1', '66.9.4.1', '/var/www/server/Datasets/MOLF/MindtctOutput/DB1_Lumidgm/66_4_9.xyt');

INSERT INTO Fingers
Values(NULL, 10, '66.10', '66');

INSERT INTO Images
Values('/var/www/server/Datasets/MOLF/OriginalDataset/DB1_Lumidgm/66_1_10.wsq', '66.10.1', '66.10', 352, 544, 500);

INSERT INTO Features
Values('66.10.1', '66.10.1.1', 42);

INSERT INTO Minutiaes
Values('66.10.1.1.1', '66.10.1.1', '/var/www/server/Datasets/MOLF/MindtctOutput/DB1_Lumidgm/66_1_10.xyt');

INSERT INTO Images
Values('/var/www/server/Datasets/MOLF/OriginalDataset/DB1_Lumidgm/66_2_10.wsq', '66.10.2', '66.10', 352, 544, 500);

INSERT INTO Features
Values('66.10.2', '66.10.2.1', 55);

INSERT INTO Minutiaes
Values('66.10.2.1.1', '66.10.2.1', '/var/www/server/Datasets/MOLF/MindtctOutput/DB1_Lumidgm/66_2_10.xyt');

INSERT INTO Images
Values('/var/www/server/Datasets/MOLF/OriginalDataset/DB1_Lumidgm/66_3_10.wsq', '66.10.3', '66.10', 352, 544, 500);

INSERT INTO Features
Values('66.10.3', '66.10.3.1', 42);

INSERT INTO Minutiaes
Values('66.10.3.1.1', '66.10.3.1', '/var/www/server/Datasets/MOLF/MindtctOutput/DB1_Lumidgm/66_3_10.xyt');

INSERT INTO Images
Values('/var/www/server/Datasets/MOLF/OriginalDataset/DB1_Lumidgm/66_4_10.wsq', '66.10.4', '66.10', 352, 544, 500);

INSERT INTO Features
Values('66.10.4', '66.10.4.1', 56);

INSERT INTO Minutiaes
Values('66.10.4.1.1', '66.10.4.1', '/var/www/server/Datasets/MOLF/MindtctOutput/DB1_Lumidgm/66_4_10.xyt');

#------------------------SUBJECT 67------------------------
INSERT INTO Subjects
Values('67');

INSERT INTO Fingers
Values(NULL, 1, '67.1', '67');

INSERT INTO Images
Values('/var/www/server/Datasets/MOLF/OriginalDataset/DB1_Lumidgm/67_1_1.wsq', '67.1.1', '67.1', 352, 544, 500);

INSERT INTO Features
Values('67.1.1', '67.1.1.1', 53);

INSERT INTO Minutiaes
Values('67.1.1.1.1', '67.1.1.1', '/var/www/server/Datasets/MOLF/MindtctOutput/DB1_Lumidgm/67_1_1.xyt');

INSERT INTO Images
Values('/var/www/server/Datasets/MOLF/OriginalDataset/DB1_Lumidgm/67_2_1.wsq', '67.1.2', '67.1', 352, 544, 500);

INSERT INTO Features
Values('67.1.2', '67.1.2.1', 71);

INSERT INTO Minutiaes
Values('67.1.2.1.1', '67.1.2.1', '/var/www/server/Datasets/MOLF/MindtctOutput/DB1_Lumidgm/67_2_1.xyt');

INSERT INTO Images
Values('/var/www/server/Datasets/MOLF/OriginalDataset/DB1_Lumidgm/67_3_1.wsq', '67.1.3', '67.1', 352, 544, 500);

INSERT INTO Features
Values('67.1.3', '67.1.3.1', 58);

INSERT INTO Minutiaes
Values('67.1.3.1.1', '67.1.3.1', '/var/www/server/Datasets/MOLF/MindtctOutput/DB1_Lumidgm/67_3_1.xyt');

INSERT INTO Images
Values('/var/www/server/Datasets/MOLF/OriginalDataset/DB1_Lumidgm/67_4_1.wsq', '67.1.4', '67.1', 352, 544, 500);

INSERT INTO Features
Values('67.1.4', '67.1.4.1', 63);

INSERT INTO Minutiaes
Values('67.1.4.1.1', '67.1.4.1', '/var/www/server/Datasets/MOLF/MindtctOutput/DB1_Lumidgm/67_4_1.xyt');

INSERT INTO Fingers
Values(NULL, 2, '67.2', '67');

INSERT INTO Images
Values('/var/www/server/Datasets/MOLF/OriginalDataset/DB1_Lumidgm/67_1_2.wsq', '67.2.1', '67.2', 352, 544, 500);

INSERT INTO Features
Values('67.2.1', '67.2.1.1', 48);

INSERT INTO Minutiaes
Values('67.2.1.1.1', '67.2.1.1', '/var/www/server/Datasets/MOLF/MindtctOutput/DB1_Lumidgm/67_1_2.xyt');

INSERT INTO Images
Values('/var/www/server/Datasets/MOLF/OriginalDataset/DB1_Lumidgm/67_2_2.wsq', '67.2.2', '67.2', 352, 544, 500);

INSERT INTO Features
Values('67.2.2', '67.2.2.1', 58);

INSERT INTO Minutiaes
Values('67.2.2.1.1', '67.2.2.1', '/var/www/server/Datasets/MOLF/MindtctOutput/DB1_Lumidgm/67_2_2.xyt');

INSERT INTO Images
Values('/var/www/server/Datasets/MOLF/OriginalDataset/DB1_Lumidgm/67_3_2.wsq', '67.2.3', '67.2', 352, 544, 500);

INSERT INTO Features
Values('67.2.3', '67.2.3.1', 52);

INSERT INTO Minutiaes
Values('67.2.3.1.1', '67.2.3.1', '/var/www/server/Datasets/MOLF/MindtctOutput/DB1_Lumidgm/67_3_2.xyt');

INSERT INTO Images
Values('/var/www/server/Datasets/MOLF/OriginalDataset/DB1_Lumidgm/67_4_2.wsq', '67.2.4', '67.2', 352, 544, 500);

INSERT INTO Features
Values('67.2.4', '67.2.4.1', 57);

INSERT INTO Minutiaes
Values('67.2.4.1.1', '67.2.4.1', '/var/www/server/Datasets/MOLF/MindtctOutput/DB1_Lumidgm/67_4_2.xyt');

INSERT INTO Fingers
Values(NULL, 3, '67.3', '67');

INSERT INTO Images
Values('/var/www/server/Datasets/MOLF/OriginalDataset/DB1_Lumidgm/67_1_3.wsq', '67.3.1', '67.3', 352, 544, 500);

INSERT INTO Features
Values('67.3.1', '67.3.1.1', 64);

INSERT INTO Minutiaes
Values('67.3.1.1.1', '67.3.1.1', '/var/www/server/Datasets/MOLF/MindtctOutput/DB1_Lumidgm/67_1_3.xyt');

INSERT INTO Images
Values('/var/www/server/Datasets/MOLF/OriginalDataset/DB1_Lumidgm/67_2_3.wsq', '67.3.2', '67.3', 352, 544, 500);

INSERT INTO Features
Values('67.3.2', '67.3.2.1', 62);

INSERT INTO Minutiaes
Values('67.3.2.1.1', '67.3.2.1', '/var/www/server/Datasets/MOLF/MindtctOutput/DB1_Lumidgm/67_2_3.xyt');

INSERT INTO Images
Values('/var/www/server/Datasets/MOLF/OriginalDataset/DB1_Lumidgm/67_3_3.wsq', '67.3.3', '67.3', 352, 544, 500);

INSERT INTO Features
Values('67.3.3', '67.3.3.1', 60);

INSERT INTO Minutiaes
Values('67.3.3.1.1', '67.3.3.1', '/var/www/server/Datasets/MOLF/MindtctOutput/DB1_Lumidgm/67_3_3.xyt');

INSERT INTO Images
Values('/var/www/server/Datasets/MOLF/OriginalDataset/DB1_Lumidgm/67_4_3.wsq', '67.3.4', '67.3', 352, 544, 500);

INSERT INTO Features
Values('67.3.4', '67.3.4.1', 61);

INSERT INTO Minutiaes
Values('67.3.4.1.1', '67.3.4.1', '/var/www/server/Datasets/MOLF/MindtctOutput/DB1_Lumidgm/67_4_3.xyt');

INSERT INTO Fingers
Values(NULL, 4, '67.4', '67');

INSERT INTO Images
Values('/var/www/server/Datasets/MOLF/OriginalDataset/DB1_Lumidgm/67_1_4.wsq', '67.4.1', '67.4', 352, 544, 500);

INSERT INTO Features
Values('67.4.1', '67.4.1.1', 54);

INSERT INTO Minutiaes
Values('67.4.1.1.1', '67.4.1.1', '/var/www/server/Datasets/MOLF/MindtctOutput/DB1_Lumidgm/67_1_4.xyt');

INSERT INTO Images
Values('/var/www/server/Datasets/MOLF/OriginalDataset/DB1_Lumidgm/67_2_4.wsq', '67.4.2', '67.4', 352, 544, 500);

INSERT INTO Features
Values('67.4.2', '67.4.2.1', 88);

INSERT INTO Minutiaes
Values('67.4.2.1.1', '67.4.2.1', '/var/www/server/Datasets/MOLF/MindtctOutput/DB1_Lumidgm/67_2_4.xyt');

INSERT INTO Images
Values('/var/www/server/Datasets/MOLF/OriginalDataset/DB1_Lumidgm/67_3_4.wsq', '67.4.3', '67.4', 352, 544, 500);

INSERT INTO Features
Values('67.4.3', '67.4.3.1', 79);

INSERT INTO Minutiaes
Values('67.4.3.1.1', '67.4.3.1', '/var/www/server/Datasets/MOLF/MindtctOutput/DB1_Lumidgm/67_3_4.xyt');

INSERT INTO Images
Values('/var/www/server/Datasets/MOLF/OriginalDataset/DB1_Lumidgm/67_4_4.wsq', '67.4.4', '67.4', 352, 544, 500);

INSERT INTO Features
Values('67.4.4', '67.4.4.1', 75);

INSERT INTO Minutiaes
Values('67.4.4.1.1', '67.4.4.1', '/var/www/server/Datasets/MOLF/MindtctOutput/DB1_Lumidgm/67_4_4.xyt');

INSERT INTO Fingers
Values(NULL, 5, '67.5', '67');

INSERT INTO Images
Values('/var/www/server/Datasets/MOLF/OriginalDataset/DB1_Lumidgm/67_1_5.wsq', '67.5.1', '67.5', 352, 544, 500);

INSERT INTO Features
Values('67.5.1', '67.5.1.1', 64);

INSERT INTO Minutiaes
Values('67.5.1.1.1', '67.5.1.1', '/var/www/server/Datasets/MOLF/MindtctOutput/DB1_Lumidgm/67_1_5.xyt');

INSERT INTO Images
Values('/var/www/server/Datasets/MOLF/OriginalDataset/DB1_Lumidgm/67_2_5.wsq', '67.5.2', '67.5', 352, 544, 500);

INSERT INTO Features
Values('67.5.2', '67.5.2.1', 52);

INSERT INTO Minutiaes
Values('67.5.2.1.1', '67.5.2.1', '/var/www/server/Datasets/MOLF/MindtctOutput/DB1_Lumidgm/67_2_5.xyt');

INSERT INTO Images
Values('/var/www/server/Datasets/MOLF/OriginalDataset/DB1_Lumidgm/67_3_5.wsq', '67.5.3', '67.5', 352, 544, 500);

INSERT INTO Features
Values('67.5.3', '67.5.3.1', 55);

INSERT INTO Minutiaes
Values('67.5.3.1.1', '67.5.3.1', '/var/www/server/Datasets/MOLF/MindtctOutput/DB1_Lumidgm/67_3_5.xyt');

INSERT INTO Images
Values('/var/www/server/Datasets/MOLF/OriginalDataset/DB1_Lumidgm/67_4_5.wsq', '67.5.4', '67.5', 352, 544, 500);

INSERT INTO Features
Values('67.5.4', '67.5.4.1', 77);

INSERT INTO Minutiaes
Values('67.5.4.1.1', '67.5.4.1', '/var/www/server/Datasets/MOLF/MindtctOutput/DB1_Lumidgm/67_4_5.xyt');

INSERT INTO Fingers
Values(NULL, 6, '67.6', '67');

INSERT INTO Images
Values('/var/www/server/Datasets/MOLF/OriginalDataset/DB1_Lumidgm/67_1_6.wsq', '67.6.1', '67.6', 352, 544, 500);

INSERT INTO Features
Values('67.6.1', '67.6.1.1', 51);

INSERT INTO Minutiaes
Values('67.6.1.1.1', '67.6.1.1', '/var/www/server/Datasets/MOLF/MindtctOutput/DB1_Lumidgm/67_1_6.xyt');

INSERT INTO Images
Values('/var/www/server/Datasets/MOLF/OriginalDataset/DB1_Lumidgm/67_2_6.wsq', '67.6.2', '67.6', 352, 544, 500);

INSERT INTO Features
Values('67.6.2', '67.6.2.1', 49);

INSERT INTO Minutiaes
Values('67.6.2.1.1', '67.6.2.1', '/var/www/server/Datasets/MOLF/MindtctOutput/DB1_Lumidgm/67_2_6.xyt');

INSERT INTO Images
Values('/var/www/server/Datasets/MOLF/OriginalDataset/DB1_Lumidgm/67_3_6.wsq', '67.6.3', '67.6', 352, 544, 500);

INSERT INTO Features
Values('67.6.3', '67.6.3.1', 39);

INSERT INTO Minutiaes
Values('67.6.3.1.1', '67.6.3.1', '/var/www/server/Datasets/MOLF/MindtctOutput/DB1_Lumidgm/67_3_6.xyt');

INSERT INTO Images
Values('/var/www/server/Datasets/MOLF/OriginalDataset/DB1_Lumidgm/67_4_6.wsq', '67.6.4', '67.6', 352, 544, 500);

INSERT INTO Features
Values('67.6.4', '67.6.4.1', 40);

INSERT INTO Minutiaes
Values('67.6.4.1.1', '67.6.4.1', '/var/www/server/Datasets/MOLF/MindtctOutput/DB1_Lumidgm/67_4_6.xyt');

INSERT INTO Fingers
Values(NULL, 7, '67.7', '67');

INSERT INTO Images
Values('/var/www/server/Datasets/MOLF/OriginalDataset/DB1_Lumidgm/67_1_7.wsq', '67.7.1', '67.7', 352, 544, 500);

INSERT INTO Features
Values('67.7.1', '67.7.1.1', 65);

INSERT INTO Minutiaes
Values('67.7.1.1.1', '67.7.1.1', '/var/www/server/Datasets/MOLF/MindtctOutput/DB1_Lumidgm/67_1_7.xyt');

INSERT INTO Images
Values('/var/www/server/Datasets/MOLF/OriginalDataset/DB1_Lumidgm/67_2_7.wsq', '67.7.2', '67.7', 352, 544, 500);

INSERT INTO Features
Values('67.7.2', '67.7.2.1', 66);

INSERT INTO Minutiaes
Values('67.7.2.1.1', '67.7.2.1', '/var/www/server/Datasets/MOLF/MindtctOutput/DB1_Lumidgm/67_2_7.xyt');

INSERT INTO Images
Values('/var/www/server/Datasets/MOLF/OriginalDataset/DB1_Lumidgm/67_3_7.wsq', '67.7.3', '67.7', 352, 544, 500);

INSERT INTO Features
Values('67.7.3', '67.7.3.1', 68);

INSERT INTO Minutiaes
Values('67.7.3.1.1', '67.7.3.1', '/var/www/server/Datasets/MOLF/MindtctOutput/DB1_Lumidgm/67_3_7.xyt');

INSERT INTO Images
Values('/var/www/server/Datasets/MOLF/OriginalDataset/DB1_Lumidgm/67_4_7.wsq', '67.7.4', '67.7', 352, 544, 500);

INSERT INTO Features
Values('67.7.4', '67.7.4.1', 62);

INSERT INTO Minutiaes
Values('67.7.4.1.1', '67.7.4.1', '/var/www/server/Datasets/MOLF/MindtctOutput/DB1_Lumidgm/67_4_7.xyt');

INSERT INTO Fingers
Values(NULL, 8, '67.8', '67');

INSERT INTO Images
Values('/var/www/server/Datasets/MOLF/OriginalDataset/DB1_Lumidgm/67_1_8.wsq', '67.8.1', '67.8', 352, 544, 500);

INSERT INTO Features
Values('67.8.1', '67.8.1.1', 65);

INSERT INTO Minutiaes
Values('67.8.1.1.1', '67.8.1.1', '/var/www/server/Datasets/MOLF/MindtctOutput/DB1_Lumidgm/67_1_8.xyt');

INSERT INTO Images
Values('/var/www/server/Datasets/MOLF/OriginalDataset/DB1_Lumidgm/67_2_8.wsq', '67.8.2', '67.8', 352, 544, 500);

INSERT INTO Features
Values('67.8.2', '67.8.2.1', 64);

INSERT INTO Minutiaes
Values('67.8.2.1.1', '67.8.2.1', '/var/www/server/Datasets/MOLF/MindtctOutput/DB1_Lumidgm/67_2_8.xyt');

INSERT INTO Images
Values('/var/www/server/Datasets/MOLF/OriginalDataset/DB1_Lumidgm/67_3_8.wsq', '67.8.3', '67.8', 352, 544, 500);

INSERT INTO Features
Values('67.8.3', '67.8.3.1', 72);

INSERT INTO Minutiaes
Values('67.8.3.1.1', '67.8.3.1', '/var/www/server/Datasets/MOLF/MindtctOutput/DB1_Lumidgm/67_3_8.xyt');

INSERT INTO Images
Values('/var/www/server/Datasets/MOLF/OriginalDataset/DB1_Lumidgm/67_4_8.wsq', '67.8.4', '67.8', 352, 544, 500);

INSERT INTO Features
Values('67.8.4', '67.8.4.1', 59);

INSERT INTO Minutiaes
Values('67.8.4.1.1', '67.8.4.1', '/var/www/server/Datasets/MOLF/MindtctOutput/DB1_Lumidgm/67_4_8.xyt');

INSERT INTO Fingers
Values(NULL, 9, '67.9', '67');

INSERT INTO Images
Values('/var/www/server/Datasets/MOLF/OriginalDataset/DB1_Lumidgm/67_1_9.wsq', '67.9.1', '67.9', 352, 544, 500);

INSERT INTO Features
Values('67.9.1', '67.9.1.1', 66);

INSERT INTO Minutiaes
Values('67.9.1.1.1', '67.9.1.1', '/var/www/server/Datasets/MOLF/MindtctOutput/DB1_Lumidgm/67_1_9.xyt');

INSERT INTO Images
Values('/var/www/server/Datasets/MOLF/OriginalDataset/DB1_Lumidgm/67_2_9.wsq', '67.9.2', '67.9', 352, 544, 500);

INSERT INTO Features
Values('67.9.2', '67.9.2.1', 56);

INSERT INTO Minutiaes
Values('67.9.2.1.1', '67.9.2.1', '/var/www/server/Datasets/MOLF/MindtctOutput/DB1_Lumidgm/67_2_9.xyt');

INSERT INTO Images
Values('/var/www/server/Datasets/MOLF/OriginalDataset/DB1_Lumidgm/67_3_9.wsq', '67.9.3', '67.9', 352, 544, 500);

INSERT INTO Features
Values('67.9.3', '67.9.3.1', 70);

INSERT INTO Minutiaes
Values('67.9.3.1.1', '67.9.3.1', '/var/www/server/Datasets/MOLF/MindtctOutput/DB1_Lumidgm/67_3_9.xyt');

INSERT INTO Images
Values('/var/www/server/Datasets/MOLF/OriginalDataset/DB1_Lumidgm/67_4_9.wsq', '67.9.4', '67.9', 352, 544, 500);

INSERT INTO Features
Values('67.9.4', '67.9.4.1', 81);

INSERT INTO Minutiaes
Values('67.9.4.1.1', '67.9.4.1', '/var/www/server/Datasets/MOLF/MindtctOutput/DB1_Lumidgm/67_4_9.xyt');

INSERT INTO Fingers
Values(NULL, 10, '67.10', '67');

INSERT INTO Images
Values('/var/www/server/Datasets/MOLF/OriginalDataset/DB1_Lumidgm/67_1_10.wsq', '67.10.1', '67.10', 352, 544, 500);

INSERT INTO Features
Values('67.10.1', '67.10.1.1', 86);

INSERT INTO Minutiaes
Values('67.10.1.1.1', '67.10.1.1', '/var/www/server/Datasets/MOLF/MindtctOutput/DB1_Lumidgm/67_1_10.xyt');

INSERT INTO Images
Values('/var/www/server/Datasets/MOLF/OriginalDataset/DB1_Lumidgm/67_2_10.wsq', '67.10.2', '67.10', 352, 544, 500);

INSERT INTO Features
Values('67.10.2', '67.10.2.1', 70);

INSERT INTO Minutiaes
Values('67.10.2.1.1', '67.10.2.1', '/var/www/server/Datasets/MOLF/MindtctOutput/DB1_Lumidgm/67_2_10.xyt');

INSERT INTO Images
Values('/var/www/server/Datasets/MOLF/OriginalDataset/DB1_Lumidgm/67_3_10.wsq', '67.10.3', '67.10', 352, 544, 500);

INSERT INTO Features
Values('67.10.3', '67.10.3.1', 68);

INSERT INTO Minutiaes
Values('67.10.3.1.1', '67.10.3.1', '/var/www/server/Datasets/MOLF/MindtctOutput/DB1_Lumidgm/67_3_10.xyt');

INSERT INTO Images
Values('/var/www/server/Datasets/MOLF/OriginalDataset/DB1_Lumidgm/67_4_10.wsq', '67.10.4', '67.10', 352, 544, 500);

INSERT INTO Features
Values('67.10.4', '67.10.4.1', 79);

INSERT INTO Minutiaes
Values('67.10.4.1.1', '67.10.4.1', '/var/www/server/Datasets/MOLF/MindtctOutput/DB1_Lumidgm/67_4_10.xyt');

#------------------------SUBJECT 68------------------------
INSERT INTO Subjects
Values('68');

INSERT INTO Fingers
Values(NULL, 1, '68.1', '68');

INSERT INTO Images
Values('/var/www/server/Datasets/MOLF/OriginalDataset/DB1_Lumidgm/68_1_1.wsq', '68.1.1', '68.1', 352, 544, 500);

INSERT INTO Features
Values('68.1.1', '68.1.1.1', 70);

INSERT INTO Minutiaes
Values('68.1.1.1.1', '68.1.1.1', '/var/www/server/Datasets/MOLF/MindtctOutput/DB1_Lumidgm/68_1_1.xyt');

INSERT INTO Images
Values('/var/www/server/Datasets/MOLF/OriginalDataset/DB1_Lumidgm/68_2_1.wsq', '68.1.2', '68.1', 352, 544, 500);

INSERT INTO Features
Values('68.1.2', '68.1.2.1', 53);

INSERT INTO Minutiaes
Values('68.1.2.1.1', '68.1.2.1', '/var/www/server/Datasets/MOLF/MindtctOutput/DB1_Lumidgm/68_2_1.xyt');

INSERT INTO Images
Values('/var/www/server/Datasets/MOLF/OriginalDataset/DB1_Lumidgm/68_3_1.wsq', '68.1.3', '68.1', 352, 544, 500);

INSERT INTO Features
Values('68.1.3', '68.1.3.1', 75);

INSERT INTO Minutiaes
Values('68.1.3.1.1', '68.1.3.1', '/var/www/server/Datasets/MOLF/MindtctOutput/DB1_Lumidgm/68_3_1.xyt');

INSERT INTO Images
Values('/var/www/server/Datasets/MOLF/OriginalDataset/DB1_Lumidgm/68_4_1.wsq', '68.1.4', '68.1', 352, 544, 500);

INSERT INTO Features
Values('68.1.4', '68.1.4.1', 72);

INSERT INTO Minutiaes
Values('68.1.4.1.1', '68.1.4.1', '/var/www/server/Datasets/MOLF/MindtctOutput/DB1_Lumidgm/68_4_1.xyt');

INSERT INTO Fingers
Values(NULL, 2, '68.2', '68');

INSERT INTO Images
Values('/var/www/server/Datasets/MOLF/OriginalDataset/DB1_Lumidgm/68_1_2.wsq', '68.2.1', '68.2', 352, 544, 500);

INSERT INTO Features
Values('68.2.1', '68.2.1.1', 60);

INSERT INTO Minutiaes
Values('68.2.1.1.1', '68.2.1.1', '/var/www/server/Datasets/MOLF/MindtctOutput/DB1_Lumidgm/68_1_2.xyt');

INSERT INTO Images
Values('/var/www/server/Datasets/MOLF/OriginalDataset/DB1_Lumidgm/68_2_2.wsq', '68.2.2', '68.2', 352, 544, 500);

INSERT INTO Features
Values('68.2.2', '68.2.2.1', 47);

INSERT INTO Minutiaes
Values('68.2.2.1.1', '68.2.2.1', '/var/www/server/Datasets/MOLF/MindtctOutput/DB1_Lumidgm/68_2_2.xyt');

INSERT INTO Images
Values('/var/www/server/Datasets/MOLF/OriginalDataset/DB1_Lumidgm/68_3_2.wsq', '68.2.3', '68.2', 352, 544, 500);

INSERT INTO Features
Values('68.2.3', '68.2.3.1', 56);

INSERT INTO Minutiaes
Values('68.2.3.1.1', '68.2.3.1', '/var/www/server/Datasets/MOLF/MindtctOutput/DB1_Lumidgm/68_3_2.xyt');

INSERT INTO Images
Values('/var/www/server/Datasets/MOLF/OriginalDataset/DB1_Lumidgm/68_4_2.wsq', '68.2.4', '68.2', 352, 544, 500);

INSERT INTO Features
Values('68.2.4', '68.2.4.1', 56);

INSERT INTO Minutiaes
Values('68.2.4.1.1', '68.2.4.1', '/var/www/server/Datasets/MOLF/MindtctOutput/DB1_Lumidgm/68_4_2.xyt');

INSERT INTO Fingers
Values(NULL, 3, '68.3', '68');

INSERT INTO Images
Values('/var/www/server/Datasets/MOLF/OriginalDataset/DB1_Lumidgm/68_1_3.wsq', '68.3.1', '68.3', 352, 544, 500);

INSERT INTO Features
Values('68.3.1', '68.3.1.1', 69);

INSERT INTO Minutiaes
Values('68.3.1.1.1', '68.3.1.1', '/var/www/server/Datasets/MOLF/MindtctOutput/DB1_Lumidgm/68_1_3.xyt');

INSERT INTO Images
Values('/var/www/server/Datasets/MOLF/OriginalDataset/DB1_Lumidgm/68_2_3.wsq', '68.3.2', '68.3', 352, 544, 500);

INSERT INTO Features
Values('68.3.2', '68.3.2.1', 52);

INSERT INTO Minutiaes
Values('68.3.2.1.1', '68.3.2.1', '/var/www/server/Datasets/MOLF/MindtctOutput/DB1_Lumidgm/68_2_3.xyt');

INSERT INTO Images
Values('/var/www/server/Datasets/MOLF/OriginalDataset/DB1_Lumidgm/68_3_3.wsq', '68.3.3', '68.3', 352, 544, 500);

INSERT INTO Features
Values('68.3.3', '68.3.3.1', 40);

INSERT INTO Minutiaes
Values('68.3.3.1.1', '68.3.3.1', '/var/www/server/Datasets/MOLF/MindtctOutput/DB1_Lumidgm/68_3_3.xyt');

INSERT INTO Images
Values('/var/www/server/Datasets/MOLF/OriginalDataset/DB1_Lumidgm/68_4_3.wsq', '68.3.4', '68.3', 352, 544, 500);

INSERT INTO Features
Values('68.3.4', '68.3.4.1', 50);

INSERT INTO Minutiaes
Values('68.3.4.1.1', '68.3.4.1', '/var/www/server/Datasets/MOLF/MindtctOutput/DB1_Lumidgm/68_4_3.xyt');

INSERT INTO Fingers
Values(NULL, 4, '68.4', '68');

INSERT INTO Images
Values('/var/www/server/Datasets/MOLF/OriginalDataset/DB1_Lumidgm/68_1_4.wsq', '68.4.1', '68.4', 352, 544, 500);

INSERT INTO Features
Values('68.4.1', '68.4.1.1', 39);

INSERT INTO Minutiaes
Values('68.4.1.1.1', '68.4.1.1', '/var/www/server/Datasets/MOLF/MindtctOutput/DB1_Lumidgm/68_1_4.xyt');

INSERT INTO Images
Values('/var/www/server/Datasets/MOLF/OriginalDataset/DB1_Lumidgm/68_2_4.wsq', '68.4.2', '68.4', 352, 544, 500);

INSERT INTO Features
Values('68.4.2', '68.4.2.1', 40);

INSERT INTO Minutiaes
Values('68.4.2.1.1', '68.4.2.1', '/var/www/server/Datasets/MOLF/MindtctOutput/DB1_Lumidgm/68_2_4.xyt');

INSERT INTO Images
Values('/var/www/server/Datasets/MOLF/OriginalDataset/DB1_Lumidgm/68_3_4.wsq', '68.4.3', '68.4', 352, 544, 500);

INSERT INTO Features
Values('68.4.3', '68.4.3.1', 48);

INSERT INTO Minutiaes
Values('68.4.3.1.1', '68.4.3.1', '/var/www/server/Datasets/MOLF/MindtctOutput/DB1_Lumidgm/68_3_4.xyt');

INSERT INTO Images
Values('/var/www/server/Datasets/MOLF/OriginalDataset/DB1_Lumidgm/68_4_4.wsq', '68.4.4', '68.4', 352, 544, 500);

INSERT INTO Features
Values('68.4.4', '68.4.4.1', 82);

INSERT INTO Minutiaes
Values('68.4.4.1.1', '68.4.4.1', '/var/www/server/Datasets/MOLF/MindtctOutput/DB1_Lumidgm/68_4_4.xyt');

INSERT INTO Fingers
Values(NULL, 5, '68.5', '68');

INSERT INTO Images
Values('/var/www/server/Datasets/MOLF/OriginalDataset/DB1_Lumidgm/68_1_5.wsq', '68.5.1', '68.5', 352, 544, 500);

INSERT INTO Features
Values('68.5.1', '68.5.1.1', 42);

INSERT INTO Minutiaes
Values('68.5.1.1.1', '68.5.1.1', '/var/www/server/Datasets/MOLF/MindtctOutput/DB1_Lumidgm/68_1_5.xyt');

INSERT INTO Images
Values('/var/www/server/Datasets/MOLF/OriginalDataset/DB1_Lumidgm/68_2_5.wsq', '68.5.2', '68.5', 352, 544, 500);

INSERT INTO Features
Values('68.5.2', '68.5.2.1', 57);

INSERT INTO Minutiaes
Values('68.5.2.1.1', '68.5.2.1', '/var/www/server/Datasets/MOLF/MindtctOutput/DB1_Lumidgm/68_2_5.xyt');

INSERT INTO Images
Values('/var/www/server/Datasets/MOLF/OriginalDataset/DB1_Lumidgm/68_3_5.wsq', '68.5.3', '68.5', 352, 544, 500);

INSERT INTO Features
Values('68.5.3', '68.5.3.1', 56);

INSERT INTO Minutiaes
Values('68.5.3.1.1', '68.5.3.1', '/var/www/server/Datasets/MOLF/MindtctOutput/DB1_Lumidgm/68_3_5.xyt');

INSERT INTO Images
Values('/var/www/server/Datasets/MOLF/OriginalDataset/DB1_Lumidgm/68_4_5.wsq', '68.5.4', '68.5', 352, 544, 500);

INSERT INTO Features
Values('68.5.4', '68.5.4.1', 64);

INSERT INTO Minutiaes
Values('68.5.4.1.1', '68.5.4.1', '/var/www/server/Datasets/MOLF/MindtctOutput/DB1_Lumidgm/68_4_5.xyt');

INSERT INTO Fingers
Values(NULL, 6, '68.6', '68');

INSERT INTO Images
Values('/var/www/server/Datasets/MOLF/OriginalDataset/DB1_Lumidgm/68_1_6.wsq', '68.6.1', '68.6', 352, 544, 500);

INSERT INTO Features
Values('68.6.1', '68.6.1.1', 52);

INSERT INTO Minutiaes
Values('68.6.1.1.1', '68.6.1.1', '/var/www/server/Datasets/MOLF/MindtctOutput/DB1_Lumidgm/68_1_6.xyt');

INSERT INTO Images
Values('/var/www/server/Datasets/MOLF/OriginalDataset/DB1_Lumidgm/68_2_6.wsq', '68.6.2', '68.6', 352, 544, 500);

INSERT INTO Features
Values('68.6.2', '68.6.2.1', 69);

INSERT INTO Minutiaes
Values('68.6.2.1.1', '68.6.2.1', '/var/www/server/Datasets/MOLF/MindtctOutput/DB1_Lumidgm/68_2_6.xyt');

INSERT INTO Images
Values('/var/www/server/Datasets/MOLF/OriginalDataset/DB1_Lumidgm/68_3_6.wsq', '68.6.3', '68.6', 352, 544, 500);

INSERT INTO Features
Values('68.6.3', '68.6.3.1', 63);

INSERT INTO Minutiaes
Values('68.6.3.1.1', '68.6.3.1', '/var/www/server/Datasets/MOLF/MindtctOutput/DB1_Lumidgm/68_3_6.xyt');

INSERT INTO Images
Values('/var/www/server/Datasets/MOLF/OriginalDataset/DB1_Lumidgm/68_4_6.wsq', '68.6.4', '68.6', 352, 544, 500);

INSERT INTO Features
Values('68.6.4', '68.6.4.1', 59);

INSERT INTO Minutiaes
Values('68.6.4.1.1', '68.6.4.1', '/var/www/server/Datasets/MOLF/MindtctOutput/DB1_Lumidgm/68_4_6.xyt');

INSERT INTO Fingers
Values(NULL, 7, '68.7', '68');

INSERT INTO Images
Values('/var/www/server/Datasets/MOLF/OriginalDataset/DB1_Lumidgm/68_1_7.wsq', '68.7.1', '68.7', 352, 544, 500);

INSERT INTO Features
Values('68.7.1', '68.7.1.1', 54);

INSERT INTO Minutiaes
Values('68.7.1.1.1', '68.7.1.1', '/var/www/server/Datasets/MOLF/MindtctOutput/DB1_Lumidgm/68_1_7.xyt');

INSERT INTO Images
Values('/var/www/server/Datasets/MOLF/OriginalDataset/DB1_Lumidgm/68_2_7.wsq', '68.7.2', '68.7', 352, 544, 500);

INSERT INTO Features
Values('68.7.2', '68.7.2.1', 60);

INSERT INTO Minutiaes
Values('68.7.2.1.1', '68.7.2.1', '/var/www/server/Datasets/MOLF/MindtctOutput/DB1_Lumidgm/68_2_7.xyt');

INSERT INTO Images
Values('/var/www/server/Datasets/MOLF/OriginalDataset/DB1_Lumidgm/68_3_7.wsq', '68.7.3', '68.7', 352, 544, 500);

INSERT INTO Features
Values('68.7.3', '68.7.3.1', 52);

INSERT INTO Minutiaes
Values('68.7.3.1.1', '68.7.3.1', '/var/www/server/Datasets/MOLF/MindtctOutput/DB1_Lumidgm/68_3_7.xyt');

INSERT INTO Images
Values('/var/www/server/Datasets/MOLF/OriginalDataset/DB1_Lumidgm/68_4_7.wsq', '68.7.4', '68.7', 352, 544, 500);

INSERT INTO Features
Values('68.7.4', '68.7.4.1', 64);

INSERT INTO Minutiaes
Values('68.7.4.1.1', '68.7.4.1', '/var/www/server/Datasets/MOLF/MindtctOutput/DB1_Lumidgm/68_4_7.xyt');

INSERT INTO Fingers
Values(NULL, 8, '68.8', '68');

INSERT INTO Images
Values('/var/www/server/Datasets/MOLF/OriginalDataset/DB1_Lumidgm/68_1_8.wsq', '68.8.1', '68.8', 352, 544, 500);

INSERT INTO Features
Values('68.8.1', '68.8.1.1', 68);

INSERT INTO Minutiaes
Values('68.8.1.1.1', '68.8.1.1', '/var/www/server/Datasets/MOLF/MindtctOutput/DB1_Lumidgm/68_1_8.xyt');

INSERT INTO Images
Values('/var/www/server/Datasets/MOLF/OriginalDataset/DB1_Lumidgm/68_2_8.wsq', '68.8.2', '68.8', 352, 544, 500);

INSERT INTO Features
Values('68.8.2', '68.8.2.1', 56);

INSERT INTO Minutiaes
Values('68.8.2.1.1', '68.8.2.1', '/var/www/server/Datasets/MOLF/MindtctOutput/DB1_Lumidgm/68_2_8.xyt');

INSERT INTO Images
Values('/var/www/server/Datasets/MOLF/OriginalDataset/DB1_Lumidgm/68_3_8.wsq', '68.8.3', '68.8', 352, 544, 500);

INSERT INTO Features
Values('68.8.3', '68.8.3.1', 65);

INSERT INTO Minutiaes
Values('68.8.3.1.1', '68.8.3.1', '/var/www/server/Datasets/MOLF/MindtctOutput/DB1_Lumidgm/68_3_8.xyt');

INSERT INTO Images
Values('/var/www/server/Datasets/MOLF/OriginalDataset/DB1_Lumidgm/68_4_8.wsq', '68.8.4', '68.8', 352, 544, 500);

INSERT INTO Features
Values('68.8.4', '68.8.4.1', 76);

INSERT INTO Minutiaes
Values('68.8.4.1.1', '68.8.4.1', '/var/www/server/Datasets/MOLF/MindtctOutput/DB1_Lumidgm/68_4_8.xyt');

INSERT INTO Fingers
Values(NULL, 9, '68.9', '68');

INSERT INTO Images
Values('/var/www/server/Datasets/MOLF/OriginalDataset/DB1_Lumidgm/68_1_9.wsq', '68.9.1', '68.9', 352, 544, 500);

INSERT INTO Features
Values('68.9.1', '68.9.1.1', 92);

INSERT INTO Minutiaes
Values('68.9.1.1.1', '68.9.1.1', '/var/www/server/Datasets/MOLF/MindtctOutput/DB1_Lumidgm/68_1_9.xyt');

INSERT INTO Images
Values('/var/www/server/Datasets/MOLF/OriginalDataset/DB1_Lumidgm/68_2_9.wsq', '68.9.2', '68.9', 352, 544, 500);

INSERT INTO Features
Values('68.9.2', '68.9.2.1', 68);

INSERT INTO Minutiaes
Values('68.9.2.1.1', '68.9.2.1', '/var/www/server/Datasets/MOLF/MindtctOutput/DB1_Lumidgm/68_2_9.xyt');

INSERT INTO Images
Values('/var/www/server/Datasets/MOLF/OriginalDataset/DB1_Lumidgm/68_3_9.wsq', '68.9.3', '68.9', 352, 544, 500);

INSERT INTO Features
Values('68.9.3', '68.9.3.1', 54);

INSERT INTO Minutiaes
Values('68.9.3.1.1', '68.9.3.1', '/var/www/server/Datasets/MOLF/MindtctOutput/DB1_Lumidgm/68_3_9.xyt');

INSERT INTO Images
Values('/var/www/server/Datasets/MOLF/OriginalDataset/DB1_Lumidgm/68_4_9.wsq', '68.9.4', '68.9', 352, 544, 500);

INSERT INTO Features
Values('68.9.4', '68.9.4.1', 72);

INSERT INTO Minutiaes
Values('68.9.4.1.1', '68.9.4.1', '/var/www/server/Datasets/MOLF/MindtctOutput/DB1_Lumidgm/68_4_9.xyt');

INSERT INTO Fingers
Values(NULL, 10, '68.10', '68');

INSERT INTO Images
Values('/var/www/server/Datasets/MOLF/OriginalDataset/DB1_Lumidgm/68_1_10.wsq', '68.10.1', '68.10', 352, 544, 500);

INSERT INTO Features
Values('68.10.1', '68.10.1.1', 53);

INSERT INTO Minutiaes
Values('68.10.1.1.1', '68.10.1.1', '/var/www/server/Datasets/MOLF/MindtctOutput/DB1_Lumidgm/68_1_10.xyt');

INSERT INTO Images
Values('/var/www/server/Datasets/MOLF/OriginalDataset/DB1_Lumidgm/68_2_10.wsq', '68.10.2', '68.10', 352, 544, 500);

INSERT INTO Features
Values('68.10.2', '68.10.2.1', 51);

INSERT INTO Minutiaes
Values('68.10.2.1.1', '68.10.2.1', '/var/www/server/Datasets/MOLF/MindtctOutput/DB1_Lumidgm/68_2_10.xyt');

INSERT INTO Images
Values('/var/www/server/Datasets/MOLF/OriginalDataset/DB1_Lumidgm/68_3_10.wsq', '68.10.3', '68.10', 352, 544, 500);

INSERT INTO Features
Values('68.10.3', '68.10.3.1', 48);

INSERT INTO Minutiaes
Values('68.10.3.1.1', '68.10.3.1', '/var/www/server/Datasets/MOLF/MindtctOutput/DB1_Lumidgm/68_3_10.xyt');

INSERT INTO Images
Values('/var/www/server/Datasets/MOLF/OriginalDataset/DB1_Lumidgm/68_4_10.wsq', '68.10.4', '68.10', 352, 544, 500);

INSERT INTO Features
Values('68.10.4', '68.10.4.1', 56);

INSERT INTO Minutiaes
Values('68.10.4.1.1', '68.10.4.1', '/var/www/server/Datasets/MOLF/MindtctOutput/DB1_Lumidgm/68_4_10.xyt');

#------------------------SUBJECT 69------------------------
INSERT INTO Subjects
Values('69');

INSERT INTO Fingers
Values(NULL, 1, '69.1', '69');

INSERT INTO Images
Values('/var/www/server/Datasets/MOLF/OriginalDataset/DB1_Lumidgm/69_1_1.wsq', '69.1.1', '69.1', 352, 544, 500);

INSERT INTO Features
Values('69.1.1', '69.1.1.1', 73);

INSERT INTO Minutiaes
Values('69.1.1.1.1', '69.1.1.1', '/var/www/server/Datasets/MOLF/MindtctOutput/DB1_Lumidgm/69_1_1.xyt');

INSERT INTO Images
Values('/var/www/server/Datasets/MOLF/OriginalDataset/DB1_Lumidgm/69_2_1.wsq', '69.1.2', '69.1', 352, 544, 500);

INSERT INTO Features
Values('69.1.2', '69.1.2.1', 69);

INSERT INTO Minutiaes
Values('69.1.2.1.1', '69.1.2.1', '/var/www/server/Datasets/MOLF/MindtctOutput/DB1_Lumidgm/69_2_1.xyt');

INSERT INTO Images
Values('/var/www/server/Datasets/MOLF/OriginalDataset/DB1_Lumidgm/69_3_1.wsq', '69.1.3', '69.1', 352, 544, 500);

INSERT INTO Features
Values('69.1.3', '69.1.3.1', 64);

INSERT INTO Minutiaes
Values('69.1.3.1.1', '69.1.3.1', '/var/www/server/Datasets/MOLF/MindtctOutput/DB1_Lumidgm/69_3_1.xyt');

INSERT INTO Images
Values('/var/www/server/Datasets/MOLF/OriginalDataset/DB1_Lumidgm/69_4_1.wsq', '69.1.4', '69.1', 352, 544, 500);

INSERT INTO Features
Values('69.1.4', '69.1.4.1', 54);

INSERT INTO Minutiaes
Values('69.1.4.1.1', '69.1.4.1', '/var/www/server/Datasets/MOLF/MindtctOutput/DB1_Lumidgm/69_4_1.xyt');

INSERT INTO Fingers
Values(NULL, 2, '69.2', '69');

INSERT INTO Images
Values('/var/www/server/Datasets/MOLF/OriginalDataset/DB1_Lumidgm/69_1_2.wsq', '69.2.1', '69.2', 352, 544, 500);

INSERT INTO Features
Values('69.2.1', '69.2.1.1', 58);

INSERT INTO Minutiaes
Values('69.2.1.1.1', '69.2.1.1', '/var/www/server/Datasets/MOLF/MindtctOutput/DB1_Lumidgm/69_1_2.xyt');

INSERT INTO Images
Values('/var/www/server/Datasets/MOLF/OriginalDataset/DB1_Lumidgm/69_2_2.wsq', '69.2.2', '69.2', 352, 544, 500);

INSERT INTO Features
Values('69.2.2', '69.2.2.1', 74);

INSERT INTO Minutiaes
Values('69.2.2.1.1', '69.2.2.1', '/var/www/server/Datasets/MOLF/MindtctOutput/DB1_Lumidgm/69_2_2.xyt');

INSERT INTO Images
Values('/var/www/server/Datasets/MOLF/OriginalDataset/DB1_Lumidgm/69_3_2.wsq', '69.2.3', '69.2', 352, 544, 500);

INSERT INTO Features
Values('69.2.3', '69.2.3.1', 61);

INSERT INTO Minutiaes
Values('69.2.3.1.1', '69.2.3.1', '/var/www/server/Datasets/MOLF/MindtctOutput/DB1_Lumidgm/69_3_2.xyt');

INSERT INTO Images
Values('/var/www/server/Datasets/MOLF/OriginalDataset/DB1_Lumidgm/69_4_2.wsq', '69.2.4', '69.2', 352, 544, 500);

INSERT INTO Features
Values('69.2.4', '69.2.4.1', 68);

INSERT INTO Minutiaes
Values('69.2.4.1.1', '69.2.4.1', '/var/www/server/Datasets/MOLF/MindtctOutput/DB1_Lumidgm/69_4_2.xyt');

INSERT INTO Fingers
Values(NULL, 3, '69.3', '69');

INSERT INTO Images
Values('/var/www/server/Datasets/MOLF/OriginalDataset/DB1_Lumidgm/69_1_3.wsq', '69.3.1', '69.3', 352, 544, 500);

INSERT INTO Features
Values('69.3.1', '69.3.1.1', 42);

INSERT INTO Minutiaes
Values('69.3.1.1.1', '69.3.1.1', '/var/www/server/Datasets/MOLF/MindtctOutput/DB1_Lumidgm/69_1_3.xyt');

INSERT INTO Images
Values('/var/www/server/Datasets/MOLF/OriginalDataset/DB1_Lumidgm/69_2_3.wsq', '69.3.2', '69.3', 352, 544, 500);

INSERT INTO Features
Values('69.3.2', '69.3.2.1', 56);

INSERT INTO Minutiaes
Values('69.3.2.1.1', '69.3.2.1', '/var/www/server/Datasets/MOLF/MindtctOutput/DB1_Lumidgm/69_2_3.xyt');

INSERT INTO Images
Values('/var/www/server/Datasets/MOLF/OriginalDataset/DB1_Lumidgm/69_3_3.wsq', '69.3.3', '69.3', 352, 544, 500);

INSERT INTO Features
Values('69.3.3', '69.3.3.1', 53);

INSERT INTO Minutiaes
Values('69.3.3.1.1', '69.3.3.1', '/var/www/server/Datasets/MOLF/MindtctOutput/DB1_Lumidgm/69_3_3.xyt');

INSERT INTO Images
Values('/var/www/server/Datasets/MOLF/OriginalDataset/DB1_Lumidgm/69_4_3.wsq', '69.3.4', '69.3', 352, 544, 500);

INSERT INTO Features
Values('69.3.4', '69.3.4.1', 64);

INSERT INTO Minutiaes
Values('69.3.4.1.1', '69.3.4.1', '/var/www/server/Datasets/MOLF/MindtctOutput/DB1_Lumidgm/69_4_3.xyt');

INSERT INTO Fingers
Values(NULL, 4, '69.4', '69');

INSERT INTO Images
Values('/var/www/server/Datasets/MOLF/OriginalDataset/DB1_Lumidgm/69_1_4.wsq', '69.4.1', '69.4', 352, 544, 500);

INSERT INTO Features
Values('69.4.1', '69.4.1.1', 46);

INSERT INTO Minutiaes
Values('69.4.1.1.1', '69.4.1.1', '/var/www/server/Datasets/MOLF/MindtctOutput/DB1_Lumidgm/69_1_4.xyt');

INSERT INTO Images
Values('/var/www/server/Datasets/MOLF/OriginalDataset/DB1_Lumidgm/69_2_4.wsq', '69.4.2', '69.4', 352, 544, 500);

INSERT INTO Features
Values('69.4.2', '69.4.2.1', 51);

INSERT INTO Minutiaes
Values('69.4.2.1.1', '69.4.2.1', '/var/www/server/Datasets/MOLF/MindtctOutput/DB1_Lumidgm/69_2_4.xyt');

INSERT INTO Images
Values('/var/www/server/Datasets/MOLF/OriginalDataset/DB1_Lumidgm/69_3_4.wsq', '69.4.3', '69.4', 352, 544, 500);

INSERT INTO Features
Values('69.4.3', '69.4.3.1', 51);

INSERT INTO Minutiaes
Values('69.4.3.1.1', '69.4.3.1', '/var/www/server/Datasets/MOLF/MindtctOutput/DB1_Lumidgm/69_3_4.xyt');

INSERT INTO Images
Values('/var/www/server/Datasets/MOLF/OriginalDataset/DB1_Lumidgm/69_4_4.wsq', '69.4.4', '69.4', 352, 544, 500);

INSERT INTO Features
Values('69.4.4', '69.4.4.1', 36);

INSERT INTO Minutiaes
Values('69.4.4.1.1', '69.4.4.1', '/var/www/server/Datasets/MOLF/MindtctOutput/DB1_Lumidgm/69_4_4.xyt');

INSERT INTO Fingers
Values(NULL, 5, '69.5', '69');

INSERT INTO Images
Values('/var/www/server/Datasets/MOLF/OriginalDataset/DB1_Lumidgm/69_1_5.wsq', '69.5.1', '69.5', 352, 544, 500);

INSERT INTO Features
Values('69.5.1', '69.5.1.1', 42);

INSERT INTO Minutiaes
Values('69.5.1.1.1', '69.5.1.1', '/var/www/server/Datasets/MOLF/MindtctOutput/DB1_Lumidgm/69_1_5.xyt');

INSERT INTO Images
Values('/var/www/server/Datasets/MOLF/OriginalDataset/DB1_Lumidgm/69_2_5.wsq', '69.5.2', '69.5', 352, 544, 500);

INSERT INTO Features
Values('69.5.2', '69.5.2.1', 53);

INSERT INTO Minutiaes
Values('69.5.2.1.1', '69.5.2.1', '/var/www/server/Datasets/MOLF/MindtctOutput/DB1_Lumidgm/69_2_5.xyt');

INSERT INTO Images
Values('/var/www/server/Datasets/MOLF/OriginalDataset/DB1_Lumidgm/69_3_5.wsq', '69.5.3', '69.5', 352, 544, 500);

INSERT INTO Features
Values('69.5.3', '69.5.3.1', 39);

INSERT INTO Minutiaes
Values('69.5.3.1.1', '69.5.3.1', '/var/www/server/Datasets/MOLF/MindtctOutput/DB1_Lumidgm/69_3_5.xyt');

INSERT INTO Images
Values('/var/www/server/Datasets/MOLF/OriginalDataset/DB1_Lumidgm/69_4_5.wsq', '69.5.4', '69.5', 352, 544, 500);

INSERT INTO Features
Values('69.5.4', '69.5.4.1', 47);

INSERT INTO Minutiaes
Values('69.5.4.1.1', '69.5.4.1', '/var/www/server/Datasets/MOLF/MindtctOutput/DB1_Lumidgm/69_4_5.xyt');

INSERT INTO Fingers
Values(NULL, 6, '69.6', '69');

INSERT INTO Images
Values('/var/www/server/Datasets/MOLF/OriginalDataset/DB1_Lumidgm/69_1_6.wsq', '69.6.1', '69.6', 352, 544, 500);

INSERT INTO Features
Values('69.6.1', '69.6.1.1', 58);

INSERT INTO Minutiaes
Values('69.6.1.1.1', '69.6.1.1', '/var/www/server/Datasets/MOLF/MindtctOutput/DB1_Lumidgm/69_1_6.xyt');

INSERT INTO Images
Values('/var/www/server/Datasets/MOLF/OriginalDataset/DB1_Lumidgm/69_2_6.wsq', '69.6.2', '69.6', 352, 544, 500);

INSERT INTO Features
Values('69.6.2', '69.6.2.1', 62);

INSERT INTO Minutiaes
Values('69.6.2.1.1', '69.6.2.1', '/var/www/server/Datasets/MOLF/MindtctOutput/DB1_Lumidgm/69_2_6.xyt');

INSERT INTO Images
Values('/var/www/server/Datasets/MOLF/OriginalDataset/DB1_Lumidgm/69_3_6.wsq', '69.6.3', '69.6', 352, 544, 500);

INSERT INTO Features
Values('69.6.3', '69.6.3.1', 51);

INSERT INTO Minutiaes
Values('69.6.3.1.1', '69.6.3.1', '/var/www/server/Datasets/MOLF/MindtctOutput/DB1_Lumidgm/69_3_6.xyt');

INSERT INTO Images
Values('/var/www/server/Datasets/MOLF/OriginalDataset/DB1_Lumidgm/69_4_6.wsq', '69.6.4', '69.6', 352, 544, 500);

INSERT INTO Features
Values('69.6.4', '69.6.4.1', 56);

INSERT INTO Minutiaes
Values('69.6.4.1.1', '69.6.4.1', '/var/www/server/Datasets/MOLF/MindtctOutput/DB1_Lumidgm/69_4_6.xyt');

INSERT INTO Fingers
Values(NULL, 7, '69.7', '69');

INSERT INTO Images
Values('/var/www/server/Datasets/MOLF/OriginalDataset/DB1_Lumidgm/69_1_7.wsq', '69.7.1', '69.7', 352, 544, 500);

INSERT INTO Features
Values('69.7.1', '69.7.1.1', 50);

INSERT INTO Minutiaes
Values('69.7.1.1.1', '69.7.1.1', '/var/www/server/Datasets/MOLF/MindtctOutput/DB1_Lumidgm/69_1_7.xyt');

INSERT INTO Images
Values('/var/www/server/Datasets/MOLF/OriginalDataset/DB1_Lumidgm/69_2_7.wsq', '69.7.2', '69.7', 352, 544, 500);

INSERT INTO Features
Values('69.7.2', '69.7.2.1', 56);

INSERT INTO Minutiaes
Values('69.7.2.1.1', '69.7.2.1', '/var/www/server/Datasets/MOLF/MindtctOutput/DB1_Lumidgm/69_2_7.xyt');

INSERT INTO Images
Values('/var/www/server/Datasets/MOLF/OriginalDataset/DB1_Lumidgm/69_3_7.wsq', '69.7.3', '69.7', 352, 544, 500);

INSERT INTO Features
Values('69.7.3', '69.7.3.1', 63);

INSERT INTO Minutiaes
Values('69.7.3.1.1', '69.7.3.1', '/var/www/server/Datasets/MOLF/MindtctOutput/DB1_Lumidgm/69_3_7.xyt');

INSERT INTO Images
Values('/var/www/server/Datasets/MOLF/OriginalDataset/DB1_Lumidgm/69_4_7.wsq', '69.7.4', '69.7', 352, 544, 500);

INSERT INTO Features
Values('69.7.4', '69.7.4.1', 52);

INSERT INTO Minutiaes
Values('69.7.4.1.1', '69.7.4.1', '/var/www/server/Datasets/MOLF/MindtctOutput/DB1_Lumidgm/69_4_7.xyt');

INSERT INTO Fingers
Values(NULL, 8, '69.8', '69');

INSERT INTO Images
Values('/var/www/server/Datasets/MOLF/OriginalDataset/DB1_Lumidgm/69_1_8.wsq', '69.8.1', '69.8', 352, 544, 500);

INSERT INTO Features
Values('69.8.1', '69.8.1.1', 59);

INSERT INTO Minutiaes
Values('69.8.1.1.1', '69.8.1.1', '/var/www/server/Datasets/MOLF/MindtctOutput/DB1_Lumidgm/69_1_8.xyt');

INSERT INTO Images
Values('/var/www/server/Datasets/MOLF/OriginalDataset/DB1_Lumidgm/69_2_8.wsq', '69.8.2', '69.8', 352, 544, 500);

INSERT INTO Features
Values('69.8.2', '69.8.2.1', 52);

INSERT INTO Minutiaes
Values('69.8.2.1.1', '69.8.2.1', '/var/www/server/Datasets/MOLF/MindtctOutput/DB1_Lumidgm/69_2_8.xyt');

INSERT INTO Images
Values('/var/www/server/Datasets/MOLF/OriginalDataset/DB1_Lumidgm/69_3_8.wsq', '69.8.3', '69.8', 352, 544, 500);

INSERT INTO Features
Values('69.8.3', '69.8.3.1', 49);

INSERT INTO Minutiaes
Values('69.8.3.1.1', '69.8.3.1', '/var/www/server/Datasets/MOLF/MindtctOutput/DB1_Lumidgm/69_3_8.xyt');

INSERT INTO Images
Values('/var/www/server/Datasets/MOLF/OriginalDataset/DB1_Lumidgm/69_4_8.wsq', '69.8.4', '69.8', 352, 544, 500);

INSERT INTO Features
Values('69.8.4', '69.8.4.1', 40);

INSERT INTO Minutiaes
Values('69.8.4.1.1', '69.8.4.1', '/var/www/server/Datasets/MOLF/MindtctOutput/DB1_Lumidgm/69_4_8.xyt');

INSERT INTO Fingers
Values(NULL, 9, '69.9', '69');

INSERT INTO Images
Values('/var/www/server/Datasets/MOLF/OriginalDataset/DB1_Lumidgm/69_1_9.wsq', '69.9.1', '69.9', 352, 544, 500);

INSERT INTO Features
Values('69.9.1', '69.9.1.1', 57);

INSERT INTO Minutiaes
Values('69.9.1.1.1', '69.9.1.1', '/var/www/server/Datasets/MOLF/MindtctOutput/DB1_Lumidgm/69_1_9.xyt');

INSERT INTO Images
Values('/var/www/server/Datasets/MOLF/OriginalDataset/DB1_Lumidgm/69_2_9.wsq', '69.9.2', '69.9', 352, 544, 500);

INSERT INTO Features
Values('69.9.2', '69.9.2.1', 48);

INSERT INTO Minutiaes
Values('69.9.2.1.1', '69.9.2.1', '/var/www/server/Datasets/MOLF/MindtctOutput/DB1_Lumidgm/69_2_9.xyt');

INSERT INTO Images
Values('/var/www/server/Datasets/MOLF/OriginalDataset/DB1_Lumidgm/69_3_9.wsq', '69.9.3', '69.9', 352, 544, 500);

INSERT INTO Features
Values('69.9.3', '69.9.3.1', 55);

INSERT INTO Minutiaes
Values('69.9.3.1.1', '69.9.3.1', '/var/www/server/Datasets/MOLF/MindtctOutput/DB1_Lumidgm/69_3_9.xyt');

INSERT INTO Images
Values('/var/www/server/Datasets/MOLF/OriginalDataset/DB1_Lumidgm/69_4_9.wsq', '69.9.4', '69.9', 352, 544, 500);

INSERT INTO Features
Values('69.9.4', '69.9.4.1', 56);

INSERT INTO Minutiaes
Values('69.9.4.1.1', '69.9.4.1', '/var/www/server/Datasets/MOLF/MindtctOutput/DB1_Lumidgm/69_4_9.xyt');

INSERT INTO Fingers
Values(NULL, 10, '69.10', '69');

INSERT INTO Images
Values('/var/www/server/Datasets/MOLF/OriginalDataset/DB1_Lumidgm/69_1_10.wsq', '69.10.1', '69.10', 352, 544, 500);

INSERT INTO Features
Values('69.10.1', '69.10.1.1', 60);

INSERT INTO Minutiaes
Values('69.10.1.1.1', '69.10.1.1', '/var/www/server/Datasets/MOLF/MindtctOutput/DB1_Lumidgm/69_1_10.xyt');

INSERT INTO Images
Values('/var/www/server/Datasets/MOLF/OriginalDataset/DB1_Lumidgm/69_2_10.wsq', '69.10.2', '69.10', 352, 544, 500);

INSERT INTO Features
Values('69.10.2', '69.10.2.1', 65);

INSERT INTO Minutiaes
Values('69.10.2.1.1', '69.10.2.1', '/var/www/server/Datasets/MOLF/MindtctOutput/DB1_Lumidgm/69_2_10.xyt');

INSERT INTO Images
Values('/var/www/server/Datasets/MOLF/OriginalDataset/DB1_Lumidgm/69_3_10.wsq', '69.10.3', '69.10', 352, 544, 500);

INSERT INTO Features
Values('69.10.3', '69.10.3.1', 55);

INSERT INTO Minutiaes
Values('69.10.3.1.1', '69.10.3.1', '/var/www/server/Datasets/MOLF/MindtctOutput/DB1_Lumidgm/69_3_10.xyt');

INSERT INTO Images
Values('/var/www/server/Datasets/MOLF/OriginalDataset/DB1_Lumidgm/69_4_10.wsq', '69.10.4', '69.10', 352, 544, 500);

INSERT INTO Features
Values('69.10.4', '69.10.4.1', 68);

INSERT INTO Minutiaes
Values('69.10.4.1.1', '69.10.4.1', '/var/www/server/Datasets/MOLF/MindtctOutput/DB1_Lumidgm/69_4_10.xyt');

#------------------------SUBJECT 70------------------------
INSERT INTO Subjects
Values('70');

INSERT INTO Fingers
Values(NULL, 1, '70.1', '70');

INSERT INTO Images
Values('/var/www/server/Datasets/MOLF/OriginalDataset/DB1_Lumidgm/70_1_1.wsq', '70.1.1', '70.1', 352, 544, 500);

INSERT INTO Features
Values('70.1.1', '70.1.1.1', 75);

INSERT INTO Minutiaes
Values('70.1.1.1.1', '70.1.1.1', '/var/www/server/Datasets/MOLF/MindtctOutput/DB1_Lumidgm/70_1_1.xyt');

INSERT INTO Images
Values('/var/www/server/Datasets/MOLF/OriginalDataset/DB1_Lumidgm/70_2_1.wsq', '70.1.2', '70.1', 352, 544, 500);

INSERT INTO Features
Values('70.1.2', '70.1.2.1', 81);

INSERT INTO Minutiaes
Values('70.1.2.1.1', '70.1.2.1', '/var/www/server/Datasets/MOLF/MindtctOutput/DB1_Lumidgm/70_2_1.xyt');

INSERT INTO Images
Values('/var/www/server/Datasets/MOLF/OriginalDataset/DB1_Lumidgm/70_3_1.wsq', '70.1.3', '70.1', 352, 544, 500);

INSERT INTO Features
Values('70.1.3', '70.1.3.1', 72);

INSERT INTO Minutiaes
Values('70.1.3.1.1', '70.1.3.1', '/var/www/server/Datasets/MOLF/MindtctOutput/DB1_Lumidgm/70_3_1.xyt');

INSERT INTO Images
Values('/var/www/server/Datasets/MOLF/OriginalDataset/DB1_Lumidgm/70_4_1.wsq', '70.1.4', '70.1', 352, 544, 500);

INSERT INTO Features
Values('70.1.4', '70.1.4.1', 77);

INSERT INTO Minutiaes
Values('70.1.4.1.1', '70.1.4.1', '/var/www/server/Datasets/MOLF/MindtctOutput/DB1_Lumidgm/70_4_1.xyt');

INSERT INTO Fingers
Values(NULL, 2, '70.2', '70');

INSERT INTO Images
Values('/var/www/server/Datasets/MOLF/OriginalDataset/DB1_Lumidgm/70_1_2.wsq', '70.2.1', '70.2', 352, 544, 500);

INSERT INTO Features
Values('70.2.1', '70.2.1.1', 75);

INSERT INTO Minutiaes
Values('70.2.1.1.1', '70.2.1.1', '/var/www/server/Datasets/MOLF/MindtctOutput/DB1_Lumidgm/70_1_2.xyt');

INSERT INTO Images
Values('/var/www/server/Datasets/MOLF/OriginalDataset/DB1_Lumidgm/70_2_2.wsq', '70.2.2', '70.2', 352, 544, 500);

INSERT INTO Features
Values('70.2.2', '70.2.2.1', 72);

INSERT INTO Minutiaes
Values('70.2.2.1.1', '70.2.2.1', '/var/www/server/Datasets/MOLF/MindtctOutput/DB1_Lumidgm/70_2_2.xyt');

INSERT INTO Images
Values('/var/www/server/Datasets/MOLF/OriginalDataset/DB1_Lumidgm/70_3_2.wsq', '70.2.3', '70.2', 352, 544, 500);

INSERT INTO Features
Values('70.2.3', '70.2.3.1', 51);

INSERT INTO Minutiaes
Values('70.2.3.1.1', '70.2.3.1', '/var/www/server/Datasets/MOLF/MindtctOutput/DB1_Lumidgm/70_3_2.xyt');

INSERT INTO Images
Values('/var/www/server/Datasets/MOLF/OriginalDataset/DB1_Lumidgm/70_4_2.wsq', '70.2.4', '70.2', 352, 544, 500);

INSERT INTO Features
Values('70.2.4', '70.2.4.1', 80);

INSERT INTO Minutiaes
Values('70.2.4.1.1', '70.2.4.1', '/var/www/server/Datasets/MOLF/MindtctOutput/DB1_Lumidgm/70_4_2.xyt');

INSERT INTO Fingers
Values(NULL, 3, '70.3', '70');

INSERT INTO Images
Values('/var/www/server/Datasets/MOLF/OriginalDataset/DB1_Lumidgm/70_1_3.wsq', '70.3.1', '70.3', 352, 544, 500);

INSERT INTO Features
Values('70.3.1', '70.3.1.1', 69);

INSERT INTO Minutiaes
Values('70.3.1.1.1', '70.3.1.1', '/var/www/server/Datasets/MOLF/MindtctOutput/DB1_Lumidgm/70_1_3.xyt');

INSERT INTO Images
Values('/var/www/server/Datasets/MOLF/OriginalDataset/DB1_Lumidgm/70_2_3.wsq', '70.3.2', '70.3', 352, 544, 500);

INSERT INTO Features
Values('70.3.2', '70.3.2.1', 56);

INSERT INTO Minutiaes
Values('70.3.2.1.1', '70.3.2.1', '/var/www/server/Datasets/MOLF/MindtctOutput/DB1_Lumidgm/70_2_3.xyt');

INSERT INTO Images
Values('/var/www/server/Datasets/MOLF/OriginalDataset/DB1_Lumidgm/70_3_3.wsq', '70.3.3', '70.3', 352, 544, 500);

INSERT INTO Features
Values('70.3.3', '70.3.3.1', 63);

INSERT INTO Minutiaes
Values('70.3.3.1.1', '70.3.3.1', '/var/www/server/Datasets/MOLF/MindtctOutput/DB1_Lumidgm/70_3_3.xyt');

INSERT INTO Images
Values('/var/www/server/Datasets/MOLF/OriginalDataset/DB1_Lumidgm/70_4_3.wsq', '70.3.4', '70.3', 352, 544, 500);

INSERT INTO Features
Values('70.3.4', '70.3.4.1', 63);

INSERT INTO Minutiaes
Values('70.3.4.1.1', '70.3.4.1', '/var/www/server/Datasets/MOLF/MindtctOutput/DB1_Lumidgm/70_4_3.xyt');

INSERT INTO Fingers
Values(NULL, 4, '70.4', '70');

INSERT INTO Images
Values('/var/www/server/Datasets/MOLF/OriginalDataset/DB1_Lumidgm/70_1_4.wsq', '70.4.1', '70.4', 352, 544, 500);

INSERT INTO Features
Values('70.4.1', '70.4.1.1', 78);

INSERT INTO Minutiaes
Values('70.4.1.1.1', '70.4.1.1', '/var/www/server/Datasets/MOLF/MindtctOutput/DB1_Lumidgm/70_1_4.xyt');

INSERT INTO Images
Values('/var/www/server/Datasets/MOLF/OriginalDataset/DB1_Lumidgm/70_2_4.wsq', '70.4.2', '70.4', 352, 544, 500);

INSERT INTO Features
Values('70.4.2', '70.4.2.1', 64);

INSERT INTO Minutiaes
Values('70.4.2.1.1', '70.4.2.1', '/var/www/server/Datasets/MOLF/MindtctOutput/DB1_Lumidgm/70_2_4.xyt');

INSERT INTO Images
Values('/var/www/server/Datasets/MOLF/OriginalDataset/DB1_Lumidgm/70_3_4.wsq', '70.4.3', '70.4', 352, 544, 500);

INSERT INTO Features
Values('70.4.3', '70.4.3.1', 56);

INSERT INTO Minutiaes
Values('70.4.3.1.1', '70.4.3.1', '/var/www/server/Datasets/MOLF/MindtctOutput/DB1_Lumidgm/70_3_4.xyt');

INSERT INTO Images
Values('/var/www/server/Datasets/MOLF/OriginalDataset/DB1_Lumidgm/70_4_4.wsq', '70.4.4', '70.4', 352, 544, 500);

INSERT INTO Features
Values('70.4.4', '70.4.4.1', 65);

INSERT INTO Minutiaes
Values('70.4.4.1.1', '70.4.4.1', '/var/www/server/Datasets/MOLF/MindtctOutput/DB1_Lumidgm/70_4_4.xyt');

INSERT INTO Fingers
Values(NULL, 5, '70.5', '70');

INSERT INTO Images
Values('/var/www/server/Datasets/MOLF/OriginalDataset/DB1_Lumidgm/70_1_5.wsq', '70.5.1', '70.5', 352, 544, 500);

INSERT INTO Features
Values('70.5.1', '70.5.1.1', 47);

INSERT INTO Minutiaes
Values('70.5.1.1.1', '70.5.1.1', '/var/www/server/Datasets/MOLF/MindtctOutput/DB1_Lumidgm/70_1_5.xyt');

INSERT INTO Images
Values('/var/www/server/Datasets/MOLF/OriginalDataset/DB1_Lumidgm/70_2_5.wsq', '70.5.2', '70.5', 352, 544, 500);

INSERT INTO Features
Values('70.5.2', '70.5.2.1', 58);

INSERT INTO Minutiaes
Values('70.5.2.1.1', '70.5.2.1', '/var/www/server/Datasets/MOLF/MindtctOutput/DB1_Lumidgm/70_2_5.xyt');

INSERT INTO Images
Values('/var/www/server/Datasets/MOLF/OriginalDataset/DB1_Lumidgm/70_3_5.wsq', '70.5.3', '70.5', 352, 544, 500);

INSERT INTO Features
Values('70.5.3', '70.5.3.1', 50);

INSERT INTO Minutiaes
Values('70.5.3.1.1', '70.5.3.1', '/var/www/server/Datasets/MOLF/MindtctOutput/DB1_Lumidgm/70_3_5.xyt');

INSERT INTO Images
Values('/var/www/server/Datasets/MOLF/OriginalDataset/DB1_Lumidgm/70_4_5.wsq', '70.5.4', '70.5', 352, 544, 500);

INSERT INTO Features
Values('70.5.4', '70.5.4.1', 54);

INSERT INTO Minutiaes
Values('70.5.4.1.1', '70.5.4.1', '/var/www/server/Datasets/MOLF/MindtctOutput/DB1_Lumidgm/70_4_5.xyt');

INSERT INTO Fingers
Values(NULL, 6, '70.6', '70');

INSERT INTO Images
Values('/var/www/server/Datasets/MOLF/OriginalDataset/DB1_Lumidgm/70_1_6.wsq', '70.6.1', '70.6', 352, 544, 500);

INSERT INTO Features
Values('70.6.1', '70.6.1.1', 58);

INSERT INTO Minutiaes
Values('70.6.1.1.1', '70.6.1.1', '/var/www/server/Datasets/MOLF/MindtctOutput/DB1_Lumidgm/70_1_6.xyt');

INSERT INTO Images
Values('/var/www/server/Datasets/MOLF/OriginalDataset/DB1_Lumidgm/70_2_6.wsq', '70.6.2', '70.6', 352, 544, 500);

INSERT INTO Features
Values('70.6.2', '70.6.2.1', 72);

INSERT INTO Minutiaes
Values('70.6.2.1.1', '70.6.2.1', '/var/www/server/Datasets/MOLF/MindtctOutput/DB1_Lumidgm/70_2_6.xyt');

INSERT INTO Images
Values('/var/www/server/Datasets/MOLF/OriginalDataset/DB1_Lumidgm/70_3_6.wsq', '70.6.3', '70.6', 352, 544, 500);

INSERT INTO Features
Values('70.6.3', '70.6.3.1', 49);

INSERT INTO Minutiaes
Values('70.6.3.1.1', '70.6.3.1', '/var/www/server/Datasets/MOLF/MindtctOutput/DB1_Lumidgm/70_3_6.xyt');

INSERT INTO Images
Values('/var/www/server/Datasets/MOLF/OriginalDataset/DB1_Lumidgm/70_4_6.wsq', '70.6.4', '70.6', 352, 544, 500);

INSERT INTO Features
Values('70.6.4', '70.6.4.1', 63);

INSERT INTO Minutiaes
Values('70.6.4.1.1', '70.6.4.1', '/var/www/server/Datasets/MOLF/MindtctOutput/DB1_Lumidgm/70_4_6.xyt');

INSERT INTO Fingers
Values(NULL, 7, '70.7', '70');

INSERT INTO Images
Values('/var/www/server/Datasets/MOLF/OriginalDataset/DB1_Lumidgm/70_1_7.wsq', '70.7.1', '70.7', 352, 544, 500);

INSERT INTO Features
Values('70.7.1', '70.7.1.1', 52);

INSERT INTO Minutiaes
Values('70.7.1.1.1', '70.7.1.1', '/var/www/server/Datasets/MOLF/MindtctOutput/DB1_Lumidgm/70_1_7.xyt');

INSERT INTO Images
Values('/var/www/server/Datasets/MOLF/OriginalDataset/DB1_Lumidgm/70_2_7.wsq', '70.7.2', '70.7', 352, 544, 500);

INSERT INTO Features
Values('70.7.2', '70.7.2.1', 56);

INSERT INTO Minutiaes
Values('70.7.2.1.1', '70.7.2.1', '/var/www/server/Datasets/MOLF/MindtctOutput/DB1_Lumidgm/70_2_7.xyt');

INSERT INTO Images
Values('/var/www/server/Datasets/MOLF/OriginalDataset/DB1_Lumidgm/70_3_7.wsq', '70.7.3', '70.7', 352, 544, 500);

INSERT INTO Features
Values('70.7.3', '70.7.3.1', 51);

INSERT INTO Minutiaes
Values('70.7.3.1.1', '70.7.3.1', '/var/www/server/Datasets/MOLF/MindtctOutput/DB1_Lumidgm/70_3_7.xyt');

INSERT INTO Images
Values('/var/www/server/Datasets/MOLF/OriginalDataset/DB1_Lumidgm/70_4_7.wsq', '70.7.4', '70.7', 352, 544, 500);

INSERT INTO Features
Values('70.7.4', '70.7.4.1', 55);

INSERT INTO Minutiaes
Values('70.7.4.1.1', '70.7.4.1', '/var/www/server/Datasets/MOLF/MindtctOutput/DB1_Lumidgm/70_4_7.xyt');

INSERT INTO Fingers
Values(NULL, 8, '70.8', '70');

INSERT INTO Images
Values('/var/www/server/Datasets/MOLF/OriginalDataset/DB1_Lumidgm/70_1_8.wsq', '70.8.1', '70.8', 352, 544, 500);

INSERT INTO Features
Values('70.8.1', '70.8.1.1', 57);

INSERT INTO Minutiaes
Values('70.8.1.1.1', '70.8.1.1', '/var/www/server/Datasets/MOLF/MindtctOutput/DB1_Lumidgm/70_1_8.xyt');

INSERT INTO Images
Values('/var/www/server/Datasets/MOLF/OriginalDataset/DB1_Lumidgm/70_2_8.wsq', '70.8.2', '70.8', 352, 544, 500);

INSERT INTO Features
Values('70.8.2', '70.8.2.1', 69);

INSERT INTO Minutiaes
Values('70.8.2.1.1', '70.8.2.1', '/var/www/server/Datasets/MOLF/MindtctOutput/DB1_Lumidgm/70_2_8.xyt');

INSERT INTO Images
Values('/var/www/server/Datasets/MOLF/OriginalDataset/DB1_Lumidgm/70_3_8.wsq', '70.8.3', '70.8', 352, 544, 500);

INSERT INTO Features
Values('70.8.3', '70.8.3.1', 62);

INSERT INTO Minutiaes
Values('70.8.3.1.1', '70.8.3.1', '/var/www/server/Datasets/MOLF/MindtctOutput/DB1_Lumidgm/70_3_8.xyt');

INSERT INTO Images
Values('/var/www/server/Datasets/MOLF/OriginalDataset/DB1_Lumidgm/70_4_8.wsq', '70.8.4', '70.8', 352, 544, 500);

INSERT INTO Features
Values('70.8.4', '70.8.4.1', 73);

INSERT INTO Minutiaes
Values('70.8.4.1.1', '70.8.4.1', '/var/www/server/Datasets/MOLF/MindtctOutput/DB1_Lumidgm/70_4_8.xyt');

INSERT INTO Fingers
Values(NULL, 9, '70.9', '70');

INSERT INTO Images
Values('/var/www/server/Datasets/MOLF/OriginalDataset/DB1_Lumidgm/70_1_9.wsq', '70.9.1', '70.9', 352, 544, 500);

INSERT INTO Features
Values('70.9.1', '70.9.1.1', 52);

INSERT INTO Minutiaes
Values('70.9.1.1.1', '70.9.1.1', '/var/www/server/Datasets/MOLF/MindtctOutput/DB1_Lumidgm/70_1_9.xyt');

INSERT INTO Images
Values('/var/www/server/Datasets/MOLF/OriginalDataset/DB1_Lumidgm/70_2_9.wsq', '70.9.2', '70.9', 352, 544, 500);

INSERT INTO Features
Values('70.9.2', '70.9.2.1', 55);

INSERT INTO Minutiaes
Values('70.9.2.1.1', '70.9.2.1', '/var/www/server/Datasets/MOLF/MindtctOutput/DB1_Lumidgm/70_2_9.xyt');

INSERT INTO Images
Values('/var/www/server/Datasets/MOLF/OriginalDataset/DB1_Lumidgm/70_3_9.wsq', '70.9.3', '70.9', 352, 544, 500);

INSERT INTO Features
Values('70.9.3', '70.9.3.1', 42);

INSERT INTO Minutiaes
Values('70.9.3.1.1', '70.9.3.1', '/var/www/server/Datasets/MOLF/MindtctOutput/DB1_Lumidgm/70_3_9.xyt');

INSERT INTO Images
Values('/var/www/server/Datasets/MOLF/OriginalDataset/DB1_Lumidgm/70_4_9.wsq', '70.9.4', '70.9', 352, 544, 500);

INSERT INTO Features
Values('70.9.4', '70.9.4.1', 42);

INSERT INTO Minutiaes
Values('70.9.4.1.1', '70.9.4.1', '/var/www/server/Datasets/MOLF/MindtctOutput/DB1_Lumidgm/70_4_9.xyt');

INSERT INTO Fingers
Values(NULL, 10, '70.10', '70');

INSERT INTO Images
Values('/var/www/server/Datasets/MOLF/OriginalDataset/DB1_Lumidgm/70_1_10.wsq', '70.10.1', '70.10', 352, 544, 500);

INSERT INTO Features
Values('70.10.1', '70.10.1.1', 59);

INSERT INTO Minutiaes
Values('70.10.1.1.1', '70.10.1.1', '/var/www/server/Datasets/MOLF/MindtctOutput/DB1_Lumidgm/70_1_10.xyt');

INSERT INTO Images
Values('/var/www/server/Datasets/MOLF/OriginalDataset/DB1_Lumidgm/70_2_10.wsq', '70.10.2', '70.10', 352, 544, 500);

INSERT INTO Features
Values('70.10.2', '70.10.2.1', 66);

INSERT INTO Minutiaes
Values('70.10.2.1.1', '70.10.2.1', '/var/www/server/Datasets/MOLF/MindtctOutput/DB1_Lumidgm/70_2_10.xyt');

INSERT INTO Images
Values('/var/www/server/Datasets/MOLF/OriginalDataset/DB1_Lumidgm/70_3_10.wsq', '70.10.3', '70.10', 352, 544, 500);

INSERT INTO Features
Values('70.10.3', '70.10.3.1', 61);

INSERT INTO Minutiaes
Values('70.10.3.1.1', '70.10.3.1', '/var/www/server/Datasets/MOLF/MindtctOutput/DB1_Lumidgm/70_3_10.xyt');

INSERT INTO Images
Values('/var/www/server/Datasets/MOLF/OriginalDataset/DB1_Lumidgm/70_4_10.wsq', '70.10.4', '70.10', 352, 544, 500);

INSERT INTO Features
Values('70.10.4', '70.10.4.1', 66);

INSERT INTO Minutiaes
Values('70.10.4.1.1', '70.10.4.1', '/var/www/server/Datasets/MOLF/MindtctOutput/DB1_Lumidgm/70_4_10.xyt');

#------------------------SUBJECT 71------------------------
INSERT INTO Subjects
Values('71');

INSERT INTO Fingers
Values(NULL, 1, '71.1', '71');

INSERT INTO Images
Values('/var/www/server/Datasets/MOLF/OriginalDataset/DB1_Lumidgm/71_1_1.wsq', '71.1.1', '71.1', 352, 544, 500);

INSERT INTO Features
Values('71.1.1', '71.1.1.1', 59);

INSERT INTO Minutiaes
Values('71.1.1.1.1', '71.1.1.1', '/var/www/server/Datasets/MOLF/MindtctOutput/DB1_Lumidgm/71_1_1.xyt');

INSERT INTO Images
Values('/var/www/server/Datasets/MOLF/OriginalDataset/DB1_Lumidgm/71_2_1.wsq', '71.1.2', '71.1', 352, 544, 500);

INSERT INTO Features
Values('71.1.2', '71.1.2.1', 42);

INSERT INTO Minutiaes
Values('71.1.2.1.1', '71.1.2.1', '/var/www/server/Datasets/MOLF/MindtctOutput/DB1_Lumidgm/71_2_1.xyt');

INSERT INTO Images
Values('/var/www/server/Datasets/MOLF/OriginalDataset/DB1_Lumidgm/71_3_1.wsq', '71.1.3', '71.1', 352, 544, 500);

INSERT INTO Features
Values('71.1.3', '71.1.3.1', 38);

INSERT INTO Minutiaes
Values('71.1.3.1.1', '71.1.3.1', '/var/www/server/Datasets/MOLF/MindtctOutput/DB1_Lumidgm/71_3_1.xyt');

INSERT INTO Images
Values('/var/www/server/Datasets/MOLF/OriginalDataset/DB1_Lumidgm/71_4_1.wsq', '71.1.4', '71.1', 352, 544, 500);

INSERT INTO Features
Values('71.1.4', '71.1.4.1', 48);

INSERT INTO Minutiaes
Values('71.1.4.1.1', '71.1.4.1', '/var/www/server/Datasets/MOLF/MindtctOutput/DB1_Lumidgm/71_4_1.xyt');

INSERT INTO Fingers
Values(NULL, 2, '71.2', '71');

INSERT INTO Images
Values('/var/www/server/Datasets/MOLF/OriginalDataset/DB1_Lumidgm/71_1_2.wsq', '71.2.1', '71.2', 352, 544, 500);

INSERT INTO Features
Values('71.2.1', '71.2.1.1', 47);

INSERT INTO Minutiaes
Values('71.2.1.1.1', '71.2.1.1', '/var/www/server/Datasets/MOLF/MindtctOutput/DB1_Lumidgm/71_1_2.xyt');

INSERT INTO Images
Values('/var/www/server/Datasets/MOLF/OriginalDataset/DB1_Lumidgm/71_2_2.wsq', '71.2.2', '71.2', 352, 544, 500);

INSERT INTO Features
Values('71.2.2', '71.2.2.1', 61);

INSERT INTO Minutiaes
Values('71.2.2.1.1', '71.2.2.1', '/var/www/server/Datasets/MOLF/MindtctOutput/DB1_Lumidgm/71_2_2.xyt');

INSERT INTO Images
Values('/var/www/server/Datasets/MOLF/OriginalDataset/DB1_Lumidgm/71_3_2.wsq', '71.2.3', '71.2', 352, 544, 500);

INSERT INTO Features
Values('71.2.3', '71.2.3.1', 69);

INSERT INTO Minutiaes
Values('71.2.3.1.1', '71.2.3.1', '/var/www/server/Datasets/MOLF/MindtctOutput/DB1_Lumidgm/71_3_2.xyt');

INSERT INTO Images
Values('/var/www/server/Datasets/MOLF/OriginalDataset/DB1_Lumidgm/71_4_2.wsq', '71.2.4', '71.2', 352, 544, 500);

INSERT INTO Features
Values('71.2.4', '71.2.4.1', 61);

INSERT INTO Minutiaes
Values('71.2.4.1.1', '71.2.4.1', '/var/www/server/Datasets/MOLF/MindtctOutput/DB1_Lumidgm/71_4_2.xyt');

INSERT INTO Fingers
Values(NULL, 3, '71.3', '71');

INSERT INTO Images
Values('/var/www/server/Datasets/MOLF/OriginalDataset/DB1_Lumidgm/71_1_3.wsq', '71.3.1', '71.3', 352, 544, 500);

INSERT INTO Features
Values('71.3.1', '71.3.1.1', 53);

INSERT INTO Minutiaes
Values('71.3.1.1.1', '71.3.1.1', '/var/www/server/Datasets/MOLF/MindtctOutput/DB1_Lumidgm/71_1_3.xyt');

INSERT INTO Images
Values('/var/www/server/Datasets/MOLF/OriginalDataset/DB1_Lumidgm/71_2_3.wsq', '71.3.2', '71.3', 352, 544, 500);

INSERT INTO Features
Values('71.3.2', '71.3.2.1', 37);

INSERT INTO Minutiaes
Values('71.3.2.1.1', '71.3.2.1', '/var/www/server/Datasets/MOLF/MindtctOutput/DB1_Lumidgm/71_2_3.xyt');

INSERT INTO Images
Values('/var/www/server/Datasets/MOLF/OriginalDataset/DB1_Lumidgm/71_3_3.wsq', '71.3.3', '71.3', 352, 544, 500);

INSERT INTO Features
Values('71.3.3', '71.3.3.1', 55);

INSERT INTO Minutiaes
Values('71.3.3.1.1', '71.3.3.1', '/var/www/server/Datasets/MOLF/MindtctOutput/DB1_Lumidgm/71_3_3.xyt');

INSERT INTO Images
Values('/var/www/server/Datasets/MOLF/OriginalDataset/DB1_Lumidgm/71_4_3.wsq', '71.3.4', '71.3', 352, 544, 500);

INSERT INTO Features
Values('71.3.4', '71.3.4.1', 50);

INSERT INTO Minutiaes
Values('71.3.4.1.1', '71.3.4.1', '/var/www/server/Datasets/MOLF/MindtctOutput/DB1_Lumidgm/71_4_3.xyt');

INSERT INTO Fingers
Values(NULL, 4, '71.4', '71');

INSERT INTO Images
Values('/var/www/server/Datasets/MOLF/OriginalDataset/DB1_Lumidgm/71_1_4.wsq', '71.4.1', '71.4', 352, 544, 500);

INSERT INTO Features
Values('71.4.1', '71.4.1.1', 51);

INSERT INTO Minutiaes
Values('71.4.1.1.1', '71.4.1.1', '/var/www/server/Datasets/MOLF/MindtctOutput/DB1_Lumidgm/71_1_4.xyt');

INSERT INTO Images
Values('/var/www/server/Datasets/MOLF/OriginalDataset/DB1_Lumidgm/71_2_4.wsq', '71.4.2', '71.4', 352, 544, 500);

INSERT INTO Features
Values('71.4.2', '71.4.2.1', 57);

INSERT INTO Minutiaes
Values('71.4.2.1.1', '71.4.2.1', '/var/www/server/Datasets/MOLF/MindtctOutput/DB1_Lumidgm/71_2_4.xyt');

INSERT INTO Images
Values('/var/www/server/Datasets/MOLF/OriginalDataset/DB1_Lumidgm/71_3_4.wsq', '71.4.3', '71.4', 352, 544, 500);

INSERT INTO Features
Values('71.4.3', '71.4.3.1', 53);

INSERT INTO Minutiaes
Values('71.4.3.1.1', '71.4.3.1', '/var/www/server/Datasets/MOLF/MindtctOutput/DB1_Lumidgm/71_3_4.xyt');

INSERT INTO Images
Values('/var/www/server/Datasets/MOLF/OriginalDataset/DB1_Lumidgm/71_4_4.wsq', '71.4.4', '71.4', 352, 544, 500);

INSERT INTO Features
Values('71.4.4', '71.4.4.1', 57);

INSERT INTO Minutiaes
Values('71.4.4.1.1', '71.4.4.1', '/var/www/server/Datasets/MOLF/MindtctOutput/DB1_Lumidgm/71_4_4.xyt');

INSERT INTO Fingers
Values(NULL, 5, '71.5', '71');

INSERT INTO Images
Values('/var/www/server/Datasets/MOLF/OriginalDataset/DB1_Lumidgm/71_1_5.wsq', '71.5.1', '71.5', 352, 544, 500);

INSERT INTO Features
Values('71.5.1', '71.5.1.1', 56);

INSERT INTO Minutiaes
Values('71.5.1.1.1', '71.5.1.1', '/var/www/server/Datasets/MOLF/MindtctOutput/DB1_Lumidgm/71_1_5.xyt');

INSERT INTO Images
Values('/var/www/server/Datasets/MOLF/OriginalDataset/DB1_Lumidgm/71_2_5.wsq', '71.5.2', '71.5', 352, 544, 500);

INSERT INTO Features
Values('71.5.2', '71.5.2.1', 56);

INSERT INTO Minutiaes
Values('71.5.2.1.1', '71.5.2.1', '/var/www/server/Datasets/MOLF/MindtctOutput/DB1_Lumidgm/71_2_5.xyt');

INSERT INTO Images
Values('/var/www/server/Datasets/MOLF/OriginalDataset/DB1_Lumidgm/71_3_5.wsq', '71.5.3', '71.5', 352, 544, 500);

INSERT INTO Features
Values('71.5.3', '71.5.3.1', 64);

INSERT INTO Minutiaes
Values('71.5.3.1.1', '71.5.3.1', '/var/www/server/Datasets/MOLF/MindtctOutput/DB1_Lumidgm/71_3_5.xyt');

INSERT INTO Images
Values('/var/www/server/Datasets/MOLF/OriginalDataset/DB1_Lumidgm/71_4_5.wsq', '71.5.4', '71.5', 352, 544, 500);

INSERT INTO Features
Values('71.5.4', '71.5.4.1', 59);

INSERT INTO Minutiaes
Values('71.5.4.1.1', '71.5.4.1', '/var/www/server/Datasets/MOLF/MindtctOutput/DB1_Lumidgm/71_4_5.xyt');

INSERT INTO Fingers
Values(NULL, 6, '71.6', '71');

INSERT INTO Images
Values('/var/www/server/Datasets/MOLF/OriginalDataset/DB1_Lumidgm/71_1_6.wsq', '71.6.1', '71.6', 352, 544, 500);

INSERT INTO Features
Values('71.6.1', '71.6.1.1', 41);

INSERT INTO Minutiaes
Values('71.6.1.1.1', '71.6.1.1', '/var/www/server/Datasets/MOLF/MindtctOutput/DB1_Lumidgm/71_1_6.xyt');

INSERT INTO Images
Values('/var/www/server/Datasets/MOLF/OriginalDataset/DB1_Lumidgm/71_2_6.wsq', '71.6.2', '71.6', 352, 544, 500);

INSERT INTO Features
Values('71.6.2', '71.6.2.1', 79);

INSERT INTO Minutiaes
Values('71.6.2.1.1', '71.6.2.1', '/var/www/server/Datasets/MOLF/MindtctOutput/DB1_Lumidgm/71_2_6.xyt');

INSERT INTO Images
Values('/var/www/server/Datasets/MOLF/OriginalDataset/DB1_Lumidgm/71_3_6.wsq', '71.6.3', '71.6', 352, 544, 500);

INSERT INTO Features
Values('71.6.3', '71.6.3.1', 58);

INSERT INTO Minutiaes
Values('71.6.3.1.1', '71.6.3.1', '/var/www/server/Datasets/MOLF/MindtctOutput/DB1_Lumidgm/71_3_6.xyt');

INSERT INTO Images
Values('/var/www/server/Datasets/MOLF/OriginalDataset/DB1_Lumidgm/71_4_6.wsq', '71.6.4', '71.6', 352, 544, 500);

INSERT INTO Features
Values('71.6.4', '71.6.4.1', 65);

INSERT INTO Minutiaes
Values('71.6.4.1.1', '71.6.4.1', '/var/www/server/Datasets/MOLF/MindtctOutput/DB1_Lumidgm/71_4_6.xyt');

INSERT INTO Fingers
Values(NULL, 7, '71.7', '71');

INSERT INTO Images
Values('/var/www/server/Datasets/MOLF/OriginalDataset/DB1_Lumidgm/71_1_7.wsq', '71.7.1', '71.7', 352, 544, 500);

INSERT INTO Features
Values('71.7.1', '71.7.1.1', 66);

INSERT INTO Minutiaes
Values('71.7.1.1.1', '71.7.1.1', '/var/www/server/Datasets/MOLF/MindtctOutput/DB1_Lumidgm/71_1_7.xyt');

INSERT INTO Images
Values('/var/www/server/Datasets/MOLF/OriginalDataset/DB1_Lumidgm/71_2_7.wsq', '71.7.2', '71.7', 352, 544, 500);

INSERT INTO Features
Values('71.7.2', '71.7.2.1', 64);

INSERT INTO Minutiaes
Values('71.7.2.1.1', '71.7.2.1', '/var/www/server/Datasets/MOLF/MindtctOutput/DB1_Lumidgm/71_2_7.xyt');

INSERT INTO Images
Values('/var/www/server/Datasets/MOLF/OriginalDataset/DB1_Lumidgm/71_3_7.wsq', '71.7.3', '71.7', 352, 544, 500);

INSERT INTO Features
Values('71.7.3', '71.7.3.1', 61);

INSERT INTO Minutiaes
Values('71.7.3.1.1', '71.7.3.1', '/var/www/server/Datasets/MOLF/MindtctOutput/DB1_Lumidgm/71_3_7.xyt');

INSERT INTO Images
Values('/var/www/server/Datasets/MOLF/OriginalDataset/DB1_Lumidgm/71_4_7.wsq', '71.7.4', '71.7', 352, 544, 500);

INSERT INTO Features
Values('71.7.4', '71.7.4.1', 90);

INSERT INTO Minutiaes
Values('71.7.4.1.1', '71.7.4.1', '/var/www/server/Datasets/MOLF/MindtctOutput/DB1_Lumidgm/71_4_7.xyt');

INSERT INTO Fingers
Values(NULL, 8, '71.8', '71');

INSERT INTO Images
Values('/var/www/server/Datasets/MOLF/OriginalDataset/DB1_Lumidgm/71_1_8.wsq', '71.8.1', '71.8', 352, 544, 500);

INSERT INTO Features
Values('71.8.1', '71.8.1.1', 60);

INSERT INTO Minutiaes
Values('71.8.1.1.1', '71.8.1.1', '/var/www/server/Datasets/MOLF/MindtctOutput/DB1_Lumidgm/71_1_8.xyt');

INSERT INTO Images
Values('/var/www/server/Datasets/MOLF/OriginalDataset/DB1_Lumidgm/71_2_8.wsq', '71.8.2', '71.8', 352, 544, 500);

INSERT INTO Features
Values('71.8.2', '71.8.2.1', 60);

INSERT INTO Minutiaes
Values('71.8.2.1.1', '71.8.2.1', '/var/www/server/Datasets/MOLF/MindtctOutput/DB1_Lumidgm/71_2_8.xyt');

INSERT INTO Images
Values('/var/www/server/Datasets/MOLF/OriginalDataset/DB1_Lumidgm/71_3_8.wsq', '71.8.3', '71.8', 352, 544, 500);

INSERT INTO Features
Values('71.8.3', '71.8.3.1', 56);

INSERT INTO Minutiaes
Values('71.8.3.1.1', '71.8.3.1', '/var/www/server/Datasets/MOLF/MindtctOutput/DB1_Lumidgm/71_3_8.xyt');

INSERT INTO Images
Values('/var/www/server/Datasets/MOLF/OriginalDataset/DB1_Lumidgm/71_4_8.wsq', '71.8.4', '71.8', 352, 544, 500);

INSERT INTO Features
Values('71.8.4', '71.8.4.1', 73);

INSERT INTO Minutiaes
Values('71.8.4.1.1', '71.8.4.1', '/var/www/server/Datasets/MOLF/MindtctOutput/DB1_Lumidgm/71_4_8.xyt');

INSERT INTO Fingers
Values(NULL, 9, '71.9', '71');

INSERT INTO Images
Values('/var/www/server/Datasets/MOLF/OriginalDataset/DB1_Lumidgm/71_1_9.wsq', '71.9.1', '71.9', 352, 544, 500);

INSERT INTO Features
Values('71.9.1', '71.9.1.1', 40);

INSERT INTO Minutiaes
Values('71.9.1.1.1', '71.9.1.1', '/var/www/server/Datasets/MOLF/MindtctOutput/DB1_Lumidgm/71_1_9.xyt');

INSERT INTO Images
Values('/var/www/server/Datasets/MOLF/OriginalDataset/DB1_Lumidgm/71_2_9.wsq', '71.9.2', '71.9', 352, 544, 500);

INSERT INTO Features
Values('71.9.2', '71.9.2.1', 50);

INSERT INTO Minutiaes
Values('71.9.2.1.1', '71.9.2.1', '/var/www/server/Datasets/MOLF/MindtctOutput/DB1_Lumidgm/71_2_9.xyt');

INSERT INTO Images
Values('/var/www/server/Datasets/MOLF/OriginalDataset/DB1_Lumidgm/71_3_9.wsq', '71.9.3', '71.9', 352, 544, 500);

INSERT INTO Features
Values('71.9.3', '71.9.3.1', 47);

INSERT INTO Minutiaes
Values('71.9.3.1.1', '71.9.3.1', '/var/www/server/Datasets/MOLF/MindtctOutput/DB1_Lumidgm/71_3_9.xyt');

INSERT INTO Images
Values('/var/www/server/Datasets/MOLF/OriginalDataset/DB1_Lumidgm/71_4_9.wsq', '71.9.4', '71.9', 352, 544, 500);

INSERT INTO Features
Values('71.9.4', '71.9.4.1', 61);

INSERT INTO Minutiaes
Values('71.9.4.1.1', '71.9.4.1', '/var/www/server/Datasets/MOLF/MindtctOutput/DB1_Lumidgm/71_4_9.xyt');

INSERT INTO Fingers
Values(NULL, 10, '71.10', '71');

INSERT INTO Images
Values('/var/www/server/Datasets/MOLF/OriginalDataset/DB1_Lumidgm/71_1_10.wsq', '71.10.1', '71.10', 352, 544, 500);

INSERT INTO Features
Values('71.10.1', '71.10.1.1', 73);

INSERT INTO Minutiaes
Values('71.10.1.1.1', '71.10.1.1', '/var/www/server/Datasets/MOLF/MindtctOutput/DB1_Lumidgm/71_1_10.xyt');

INSERT INTO Images
Values('/var/www/server/Datasets/MOLF/OriginalDataset/DB1_Lumidgm/71_2_10.wsq', '71.10.2', '71.10', 352, 544, 500);

INSERT INTO Features
Values('71.10.2', '71.10.2.1', 48);

INSERT INTO Minutiaes
Values('71.10.2.1.1', '71.10.2.1', '/var/www/server/Datasets/MOLF/MindtctOutput/DB1_Lumidgm/71_2_10.xyt');

INSERT INTO Images
Values('/var/www/server/Datasets/MOLF/OriginalDataset/DB1_Lumidgm/71_3_10.wsq', '71.10.3', '71.10', 352, 544, 500);

INSERT INTO Features
Values('71.10.3', '71.10.3.1', 95);

INSERT INTO Minutiaes
Values('71.10.3.1.1', '71.10.3.1', '/var/www/server/Datasets/MOLF/MindtctOutput/DB1_Lumidgm/71_3_10.xyt');

INSERT INTO Images
Values('/var/www/server/Datasets/MOLF/OriginalDataset/DB1_Lumidgm/71_4_10.wsq', '71.10.4', '71.10', 352, 544, 500);

INSERT INTO Features
Values('71.10.4', '71.10.4.1', 81);

INSERT INTO Minutiaes
Values('71.10.4.1.1', '71.10.4.1', '/var/www/server/Datasets/MOLF/MindtctOutput/DB1_Lumidgm/71_4_10.xyt');

#------------------------SUBJECT 72------------------------
INSERT INTO Subjects
Values('72');

INSERT INTO Fingers
Values(NULL, 1, '72.1', '72');

INSERT INTO Images
Values('/var/www/server/Datasets/MOLF/OriginalDataset/DB1_Lumidgm/72_1_1.wsq', '72.1.1', '72.1', 352, 544, 500);

INSERT INTO Features
Values('72.1.1', '72.1.1.1', 37);

INSERT INTO Minutiaes
Values('72.1.1.1.1', '72.1.1.1', '/var/www/server/Datasets/MOLF/MindtctOutput/DB1_Lumidgm/72_1_1.xyt');

INSERT INTO Images
Values('/var/www/server/Datasets/MOLF/OriginalDataset/DB1_Lumidgm/72_2_1.wsq', '72.1.2', '72.1', 352, 544, 500);

INSERT INTO Features
Values('72.1.2', '72.1.2.1', 45);

INSERT INTO Minutiaes
Values('72.1.2.1.1', '72.1.2.1', '/var/www/server/Datasets/MOLF/MindtctOutput/DB1_Lumidgm/72_2_1.xyt');

INSERT INTO Images
Values('/var/www/server/Datasets/MOLF/OriginalDataset/DB1_Lumidgm/72_3_1.wsq', '72.1.3', '72.1', 352, 544, 500);

INSERT INTO Features
Values('72.1.3', '72.1.3.1', 44);

INSERT INTO Minutiaes
Values('72.1.3.1.1', '72.1.3.1', '/var/www/server/Datasets/MOLF/MindtctOutput/DB1_Lumidgm/72_3_1.xyt');

INSERT INTO Images
Values('/var/www/server/Datasets/MOLF/OriginalDataset/DB1_Lumidgm/72_4_1.wsq', '72.1.4', '72.1', 352, 544, 500);

INSERT INTO Features
Values('72.1.4', '72.1.4.1', 32);

INSERT INTO Minutiaes
Values('72.1.4.1.1', '72.1.4.1', '/var/www/server/Datasets/MOLF/MindtctOutput/DB1_Lumidgm/72_4_1.xyt');

INSERT INTO Fingers
Values(NULL, 2, '72.2', '72');

INSERT INTO Images
Values('/var/www/server/Datasets/MOLF/OriginalDataset/DB1_Lumidgm/72_1_2.wsq', '72.2.1', '72.2', 352, 544, 500);

INSERT INTO Features
Values('72.2.1', '72.2.1.1', 61);

INSERT INTO Minutiaes
Values('72.2.1.1.1', '72.2.1.1', '/var/www/server/Datasets/MOLF/MindtctOutput/DB1_Lumidgm/72_1_2.xyt');

INSERT INTO Images
Values('/var/www/server/Datasets/MOLF/OriginalDataset/DB1_Lumidgm/72_2_2.wsq', '72.2.2', '72.2', 352, 544, 500);

INSERT INTO Features
Values('72.2.2', '72.2.2.1', 45);

INSERT INTO Minutiaes
Values('72.2.2.1.1', '72.2.2.1', '/var/www/server/Datasets/MOLF/MindtctOutput/DB1_Lumidgm/72_2_2.xyt');

INSERT INTO Images
Values('/var/www/server/Datasets/MOLF/OriginalDataset/DB1_Lumidgm/72_3_2.wsq', '72.2.3', '72.2', 352, 544, 500);

INSERT INTO Features
Values('72.2.3', '72.2.3.1', 55);

INSERT INTO Minutiaes
Values('72.2.3.1.1', '72.2.3.1', '/var/www/server/Datasets/MOLF/MindtctOutput/DB1_Lumidgm/72_3_2.xyt');

INSERT INTO Images
Values('/var/www/server/Datasets/MOLF/OriginalDataset/DB1_Lumidgm/72_4_2.wsq', '72.2.4', '72.2', 352, 544, 500);

INSERT INTO Features
Values('72.2.4', '72.2.4.1', 60);

INSERT INTO Minutiaes
Values('72.2.4.1.1', '72.2.4.1', '/var/www/server/Datasets/MOLF/MindtctOutput/DB1_Lumidgm/72_4_2.xyt');

INSERT INTO Fingers
Values(NULL, 3, '72.3', '72');

INSERT INTO Images
Values('/var/www/server/Datasets/MOLF/OriginalDataset/DB1_Lumidgm/72_1_3.wsq', '72.3.1', '72.3', 352, 544, 500);

INSERT INTO Features
Values('72.3.1', '72.3.1.1', 49);

INSERT INTO Minutiaes
Values('72.3.1.1.1', '72.3.1.1', '/var/www/server/Datasets/MOLF/MindtctOutput/DB1_Lumidgm/72_1_3.xyt');

INSERT INTO Images
Values('/var/www/server/Datasets/MOLF/OriginalDataset/DB1_Lumidgm/72_2_3.wsq', '72.3.2', '72.3', 352, 544, 500);

INSERT INTO Features
Values('72.3.2', '72.3.2.1', 49);

INSERT INTO Minutiaes
Values('72.3.2.1.1', '72.3.2.1', '/var/www/server/Datasets/MOLF/MindtctOutput/DB1_Lumidgm/72_2_3.xyt');

INSERT INTO Images
Values('/var/www/server/Datasets/MOLF/OriginalDataset/DB1_Lumidgm/72_3_3.wsq', '72.3.3', '72.3', 352, 544, 500);

INSERT INTO Features
Values('72.3.3', '72.3.3.1', 42);

INSERT INTO Minutiaes
Values('72.3.3.1.1', '72.3.3.1', '/var/www/server/Datasets/MOLF/MindtctOutput/DB1_Lumidgm/72_3_3.xyt');

INSERT INTO Images
Values('/var/www/server/Datasets/MOLF/OriginalDataset/DB1_Lumidgm/72_4_3.wsq', '72.3.4', '72.3', 352, 544, 500);

INSERT INTO Features
Values('72.3.4', '72.3.4.1', 48);

INSERT INTO Minutiaes
Values('72.3.4.1.1', '72.3.4.1', '/var/www/server/Datasets/MOLF/MindtctOutput/DB1_Lumidgm/72_4_3.xyt');

INSERT INTO Fingers
Values(NULL, 4, '72.4', '72');

INSERT INTO Images
Values('/var/www/server/Datasets/MOLF/OriginalDataset/DB1_Lumidgm/72_1_4.wsq', '72.4.1', '72.4', 352, 544, 500);

INSERT INTO Features
Values('72.4.1', '72.4.1.1', 57);

INSERT INTO Minutiaes
Values('72.4.1.1.1', '72.4.1.1', '/var/www/server/Datasets/MOLF/MindtctOutput/DB1_Lumidgm/72_1_4.xyt');

INSERT INTO Images
Values('/var/www/server/Datasets/MOLF/OriginalDataset/DB1_Lumidgm/72_2_4.wsq', '72.4.2', '72.4', 352, 544, 500);

INSERT INTO Features
Values('72.4.2', '72.4.2.1', 60);

INSERT INTO Minutiaes
Values('72.4.2.1.1', '72.4.2.1', '/var/www/server/Datasets/MOLF/MindtctOutput/DB1_Lumidgm/72_2_4.xyt');

INSERT INTO Images
Values('/var/www/server/Datasets/MOLF/OriginalDataset/DB1_Lumidgm/72_3_4.wsq', '72.4.3', '72.4', 352, 544, 500);

INSERT INTO Features
Values('72.4.3', '72.4.3.1', 81);

INSERT INTO Minutiaes
Values('72.4.3.1.1', '72.4.3.1', '/var/www/server/Datasets/MOLF/MindtctOutput/DB1_Lumidgm/72_3_4.xyt');

INSERT INTO Images
Values('/var/www/server/Datasets/MOLF/OriginalDataset/DB1_Lumidgm/72_4_4.wsq', '72.4.4', '72.4', 352, 544, 500);

INSERT INTO Features
Values('72.4.4', '72.4.4.1', 65);

INSERT INTO Minutiaes
Values('72.4.4.1.1', '72.4.4.1', '/var/www/server/Datasets/MOLF/MindtctOutput/DB1_Lumidgm/72_4_4.xyt');

INSERT INTO Fingers
Values(NULL, 5, '72.5', '72');

INSERT INTO Images
Values('/var/www/server/Datasets/MOLF/OriginalDataset/DB1_Lumidgm/72_1_5.wsq', '72.5.1', '72.5', 352, 544, 500);

INSERT INTO Features
Values('72.5.1', '72.5.1.1', 66);

INSERT INTO Minutiaes
Values('72.5.1.1.1', '72.5.1.1', '/var/www/server/Datasets/MOLF/MindtctOutput/DB1_Lumidgm/72_1_5.xyt');

INSERT INTO Images
Values('/var/www/server/Datasets/MOLF/OriginalDataset/DB1_Lumidgm/72_2_5.wsq', '72.5.2', '72.5', 352, 544, 500);

INSERT INTO Features
Values('72.5.2', '72.5.2.1', 76);

INSERT INTO Minutiaes
Values('72.5.2.1.1', '72.5.2.1', '/var/www/server/Datasets/MOLF/MindtctOutput/DB1_Lumidgm/72_2_5.xyt');

INSERT INTO Images
Values('/var/www/server/Datasets/MOLF/OriginalDataset/DB1_Lumidgm/72_3_5.wsq', '72.5.3', '72.5', 352, 544, 500);

INSERT INTO Features
Values('72.5.3', '72.5.3.1', 51);

INSERT INTO Minutiaes
Values('72.5.3.1.1', '72.5.3.1', '/var/www/server/Datasets/MOLF/MindtctOutput/DB1_Lumidgm/72_3_5.xyt');

INSERT INTO Images
Values('/var/www/server/Datasets/MOLF/OriginalDataset/DB1_Lumidgm/72_4_5.wsq', '72.5.4', '72.5', 352, 544, 500);

INSERT INTO Features
Values('72.5.4', '72.5.4.1', 51);

INSERT INTO Minutiaes
Values('72.5.4.1.1', '72.5.4.1', '/var/www/server/Datasets/MOLF/MindtctOutput/DB1_Lumidgm/72_4_5.xyt');

INSERT INTO Fingers
Values(NULL, 6, '72.6', '72');

INSERT INTO Images
Values('/var/www/server/Datasets/MOLF/OriginalDataset/DB1_Lumidgm/72_1_6.wsq', '72.6.1', '72.6', 352, 544, 500);

INSERT INTO Features
Values('72.6.1', '72.6.1.1', 49);

INSERT INTO Minutiaes
Values('72.6.1.1.1', '72.6.1.1', '/var/www/server/Datasets/MOLF/MindtctOutput/DB1_Lumidgm/72_1_6.xyt');

INSERT INTO Images
Values('/var/www/server/Datasets/MOLF/OriginalDataset/DB1_Lumidgm/72_2_6.wsq', '72.6.2', '72.6', 352, 544, 500);

INSERT INTO Features
Values('72.6.2', '72.6.2.1', 52);

INSERT INTO Minutiaes
Values('72.6.2.1.1', '72.6.2.1', '/var/www/server/Datasets/MOLF/MindtctOutput/DB1_Lumidgm/72_2_6.xyt');

INSERT INTO Images
Values('/var/www/server/Datasets/MOLF/OriginalDataset/DB1_Lumidgm/72_3_6.wsq', '72.6.3', '72.6', 352, 544, 500);

INSERT INTO Features
Values('72.6.3', '72.6.3.1', 64);

INSERT INTO Minutiaes
Values('72.6.3.1.1', '72.6.3.1', '/var/www/server/Datasets/MOLF/MindtctOutput/DB1_Lumidgm/72_3_6.xyt');

INSERT INTO Images
Values('/var/www/server/Datasets/MOLF/OriginalDataset/DB1_Lumidgm/72_4_6.wsq', '72.6.4', '72.6', 352, 544, 500);

INSERT INTO Features
Values('72.6.4', '72.6.4.1', 44);

INSERT INTO Minutiaes
Values('72.6.4.1.1', '72.6.4.1', '/var/www/server/Datasets/MOLF/MindtctOutput/DB1_Lumidgm/72_4_6.xyt');

INSERT INTO Fingers
Values(NULL, 7, '72.7', '72');

INSERT INTO Images
Values('/var/www/server/Datasets/MOLF/OriginalDataset/DB1_Lumidgm/72_1_7.wsq', '72.7.1', '72.7', 352, 544, 500);

INSERT INTO Features
Values('72.7.1', '72.7.1.1', 66);

INSERT INTO Minutiaes
Values('72.7.1.1.1', '72.7.1.1', '/var/www/server/Datasets/MOLF/MindtctOutput/DB1_Lumidgm/72_1_7.xyt');

INSERT INTO Images
Values('/var/www/server/Datasets/MOLF/OriginalDataset/DB1_Lumidgm/72_2_7.wsq', '72.7.2', '72.7', 352, 544, 500);

INSERT INTO Features
Values('72.7.2', '72.7.2.1', 61);

INSERT INTO Minutiaes
Values('72.7.2.1.1', '72.7.2.1', '/var/www/server/Datasets/MOLF/MindtctOutput/DB1_Lumidgm/72_2_7.xyt');

INSERT INTO Images
Values('/var/www/server/Datasets/MOLF/OriginalDataset/DB1_Lumidgm/72_3_7.wsq', '72.7.3', '72.7', 352, 544, 500);

INSERT INTO Features
Values('72.7.3', '72.7.3.1', 65);

INSERT INTO Minutiaes
Values('72.7.3.1.1', '72.7.3.1', '/var/www/server/Datasets/MOLF/MindtctOutput/DB1_Lumidgm/72_3_7.xyt');

INSERT INTO Images
Values('/var/www/server/Datasets/MOLF/OriginalDataset/DB1_Lumidgm/72_4_7.wsq', '72.7.4', '72.7', 352, 544, 500);

INSERT INTO Features
Values('72.7.4', '72.7.4.1', 64);

INSERT INTO Minutiaes
Values('72.7.4.1.1', '72.7.4.1', '/var/www/server/Datasets/MOLF/MindtctOutput/DB1_Lumidgm/72_4_7.xyt');

INSERT INTO Fingers
Values(NULL, 8, '72.8', '72');

INSERT INTO Images
Values('/var/www/server/Datasets/MOLF/OriginalDataset/DB1_Lumidgm/72_1_8.wsq', '72.8.1', '72.8', 352, 544, 500);

INSERT INTO Features
Values('72.8.1', '72.8.1.1', 44);

INSERT INTO Minutiaes
Values('72.8.1.1.1', '72.8.1.1', '/var/www/server/Datasets/MOLF/MindtctOutput/DB1_Lumidgm/72_1_8.xyt');

INSERT INTO Images
Values('/var/www/server/Datasets/MOLF/OriginalDataset/DB1_Lumidgm/72_2_8.wsq', '72.8.2', '72.8', 352, 544, 500);

INSERT INTO Features
Values('72.8.2', '72.8.2.1', 63);

INSERT INTO Minutiaes
Values('72.8.2.1.1', '72.8.2.1', '/var/www/server/Datasets/MOLF/MindtctOutput/DB1_Lumidgm/72_2_8.xyt');

INSERT INTO Images
Values('/var/www/server/Datasets/MOLF/OriginalDataset/DB1_Lumidgm/72_3_8.wsq', '72.8.3', '72.8', 352, 544, 500);

INSERT INTO Features
Values('72.8.3', '72.8.3.1', 54);

INSERT INTO Minutiaes
Values('72.8.3.1.1', '72.8.3.1', '/var/www/server/Datasets/MOLF/MindtctOutput/DB1_Lumidgm/72_3_8.xyt');

INSERT INTO Images
Values('/var/www/server/Datasets/MOLF/OriginalDataset/DB1_Lumidgm/72_4_8.wsq', '72.8.4', '72.8', 352, 544, 500);

INSERT INTO Features
Values('72.8.4', '72.8.4.1', 74);

INSERT INTO Minutiaes
Values('72.8.4.1.1', '72.8.4.1', '/var/www/server/Datasets/MOLF/MindtctOutput/DB1_Lumidgm/72_4_8.xyt');

INSERT INTO Fingers
Values(NULL, 9, '72.9', '72');

INSERT INTO Images
Values('/var/www/server/Datasets/MOLF/OriginalDataset/DB1_Lumidgm/72_1_9.wsq', '72.9.1', '72.9', 352, 544, 500);

INSERT INTO Features
Values('72.9.1', '72.9.1.1', 57);

INSERT INTO Minutiaes
Values('72.9.1.1.1', '72.9.1.1', '/var/www/server/Datasets/MOLF/MindtctOutput/DB1_Lumidgm/72_1_9.xyt');

INSERT INTO Images
Values('/var/www/server/Datasets/MOLF/OriginalDataset/DB1_Lumidgm/72_2_9.wsq', '72.9.2', '72.9', 352, 544, 500);

INSERT INTO Features
Values('72.9.2', '72.9.2.1', 57);

INSERT INTO Minutiaes
Values('72.9.2.1.1', '72.9.2.1', '/var/www/server/Datasets/MOLF/MindtctOutput/DB1_Lumidgm/72_2_9.xyt');

INSERT INTO Images
Values('/var/www/server/Datasets/MOLF/OriginalDataset/DB1_Lumidgm/72_3_9.wsq', '72.9.3', '72.9', 352, 544, 500);

INSERT INTO Features
Values('72.9.3', '72.9.3.1', 57);

INSERT INTO Minutiaes
Values('72.9.3.1.1', '72.9.3.1', '/var/www/server/Datasets/MOLF/MindtctOutput/DB1_Lumidgm/72_3_9.xyt');

INSERT INTO Images
Values('/var/www/server/Datasets/MOLF/OriginalDataset/DB1_Lumidgm/72_4_9.wsq', '72.9.4', '72.9', 352, 544, 500);

INSERT INTO Features
Values('72.9.4', '72.9.4.1', 59);

INSERT INTO Minutiaes
Values('72.9.4.1.1', '72.9.4.1', '/var/www/server/Datasets/MOLF/MindtctOutput/DB1_Lumidgm/72_4_9.xyt');

INSERT INTO Fingers
Values(NULL, 10, '72.10', '72');

INSERT INTO Images
Values('/var/www/server/Datasets/MOLF/OriginalDataset/DB1_Lumidgm/72_1_10.wsq', '72.10.1', '72.10', 352, 544, 500);

INSERT INTO Features
Values('72.10.1', '72.10.1.1', 51);

INSERT INTO Minutiaes
Values('72.10.1.1.1', '72.10.1.1', '/var/www/server/Datasets/MOLF/MindtctOutput/DB1_Lumidgm/72_1_10.xyt');

INSERT INTO Images
Values('/var/www/server/Datasets/MOLF/OriginalDataset/DB1_Lumidgm/72_2_10.wsq', '72.10.2', '72.10', 352, 544, 500);

INSERT INTO Features
Values('72.10.2', '72.10.2.1', 53);

INSERT INTO Minutiaes
Values('72.10.2.1.1', '72.10.2.1', '/var/www/server/Datasets/MOLF/MindtctOutput/DB1_Lumidgm/72_2_10.xyt');

INSERT INTO Images
Values('/var/www/server/Datasets/MOLF/OriginalDataset/DB1_Lumidgm/72_3_10.wsq', '72.10.3', '72.10', 352, 544, 500);

INSERT INTO Features
Values('72.10.3', '72.10.3.1', 52);

INSERT INTO Minutiaes
Values('72.10.3.1.1', '72.10.3.1', '/var/www/server/Datasets/MOLF/MindtctOutput/DB1_Lumidgm/72_3_10.xyt');

INSERT INTO Images
Values('/var/www/server/Datasets/MOLF/OriginalDataset/DB1_Lumidgm/72_4_10.wsq', '72.10.4', '72.10', 352, 544, 500);

INSERT INTO Features
Values('72.10.4', '72.10.4.1', 62);

INSERT INTO Minutiaes
Values('72.10.4.1.1', '72.10.4.1', '/var/www/server/Datasets/MOLF/MindtctOutput/DB1_Lumidgm/72_4_10.xyt');

#------------------------SUBJECT 73------------------------
INSERT INTO Subjects
Values('73');

INSERT INTO Fingers
Values(NULL, 1, '73.1', '73');

INSERT INTO Images
Values('/var/www/server/Datasets/MOLF/OriginalDataset/DB1_Lumidgm/73_1_1.wsq', '73.1.1', '73.1', 352, 544, 500);

INSERT INTO Features
Values('73.1.1', '73.1.1.1', 77);

INSERT INTO Minutiaes
Values('73.1.1.1.1', '73.1.1.1', '/var/www/server/Datasets/MOLF/MindtctOutput/DB1_Lumidgm/73_1_1.xyt');

INSERT INTO Images
Values('/var/www/server/Datasets/MOLF/OriginalDataset/DB1_Lumidgm/73_2_1.wsq', '73.1.2', '73.1', 352, 544, 500);

INSERT INTO Features
Values('73.1.2', '73.1.2.1', 75);

INSERT INTO Minutiaes
Values('73.1.2.1.1', '73.1.2.1', '/var/www/server/Datasets/MOLF/MindtctOutput/DB1_Lumidgm/73_2_1.xyt');

INSERT INTO Images
Values('/var/www/server/Datasets/MOLF/OriginalDataset/DB1_Lumidgm/73_3_1.wsq', '73.1.3', '73.1', 352, 544, 500);

INSERT INTO Features
Values('73.1.3', '73.1.3.1', 58);

INSERT INTO Minutiaes
Values('73.1.3.1.1', '73.1.3.1', '/var/www/server/Datasets/MOLF/MindtctOutput/DB1_Lumidgm/73_3_1.xyt');

INSERT INTO Images
Values('/var/www/server/Datasets/MOLF/OriginalDataset/DB1_Lumidgm/73_4_1.wsq', '73.1.4', '73.1', 352, 544, 500);

INSERT INTO Features
Values('73.1.4', '73.1.4.1', 79);

INSERT INTO Minutiaes
Values('73.1.4.1.1', '73.1.4.1', '/var/www/server/Datasets/MOLF/MindtctOutput/DB1_Lumidgm/73_4_1.xyt');

INSERT INTO Fingers
Values(NULL, 2, '73.2', '73');

INSERT INTO Images
Values('/var/www/server/Datasets/MOLF/OriginalDataset/DB1_Lumidgm/73_1_2.wsq', '73.2.1', '73.2', 352, 544, 500);

INSERT INTO Features
Values('73.2.1', '73.2.1.1', 62);

INSERT INTO Minutiaes
Values('73.2.1.1.1', '73.2.1.1', '/var/www/server/Datasets/MOLF/MindtctOutput/DB1_Lumidgm/73_1_2.xyt');

INSERT INTO Images
Values('/var/www/server/Datasets/MOLF/OriginalDataset/DB1_Lumidgm/73_2_2.wsq', '73.2.2', '73.2', 352, 544, 500);

INSERT INTO Features
Values('73.2.2', '73.2.2.1', 69);

INSERT INTO Minutiaes
Values('73.2.2.1.1', '73.2.2.1', '/var/www/server/Datasets/MOLF/MindtctOutput/DB1_Lumidgm/73_2_2.xyt');

INSERT INTO Images
Values('/var/www/server/Datasets/MOLF/OriginalDataset/DB1_Lumidgm/73_3_2.wsq', '73.2.3', '73.2', 352, 544, 500);

INSERT INTO Features
Values('73.2.3', '73.2.3.1', 63);

INSERT INTO Minutiaes
Values('73.2.3.1.1', '73.2.3.1', '/var/www/server/Datasets/MOLF/MindtctOutput/DB1_Lumidgm/73_3_2.xyt');

INSERT INTO Images
Values('/var/www/server/Datasets/MOLF/OriginalDataset/DB1_Lumidgm/73_4_2.wsq', '73.2.4', '73.2', 352, 544, 500);

INSERT INTO Features
Values('73.2.4', '73.2.4.1', 61);

INSERT INTO Minutiaes
Values('73.2.4.1.1', '73.2.4.1', '/var/www/server/Datasets/MOLF/MindtctOutput/DB1_Lumidgm/73_4_2.xyt');

INSERT INTO Fingers
Values(NULL, 3, '73.3', '73');

INSERT INTO Images
Values('/var/www/server/Datasets/MOLF/OriginalDataset/DB1_Lumidgm/73_1_3.wsq', '73.3.1', '73.3', 352, 544, 500);

INSERT INTO Features
Values('73.3.1', '73.3.1.1', 91);

INSERT INTO Minutiaes
Values('73.3.1.1.1', '73.3.1.1', '/var/www/server/Datasets/MOLF/MindtctOutput/DB1_Lumidgm/73_1_3.xyt');

INSERT INTO Images
Values('/var/www/server/Datasets/MOLF/OriginalDataset/DB1_Lumidgm/73_2_3.wsq', '73.3.2', '73.3', 352, 544, 500);

INSERT INTO Features
Values('73.3.2', '73.3.2.1', 56);

INSERT INTO Minutiaes
Values('73.3.2.1.1', '73.3.2.1', '/var/www/server/Datasets/MOLF/MindtctOutput/DB1_Lumidgm/73_2_3.xyt');

INSERT INTO Images
Values('/var/www/server/Datasets/MOLF/OriginalDataset/DB1_Lumidgm/73_3_3.wsq', '73.3.3', '73.3', 352, 544, 500);

INSERT INTO Features
Values('73.3.3', '73.3.3.1', 68);

INSERT INTO Minutiaes
Values('73.3.3.1.1', '73.3.3.1', '/var/www/server/Datasets/MOLF/MindtctOutput/DB1_Lumidgm/73_3_3.xyt');

INSERT INTO Images
Values('/var/www/server/Datasets/MOLF/OriginalDataset/DB1_Lumidgm/73_4_3.wsq', '73.3.4', '73.3', 352, 544, 500);

INSERT INTO Features
Values('73.3.4', '73.3.4.1', 76);

INSERT INTO Minutiaes
Values('73.3.4.1.1', '73.3.4.1', '/var/www/server/Datasets/MOLF/MindtctOutput/DB1_Lumidgm/73_4_3.xyt');

INSERT INTO Fingers
Values(NULL, 4, '73.4', '73');

INSERT INTO Images
Values('/var/www/server/Datasets/MOLF/OriginalDataset/DB1_Lumidgm/73_1_4.wsq', '73.4.1', '73.4', 352, 544, 500);

INSERT INTO Features
Values('73.4.1', '73.4.1.1', 82);

INSERT INTO Minutiaes
Values('73.4.1.1.1', '73.4.1.1', '/var/www/server/Datasets/MOLF/MindtctOutput/DB1_Lumidgm/73_1_4.xyt');

INSERT INTO Images
Values('/var/www/server/Datasets/MOLF/OriginalDataset/DB1_Lumidgm/73_2_4.wsq', '73.4.2', '73.4', 352, 544, 500);

INSERT INTO Features
Values('73.4.2', '73.4.2.1', 62);

INSERT INTO Minutiaes
Values('73.4.2.1.1', '73.4.2.1', '/var/www/server/Datasets/MOLF/MindtctOutput/DB1_Lumidgm/73_2_4.xyt');

INSERT INTO Images
Values('/var/www/server/Datasets/MOLF/OriginalDataset/DB1_Lumidgm/73_3_4.wsq', '73.4.3', '73.4', 352, 544, 500);

INSERT INTO Features
Values('73.4.3', '73.4.3.1', 62);

INSERT INTO Minutiaes
Values('73.4.3.1.1', '73.4.3.1', '/var/www/server/Datasets/MOLF/MindtctOutput/DB1_Lumidgm/73_3_4.xyt');

INSERT INTO Images
Values('/var/www/server/Datasets/MOLF/OriginalDataset/DB1_Lumidgm/73_4_4.wsq', '73.4.4', '73.4', 352, 544, 500);

INSERT INTO Features
Values('73.4.4', '73.4.4.1', 82);

INSERT INTO Minutiaes
Values('73.4.4.1.1', '73.4.4.1', '/var/www/server/Datasets/MOLF/MindtctOutput/DB1_Lumidgm/73_4_4.xyt');

INSERT INTO Fingers
Values(NULL, 5, '73.5', '73');

INSERT INTO Images
Values('/var/www/server/Datasets/MOLF/OriginalDataset/DB1_Lumidgm/73_1_5.wsq', '73.5.1', '73.5', 352, 544, 500);

INSERT INTO Features
Values('73.5.1', '73.5.1.1', 93);

INSERT INTO Minutiaes
Values('73.5.1.1.1', '73.5.1.1', '/var/www/server/Datasets/MOLF/MindtctOutput/DB1_Lumidgm/73_1_5.xyt');

INSERT INTO Images
Values('/var/www/server/Datasets/MOLF/OriginalDataset/DB1_Lumidgm/73_2_5.wsq', '73.5.2', '73.5', 352, 544, 500);

INSERT INTO Features
Values('73.5.2', '73.5.2.1', 59);

INSERT INTO Minutiaes
Values('73.5.2.1.1', '73.5.2.1', '/var/www/server/Datasets/MOLF/MindtctOutput/DB1_Lumidgm/73_2_5.xyt');

INSERT INTO Images
Values('/var/www/server/Datasets/MOLF/OriginalDataset/DB1_Lumidgm/73_3_5.wsq', '73.5.3', '73.5', 352, 544, 500);

INSERT INTO Features
Values('73.5.3', '73.5.3.1', 89);

INSERT INTO Minutiaes
Values('73.5.3.1.1', '73.5.3.1', '/var/www/server/Datasets/MOLF/MindtctOutput/DB1_Lumidgm/73_3_5.xyt');

INSERT INTO Images
Values('/var/www/server/Datasets/MOLF/OriginalDataset/DB1_Lumidgm/73_4_5.wsq', '73.5.4', '73.5', 352, 544, 500);

INSERT INTO Features
Values('73.5.4', '73.5.4.1', 94);

INSERT INTO Minutiaes
Values('73.5.4.1.1', '73.5.4.1', '/var/www/server/Datasets/MOLF/MindtctOutput/DB1_Lumidgm/73_4_5.xyt');

INSERT INTO Fingers
Values(NULL, 6, '73.6', '73');

INSERT INTO Images
Values('/var/www/server/Datasets/MOLF/OriginalDataset/DB1_Lumidgm/73_1_6.wsq', '73.6.1', '73.6', 352, 544, 500);

INSERT INTO Features
Values('73.6.1', '73.6.1.1', 72);

INSERT INTO Minutiaes
Values('73.6.1.1.1', '73.6.1.1', '/var/www/server/Datasets/MOLF/MindtctOutput/DB1_Lumidgm/73_1_6.xyt');

INSERT INTO Images
Values('/var/www/server/Datasets/MOLF/OriginalDataset/DB1_Lumidgm/73_2_6.wsq', '73.6.2', '73.6', 352, 544, 500);

INSERT INTO Features
Values('73.6.2', '73.6.2.1', 47);

INSERT INTO Minutiaes
Values('73.6.2.1.1', '73.6.2.1', '/var/www/server/Datasets/MOLF/MindtctOutput/DB1_Lumidgm/73_2_6.xyt');

INSERT INTO Images
Values('/var/www/server/Datasets/MOLF/OriginalDataset/DB1_Lumidgm/73_3_6.wsq', '73.6.3', '73.6', 352, 544, 500);

INSERT INTO Features
Values('73.6.3', '73.6.3.1', 58);

INSERT INTO Minutiaes
Values('73.6.3.1.1', '73.6.3.1', '/var/www/server/Datasets/MOLF/MindtctOutput/DB1_Lumidgm/73_3_6.xyt');

INSERT INTO Images
Values('/var/www/server/Datasets/MOLF/OriginalDataset/DB1_Lumidgm/73_4_6.wsq', '73.6.4', '73.6', 352, 544, 500);

INSERT INTO Features
Values('73.6.4', '73.6.4.1', 72);

INSERT INTO Minutiaes
Values('73.6.4.1.1', '73.6.4.1', '/var/www/server/Datasets/MOLF/MindtctOutput/DB1_Lumidgm/73_4_6.xyt');

INSERT INTO Fingers
Values(NULL, 7, '73.7', '73');

INSERT INTO Images
Values('/var/www/server/Datasets/MOLF/OriginalDataset/DB1_Lumidgm/73_1_7.wsq', '73.7.1', '73.7', 352, 544, 500);

INSERT INTO Features
Values('73.7.1', '73.7.1.1', 55);

INSERT INTO Minutiaes
Values('73.7.1.1.1', '73.7.1.1', '/var/www/server/Datasets/MOLF/MindtctOutput/DB1_Lumidgm/73_1_7.xyt');

INSERT INTO Images
Values('/var/www/server/Datasets/MOLF/OriginalDataset/DB1_Lumidgm/73_2_7.wsq', '73.7.2', '73.7', 352, 544, 500);

INSERT INTO Features
Values('73.7.2', '73.7.2.1', 60);

INSERT INTO Minutiaes
Values('73.7.2.1.1', '73.7.2.1', '/var/www/server/Datasets/MOLF/MindtctOutput/DB1_Lumidgm/73_2_7.xyt');

INSERT INTO Images
Values('/var/www/server/Datasets/MOLF/OriginalDataset/DB1_Lumidgm/73_3_7.wsq', '73.7.3', '73.7', 352, 544, 500);

INSERT INTO Features
Values('73.7.3', '73.7.3.1', 68);

INSERT INTO Minutiaes
Values('73.7.3.1.1', '73.7.3.1', '/var/www/server/Datasets/MOLF/MindtctOutput/DB1_Lumidgm/73_3_7.xyt');

INSERT INTO Images
Values('/var/www/server/Datasets/MOLF/OriginalDataset/DB1_Lumidgm/73_4_7.wsq', '73.7.4', '73.7', 352, 544, 500);

INSERT INTO Features
Values('73.7.4', '73.7.4.1', 72);

INSERT INTO Minutiaes
Values('73.7.4.1.1', '73.7.4.1', '/var/www/server/Datasets/MOLF/MindtctOutput/DB1_Lumidgm/73_4_7.xyt');

INSERT INTO Fingers
Values(NULL, 8, '73.8', '73');

INSERT INTO Images
Values('/var/www/server/Datasets/MOLF/OriginalDataset/DB1_Lumidgm/73_1_8.wsq', '73.8.1', '73.8', 352, 544, 500);

INSERT INTO Features
Values('73.8.1', '73.8.1.1', 85);

INSERT INTO Minutiaes
Values('73.8.1.1.1', '73.8.1.1', '/var/www/server/Datasets/MOLF/MindtctOutput/DB1_Lumidgm/73_1_8.xyt');

INSERT INTO Images
Values('/var/www/server/Datasets/MOLF/OriginalDataset/DB1_Lumidgm/73_2_8.wsq', '73.8.2', '73.8', 352, 544, 500);

INSERT INTO Features
Values('73.8.2', '73.8.2.1', 86);

INSERT INTO Minutiaes
Values('73.8.2.1.1', '73.8.2.1', '/var/www/server/Datasets/MOLF/MindtctOutput/DB1_Lumidgm/73_2_8.xyt');

INSERT INTO Images
Values('/var/www/server/Datasets/MOLF/OriginalDataset/DB1_Lumidgm/73_3_8.wsq', '73.8.3', '73.8', 352, 544, 500);

INSERT INTO Features
Values('73.8.3', '73.8.3.1', 79);

INSERT INTO Minutiaes
Values('73.8.3.1.1', '73.8.3.1', '/var/www/server/Datasets/MOLF/MindtctOutput/DB1_Lumidgm/73_3_8.xyt');

INSERT INTO Images
Values('/var/www/server/Datasets/MOLF/OriginalDataset/DB1_Lumidgm/73_4_8.wsq', '73.8.4', '73.8', 352, 544, 500);

INSERT INTO Features
Values('73.8.4', '73.8.4.1', 87);

INSERT INTO Minutiaes
Values('73.8.4.1.1', '73.8.4.1', '/var/www/server/Datasets/MOLF/MindtctOutput/DB1_Lumidgm/73_4_8.xyt');

INSERT INTO Fingers
Values(NULL, 9, '73.9', '73');

INSERT INTO Images
Values('/var/www/server/Datasets/MOLF/OriginalDataset/DB1_Lumidgm/73_1_9.wsq', '73.9.1', '73.9', 352, 544, 500);

INSERT INTO Features
Values('73.9.1', '73.9.1.1', 76);

INSERT INTO Minutiaes
Values('73.9.1.1.1', '73.9.1.1', '/var/www/server/Datasets/MOLF/MindtctOutput/DB1_Lumidgm/73_1_9.xyt');

INSERT INTO Images
Values('/var/www/server/Datasets/MOLF/OriginalDataset/DB1_Lumidgm/73_2_9.wsq', '73.9.2', '73.9', 352, 544, 500);

INSERT INTO Features
Values('73.9.2', '73.9.2.1', 69);

INSERT INTO Minutiaes
Values('73.9.2.1.1', '73.9.2.1', '/var/www/server/Datasets/MOLF/MindtctOutput/DB1_Lumidgm/73_2_9.xyt');

INSERT INTO Images
Values('/var/www/server/Datasets/MOLF/OriginalDataset/DB1_Lumidgm/73_3_9.wsq', '73.9.3', '73.9', 352, 544, 500);

INSERT INTO Features
Values('73.9.3', '73.9.3.1', 73);

INSERT INTO Minutiaes
Values('73.9.3.1.1', '73.9.3.1', '/var/www/server/Datasets/MOLF/MindtctOutput/DB1_Lumidgm/73_3_9.xyt');

INSERT INTO Images
Values('/var/www/server/Datasets/MOLF/OriginalDataset/DB1_Lumidgm/73_4_9.wsq', '73.9.4', '73.9', 352, 544, 500);

INSERT INTO Features
Values('73.9.4', '73.9.4.1', 84);

INSERT INTO Minutiaes
Values('73.9.4.1.1', '73.9.4.1', '/var/www/server/Datasets/MOLF/MindtctOutput/DB1_Lumidgm/73_4_9.xyt');

INSERT INTO Fingers
Values(NULL, 10, '73.10', '73');

INSERT INTO Images
Values('/var/www/server/Datasets/MOLF/OriginalDataset/DB1_Lumidgm/73_1_10.wsq', '73.10.1', '73.10', 352, 544, 500);

INSERT INTO Features
Values('73.10.1', '73.10.1.1', 63);

INSERT INTO Minutiaes
Values('73.10.1.1.1', '73.10.1.1', '/var/www/server/Datasets/MOLF/MindtctOutput/DB1_Lumidgm/73_1_10.xyt');

INSERT INTO Images
Values('/var/www/server/Datasets/MOLF/OriginalDataset/DB1_Lumidgm/73_2_10.wsq', '73.10.2', '73.10', 352, 544, 500);

INSERT INTO Features
Values('73.10.2', '73.10.2.1', 85);

INSERT INTO Minutiaes
Values('73.10.2.1.1', '73.10.2.1', '/var/www/server/Datasets/MOLF/MindtctOutput/DB1_Lumidgm/73_2_10.xyt');

INSERT INTO Images
Values('/var/www/server/Datasets/MOLF/OriginalDataset/DB1_Lumidgm/73_3_10.wsq', '73.10.3', '73.10', 352, 544, 500);

INSERT INTO Features
Values('73.10.3', '73.10.3.1', 91);

INSERT INTO Minutiaes
Values('73.10.3.1.1', '73.10.3.1', '/var/www/server/Datasets/MOLF/MindtctOutput/DB1_Lumidgm/73_3_10.xyt');

INSERT INTO Images
Values('/var/www/server/Datasets/MOLF/OriginalDataset/DB1_Lumidgm/73_4_10.wsq', '73.10.4', '73.10', 352, 544, 500);

INSERT INTO Features
Values('73.10.4', '73.10.4.1', 103);

INSERT INTO Minutiaes
Values('73.10.4.1.1', '73.10.4.1', '/var/www/server/Datasets/MOLF/MindtctOutput/DB1_Lumidgm/73_4_10.xyt');

#------------------------SUBJECT 74------------------------
INSERT INTO Subjects
Values('74');

INSERT INTO Fingers
Values(NULL, 1, '74.1', '74');

INSERT INTO Images
Values('/var/www/server/Datasets/MOLF/OriginalDataset/DB1_Lumidgm/74_1_1.wsq', '74.1.1', '74.1', 352, 544, 500);

INSERT INTO Features
Values('74.1.1', '74.1.1.1', 39);

INSERT INTO Minutiaes
Values('74.1.1.1.1', '74.1.1.1', '/var/www/server/Datasets/MOLF/MindtctOutput/DB1_Lumidgm/74_1_1.xyt');

INSERT INTO Images
Values('/var/www/server/Datasets/MOLF/OriginalDataset/DB1_Lumidgm/74_2_1.wsq', '74.1.2', '74.1', 352, 544, 500);

INSERT INTO Features
Values('74.1.2', '74.1.2.1', 39);

INSERT INTO Minutiaes
Values('74.1.2.1.1', '74.1.2.1', '/var/www/server/Datasets/MOLF/MindtctOutput/DB1_Lumidgm/74_2_1.xyt');

INSERT INTO Images
Values('/var/www/server/Datasets/MOLF/OriginalDataset/DB1_Lumidgm/74_3_1.wsq', '74.1.3', '74.1', 352, 544, 500);

INSERT INTO Features
Values('74.1.3', '74.1.3.1', 39);

INSERT INTO Minutiaes
Values('74.1.3.1.1', '74.1.3.1', '/var/www/server/Datasets/MOLF/MindtctOutput/DB1_Lumidgm/74_3_1.xyt');

INSERT INTO Images
Values('/var/www/server/Datasets/MOLF/OriginalDataset/DB1_Lumidgm/74_4_1.wsq', '74.1.4', '74.1', 352, 544, 500);

INSERT INTO Features
Values('74.1.4', '74.1.4.1', 39);

INSERT INTO Minutiaes
Values('74.1.4.1.1', '74.1.4.1', '/var/www/server/Datasets/MOLF/MindtctOutput/DB1_Lumidgm/74_4_1.xyt');

INSERT INTO Fingers
Values(NULL, 2, '74.2', '74');

INSERT INTO Images
Values('/var/www/server/Datasets/MOLF/OriginalDataset/DB1_Lumidgm/74_1_2.wsq', '74.2.1', '74.2', 352, 544, 500);

INSERT INTO Features
Values('74.2.1', '74.2.1.1', 53);

INSERT INTO Minutiaes
Values('74.2.1.1.1', '74.2.1.1', '/var/www/server/Datasets/MOLF/MindtctOutput/DB1_Lumidgm/74_1_2.xyt');

INSERT INTO Images
Values('/var/www/server/Datasets/MOLF/OriginalDataset/DB1_Lumidgm/74_2_2.wsq', '74.2.2', '74.2', 352, 544, 500);

INSERT INTO Features
Values('74.2.2', '74.2.2.1', 53);

INSERT INTO Minutiaes
Values('74.2.2.1.1', '74.2.2.1', '/var/www/server/Datasets/MOLF/MindtctOutput/DB1_Lumidgm/74_2_2.xyt');

INSERT INTO Images
Values('/var/www/server/Datasets/MOLF/OriginalDataset/DB1_Lumidgm/74_3_2.wsq', '74.2.3', '74.2', 352, 544, 500);

INSERT INTO Features
Values('74.2.3', '74.2.3.1', 54);

INSERT INTO Minutiaes
Values('74.2.3.1.1', '74.2.3.1', '/var/www/server/Datasets/MOLF/MindtctOutput/DB1_Lumidgm/74_3_2.xyt');

INSERT INTO Images
Values('/var/www/server/Datasets/MOLF/OriginalDataset/DB1_Lumidgm/74_4_2.wsq', '74.2.4', '74.2', 352, 544, 500);

INSERT INTO Features
Values('74.2.4', '74.2.4.1', 54);

INSERT INTO Minutiaes
Values('74.2.4.1.1', '74.2.4.1', '/var/www/server/Datasets/MOLF/MindtctOutput/DB1_Lumidgm/74_4_2.xyt');

INSERT INTO Fingers
Values(NULL, 3, '74.3', '74');

INSERT INTO Images
Values('/var/www/server/Datasets/MOLF/OriginalDataset/DB1_Lumidgm/74_1_3.wsq', '74.3.1', '74.3', 352, 544, 500);

INSERT INTO Features
Values('74.3.1', '74.3.1.1', 47);

INSERT INTO Minutiaes
Values('74.3.1.1.1', '74.3.1.1', '/var/www/server/Datasets/MOLF/MindtctOutput/DB1_Lumidgm/74_1_3.xyt');

INSERT INTO Images
Values('/var/www/server/Datasets/MOLF/OriginalDataset/DB1_Lumidgm/74_2_3.wsq', '74.3.2', '74.3', 352, 544, 500);

INSERT INTO Features
Values('74.3.2', '74.3.2.1', 47);

INSERT INTO Minutiaes
Values('74.3.2.1.1', '74.3.2.1', '/var/www/server/Datasets/MOLF/MindtctOutput/DB1_Lumidgm/74_2_3.xyt');

INSERT INTO Images
Values('/var/www/server/Datasets/MOLF/OriginalDataset/DB1_Lumidgm/74_3_3.wsq', '74.3.3', '74.3', 352, 544, 500);

INSERT INTO Features
Values('74.3.3', '74.3.3.1', 51);

INSERT INTO Minutiaes
Values('74.3.3.1.1', '74.3.3.1', '/var/www/server/Datasets/MOLF/MindtctOutput/DB1_Lumidgm/74_3_3.xyt');

INSERT INTO Images
Values('/var/www/server/Datasets/MOLF/OriginalDataset/DB1_Lumidgm/74_4_3.wsq', '74.3.4', '74.3', 352, 544, 500);

INSERT INTO Features
Values('74.3.4', '74.3.4.1', 51);

INSERT INTO Minutiaes
Values('74.3.4.1.1', '74.3.4.1', '/var/www/server/Datasets/MOLF/MindtctOutput/DB1_Lumidgm/74_4_3.xyt');

INSERT INTO Fingers
Values(NULL, 4, '74.4', '74');

INSERT INTO Images
Values('/var/www/server/Datasets/MOLF/OriginalDataset/DB1_Lumidgm/74_1_4.wsq', '74.4.1', '74.4', 352, 544, 500);

INSERT INTO Features
Values('74.4.1', '74.4.1.1', 56);

INSERT INTO Minutiaes
Values('74.4.1.1.1', '74.4.1.1', '/var/www/server/Datasets/MOLF/MindtctOutput/DB1_Lumidgm/74_1_4.xyt');

INSERT INTO Images
Values('/var/www/server/Datasets/MOLF/OriginalDataset/DB1_Lumidgm/74_2_4.wsq', '74.4.2', '74.4', 352, 544, 500);

INSERT INTO Features
Values('74.4.2', '74.4.2.1', 56);

INSERT INTO Minutiaes
Values('74.4.2.1.1', '74.4.2.1', '/var/www/server/Datasets/MOLF/MindtctOutput/DB1_Lumidgm/74_2_4.xyt');

INSERT INTO Images
Values('/var/www/server/Datasets/MOLF/OriginalDataset/DB1_Lumidgm/74_3_4.wsq', '74.4.3', '74.4', 352, 544, 500);

INSERT INTO Features
Values('74.4.3', '74.4.3.1', 66);

INSERT INTO Minutiaes
Values('74.4.3.1.1', '74.4.3.1', '/var/www/server/Datasets/MOLF/MindtctOutput/DB1_Lumidgm/74_3_4.xyt');

INSERT INTO Images
Values('/var/www/server/Datasets/MOLF/OriginalDataset/DB1_Lumidgm/74_4_4.wsq', '74.4.4', '74.4', 352, 544, 500);

INSERT INTO Features
Values('74.4.4', '74.4.4.1', 66);

INSERT INTO Minutiaes
Values('74.4.4.1.1', '74.4.4.1', '/var/www/server/Datasets/MOLF/MindtctOutput/DB1_Lumidgm/74_4_4.xyt');

INSERT INTO Fingers
Values(NULL, 5, '74.5', '74');

INSERT INTO Images
Values('/var/www/server/Datasets/MOLF/OriginalDataset/DB1_Lumidgm/74_1_5.wsq', '74.5.1', '74.5', 352, 544, 500);

INSERT INTO Features
Values('74.5.1', '74.5.1.1', 49);

INSERT INTO Minutiaes
Values('74.5.1.1.1', '74.5.1.1', '/var/www/server/Datasets/MOLF/MindtctOutput/DB1_Lumidgm/74_1_5.xyt');

INSERT INTO Images
Values('/var/www/server/Datasets/MOLF/OriginalDataset/DB1_Lumidgm/74_2_5.wsq', '74.5.2', '74.5', 352, 544, 500);

INSERT INTO Features
Values('74.5.2', '74.5.2.1', 49);

INSERT INTO Minutiaes
Values('74.5.2.1.1', '74.5.2.1', '/var/www/server/Datasets/MOLF/MindtctOutput/DB1_Lumidgm/74_2_5.xyt');

INSERT INTO Images
Values('/var/www/server/Datasets/MOLF/OriginalDataset/DB1_Lumidgm/74_3_5.wsq', '74.5.3', '74.5', 352, 544, 500);

INSERT INTO Features
Values('74.5.3', '74.5.3.1', 42);

INSERT INTO Minutiaes
Values('74.5.3.1.1', '74.5.3.1', '/var/www/server/Datasets/MOLF/MindtctOutput/DB1_Lumidgm/74_3_5.xyt');

INSERT INTO Images
Values('/var/www/server/Datasets/MOLF/OriginalDataset/DB1_Lumidgm/74_4_5.wsq', '74.5.4', '74.5', 352, 544, 500);

INSERT INTO Features
Values('74.5.4', '74.5.4.1', 42);

INSERT INTO Minutiaes
Values('74.5.4.1.1', '74.5.4.1', '/var/www/server/Datasets/MOLF/MindtctOutput/DB1_Lumidgm/74_4_5.xyt');

INSERT INTO Fingers
Values(NULL, 6, '74.6', '74');

INSERT INTO Images
Values('/var/www/server/Datasets/MOLF/OriginalDataset/DB1_Lumidgm/74_1_6.wsq', '74.6.1', '74.6', 352, 544, 500);

INSERT INTO Features
Values('74.6.1', '74.6.1.1', 35);

INSERT INTO Minutiaes
Values('74.6.1.1.1', '74.6.1.1', '/var/www/server/Datasets/MOLF/MindtctOutput/DB1_Lumidgm/74_1_6.xyt');

INSERT INTO Images
Values('/var/www/server/Datasets/MOLF/OriginalDataset/DB1_Lumidgm/74_2_6.wsq', '74.6.2', '74.6', 352, 544, 500);

INSERT INTO Features
Values('74.6.2', '74.6.2.1', 35);

INSERT INTO Minutiaes
Values('74.6.2.1.1', '74.6.2.1', '/var/www/server/Datasets/MOLF/MindtctOutput/DB1_Lumidgm/74_2_6.xyt');

INSERT INTO Images
Values('/var/www/server/Datasets/MOLF/OriginalDataset/DB1_Lumidgm/74_3_6.wsq', '74.6.3', '74.6', 352, 544, 500);

INSERT INTO Features
Values('74.6.3', '74.6.3.1', 25);

INSERT INTO Minutiaes
Values('74.6.3.1.1', '74.6.3.1', '/var/www/server/Datasets/MOLF/MindtctOutput/DB1_Lumidgm/74_3_6.xyt');

INSERT INTO Images
Values('/var/www/server/Datasets/MOLF/OriginalDataset/DB1_Lumidgm/74_4_6.wsq', '74.6.4', '74.6', 352, 544, 500);

INSERT INTO Features
Values('74.6.4', '74.6.4.1', 25);

INSERT INTO Minutiaes
Values('74.6.4.1.1', '74.6.4.1', '/var/www/server/Datasets/MOLF/MindtctOutput/DB1_Lumidgm/74_4_6.xyt');

INSERT INTO Fingers
Values(NULL, 7, '74.7', '74');

INSERT INTO Images
Values('/var/www/server/Datasets/MOLF/OriginalDataset/DB1_Lumidgm/74_1_7.wsq', '74.7.1', '74.7', 352, 544, 500);

INSERT INTO Features
Values('74.7.1', '74.7.1.1', 44);

INSERT INTO Minutiaes
Values('74.7.1.1.1', '74.7.1.1', '/var/www/server/Datasets/MOLF/MindtctOutput/DB1_Lumidgm/74_1_7.xyt');

INSERT INTO Images
Values('/var/www/server/Datasets/MOLF/OriginalDataset/DB1_Lumidgm/74_2_7.wsq', '74.7.2', '74.7', 352, 544, 500);

INSERT INTO Features
Values('74.7.2', '74.7.2.1', 44);

INSERT INTO Minutiaes
Values('74.7.2.1.1', '74.7.2.1', '/var/www/server/Datasets/MOLF/MindtctOutput/DB1_Lumidgm/74_2_7.xyt');

INSERT INTO Images
Values('/var/www/server/Datasets/MOLF/OriginalDataset/DB1_Lumidgm/74_3_7.wsq', '74.7.3', '74.7', 352, 544, 500);

INSERT INTO Features
Values('74.7.3', '74.7.3.1', 42);

INSERT INTO Minutiaes
Values('74.7.3.1.1', '74.7.3.1', '/var/www/server/Datasets/MOLF/MindtctOutput/DB1_Lumidgm/74_3_7.xyt');

INSERT INTO Images
Values('/var/www/server/Datasets/MOLF/OriginalDataset/DB1_Lumidgm/74_4_7.wsq', '74.7.4', '74.7', 352, 544, 500);

INSERT INTO Features
Values('74.7.4', '74.7.4.1', 42);

INSERT INTO Minutiaes
Values('74.7.4.1.1', '74.7.4.1', '/var/www/server/Datasets/MOLF/MindtctOutput/DB1_Lumidgm/74_4_7.xyt');

INSERT INTO Fingers
Values(NULL, 8, '74.8', '74');

INSERT INTO Images
Values('/var/www/server/Datasets/MOLF/OriginalDataset/DB1_Lumidgm/74_1_8.wsq', '74.8.1', '74.8', 352, 544, 500);

INSERT INTO Features
Values('74.8.1', '74.8.1.1', 49);

INSERT INTO Minutiaes
Values('74.8.1.1.1', '74.8.1.1', '/var/www/server/Datasets/MOLF/MindtctOutput/DB1_Lumidgm/74_1_8.xyt');

INSERT INTO Images
Values('/var/www/server/Datasets/MOLF/OriginalDataset/DB1_Lumidgm/74_2_8.wsq', '74.8.2', '74.8', 352, 544, 500);

INSERT INTO Features
Values('74.8.2', '74.8.2.1', 49);

INSERT INTO Minutiaes
Values('74.8.2.1.1', '74.8.2.1', '/var/www/server/Datasets/MOLF/MindtctOutput/DB1_Lumidgm/74_2_8.xyt');

INSERT INTO Images
Values('/var/www/server/Datasets/MOLF/OriginalDataset/DB1_Lumidgm/74_3_8.wsq', '74.8.3', '74.8', 352, 544, 500);

INSERT INTO Features
Values('74.8.3', '74.8.3.1', 60);

INSERT INTO Minutiaes
Values('74.8.3.1.1', '74.8.3.1', '/var/www/server/Datasets/MOLF/MindtctOutput/DB1_Lumidgm/74_3_8.xyt');

INSERT INTO Images
Values('/var/www/server/Datasets/MOLF/OriginalDataset/DB1_Lumidgm/74_4_8.wsq', '74.8.4', '74.8', 352, 544, 500);

INSERT INTO Features
Values('74.8.4', '74.8.4.1', 60);

INSERT INTO Minutiaes
Values('74.8.4.1.1', '74.8.4.1', '/var/www/server/Datasets/MOLF/MindtctOutput/DB1_Lumidgm/74_4_8.xyt');

INSERT INTO Fingers
Values(NULL, 9, '74.9', '74');

INSERT INTO Images
Values('/var/www/server/Datasets/MOLF/OriginalDataset/DB1_Lumidgm/74_1_9.wsq', '74.9.1', '74.9', 352, 544, 500);

INSERT INTO Features
Values('74.9.1', '74.9.1.1', 51);

INSERT INTO Minutiaes
Values('74.9.1.1.1', '74.9.1.1', '/var/www/server/Datasets/MOLF/MindtctOutput/DB1_Lumidgm/74_1_9.xyt');

INSERT INTO Images
Values('/var/www/server/Datasets/MOLF/OriginalDataset/DB1_Lumidgm/74_2_9.wsq', '74.9.2', '74.9', 352, 544, 500);

INSERT INTO Features
Values('74.9.2', '74.9.2.1', 51);

INSERT INTO Minutiaes
Values('74.9.2.1.1', '74.9.2.1', '/var/www/server/Datasets/MOLF/MindtctOutput/DB1_Lumidgm/74_2_9.xyt');

INSERT INTO Images
Values('/var/www/server/Datasets/MOLF/OriginalDataset/DB1_Lumidgm/74_3_9.wsq', '74.9.3', '74.9', 352, 544, 500);

INSERT INTO Features
Values('74.9.3', '74.9.3.1', 51);

INSERT INTO Minutiaes
Values('74.9.3.1.1', '74.9.3.1', '/var/www/server/Datasets/MOLF/MindtctOutput/DB1_Lumidgm/74_3_9.xyt');

INSERT INTO Images
Values('/var/www/server/Datasets/MOLF/OriginalDataset/DB1_Lumidgm/74_4_9.wsq', '74.9.4', '74.9', 352, 544, 500);

INSERT INTO Features
Values('74.9.4', '74.9.4.1', 51);

INSERT INTO Minutiaes
Values('74.9.4.1.1', '74.9.4.1', '/var/www/server/Datasets/MOLF/MindtctOutput/DB1_Lumidgm/74_4_9.xyt');

INSERT INTO Fingers
Values(NULL, 10, '74.10', '74');

INSERT INTO Images
Values('/var/www/server/Datasets/MOLF/OriginalDataset/DB1_Lumidgm/74_1_10.wsq', '74.10.1', '74.10', 352, 544, 500);

INSERT INTO Features
Values('74.10.1', '74.10.1.1', 43);

INSERT INTO Minutiaes
Values('74.10.1.1.1', '74.10.1.1', '/var/www/server/Datasets/MOLF/MindtctOutput/DB1_Lumidgm/74_1_10.xyt');

INSERT INTO Images
Values('/var/www/server/Datasets/MOLF/OriginalDataset/DB1_Lumidgm/74_2_10.wsq', '74.10.2', '74.10', 352, 544, 500);

INSERT INTO Features
Values('74.10.2', '74.10.2.1', 43);

INSERT INTO Minutiaes
Values('74.10.2.1.1', '74.10.2.1', '/var/www/server/Datasets/MOLF/MindtctOutput/DB1_Lumidgm/74_2_10.xyt');

INSERT INTO Images
Values('/var/www/server/Datasets/MOLF/OriginalDataset/DB1_Lumidgm/74_3_10.wsq', '74.10.3', '74.10', 352, 544, 500);

INSERT INTO Features
Values('74.10.3', '74.10.3.1', 42);

INSERT INTO Minutiaes
Values('74.10.3.1.1', '74.10.3.1', '/var/www/server/Datasets/MOLF/MindtctOutput/DB1_Lumidgm/74_3_10.xyt');

INSERT INTO Images
Values('/var/www/server/Datasets/MOLF/OriginalDataset/DB1_Lumidgm/74_4_10.wsq', '74.10.4', '74.10', 352, 544, 500);

INSERT INTO Features
Values('74.10.4', '74.10.4.1', 42);

INSERT INTO Minutiaes
Values('74.10.4.1.1', '74.10.4.1', '/var/www/server/Datasets/MOLF/MindtctOutput/DB1_Lumidgm/74_4_10.xyt');

#------------------------SUBJECT 75------------------------
INSERT INTO Subjects
Values('75');

INSERT INTO Fingers
Values(NULL, 1, '75.1', '75');

INSERT INTO Images
Values('/var/www/server/Datasets/MOLF/OriginalDataset/DB1_Lumidgm/75_1_1.wsq', '75.1.1', '75.1', 352, 544, 500);

INSERT INTO Features
Values('75.1.1', '75.1.1.1', 37);

INSERT INTO Minutiaes
Values('75.1.1.1.1', '75.1.1.1', '/var/www/server/Datasets/MOLF/MindtctOutput/DB1_Lumidgm/75_1_1.xyt');

INSERT INTO Images
Values('/var/www/server/Datasets/MOLF/OriginalDataset/DB1_Lumidgm/75_2_1.wsq', '75.1.2', '75.1', 352, 544, 500);

INSERT INTO Features
Values('75.1.2', '75.1.2.1', 45);

INSERT INTO Minutiaes
Values('75.1.2.1.1', '75.1.2.1', '/var/www/server/Datasets/MOLF/MindtctOutput/DB1_Lumidgm/75_2_1.xyt');

INSERT INTO Images
Values('/var/www/server/Datasets/MOLF/OriginalDataset/DB1_Lumidgm/75_3_1.wsq', '75.1.3', '75.1', 352, 544, 500);

INSERT INTO Features
Values('75.1.3', '75.1.3.1', 88);

INSERT INTO Minutiaes
Values('75.1.3.1.1', '75.1.3.1', '/var/www/server/Datasets/MOLF/MindtctOutput/DB1_Lumidgm/75_3_1.xyt');

INSERT INTO Images
Values('/var/www/server/Datasets/MOLF/OriginalDataset/DB1_Lumidgm/75_4_1.wsq', '75.1.4', '75.1', 352, 544, 500);

INSERT INTO Features
Values('75.1.4', '75.1.4.1', 109);

INSERT INTO Minutiaes
Values('75.1.4.1.1', '75.1.4.1', '/var/www/server/Datasets/MOLF/MindtctOutput/DB1_Lumidgm/75_4_1.xyt');

INSERT INTO Fingers
Values(NULL, 2, '75.2', '75');

INSERT INTO Images
Values('/var/www/server/Datasets/MOLF/OriginalDataset/DB1_Lumidgm/75_1_2.wsq', '75.2.1', '75.2', 352, 544, 500);

INSERT INTO Features
Values('75.2.1', '75.2.1.1', 45);

INSERT INTO Minutiaes
Values('75.2.1.1.1', '75.2.1.1', '/var/www/server/Datasets/MOLF/MindtctOutput/DB1_Lumidgm/75_1_2.xyt');

INSERT INTO Images
Values('/var/www/server/Datasets/MOLF/OriginalDataset/DB1_Lumidgm/75_2_2.wsq', '75.2.2', '75.2', 352, 544, 500);

INSERT INTO Features
Values('75.2.2', '75.2.2.1', 44);

INSERT INTO Minutiaes
Values('75.2.2.1.1', '75.2.2.1', '/var/www/server/Datasets/MOLF/MindtctOutput/DB1_Lumidgm/75_2_2.xyt');

INSERT INTO Images
Values('/var/www/server/Datasets/MOLF/OriginalDataset/DB1_Lumidgm/75_3_2.wsq', '75.2.3', '75.2', 352, 544, 500);

INSERT INTO Features
Values('75.2.3', '75.2.3.1', 90);

INSERT INTO Minutiaes
Values('75.2.3.1.1', '75.2.3.1', '/var/www/server/Datasets/MOLF/MindtctOutput/DB1_Lumidgm/75_3_2.xyt');

INSERT INTO Images
Values('/var/www/server/Datasets/MOLF/OriginalDataset/DB1_Lumidgm/75_4_2.wsq', '75.2.4', '75.2', 352, 544, 500);

INSERT INTO Features
Values('75.2.4', '75.2.4.1', 96);

INSERT INTO Minutiaes
Values('75.2.4.1.1', '75.2.4.1', '/var/www/server/Datasets/MOLF/MindtctOutput/DB1_Lumidgm/75_4_2.xyt');

INSERT INTO Fingers
Values(NULL, 3, '75.3', '75');

INSERT INTO Images
Values('/var/www/server/Datasets/MOLF/OriginalDataset/DB1_Lumidgm/75_1_3.wsq', '75.3.1', '75.3', 352, 544, 500);

INSERT INTO Features
Values('75.3.1', '75.3.1.1', 42);

INSERT INTO Minutiaes
Values('75.3.1.1.1', '75.3.1.1', '/var/www/server/Datasets/MOLF/MindtctOutput/DB1_Lumidgm/75_1_3.xyt');

INSERT INTO Images
Values('/var/www/server/Datasets/MOLF/OriginalDataset/DB1_Lumidgm/75_2_3.wsq', '75.3.2', '75.3', 352, 544, 500);

INSERT INTO Features
Values('75.3.2', '75.3.2.1', 39);

INSERT INTO Minutiaes
Values('75.3.2.1.1', '75.3.2.1', '/var/www/server/Datasets/MOLF/MindtctOutput/DB1_Lumidgm/75_2_3.xyt');

INSERT INTO Images
Values('/var/www/server/Datasets/MOLF/OriginalDataset/DB1_Lumidgm/75_3_3.wsq', '75.3.3', '75.3', 352, 544, 500);

INSERT INTO Features
Values('75.3.3', '75.3.3.1', 105);

INSERT INTO Minutiaes
Values('75.3.3.1.1', '75.3.3.1', '/var/www/server/Datasets/MOLF/MindtctOutput/DB1_Lumidgm/75_3_3.xyt');

INSERT INTO Images
Values('/var/www/server/Datasets/MOLF/OriginalDataset/DB1_Lumidgm/75_4_3.wsq', '75.3.4', '75.3', 352, 544, 500);

INSERT INTO Features
Values('75.3.4', '75.3.4.1', 92);

INSERT INTO Minutiaes
Values('75.3.4.1.1', '75.3.4.1', '/var/www/server/Datasets/MOLF/MindtctOutput/DB1_Lumidgm/75_4_3.xyt');

INSERT INTO Fingers
Values(NULL, 4, '75.4', '75');

INSERT INTO Images
Values('/var/www/server/Datasets/MOLF/OriginalDataset/DB1_Lumidgm/75_1_4.wsq', '75.4.1', '75.4', 352, 544, 500);

INSERT INTO Features
Values('75.4.1', '75.4.1.1', 37);

INSERT INTO Minutiaes
Values('75.4.1.1.1', '75.4.1.1', '/var/www/server/Datasets/MOLF/MindtctOutput/DB1_Lumidgm/75_1_4.xyt');

INSERT INTO Images
Values('/var/www/server/Datasets/MOLF/OriginalDataset/DB1_Lumidgm/75_2_4.wsq', '75.4.2', '75.4', 352, 544, 500);

INSERT INTO Features
Values('75.4.2', '75.4.2.1', 51);

INSERT INTO Minutiaes
Values('75.4.2.1.1', '75.4.2.1', '/var/www/server/Datasets/MOLF/MindtctOutput/DB1_Lumidgm/75_2_4.xyt');

INSERT INTO Images
Values('/var/www/server/Datasets/MOLF/OriginalDataset/DB1_Lumidgm/75_3_4.wsq', '75.4.3', '75.4', 352, 544, 500);

INSERT INTO Features
Values('75.4.3', '75.4.3.1', 112);

INSERT INTO Minutiaes
Values('75.4.3.1.1', '75.4.3.1', '/var/www/server/Datasets/MOLF/MindtctOutput/DB1_Lumidgm/75_3_4.xyt');

INSERT INTO Images
Values('/var/www/server/Datasets/MOLF/OriginalDataset/DB1_Lumidgm/75_4_4.wsq', '75.4.4', '75.4', 352, 544, 500);

INSERT INTO Features
Values('75.4.4', '75.4.4.1', 77);

INSERT INTO Minutiaes
Values('75.4.4.1.1', '75.4.4.1', '/var/www/server/Datasets/MOLF/MindtctOutput/DB1_Lumidgm/75_4_4.xyt');

INSERT INTO Fingers
Values(NULL, 5, '75.5', '75');

INSERT INTO Images
Values('/var/www/server/Datasets/MOLF/OriginalDataset/DB1_Lumidgm/75_1_5.wsq', '75.5.1', '75.5', 352, 544, 500);

INSERT INTO Features
Values('75.5.1', '75.5.1.1', 35);

INSERT INTO Minutiaes
Values('75.5.1.1.1', '75.5.1.1', '/var/www/server/Datasets/MOLF/MindtctOutput/DB1_Lumidgm/75_1_5.xyt');

INSERT INTO Images
Values('/var/www/server/Datasets/MOLF/OriginalDataset/DB1_Lumidgm/75_2_5.wsq', '75.5.2', '75.5', 352, 544, 500);

INSERT INTO Features
Values('75.5.2', '75.5.2.1', 38);

INSERT INTO Minutiaes
Values('75.5.2.1.1', '75.5.2.1', '/var/www/server/Datasets/MOLF/MindtctOutput/DB1_Lumidgm/75_2_5.xyt');

INSERT INTO Images
Values('/var/www/server/Datasets/MOLF/OriginalDataset/DB1_Lumidgm/75_3_5.wsq', '75.5.3', '75.5', 352, 544, 500);

INSERT INTO Features
Values('75.5.3', '75.5.3.1', 76);

INSERT INTO Minutiaes
Values('75.5.3.1.1', '75.5.3.1', '/var/www/server/Datasets/MOLF/MindtctOutput/DB1_Lumidgm/75_3_5.xyt');

INSERT INTO Images
Values('/var/www/server/Datasets/MOLF/OriginalDataset/DB1_Lumidgm/75_4_5.wsq', '75.5.4', '75.5', 352, 544, 500);

INSERT INTO Features
Values('75.5.4', '75.5.4.1', 78);

INSERT INTO Minutiaes
Values('75.5.4.1.1', '75.5.4.1', '/var/www/server/Datasets/MOLF/MindtctOutput/DB1_Lumidgm/75_4_5.xyt');

INSERT INTO Fingers
Values(NULL, 6, '75.6', '75');

INSERT INTO Images
Values('/var/www/server/Datasets/MOLF/OriginalDataset/DB1_Lumidgm/75_1_6.wsq', '75.6.1', '75.6', 352, 544, 500);

INSERT INTO Features
Values('75.6.1', '75.6.1.1', 46);

INSERT INTO Minutiaes
Values('75.6.1.1.1', '75.6.1.1', '/var/www/server/Datasets/MOLF/MindtctOutput/DB1_Lumidgm/75_1_6.xyt');

INSERT INTO Images
Values('/var/www/server/Datasets/MOLF/OriginalDataset/DB1_Lumidgm/75_2_6.wsq', '75.6.2', '75.6', 352, 544, 500);

INSERT INTO Features
Values('75.6.2', '75.6.2.1', 45);

INSERT INTO Minutiaes
Values('75.6.2.1.1', '75.6.2.1', '/var/www/server/Datasets/MOLF/MindtctOutput/DB1_Lumidgm/75_2_6.xyt');

INSERT INTO Images
Values('/var/www/server/Datasets/MOLF/OriginalDataset/DB1_Lumidgm/75_3_6.wsq', '75.6.3', '75.6', 352, 544, 500);

INSERT INTO Features
Values('75.6.3', '75.6.3.1', 74);

INSERT INTO Minutiaes
Values('75.6.3.1.1', '75.6.3.1', '/var/www/server/Datasets/MOLF/MindtctOutput/DB1_Lumidgm/75_3_6.xyt');

INSERT INTO Images
Values('/var/www/server/Datasets/MOLF/OriginalDataset/DB1_Lumidgm/75_4_6.wsq', '75.6.4', '75.6', 352, 544, 500);

INSERT INTO Features
Values('75.6.4', '75.6.4.1', 96);

INSERT INTO Minutiaes
Values('75.6.4.1.1', '75.6.4.1', '/var/www/server/Datasets/MOLF/MindtctOutput/DB1_Lumidgm/75_4_6.xyt');

INSERT INTO Fingers
Values(NULL, 7, '75.7', '75');

INSERT INTO Images
Values('/var/www/server/Datasets/MOLF/OriginalDataset/DB1_Lumidgm/75_1_7.wsq', '75.7.1', '75.7', 352, 544, 500);

INSERT INTO Features
Values('75.7.1', '75.7.1.1', 58);

INSERT INTO Minutiaes
Values('75.7.1.1.1', '75.7.1.1', '/var/www/server/Datasets/MOLF/MindtctOutput/DB1_Lumidgm/75_1_7.xyt');

INSERT INTO Images
Values('/var/www/server/Datasets/MOLF/OriginalDataset/DB1_Lumidgm/75_2_7.wsq', '75.7.2', '75.7', 352, 544, 500);

INSERT INTO Features
Values('75.7.2', '75.7.2.1', 46);

INSERT INTO Minutiaes
Values('75.7.2.1.1', '75.7.2.1', '/var/www/server/Datasets/MOLF/MindtctOutput/DB1_Lumidgm/75_2_7.xyt');

INSERT INTO Images
Values('/var/www/server/Datasets/MOLF/OriginalDataset/DB1_Lumidgm/75_3_7.wsq', '75.7.3', '75.7', 352, 544, 500);

INSERT INTO Features
Values('75.7.3', '75.7.3.1', 95);

INSERT INTO Minutiaes
Values('75.7.3.1.1', '75.7.3.1', '/var/www/server/Datasets/MOLF/MindtctOutput/DB1_Lumidgm/75_3_7.xyt');

INSERT INTO Images
Values('/var/www/server/Datasets/MOLF/OriginalDataset/DB1_Lumidgm/75_4_7.wsq', '75.7.4', '75.7', 352, 544, 500);

INSERT INTO Features
Values('75.7.4', '75.7.4.1', 99);

INSERT INTO Minutiaes
Values('75.7.4.1.1', '75.7.4.1', '/var/www/server/Datasets/MOLF/MindtctOutput/DB1_Lumidgm/75_4_7.xyt');

INSERT INTO Fingers
Values(NULL, 8, '75.8', '75');

INSERT INTO Images
Values('/var/www/server/Datasets/MOLF/OriginalDataset/DB1_Lumidgm/75_1_8.wsq', '75.8.1', '75.8', 352, 544, 500);

INSERT INTO Features
Values('75.8.1', '75.8.1.1', 52);

INSERT INTO Minutiaes
Values('75.8.1.1.1', '75.8.1.1', '/var/www/server/Datasets/MOLF/MindtctOutput/DB1_Lumidgm/75_1_8.xyt');

INSERT INTO Images
Values('/var/www/server/Datasets/MOLF/OriginalDataset/DB1_Lumidgm/75_2_8.wsq', '75.8.2', '75.8', 352, 544, 500);

INSERT INTO Features
Values('75.8.2', '75.8.2.1', 43);

INSERT INTO Minutiaes
Values('75.8.2.1.1', '75.8.2.1', '/var/www/server/Datasets/MOLF/MindtctOutput/DB1_Lumidgm/75_2_8.xyt');

INSERT INTO Images
Values('/var/www/server/Datasets/MOLF/OriginalDataset/DB1_Lumidgm/75_3_8.wsq', '75.8.3', '75.8', 352, 544, 500);

INSERT INTO Features
Values('75.8.3', '75.8.3.1', 83);

INSERT INTO Minutiaes
Values('75.8.3.1.1', '75.8.3.1', '/var/www/server/Datasets/MOLF/MindtctOutput/DB1_Lumidgm/75_3_8.xyt');

INSERT INTO Images
Values('/var/www/server/Datasets/MOLF/OriginalDataset/DB1_Lumidgm/75_4_8.wsq', '75.8.4', '75.8', 352, 544, 500);

INSERT INTO Features
Values('75.8.4', '75.8.4.1', 78);

INSERT INTO Minutiaes
Values('75.8.4.1.1', '75.8.4.1', '/var/www/server/Datasets/MOLF/MindtctOutput/DB1_Lumidgm/75_4_8.xyt');

INSERT INTO Fingers
Values(NULL, 9, '75.9', '75');

INSERT INTO Images
Values('/var/www/server/Datasets/MOLF/OriginalDataset/DB1_Lumidgm/75_1_9.wsq', '75.9.1', '75.9', 352, 544, 500);

INSERT INTO Features
Values('75.9.1', '75.9.1.1', 36);

INSERT INTO Minutiaes
Values('75.9.1.1.1', '75.9.1.1', '/var/www/server/Datasets/MOLF/MindtctOutput/DB1_Lumidgm/75_1_9.xyt');

INSERT INTO Images
Values('/var/www/server/Datasets/MOLF/OriginalDataset/DB1_Lumidgm/75_2_9.wsq', '75.9.2', '75.9', 352, 544, 500);

INSERT INTO Features
Values('75.9.2', '75.9.2.1', 45);

INSERT INTO Minutiaes
Values('75.9.2.1.1', '75.9.2.1', '/var/www/server/Datasets/MOLF/MindtctOutput/DB1_Lumidgm/75_2_9.xyt');

INSERT INTO Images
Values('/var/www/server/Datasets/MOLF/OriginalDataset/DB1_Lumidgm/75_3_9.wsq', '75.9.3', '75.9', 352, 544, 500);

INSERT INTO Features
Values('75.9.3', '75.9.3.1', 94);

INSERT INTO Minutiaes
Values('75.9.3.1.1', '75.9.3.1', '/var/www/server/Datasets/MOLF/MindtctOutput/DB1_Lumidgm/75_3_9.xyt');

INSERT INTO Images
Values('/var/www/server/Datasets/MOLF/OriginalDataset/DB1_Lumidgm/75_4_9.wsq', '75.9.4', '75.9', 352, 544, 500);

INSERT INTO Features
Values('75.9.4', '75.9.4.1', 101);

INSERT INTO Minutiaes
Values('75.9.4.1.1', '75.9.4.1', '/var/www/server/Datasets/MOLF/MindtctOutput/DB1_Lumidgm/75_4_9.xyt');

INSERT INTO Fingers
Values(NULL, 10, '75.10', '75');

INSERT INTO Images
Values('/var/www/server/Datasets/MOLF/OriginalDataset/DB1_Lumidgm/75_1_10.wsq', '75.10.1', '75.10', 352, 544, 500);

INSERT INTO Features
Values('75.10.1', '75.10.1.1', 43);

INSERT INTO Minutiaes
Values('75.10.1.1.1', '75.10.1.1', '/var/www/server/Datasets/MOLF/MindtctOutput/DB1_Lumidgm/75_1_10.xyt');

INSERT INTO Images
Values('/var/www/server/Datasets/MOLF/OriginalDataset/DB1_Lumidgm/75_2_10.wsq', '75.10.2', '75.10', 352, 544, 500);

INSERT INTO Features
Values('75.10.2', '75.10.2.1', 33);

INSERT INTO Minutiaes
Values('75.10.2.1.1', '75.10.2.1', '/var/www/server/Datasets/MOLF/MindtctOutput/DB1_Lumidgm/75_2_10.xyt');

INSERT INTO Images
Values('/var/www/server/Datasets/MOLF/OriginalDataset/DB1_Lumidgm/75_3_10.wsq', '75.10.3', '75.10', 352, 544, 500);

INSERT INTO Features
Values('75.10.3', '75.10.3.1', 86);

INSERT INTO Minutiaes
Values('75.10.3.1.1', '75.10.3.1', '/var/www/server/Datasets/MOLF/MindtctOutput/DB1_Lumidgm/75_3_10.xyt');

INSERT INTO Images
Values('/var/www/server/Datasets/MOLF/OriginalDataset/DB1_Lumidgm/75_4_10.wsq', '75.10.4', '75.10', 352, 544, 500);

INSERT INTO Features
Values('75.10.4', '75.10.4.1', 72);

INSERT INTO Minutiaes
Values('75.10.4.1.1', '75.10.4.1', '/var/www/server/Datasets/MOLF/MindtctOutput/DB1_Lumidgm/75_4_10.xyt');

#------------------------SUBJECT 76------------------------
INSERT INTO Subjects
Values('76');

INSERT INTO Fingers
Values(NULL, 1, '76.1', '76');

INSERT INTO Images
Values('/var/www/server/Datasets/MOLF/OriginalDataset/DB1_Lumidgm/76_1_1.wsq', '76.1.1', '76.1', 352, 544, 500);

INSERT INTO Features
Values('76.1.1', '76.1.1.1', 71);

INSERT INTO Minutiaes
Values('76.1.1.1.1', '76.1.1.1', '/var/www/server/Datasets/MOLF/MindtctOutput/DB1_Lumidgm/76_1_1.xyt');

INSERT INTO Images
Values('/var/www/server/Datasets/MOLF/OriginalDataset/DB1_Lumidgm/76_2_1.wsq', '76.1.2', '76.1', 352, 544, 500);

INSERT INTO Features
Values('76.1.2', '76.1.2.1', 59);

INSERT INTO Minutiaes
Values('76.1.2.1.1', '76.1.2.1', '/var/www/server/Datasets/MOLF/MindtctOutput/DB1_Lumidgm/76_2_1.xyt');

INSERT INTO Images
Values('/var/www/server/Datasets/MOLF/OriginalDataset/DB1_Lumidgm/76_3_1.wsq', '76.1.3', '76.1', 352, 544, 500);

INSERT INTO Features
Values('76.1.3', '76.1.3.1', 60);

INSERT INTO Minutiaes
Values('76.1.3.1.1', '76.1.3.1', '/var/www/server/Datasets/MOLF/MindtctOutput/DB1_Lumidgm/76_3_1.xyt');

INSERT INTO Images
Values('/var/www/server/Datasets/MOLF/OriginalDataset/DB1_Lumidgm/76_4_1.wsq', '76.1.4', '76.1', 352, 544, 500);

INSERT INTO Features
Values('76.1.4', '76.1.4.1', 79);

INSERT INTO Minutiaes
Values('76.1.4.1.1', '76.1.4.1', '/var/www/server/Datasets/MOLF/MindtctOutput/DB1_Lumidgm/76_4_1.xyt');

INSERT INTO Fingers
Values(NULL, 2, '76.2', '76');

INSERT INTO Images
Values('/var/www/server/Datasets/MOLF/OriginalDataset/DB1_Lumidgm/76_1_2.wsq', '76.2.1', '76.2', 352, 544, 500);

INSERT INTO Features
Values('76.2.1', '76.2.1.1', 52);

INSERT INTO Minutiaes
Values('76.2.1.1.1', '76.2.1.1', '/var/www/server/Datasets/MOLF/MindtctOutput/DB1_Lumidgm/76_1_2.xyt');

INSERT INTO Images
Values('/var/www/server/Datasets/MOLF/OriginalDataset/DB1_Lumidgm/76_2_2.wsq', '76.2.2', '76.2', 352, 544, 500);

INSERT INTO Features
Values('76.2.2', '76.2.2.1', 46);

INSERT INTO Minutiaes
Values('76.2.2.1.1', '76.2.2.1', '/var/www/server/Datasets/MOLF/MindtctOutput/DB1_Lumidgm/76_2_2.xyt');

INSERT INTO Images
Values('/var/www/server/Datasets/MOLF/OriginalDataset/DB1_Lumidgm/76_3_2.wsq', '76.2.3', '76.2', 352, 544, 500);

INSERT INTO Features
Values('76.2.3', '76.2.3.1', 67);

INSERT INTO Minutiaes
Values('76.2.3.1.1', '76.2.3.1', '/var/www/server/Datasets/MOLF/MindtctOutput/DB1_Lumidgm/76_3_2.xyt');

INSERT INTO Images
Values('/var/www/server/Datasets/MOLF/OriginalDataset/DB1_Lumidgm/76_4_2.wsq', '76.2.4', '76.2', 352, 544, 500);

INSERT INTO Features
Values('76.2.4', '76.2.4.1', 51);

INSERT INTO Minutiaes
Values('76.2.4.1.1', '76.2.4.1', '/var/www/server/Datasets/MOLF/MindtctOutput/DB1_Lumidgm/76_4_2.xyt');

INSERT INTO Fingers
Values(NULL, 3, '76.3', '76');

INSERT INTO Images
Values('/var/www/server/Datasets/MOLF/OriginalDataset/DB1_Lumidgm/76_1_3.wsq', '76.3.1', '76.3', 352, 544, 500);

INSERT INTO Features
Values('76.3.1', '76.3.1.1', 53);

INSERT INTO Minutiaes
Values('76.3.1.1.1', '76.3.1.1', '/var/www/server/Datasets/MOLF/MindtctOutput/DB1_Lumidgm/76_1_3.xyt');

INSERT INTO Images
Values('/var/www/server/Datasets/MOLF/OriginalDataset/DB1_Lumidgm/76_2_3.wsq', '76.3.2', '76.3', 352, 544, 500);

INSERT INTO Features
Values('76.3.2', '76.3.2.1', 54);

INSERT INTO Minutiaes
Values('76.3.2.1.1', '76.3.2.1', '/var/www/server/Datasets/MOLF/MindtctOutput/DB1_Lumidgm/76_2_3.xyt');

INSERT INTO Images
Values('/var/www/server/Datasets/MOLF/OriginalDataset/DB1_Lumidgm/76_3_3.wsq', '76.3.3', '76.3', 352, 544, 500);

INSERT INTO Features
Values('76.3.3', '76.3.3.1', 60);

INSERT INTO Minutiaes
Values('76.3.3.1.1', '76.3.3.1', '/var/www/server/Datasets/MOLF/MindtctOutput/DB1_Lumidgm/76_3_3.xyt');

INSERT INTO Images
Values('/var/www/server/Datasets/MOLF/OriginalDataset/DB1_Lumidgm/76_4_3.wsq', '76.3.4', '76.3', 352, 544, 500);

INSERT INTO Features
Values('76.3.4', '76.3.4.1', 56);

INSERT INTO Minutiaes
Values('76.3.4.1.1', '76.3.4.1', '/var/www/server/Datasets/MOLF/MindtctOutput/DB1_Lumidgm/76_4_3.xyt');

INSERT INTO Fingers
Values(NULL, 4, '76.4', '76');

INSERT INTO Images
Values('/var/www/server/Datasets/MOLF/OriginalDataset/DB1_Lumidgm/76_1_4.wsq', '76.4.1', '76.4', 352, 544, 500);

INSERT INTO Features
Values('76.4.1', '76.4.1.1', 57);

INSERT INTO Minutiaes
Values('76.4.1.1.1', '76.4.1.1', '/var/www/server/Datasets/MOLF/MindtctOutput/DB1_Lumidgm/76_1_4.xyt');

INSERT INTO Images
Values('/var/www/server/Datasets/MOLF/OriginalDataset/DB1_Lumidgm/76_2_4.wsq', '76.4.2', '76.4', 352, 544, 500);

INSERT INTO Features
Values('76.4.2', '76.4.2.1', 56);

INSERT INTO Minutiaes
Values('76.4.2.1.1', '76.4.2.1', '/var/www/server/Datasets/MOLF/MindtctOutput/DB1_Lumidgm/76_2_4.xyt');

INSERT INTO Images
Values('/var/www/server/Datasets/MOLF/OriginalDataset/DB1_Lumidgm/76_3_4.wsq', '76.4.3', '76.4', 352, 544, 500);

INSERT INTO Features
Values('76.4.3', '76.4.3.1', 69);

INSERT INTO Minutiaes
Values('76.4.3.1.1', '76.4.3.1', '/var/www/server/Datasets/MOLF/MindtctOutput/DB1_Lumidgm/76_3_4.xyt');

INSERT INTO Images
Values('/var/www/server/Datasets/MOLF/OriginalDataset/DB1_Lumidgm/76_4_4.wsq', '76.4.4', '76.4', 352, 544, 500);

INSERT INTO Features
Values('76.4.4', '76.4.4.1', 68);

INSERT INTO Minutiaes
Values('76.4.4.1.1', '76.4.4.1', '/var/www/server/Datasets/MOLF/MindtctOutput/DB1_Lumidgm/76_4_4.xyt');

INSERT INTO Fingers
Values(NULL, 5, '76.5', '76');

INSERT INTO Images
Values('/var/www/server/Datasets/MOLF/OriginalDataset/DB1_Lumidgm/76_1_5.wsq', '76.5.1', '76.5', 352, 544, 500);

INSERT INTO Features
Values('76.5.1', '76.5.1.1', 34);

INSERT INTO Minutiaes
Values('76.5.1.1.1', '76.5.1.1', '/var/www/server/Datasets/MOLF/MindtctOutput/DB1_Lumidgm/76_1_5.xyt');

INSERT INTO Images
Values('/var/www/server/Datasets/MOLF/OriginalDataset/DB1_Lumidgm/76_2_5.wsq', '76.5.2', '76.5', 352, 544, 500);

INSERT INTO Features
Values('76.5.2', '76.5.2.1', 34);

INSERT INTO Minutiaes
Values('76.5.2.1.1', '76.5.2.1', '/var/www/server/Datasets/MOLF/MindtctOutput/DB1_Lumidgm/76_2_5.xyt');

INSERT INTO Images
Values('/var/www/server/Datasets/MOLF/OriginalDataset/DB1_Lumidgm/76_3_5.wsq', '76.5.3', '76.5', 352, 544, 500);

INSERT INTO Features
Values('76.5.3', '76.5.3.1', 63);

INSERT INTO Minutiaes
Values('76.5.3.1.1', '76.5.3.1', '/var/www/server/Datasets/MOLF/MindtctOutput/DB1_Lumidgm/76_3_5.xyt');

INSERT INTO Images
Values('/var/www/server/Datasets/MOLF/OriginalDataset/DB1_Lumidgm/76_4_5.wsq', '76.5.4', '76.5', 352, 544, 500);

INSERT INTO Features
Values('76.5.4', '76.5.4.1', 45);

INSERT INTO Minutiaes
Values('76.5.4.1.1', '76.5.4.1', '/var/www/server/Datasets/MOLF/MindtctOutput/DB1_Lumidgm/76_4_5.xyt');

INSERT INTO Fingers
Values(NULL, 6, '76.6', '76');

INSERT INTO Images
Values('/var/www/server/Datasets/MOLF/OriginalDataset/DB1_Lumidgm/76_1_6.wsq', '76.6.1', '76.6', 352, 544, 500);

INSERT INTO Features
Values('76.6.1', '76.6.1.1', 62);

INSERT INTO Minutiaes
Values('76.6.1.1.1', '76.6.1.1', '/var/www/server/Datasets/MOLF/MindtctOutput/DB1_Lumidgm/76_1_6.xyt');

INSERT INTO Images
Values('/var/www/server/Datasets/MOLF/OriginalDataset/DB1_Lumidgm/76_2_6.wsq', '76.6.2', '76.6', 352, 544, 500);

INSERT INTO Features
Values('76.6.2', '76.6.2.1', 62);

INSERT INTO Minutiaes
Values('76.6.2.1.1', '76.6.2.1', '/var/www/server/Datasets/MOLF/MindtctOutput/DB1_Lumidgm/76_2_6.xyt');

INSERT INTO Images
Values('/var/www/server/Datasets/MOLF/OriginalDataset/DB1_Lumidgm/76_3_6.wsq', '76.6.3', '76.6', 352, 544, 500);

INSERT INTO Features
Values('76.6.3', '76.6.3.1', 62);

INSERT INTO Minutiaes
Values('76.6.3.1.1', '76.6.3.1', '/var/www/server/Datasets/MOLF/MindtctOutput/DB1_Lumidgm/76_3_6.xyt');

INSERT INTO Images
Values('/var/www/server/Datasets/MOLF/OriginalDataset/DB1_Lumidgm/76_4_6.wsq', '76.6.4', '76.6', 352, 544, 500);

INSERT INTO Features
Values('76.6.4', '76.6.4.1', 70);

INSERT INTO Minutiaes
Values('76.6.4.1.1', '76.6.4.1', '/var/www/server/Datasets/MOLF/MindtctOutput/DB1_Lumidgm/76_4_6.xyt');

INSERT INTO Fingers
Values(NULL, 7, '76.7', '76');

INSERT INTO Images
Values('/var/www/server/Datasets/MOLF/OriginalDataset/DB1_Lumidgm/76_1_7.wsq', '76.7.1', '76.7', 352, 544, 500);

INSERT INTO Features
Values('76.7.1', '76.7.1.1', 59);

INSERT INTO Minutiaes
Values('76.7.1.1.1', '76.7.1.1', '/var/www/server/Datasets/MOLF/MindtctOutput/DB1_Lumidgm/76_1_7.xyt');

INSERT INTO Images
Values('/var/www/server/Datasets/MOLF/OriginalDataset/DB1_Lumidgm/76_2_7.wsq', '76.7.2', '76.7', 352, 544, 500);

INSERT INTO Features
Values('76.7.2', '76.7.2.1', 69);

INSERT INTO Minutiaes
Values('76.7.2.1.1', '76.7.2.1', '/var/www/server/Datasets/MOLF/MindtctOutput/DB1_Lumidgm/76_2_7.xyt');

INSERT INTO Images
Values('/var/www/server/Datasets/MOLF/OriginalDataset/DB1_Lumidgm/76_3_7.wsq', '76.7.3', '76.7', 352, 544, 500);

INSERT INTO Features
Values('76.7.3', '76.7.3.1', 67);

INSERT INTO Minutiaes
Values('76.7.3.1.1', '76.7.3.1', '/var/www/server/Datasets/MOLF/MindtctOutput/DB1_Lumidgm/76_3_7.xyt');

INSERT INTO Images
Values('/var/www/server/Datasets/MOLF/OriginalDataset/DB1_Lumidgm/76_4_7.wsq', '76.7.4', '76.7', 352, 544, 500);

INSERT INTO Features
Values('76.7.4', '76.7.4.1', 83);

INSERT INTO Minutiaes
Values('76.7.4.1.1', '76.7.4.1', '/var/www/server/Datasets/MOLF/MindtctOutput/DB1_Lumidgm/76_4_7.xyt');

INSERT INTO Fingers
Values(NULL, 8, '76.8', '76');

INSERT INTO Images
Values('/var/www/server/Datasets/MOLF/OriginalDataset/DB1_Lumidgm/76_1_8.wsq', '76.8.1', '76.8', 352, 544, 500);

INSERT INTO Features
Values('76.8.1', '76.8.1.1', 62);

INSERT INTO Minutiaes
Values('76.8.1.1.1', '76.8.1.1', '/var/www/server/Datasets/MOLF/MindtctOutput/DB1_Lumidgm/76_1_8.xyt');

INSERT INTO Images
Values('/var/www/server/Datasets/MOLF/OriginalDataset/DB1_Lumidgm/76_2_8.wsq', '76.8.2', '76.8', 352, 544, 500);

INSERT INTO Features
Values('76.8.2', '76.8.2.1', 67);

INSERT INTO Minutiaes
Values('76.8.2.1.1', '76.8.2.1', '/var/www/server/Datasets/MOLF/MindtctOutput/DB1_Lumidgm/76_2_8.xyt');

INSERT INTO Images
Values('/var/www/server/Datasets/MOLF/OriginalDataset/DB1_Lumidgm/76_3_8.wsq', '76.8.3', '76.8', 352, 544, 500);

INSERT INTO Features
Values('76.8.3', '76.8.3.1', 65);

INSERT INTO Minutiaes
Values('76.8.3.1.1', '76.8.3.1', '/var/www/server/Datasets/MOLF/MindtctOutput/DB1_Lumidgm/76_3_8.xyt');

INSERT INTO Images
Values('/var/www/server/Datasets/MOLF/OriginalDataset/DB1_Lumidgm/76_4_8.wsq', '76.8.4', '76.8', 352, 544, 500);

INSERT INTO Features
Values('76.8.4', '76.8.4.1', 80);

INSERT INTO Minutiaes
Values('76.8.4.1.1', '76.8.4.1', '/var/www/server/Datasets/MOLF/MindtctOutput/DB1_Lumidgm/76_4_8.xyt');

INSERT INTO Fingers
Values(NULL, 9, '76.9', '76');

INSERT INTO Images
Values('/var/www/server/Datasets/MOLF/OriginalDataset/DB1_Lumidgm/76_1_9.wsq', '76.9.1', '76.9', 352, 544, 500);

INSERT INTO Features
Values('76.9.1', '76.9.1.1', 44);

INSERT INTO Minutiaes
Values('76.9.1.1.1', '76.9.1.1', '/var/www/server/Datasets/MOLF/MindtctOutput/DB1_Lumidgm/76_1_9.xyt');

INSERT INTO Images
Values('/var/www/server/Datasets/MOLF/OriginalDataset/DB1_Lumidgm/76_2_9.wsq', '76.9.2', '76.9', 352, 544, 500);

INSERT INTO Features
Values('76.9.2', '76.9.2.1', 64);

INSERT INTO Minutiaes
Values('76.9.2.1.1', '76.9.2.1', '/var/www/server/Datasets/MOLF/MindtctOutput/DB1_Lumidgm/76_2_9.xyt');

INSERT INTO Images
Values('/var/www/server/Datasets/MOLF/OriginalDataset/DB1_Lumidgm/76_3_9.wsq', '76.9.3', '76.9', 352, 544, 500);

INSERT INTO Features
Values('76.9.3', '76.9.3.1', 51);

INSERT INTO Minutiaes
Values('76.9.3.1.1', '76.9.3.1', '/var/www/server/Datasets/MOLF/MindtctOutput/DB1_Lumidgm/76_3_9.xyt');

INSERT INTO Images
Values('/var/www/server/Datasets/MOLF/OriginalDataset/DB1_Lumidgm/76_4_9.wsq', '76.9.4', '76.9', 352, 544, 500);

INSERT INTO Features
Values('76.9.4', '76.9.4.1', 60);

INSERT INTO Minutiaes
Values('76.9.4.1.1', '76.9.4.1', '/var/www/server/Datasets/MOLF/MindtctOutput/DB1_Lumidgm/76_4_9.xyt');

INSERT INTO Fingers
Values(NULL, 10, '76.10', '76');

INSERT INTO Images
Values('/var/www/server/Datasets/MOLF/OriginalDataset/DB1_Lumidgm/76_1_10.wsq', '76.10.1', '76.10', 352, 544, 500);

INSERT INTO Features
Values('76.10.1', '76.10.1.1', 46);

INSERT INTO Minutiaes
Values('76.10.1.1.1', '76.10.1.1', '/var/www/server/Datasets/MOLF/MindtctOutput/DB1_Lumidgm/76_1_10.xyt');

INSERT INTO Images
Values('/var/www/server/Datasets/MOLF/OriginalDataset/DB1_Lumidgm/76_2_10.wsq', '76.10.2', '76.10', 352, 544, 500);

INSERT INTO Features
Values('76.10.2', '76.10.2.1', 45);

INSERT INTO Minutiaes
Values('76.10.2.1.1', '76.10.2.1', '/var/www/server/Datasets/MOLF/MindtctOutput/DB1_Lumidgm/76_2_10.xyt');

INSERT INTO Images
Values('/var/www/server/Datasets/MOLF/OriginalDataset/DB1_Lumidgm/76_3_10.wsq', '76.10.3', '76.10', 352, 544, 500);

INSERT INTO Features
Values('76.10.3', '76.10.3.1', 75);

INSERT INTO Minutiaes
Values('76.10.3.1.1', '76.10.3.1', '/var/www/server/Datasets/MOLF/MindtctOutput/DB1_Lumidgm/76_3_10.xyt');

INSERT INTO Images
Values('/var/www/server/Datasets/MOLF/OriginalDataset/DB1_Lumidgm/76_4_10.wsq', '76.10.4', '76.10', 352, 544, 500);

INSERT INTO Features
Values('76.10.4', '76.10.4.1', 61);

INSERT INTO Minutiaes
Values('76.10.4.1.1', '76.10.4.1', '/var/www/server/Datasets/MOLF/MindtctOutput/DB1_Lumidgm/76_4_10.xyt');

#------------------------SUBJECT 77------------------------
INSERT INTO Subjects
Values('77');

INSERT INTO Fingers
Values(NULL, 1, '77.1', '77');

INSERT INTO Images
Values('/var/www/server/Datasets/MOLF/OriginalDataset/DB1_Lumidgm/77_1_1.wsq', '77.1.1', '77.1', 352, 544, 500);

INSERT INTO Features
Values('77.1.1', '77.1.1.1', 90);

INSERT INTO Minutiaes
Values('77.1.1.1.1', '77.1.1.1', '/var/www/server/Datasets/MOLF/MindtctOutput/DB1_Lumidgm/77_1_1.xyt');

INSERT INTO Images
Values('/var/www/server/Datasets/MOLF/OriginalDataset/DB1_Lumidgm/77_2_1.wsq', '77.1.2', '77.1', 352, 544, 500);

INSERT INTO Features
Values('77.1.2', '77.1.2.1', 88);

INSERT INTO Minutiaes
Values('77.1.2.1.1', '77.1.2.1', '/var/www/server/Datasets/MOLF/MindtctOutput/DB1_Lumidgm/77_2_1.xyt');

INSERT INTO Images
Values('/var/www/server/Datasets/MOLF/OriginalDataset/DB1_Lumidgm/77_3_1.wsq', '77.1.3', '77.1', 352, 544, 500);

INSERT INTO Features
Values('77.1.3', '77.1.3.1', 149);

INSERT INTO Minutiaes
Values('77.1.3.1.1', '77.1.3.1', '/var/www/server/Datasets/MOLF/MindtctOutput/DB1_Lumidgm/77_3_1.xyt');

INSERT INTO Images
Values('/var/www/server/Datasets/MOLF/OriginalDataset/DB1_Lumidgm/77_4_1.wsq', '77.1.4', '77.1', 352, 544, 500);

INSERT INTO Features
Values('77.1.4', '77.1.4.1', 145);

INSERT INTO Minutiaes
Values('77.1.4.1.1', '77.1.4.1', '/var/www/server/Datasets/MOLF/MindtctOutput/DB1_Lumidgm/77_4_1.xyt');

INSERT INTO Fingers
Values(NULL, 2, '77.2', '77');

INSERT INTO Images
Values('/var/www/server/Datasets/MOLF/OriginalDataset/DB1_Lumidgm/77_1_2.wsq', '77.2.1', '77.2', 352, 544, 500);

INSERT INTO Features
Values('77.2.1', '77.2.1.1', 60);

INSERT INTO Minutiaes
Values('77.2.1.1.1', '77.2.1.1', '/var/www/server/Datasets/MOLF/MindtctOutput/DB1_Lumidgm/77_1_2.xyt');

INSERT INTO Images
Values('/var/www/server/Datasets/MOLF/OriginalDataset/DB1_Lumidgm/77_2_2.wsq', '77.2.2', '77.2', 352, 544, 500);

INSERT INTO Features
Values('77.2.2', '77.2.2.1', 66);

INSERT INTO Minutiaes
Values('77.2.2.1.1', '77.2.2.1', '/var/www/server/Datasets/MOLF/MindtctOutput/DB1_Lumidgm/77_2_2.xyt');

INSERT INTO Images
Values('/var/www/server/Datasets/MOLF/OriginalDataset/DB1_Lumidgm/77_3_2.wsq', '77.2.3', '77.2', 352, 544, 500);

INSERT INTO Features
Values('77.2.3', '77.2.3.1', 117);

INSERT INTO Minutiaes
Values('77.2.3.1.1', '77.2.3.1', '/var/www/server/Datasets/MOLF/MindtctOutput/DB1_Lumidgm/77_3_2.xyt');

INSERT INTO Images
Values('/var/www/server/Datasets/MOLF/OriginalDataset/DB1_Lumidgm/77_4_2.wsq', '77.2.4', '77.2', 352, 544, 500);

INSERT INTO Features
Values('77.2.4', '77.2.4.1', 110);

INSERT INTO Minutiaes
Values('77.2.4.1.1', '77.2.4.1', '/var/www/server/Datasets/MOLF/MindtctOutput/DB1_Lumidgm/77_4_2.xyt');

INSERT INTO Fingers
Values(NULL, 3, '77.3', '77');

INSERT INTO Images
Values('/var/www/server/Datasets/MOLF/OriginalDataset/DB1_Lumidgm/77_1_3.wsq', '77.3.1', '77.3', 352, 544, 500);

INSERT INTO Features
Values('77.3.1', '77.3.1.1', 59);

INSERT INTO Minutiaes
Values('77.3.1.1.1', '77.3.1.1', '/var/www/server/Datasets/MOLF/MindtctOutput/DB1_Lumidgm/77_1_3.xyt');

INSERT INTO Images
Values('/var/www/server/Datasets/MOLF/OriginalDataset/DB1_Lumidgm/77_2_3.wsq', '77.3.2', '77.3', 352, 544, 500);

INSERT INTO Features
Values('77.3.2', '77.3.2.1', 57);

INSERT INTO Minutiaes
Values('77.3.2.1.1', '77.3.2.1', '/var/www/server/Datasets/MOLF/MindtctOutput/DB1_Lumidgm/77_2_3.xyt');

INSERT INTO Images
Values('/var/www/server/Datasets/MOLF/OriginalDataset/DB1_Lumidgm/77_3_3.wsq', '77.3.3', '77.3', 352, 544, 500);

INSERT INTO Features
Values('77.3.3', '77.3.3.1', 122);

INSERT INTO Minutiaes
Values('77.3.3.1.1', '77.3.3.1', '/var/www/server/Datasets/MOLF/MindtctOutput/DB1_Lumidgm/77_3_3.xyt');

INSERT INTO Images
Values('/var/www/server/Datasets/MOLF/OriginalDataset/DB1_Lumidgm/77_4_3.wsq', '77.3.4', '77.3', 352, 544, 500);

INSERT INTO Features
Values('77.3.4', '77.3.4.1', 116);

INSERT INTO Minutiaes
Values('77.3.4.1.1', '77.3.4.1', '/var/www/server/Datasets/MOLF/MindtctOutput/DB1_Lumidgm/77_4_3.xyt');

INSERT INTO Fingers
Values(NULL, 4, '77.4', '77');

INSERT INTO Images
Values('/var/www/server/Datasets/MOLF/OriginalDataset/DB1_Lumidgm/77_1_4.wsq', '77.4.1', '77.4', 352, 544, 500);

INSERT INTO Features
Values('77.4.1', '77.4.1.1', 64);

INSERT INTO Minutiaes
Values('77.4.1.1.1', '77.4.1.1', '/var/www/server/Datasets/MOLF/MindtctOutput/DB1_Lumidgm/77_1_4.xyt');

INSERT INTO Images
Values('/var/www/server/Datasets/MOLF/OriginalDataset/DB1_Lumidgm/77_2_4.wsq', '77.4.2', '77.4', 352, 544, 500);

INSERT INTO Features
Values('77.4.2', '77.4.2.1', 69);

INSERT INTO Minutiaes
Values('77.4.2.1.1', '77.4.2.1', '/var/www/server/Datasets/MOLF/MindtctOutput/DB1_Lumidgm/77_2_4.xyt');

INSERT INTO Images
Values('/var/www/server/Datasets/MOLF/OriginalDataset/DB1_Lumidgm/77_3_4.wsq', '77.4.3', '77.4', 352, 544, 500);

INSERT INTO Features
Values('77.4.3', '77.4.3.1', 99);

INSERT INTO Minutiaes
Values('77.4.3.1.1', '77.4.3.1', '/var/www/server/Datasets/MOLF/MindtctOutput/DB1_Lumidgm/77_3_4.xyt');

INSERT INTO Images
Values('/var/www/server/Datasets/MOLF/OriginalDataset/DB1_Lumidgm/77_4_4.wsq', '77.4.4', '77.4', 352, 544, 500);

INSERT INTO Features
Values('77.4.4', '77.4.4.1', 130);

INSERT INTO Minutiaes
Values('77.4.4.1.1', '77.4.4.1', '/var/www/server/Datasets/MOLF/MindtctOutput/DB1_Lumidgm/77_4_4.xyt');

INSERT INTO Fingers
Values(NULL, 5, '77.5', '77');

INSERT INTO Images
Values('/var/www/server/Datasets/MOLF/OriginalDataset/DB1_Lumidgm/77_1_5.wsq', '77.5.1', '77.5', 352, 544, 500);

INSERT INTO Features
Values('77.5.1', '77.5.1.1', 66);

INSERT INTO Minutiaes
Values('77.5.1.1.1', '77.5.1.1', '/var/www/server/Datasets/MOLF/MindtctOutput/DB1_Lumidgm/77_1_5.xyt');

INSERT INTO Images
Values('/var/www/server/Datasets/MOLF/OriginalDataset/DB1_Lumidgm/77_2_5.wsq', '77.5.2', '77.5', 352, 544, 500);

INSERT INTO Features
Values('77.5.2', '77.5.2.1', 83);

INSERT INTO Minutiaes
Values('77.5.2.1.1', '77.5.2.1', '/var/www/server/Datasets/MOLF/MindtctOutput/DB1_Lumidgm/77_2_5.xyt');

INSERT INTO Images
Values('/var/www/server/Datasets/MOLF/OriginalDataset/DB1_Lumidgm/77_3_5.wsq', '77.5.3', '77.5', 352, 544, 500);

INSERT INTO Features
Values('77.5.3', '77.5.3.1', 125);

INSERT INTO Minutiaes
Values('77.5.3.1.1', '77.5.3.1', '/var/www/server/Datasets/MOLF/MindtctOutput/DB1_Lumidgm/77_3_5.xyt');

INSERT INTO Images
Values('/var/www/server/Datasets/MOLF/OriginalDataset/DB1_Lumidgm/77_4_5.wsq', '77.5.4', '77.5', 352, 544, 500);

INSERT INTO Features
Values('77.5.4', '77.5.4.1', 112);

INSERT INTO Minutiaes
Values('77.5.4.1.1', '77.5.4.1', '/var/www/server/Datasets/MOLF/MindtctOutput/DB1_Lumidgm/77_4_5.xyt');

INSERT INTO Fingers
Values(NULL, 6, '77.6', '77');

INSERT INTO Images
Values('/var/www/server/Datasets/MOLF/OriginalDataset/DB1_Lumidgm/77_1_6.wsq', '77.6.1', '77.6', 352, 544, 500);

INSERT INTO Features
Values('77.6.1', '77.6.1.1', 62);

INSERT INTO Minutiaes
Values('77.6.1.1.1', '77.6.1.1', '/var/www/server/Datasets/MOLF/MindtctOutput/DB1_Lumidgm/77_1_6.xyt');

INSERT INTO Images
Values('/var/www/server/Datasets/MOLF/OriginalDataset/DB1_Lumidgm/77_2_6.wsq', '77.6.2', '77.6', 352, 544, 500);

INSERT INTO Features
Values('77.6.2', '77.6.2.1', 78);

INSERT INTO Minutiaes
Values('77.6.2.1.1', '77.6.2.1', '/var/www/server/Datasets/MOLF/MindtctOutput/DB1_Lumidgm/77_2_6.xyt');

INSERT INTO Images
Values('/var/www/server/Datasets/MOLF/OriginalDataset/DB1_Lumidgm/77_3_6.wsq', '77.6.3', '77.6', 352, 544, 500);

INSERT INTO Features
Values('77.6.3', '77.6.3.1', 117);

INSERT INTO Minutiaes
Values('77.6.3.1.1', '77.6.3.1', '/var/www/server/Datasets/MOLF/MindtctOutput/DB1_Lumidgm/77_3_6.xyt');

INSERT INTO Images
Values('/var/www/server/Datasets/MOLF/OriginalDataset/DB1_Lumidgm/77_4_6.wsq', '77.6.4', '77.6', 352, 544, 500);

INSERT INTO Features
Values('77.6.4', '77.6.4.1', 106);

INSERT INTO Minutiaes
Values('77.6.4.1.1', '77.6.4.1', '/var/www/server/Datasets/MOLF/MindtctOutput/DB1_Lumidgm/77_4_6.xyt');

INSERT INTO Fingers
Values(NULL, 7, '77.7', '77');

INSERT INTO Images
Values('/var/www/server/Datasets/MOLF/OriginalDataset/DB1_Lumidgm/77_1_7.wsq', '77.7.1', '77.7', 352, 544, 500);

INSERT INTO Features
Values('77.7.1', '77.7.1.1', 55);

INSERT INTO Minutiaes
Values('77.7.1.1.1', '77.7.1.1', '/var/www/server/Datasets/MOLF/MindtctOutput/DB1_Lumidgm/77_1_7.xyt');

INSERT INTO Images
Values('/var/www/server/Datasets/MOLF/OriginalDataset/DB1_Lumidgm/77_2_7.wsq', '77.7.2', '77.7', 352, 544, 500);

INSERT INTO Features
Values('77.7.2', '77.7.2.1', 61);

INSERT INTO Minutiaes
Values('77.7.2.1.1', '77.7.2.1', '/var/www/server/Datasets/MOLF/MindtctOutput/DB1_Lumidgm/77_2_7.xyt');

INSERT INTO Images
Values('/var/www/server/Datasets/MOLF/OriginalDataset/DB1_Lumidgm/77_3_7.wsq', '77.7.3', '77.7', 352, 544, 500);

INSERT INTO Features
Values('77.7.3', '77.7.3.1', 122);

INSERT INTO Minutiaes
Values('77.7.3.1.1', '77.7.3.1', '/var/www/server/Datasets/MOLF/MindtctOutput/DB1_Lumidgm/77_3_7.xyt');

INSERT INTO Images
Values('/var/www/server/Datasets/MOLF/OriginalDataset/DB1_Lumidgm/77_4_7.wsq', '77.7.4', '77.7', 352, 544, 500);

INSERT INTO Features
Values('77.7.4', '77.7.4.1', 107);

INSERT INTO Minutiaes
Values('77.7.4.1.1', '77.7.4.1', '/var/www/server/Datasets/MOLF/MindtctOutput/DB1_Lumidgm/77_4_7.xyt');

INSERT INTO Fingers
Values(NULL, 8, '77.8', '77');

INSERT INTO Images
Values('/var/www/server/Datasets/MOLF/OriginalDataset/DB1_Lumidgm/77_1_8.wsq', '77.8.1', '77.8', 352, 544, 500);

INSERT INTO Features
Values('77.8.1', '77.8.1.1', 69);

INSERT INTO Minutiaes
Values('77.8.1.1.1', '77.8.1.1', '/var/www/server/Datasets/MOLF/MindtctOutput/DB1_Lumidgm/77_1_8.xyt');

INSERT INTO Images
Values('/var/www/server/Datasets/MOLF/OriginalDataset/DB1_Lumidgm/77_2_8.wsq', '77.8.2', '77.8', 352, 544, 500);

INSERT INTO Features
Values('77.8.2', '77.8.2.1', 59);

INSERT INTO Minutiaes
Values('77.8.2.1.1', '77.8.2.1', '/var/www/server/Datasets/MOLF/MindtctOutput/DB1_Lumidgm/77_2_8.xyt');

INSERT INTO Images
Values('/var/www/server/Datasets/MOLF/OriginalDataset/DB1_Lumidgm/77_3_8.wsq', '77.8.3', '77.8', 352, 544, 500);

INSERT INTO Features
Values('77.8.3', '77.8.3.1', 130);

INSERT INTO Minutiaes
Values('77.8.3.1.1', '77.8.3.1', '/var/www/server/Datasets/MOLF/MindtctOutput/DB1_Lumidgm/77_3_8.xyt');

INSERT INTO Images
Values('/var/www/server/Datasets/MOLF/OriginalDataset/DB1_Lumidgm/77_4_8.wsq', '77.8.4', '77.8', 352, 544, 500);

INSERT INTO Features
Values('77.8.4', '77.8.4.1', 120);

INSERT INTO Minutiaes
Values('77.8.4.1.1', '77.8.4.1', '/var/www/server/Datasets/MOLF/MindtctOutput/DB1_Lumidgm/77_4_8.xyt');

INSERT INTO Fingers
Values(NULL, 9, '77.9', '77');

INSERT INTO Images
Values('/var/www/server/Datasets/MOLF/OriginalDataset/DB1_Lumidgm/77_1_9.wsq', '77.9.1', '77.9', 352, 544, 500);

INSERT INTO Features
Values('77.9.1', '77.9.1.1', 74);

INSERT INTO Minutiaes
Values('77.9.1.1.1', '77.9.1.1', '/var/www/server/Datasets/MOLF/MindtctOutput/DB1_Lumidgm/77_1_9.xyt');

INSERT INTO Images
Values('/var/www/server/Datasets/MOLF/OriginalDataset/DB1_Lumidgm/77_2_9.wsq', '77.9.2', '77.9', 352, 544, 500);

INSERT INTO Features
Values('77.9.2', '77.9.2.1', 80);

INSERT INTO Minutiaes
Values('77.9.2.1.1', '77.9.2.1', '/var/www/server/Datasets/MOLF/MindtctOutput/DB1_Lumidgm/77_2_9.xyt');

INSERT INTO Images
Values('/var/www/server/Datasets/MOLF/OriginalDataset/DB1_Lumidgm/77_3_9.wsq', '77.9.3', '77.9', 352, 544, 500);

INSERT INTO Features
Values('77.9.3', '77.9.3.1', 127);

INSERT INTO Minutiaes
Values('77.9.3.1.1', '77.9.3.1', '/var/www/server/Datasets/MOLF/MindtctOutput/DB1_Lumidgm/77_3_9.xyt');

INSERT INTO Images
Values('/var/www/server/Datasets/MOLF/OriginalDataset/DB1_Lumidgm/77_4_9.wsq', '77.9.4', '77.9', 352, 544, 500);

INSERT INTO Features
Values('77.9.4', '77.9.4.1', 126);

INSERT INTO Minutiaes
Values('77.9.4.1.1', '77.9.4.1', '/var/www/server/Datasets/MOLF/MindtctOutput/DB1_Lumidgm/77_4_9.xyt');

INSERT INTO Fingers
Values(NULL, 10, '77.10', '77');

INSERT INTO Images
Values('/var/www/server/Datasets/MOLF/OriginalDataset/DB1_Lumidgm/77_1_10.wsq', '77.10.1', '77.10', 352, 544, 500);

INSERT INTO Features
Values('77.10.1', '77.10.1.1', 63);

INSERT INTO Minutiaes
Values('77.10.1.1.1', '77.10.1.1', '/var/www/server/Datasets/MOLF/MindtctOutput/DB1_Lumidgm/77_1_10.xyt');

INSERT INTO Images
Values('/var/www/server/Datasets/MOLF/OriginalDataset/DB1_Lumidgm/77_2_10.wsq', '77.10.2', '77.10', 352, 544, 500);

INSERT INTO Features
Values('77.10.2', '77.10.2.1', 58);

INSERT INTO Minutiaes
Values('77.10.2.1.1', '77.10.2.1', '/var/www/server/Datasets/MOLF/MindtctOutput/DB1_Lumidgm/77_2_10.xyt');

INSERT INTO Images
Values('/var/www/server/Datasets/MOLF/OriginalDataset/DB1_Lumidgm/77_3_10.wsq', '77.10.3', '77.10', 352, 544, 500);

INSERT INTO Features
Values('77.10.3', '77.10.3.1', 103);

INSERT INTO Minutiaes
Values('77.10.3.1.1', '77.10.3.1', '/var/www/server/Datasets/MOLF/MindtctOutput/DB1_Lumidgm/77_3_10.xyt');

INSERT INTO Images
Values('/var/www/server/Datasets/MOLF/OriginalDataset/DB1_Lumidgm/77_4_10.wsq', '77.10.4', '77.10', 352, 544, 500);

INSERT INTO Features
Values('77.10.4', '77.10.4.1', 106);

INSERT INTO Minutiaes
Values('77.10.4.1.1', '77.10.4.1', '/var/www/server/Datasets/MOLF/MindtctOutput/DB1_Lumidgm/77_4_10.xyt');

#------------------------SUBJECT 78------------------------
INSERT INTO Subjects
Values('78');

INSERT INTO Fingers
Values(NULL, 1, '78.1', '78');

INSERT INTO Images
Values('/var/www/server/Datasets/MOLF/OriginalDataset/DB1_Lumidgm/78_1_1.wsq', '78.1.1', '78.1', 352, 544, 500);

INSERT INTO Features
Values('78.1.1', '78.1.1.1', 57);

INSERT INTO Minutiaes
Values('78.1.1.1.1', '78.1.1.1', '/var/www/server/Datasets/MOLF/MindtctOutput/DB1_Lumidgm/78_1_1.xyt');

INSERT INTO Images
Values('/var/www/server/Datasets/MOLF/OriginalDataset/DB1_Lumidgm/78_2_1.wsq', '78.1.2', '78.1', 352, 544, 500);

INSERT INTO Features
Values('78.1.2', '78.1.2.1', 46);

INSERT INTO Minutiaes
Values('78.1.2.1.1', '78.1.2.1', '/var/www/server/Datasets/MOLF/MindtctOutput/DB1_Lumidgm/78_2_1.xyt');

INSERT INTO Images
Values('/var/www/server/Datasets/MOLF/OriginalDataset/DB1_Lumidgm/78_3_1.wsq', '78.1.3', '78.1', 352, 544, 500);

INSERT INTO Features
Values('78.1.3', '78.1.3.1', 94);

INSERT INTO Minutiaes
Values('78.1.3.1.1', '78.1.3.1', '/var/www/server/Datasets/MOLF/MindtctOutput/DB1_Lumidgm/78_3_1.xyt');

INSERT INTO Images
Values('/var/www/server/Datasets/MOLF/OriginalDataset/DB1_Lumidgm/78_4_1.wsq', '78.1.4', '78.1', 352, 544, 500);

INSERT INTO Features
Values('78.1.4', '78.1.4.1', 94);

INSERT INTO Minutiaes
Values('78.1.4.1.1', '78.1.4.1', '/var/www/server/Datasets/MOLF/MindtctOutput/DB1_Lumidgm/78_4_1.xyt');

INSERT INTO Fingers
Values(NULL, 2, '78.2', '78');

INSERT INTO Images
Values('/var/www/server/Datasets/MOLF/OriginalDataset/DB1_Lumidgm/78_1_2.wsq', '78.2.1', '78.2', 352, 544, 500);

INSERT INTO Features
Values('78.2.1', '78.2.1.1', 54);

INSERT INTO Minutiaes
Values('78.2.1.1.1', '78.2.1.1', '/var/www/server/Datasets/MOLF/MindtctOutput/DB1_Lumidgm/78_1_2.xyt');

INSERT INTO Images
Values('/var/www/server/Datasets/MOLF/OriginalDataset/DB1_Lumidgm/78_2_2.wsq', '78.2.2', '78.2', 352, 544, 500);

INSERT INTO Features
Values('78.2.2', '78.2.2.1', 38);

INSERT INTO Minutiaes
Values('78.2.2.1.1', '78.2.2.1', '/var/www/server/Datasets/MOLF/MindtctOutput/DB1_Lumidgm/78_2_2.xyt');

INSERT INTO Images
Values('/var/www/server/Datasets/MOLF/OriginalDataset/DB1_Lumidgm/78_3_2.wsq', '78.2.3', '78.2', 352, 544, 500);

INSERT INTO Features
Values('78.2.3', '78.2.3.1', 96);

INSERT INTO Minutiaes
Values('78.2.3.1.1', '78.2.3.1', '/var/www/server/Datasets/MOLF/MindtctOutput/DB1_Lumidgm/78_3_2.xyt');

INSERT INTO Images
Values('/var/www/server/Datasets/MOLF/OriginalDataset/DB1_Lumidgm/78_4_2.wsq', '78.2.4', '78.2', 352, 544, 500);

INSERT INTO Features
Values('78.2.4', '78.2.4.1', 88);

INSERT INTO Minutiaes
Values('78.2.4.1.1', '78.2.4.1', '/var/www/server/Datasets/MOLF/MindtctOutput/DB1_Lumidgm/78_4_2.xyt');

INSERT INTO Fingers
Values(NULL, 3, '78.3', '78');

INSERT INTO Images
Values('/var/www/server/Datasets/MOLF/OriginalDataset/DB1_Lumidgm/78_1_3.wsq', '78.3.1', '78.3', 352, 544, 500);

INSERT INTO Features
Values('78.3.1', '78.3.1.1', 58);

INSERT INTO Minutiaes
Values('78.3.1.1.1', '78.3.1.1', '/var/www/server/Datasets/MOLF/MindtctOutput/DB1_Lumidgm/78_1_3.xyt');

INSERT INTO Images
Values('/var/www/server/Datasets/MOLF/OriginalDataset/DB1_Lumidgm/78_2_3.wsq', '78.3.2', '78.3', 352, 544, 500);

INSERT INTO Features
Values('78.3.2', '78.3.2.1', 60);

INSERT INTO Minutiaes
Values('78.3.2.1.1', '78.3.2.1', '/var/www/server/Datasets/MOLF/MindtctOutput/DB1_Lumidgm/78_2_3.xyt');

INSERT INTO Images
Values('/var/www/server/Datasets/MOLF/OriginalDataset/DB1_Lumidgm/78_3_3.wsq', '78.3.3', '78.3', 352, 544, 500);

INSERT INTO Features
Values('78.3.3', '78.3.3.1', 120);

INSERT INTO Minutiaes
Values('78.3.3.1.1', '78.3.3.1', '/var/www/server/Datasets/MOLF/MindtctOutput/DB1_Lumidgm/78_3_3.xyt');

INSERT INTO Images
Values('/var/www/server/Datasets/MOLF/OriginalDataset/DB1_Lumidgm/78_4_3.wsq', '78.3.4', '78.3', 352, 544, 500);

INSERT INTO Features
Values('78.3.4', '78.3.4.1', 99);

INSERT INTO Minutiaes
Values('78.3.4.1.1', '78.3.4.1', '/var/www/server/Datasets/MOLF/MindtctOutput/DB1_Lumidgm/78_4_3.xyt');

INSERT INTO Fingers
Values(NULL, 4, '78.4', '78');

INSERT INTO Images
Values('/var/www/server/Datasets/MOLF/OriginalDataset/DB1_Lumidgm/78_1_4.wsq', '78.4.1', '78.4', 352, 544, 500);

INSERT INTO Features
Values('78.4.1', '78.4.1.1', 62);

INSERT INTO Minutiaes
Values('78.4.1.1.1', '78.4.1.1', '/var/www/server/Datasets/MOLF/MindtctOutput/DB1_Lumidgm/78_1_4.xyt');

INSERT INTO Images
Values('/var/www/server/Datasets/MOLF/OriginalDataset/DB1_Lumidgm/78_2_4.wsq', '78.4.2', '78.4', 352, 544, 500);

INSERT INTO Features
Values('78.4.2', '78.4.2.1', 58);

INSERT INTO Minutiaes
Values('78.4.2.1.1', '78.4.2.1', '/var/www/server/Datasets/MOLF/MindtctOutput/DB1_Lumidgm/78_2_4.xyt');

INSERT INTO Images
Values('/var/www/server/Datasets/MOLF/OriginalDataset/DB1_Lumidgm/78_3_4.wsq', '78.4.3', '78.4', 352, 544, 500);

INSERT INTO Features
Values('78.4.3', '78.4.3.1', 114);

INSERT INTO Minutiaes
Values('78.4.3.1.1', '78.4.3.1', '/var/www/server/Datasets/MOLF/MindtctOutput/DB1_Lumidgm/78_3_4.xyt');

INSERT INTO Images
Values('/var/www/server/Datasets/MOLF/OriginalDataset/DB1_Lumidgm/78_4_4.wsq', '78.4.4', '78.4', 352, 544, 500);

INSERT INTO Features
Values('78.4.4', '78.4.4.1', 100);

INSERT INTO Minutiaes
Values('78.4.4.1.1', '78.4.4.1', '/var/www/server/Datasets/MOLF/MindtctOutput/DB1_Lumidgm/78_4_4.xyt');

INSERT INTO Fingers
Values(NULL, 5, '78.5', '78');

INSERT INTO Images
Values('/var/www/server/Datasets/MOLF/OriginalDataset/DB1_Lumidgm/78_1_5.wsq', '78.5.1', '78.5', 352, 544, 500);

INSERT INTO Features
Values('78.5.1', '78.5.1.1', 49);

INSERT INTO Minutiaes
Values('78.5.1.1.1', '78.5.1.1', '/var/www/server/Datasets/MOLF/MindtctOutput/DB1_Lumidgm/78_1_5.xyt');

INSERT INTO Images
Values('/var/www/server/Datasets/MOLF/OriginalDataset/DB1_Lumidgm/78_2_5.wsq', '78.5.2', '78.5', 352, 544, 500);

INSERT INTO Features
Values('78.5.2', '78.5.2.1', 61);

INSERT INTO Minutiaes
Values('78.5.2.1.1', '78.5.2.1', '/var/www/server/Datasets/MOLF/MindtctOutput/DB1_Lumidgm/78_2_5.xyt');

INSERT INTO Images
Values('/var/www/server/Datasets/MOLF/OriginalDataset/DB1_Lumidgm/78_3_5.wsq', '78.5.3', '78.5', 352, 544, 500);

INSERT INTO Features
Values('78.5.3', '78.5.3.1', 116);

INSERT INTO Minutiaes
Values('78.5.3.1.1', '78.5.3.1', '/var/www/server/Datasets/MOLF/MindtctOutput/DB1_Lumidgm/78_3_5.xyt');

INSERT INTO Images
Values('/var/www/server/Datasets/MOLF/OriginalDataset/DB1_Lumidgm/78_4_5.wsq', '78.5.4', '78.5', 352, 544, 500);

INSERT INTO Features
Values('78.5.4', '78.5.4.1', 99);

INSERT INTO Minutiaes
Values('78.5.4.1.1', '78.5.4.1', '/var/www/server/Datasets/MOLF/MindtctOutput/DB1_Lumidgm/78_4_5.xyt');

INSERT INTO Fingers
Values(NULL, 6, '78.6', '78');

INSERT INTO Images
Values('/var/www/server/Datasets/MOLF/OriginalDataset/DB1_Lumidgm/78_1_6.wsq', '78.6.1', '78.6', 352, 544, 500);

INSERT INTO Features
Values('78.6.1', '78.6.1.1', 38);

INSERT INTO Minutiaes
Values('78.6.1.1.1', '78.6.1.1', '/var/www/server/Datasets/MOLF/MindtctOutput/DB1_Lumidgm/78_1_6.xyt');

INSERT INTO Images
Values('/var/www/server/Datasets/MOLF/OriginalDataset/DB1_Lumidgm/78_2_6.wsq', '78.6.2', '78.6', 352, 544, 500);

INSERT INTO Features
Values('78.6.2', '78.6.2.1', 43);

INSERT INTO Minutiaes
Values('78.6.2.1.1', '78.6.2.1', '/var/www/server/Datasets/MOLF/MindtctOutput/DB1_Lumidgm/78_2_6.xyt');

INSERT INTO Images
Values('/var/www/server/Datasets/MOLF/OriginalDataset/DB1_Lumidgm/78_3_6.wsq', '78.6.3', '78.6', 352, 544, 500);

INSERT INTO Features
Values('78.6.3', '78.6.3.1', 91);

INSERT INTO Minutiaes
Values('78.6.3.1.1', '78.6.3.1', '/var/www/server/Datasets/MOLF/MindtctOutput/DB1_Lumidgm/78_3_6.xyt');

INSERT INTO Images
Values('/var/www/server/Datasets/MOLF/OriginalDataset/DB1_Lumidgm/78_4_6.wsq', '78.6.4', '78.6', 352, 544, 500);

INSERT INTO Features
Values('78.6.4', '78.6.4.1', 99);

INSERT INTO Minutiaes
Values('78.6.4.1.1', '78.6.4.1', '/var/www/server/Datasets/MOLF/MindtctOutput/DB1_Lumidgm/78_4_6.xyt');

INSERT INTO Fingers
Values(NULL, 7, '78.7', '78');

INSERT INTO Images
Values('/var/www/server/Datasets/MOLF/OriginalDataset/DB1_Lumidgm/78_1_7.wsq', '78.7.1', '78.7', 352, 544, 500);

INSERT INTO Features
Values('78.7.1', '78.7.1.1', 54);

INSERT INTO Minutiaes
Values('78.7.1.1.1', '78.7.1.1', '/var/www/server/Datasets/MOLF/MindtctOutput/DB1_Lumidgm/78_1_7.xyt');

INSERT INTO Images
Values('/var/www/server/Datasets/MOLF/OriginalDataset/DB1_Lumidgm/78_2_7.wsq', '78.7.2', '78.7', 352, 544, 500);

INSERT INTO Features
Values('78.7.2', '78.7.2.1', 58);

INSERT INTO Minutiaes
Values('78.7.2.1.1', '78.7.2.1', '/var/www/server/Datasets/MOLF/MindtctOutput/DB1_Lumidgm/78_2_7.xyt');

INSERT INTO Images
Values('/var/www/server/Datasets/MOLF/OriginalDataset/DB1_Lumidgm/78_3_7.wsq', '78.7.3', '78.7', 352, 544, 500);

INSERT INTO Features
Values('78.7.3', '78.7.3.1', 101);

INSERT INTO Minutiaes
Values('78.7.3.1.1', '78.7.3.1', '/var/www/server/Datasets/MOLF/MindtctOutput/DB1_Lumidgm/78_3_7.xyt');

INSERT INTO Images
Values('/var/www/server/Datasets/MOLF/OriginalDataset/DB1_Lumidgm/78_4_7.wsq', '78.7.4', '78.7', 352, 544, 500);

INSERT INTO Features
Values('78.7.4', '78.7.4.1', 106);

INSERT INTO Minutiaes
Values('78.7.4.1.1', '78.7.4.1', '/var/www/server/Datasets/MOLF/MindtctOutput/DB1_Lumidgm/78_4_7.xyt');

INSERT INTO Fingers
Values(NULL, 8, '78.8', '78');

INSERT INTO Images
Values('/var/www/server/Datasets/MOLF/OriginalDataset/DB1_Lumidgm/78_1_8.wsq', '78.8.1', '78.8', 352, 544, 500);

INSERT INTO Features
Values('78.8.1', '78.8.1.1', 47);

INSERT INTO Minutiaes
Values('78.8.1.1.1', '78.8.1.1', '/var/www/server/Datasets/MOLF/MindtctOutput/DB1_Lumidgm/78_1_8.xyt');

INSERT INTO Images
Values('/var/www/server/Datasets/MOLF/OriginalDataset/DB1_Lumidgm/78_2_8.wsq', '78.8.2', '78.8', 352, 544, 500);

INSERT INTO Features
Values('78.8.2', '78.8.2.1', 49);

INSERT INTO Minutiaes
Values('78.8.2.1.1', '78.8.2.1', '/var/www/server/Datasets/MOLF/MindtctOutput/DB1_Lumidgm/78_2_8.xyt');

INSERT INTO Images
Values('/var/www/server/Datasets/MOLF/OriginalDataset/DB1_Lumidgm/78_3_8.wsq', '78.8.3', '78.8', 352, 544, 500);

INSERT INTO Features
Values('78.8.3', '78.8.3.1', 104);

INSERT INTO Minutiaes
Values('78.8.3.1.1', '78.8.3.1', '/var/www/server/Datasets/MOLF/MindtctOutput/DB1_Lumidgm/78_3_8.xyt');

INSERT INTO Images
Values('/var/www/server/Datasets/MOLF/OriginalDataset/DB1_Lumidgm/78_4_8.wsq', '78.8.4', '78.8', 352, 544, 500);

INSERT INTO Features
Values('78.8.4', '78.8.4.1', 85);

INSERT INTO Minutiaes
Values('78.8.4.1.1', '78.8.4.1', '/var/www/server/Datasets/MOLF/MindtctOutput/DB1_Lumidgm/78_4_8.xyt');

INSERT INTO Fingers
Values(NULL, 9, '78.9', '78');

INSERT INTO Images
Values('/var/www/server/Datasets/MOLF/OriginalDataset/DB1_Lumidgm/78_1_9.wsq', '78.9.1', '78.9', 352, 544, 500);

INSERT INTO Features
Values('78.9.1', '78.9.1.1', 38);

INSERT INTO Minutiaes
Values('78.9.1.1.1', '78.9.1.1', '/var/www/server/Datasets/MOLF/MindtctOutput/DB1_Lumidgm/78_1_9.xyt');

INSERT INTO Images
Values('/var/www/server/Datasets/MOLF/OriginalDataset/DB1_Lumidgm/78_2_9.wsq', '78.9.2', '78.9', 352, 544, 500);

INSERT INTO Features
Values('78.9.2', '78.9.2.1', 42);

INSERT INTO Minutiaes
Values('78.9.2.1.1', '78.9.2.1', '/var/www/server/Datasets/MOLF/MindtctOutput/DB1_Lumidgm/78_2_9.xyt');

INSERT INTO Images
Values('/var/www/server/Datasets/MOLF/OriginalDataset/DB1_Lumidgm/78_3_9.wsq', '78.9.3', '78.9', 352, 544, 500);

INSERT INTO Features
Values('78.9.3', '78.9.3.1', 83);

INSERT INTO Minutiaes
Values('78.9.3.1.1', '78.9.3.1', '/var/www/server/Datasets/MOLF/MindtctOutput/DB1_Lumidgm/78_3_9.xyt');

INSERT INTO Images
Values('/var/www/server/Datasets/MOLF/OriginalDataset/DB1_Lumidgm/78_4_9.wsq', '78.9.4', '78.9', 352, 544, 500);

INSERT INTO Features
Values('78.9.4', '78.9.4.1', 102);

INSERT INTO Minutiaes
Values('78.9.4.1.1', '78.9.4.1', '/var/www/server/Datasets/MOLF/MindtctOutput/DB1_Lumidgm/78_4_9.xyt');

INSERT INTO Fingers
Values(NULL, 10, '78.10', '78');

INSERT INTO Images
Values('/var/www/server/Datasets/MOLF/OriginalDataset/DB1_Lumidgm/78_1_10.wsq', '78.10.1', '78.10', 352, 544, 500);

INSERT INTO Features
Values('78.10.1', '78.10.1.1', 47);

INSERT INTO Minutiaes
Values('78.10.1.1.1', '78.10.1.1', '/var/www/server/Datasets/MOLF/MindtctOutput/DB1_Lumidgm/78_1_10.xyt');

INSERT INTO Images
Values('/var/www/server/Datasets/MOLF/OriginalDataset/DB1_Lumidgm/78_2_10.wsq', '78.10.2', '78.10', 352, 544, 500);

INSERT INTO Features
Values('78.10.2', '78.10.2.1', 50);

INSERT INTO Minutiaes
Values('78.10.2.1.1', '78.10.2.1', '/var/www/server/Datasets/MOLF/MindtctOutput/DB1_Lumidgm/78_2_10.xyt');

INSERT INTO Images
Values('/var/www/server/Datasets/MOLF/OriginalDataset/DB1_Lumidgm/78_3_10.wsq', '78.10.3', '78.10', 352, 544, 500);

INSERT INTO Features
Values('78.10.3', '78.10.3.1', 101);

INSERT INTO Minutiaes
Values('78.10.3.1.1', '78.10.3.1', '/var/www/server/Datasets/MOLF/MindtctOutput/DB1_Lumidgm/78_3_10.xyt');

INSERT INTO Images
Values('/var/www/server/Datasets/MOLF/OriginalDataset/DB1_Lumidgm/78_4_10.wsq', '78.10.4', '78.10', 352, 544, 500);

INSERT INTO Features
Values('78.10.4', '78.10.4.1', 87);

INSERT INTO Minutiaes
Values('78.10.4.1.1', '78.10.4.1', '/var/www/server/Datasets/MOLF/MindtctOutput/DB1_Lumidgm/78_4_10.xyt');

#------------------------SUBJECT 79------------------------
INSERT INTO Subjects
Values('79');

INSERT INTO Fingers
Values(NULL, 1, '79.1', '79');

INSERT INTO Images
Values('/var/www/server/Datasets/MOLF/OriginalDataset/DB1_Lumidgm/79_1_1.wsq', '79.1.1', '79.1', 352, 544, 500);

INSERT INTO Features
Values('79.1.1', '79.1.1.1', 57);

INSERT INTO Minutiaes
Values('79.1.1.1.1', '79.1.1.1', '/var/www/server/Datasets/MOLF/MindtctOutput/DB1_Lumidgm/79_1_1.xyt');

INSERT INTO Images
Values('/var/www/server/Datasets/MOLF/OriginalDataset/DB1_Lumidgm/79_2_1.wsq', '79.1.2', '79.1', 352, 544, 500);

INSERT INTO Features
Values('79.1.2', '79.1.2.1', 59);

INSERT INTO Minutiaes
Values('79.1.2.1.1', '79.1.2.1', '/var/www/server/Datasets/MOLF/MindtctOutput/DB1_Lumidgm/79_2_1.xyt');

INSERT INTO Images
Values('/var/www/server/Datasets/MOLF/OriginalDataset/DB1_Lumidgm/79_3_1.wsq', '79.1.3', '79.1', 352, 544, 500);

INSERT INTO Features
Values('79.1.3', '79.1.3.1', 136);

INSERT INTO Minutiaes
Values('79.1.3.1.1', '79.1.3.1', '/var/www/server/Datasets/MOLF/MindtctOutput/DB1_Lumidgm/79_3_1.xyt');

INSERT INTO Images
Values('/var/www/server/Datasets/MOLF/OriginalDataset/DB1_Lumidgm/79_4_1.wsq', '79.1.4', '79.1', 352, 544, 500);

INSERT INTO Features
Values('79.1.4', '79.1.4.1', 142);

INSERT INTO Minutiaes
Values('79.1.4.1.1', '79.1.4.1', '/var/www/server/Datasets/MOLF/MindtctOutput/DB1_Lumidgm/79_4_1.xyt');

INSERT INTO Fingers
Values(NULL, 2, '79.2', '79');

INSERT INTO Images
Values('/var/www/server/Datasets/MOLF/OriginalDataset/DB1_Lumidgm/79_1_2.wsq', '79.2.1', '79.2', 352, 544, 500);

INSERT INTO Features
Values('79.2.1', '79.2.1.1', 62);

INSERT INTO Minutiaes
Values('79.2.1.1.1', '79.2.1.1', '/var/www/server/Datasets/MOLF/MindtctOutput/DB1_Lumidgm/79_1_2.xyt');

INSERT INTO Images
Values('/var/www/server/Datasets/MOLF/OriginalDataset/DB1_Lumidgm/79_2_2.wsq', '79.2.2', '79.2', 352, 544, 500);

INSERT INTO Features
Values('79.2.2', '79.2.2.1', 67);

INSERT INTO Minutiaes
Values('79.2.2.1.1', '79.2.2.1', '/var/www/server/Datasets/MOLF/MindtctOutput/DB1_Lumidgm/79_2_2.xyt');

INSERT INTO Images
Values('/var/www/server/Datasets/MOLF/OriginalDataset/DB1_Lumidgm/79_3_2.wsq', '79.2.3', '79.2', 352, 544, 500);

INSERT INTO Features
Values('79.2.3', '79.2.3.1', 128);

INSERT INTO Minutiaes
Values('79.2.3.1.1', '79.2.3.1', '/var/www/server/Datasets/MOLF/MindtctOutput/DB1_Lumidgm/79_3_2.xyt');

INSERT INTO Images
Values('/var/www/server/Datasets/MOLF/OriginalDataset/DB1_Lumidgm/79_4_2.wsq', '79.2.4', '79.2', 352, 544, 500);

INSERT INTO Features
Values('79.2.4', '79.2.4.1', 120);

INSERT INTO Minutiaes
Values('79.2.4.1.1', '79.2.4.1', '/var/www/server/Datasets/MOLF/MindtctOutput/DB1_Lumidgm/79_4_2.xyt');

INSERT INTO Fingers
Values(NULL, 3, '79.3', '79');

INSERT INTO Images
Values('/var/www/server/Datasets/MOLF/OriginalDataset/DB1_Lumidgm/79_1_3.wsq', '79.3.1', '79.3', 352, 544, 500);

INSERT INTO Features
Values('79.3.1', '79.3.1.1', 76);

INSERT INTO Minutiaes
Values('79.3.1.1.1', '79.3.1.1', '/var/www/server/Datasets/MOLF/MindtctOutput/DB1_Lumidgm/79_1_3.xyt');

INSERT INTO Images
Values('/var/www/server/Datasets/MOLF/OriginalDataset/DB1_Lumidgm/79_2_3.wsq', '79.3.2', '79.3', 352, 544, 500);

INSERT INTO Features
Values('79.3.2', '79.3.2.1', 67);

INSERT INTO Minutiaes
Values('79.3.2.1.1', '79.3.2.1', '/var/www/server/Datasets/MOLF/MindtctOutput/DB1_Lumidgm/79_2_3.xyt');

INSERT INTO Images
Values('/var/www/server/Datasets/MOLF/OriginalDataset/DB1_Lumidgm/79_3_3.wsq', '79.3.3', '79.3', 352, 544, 500);

INSERT INTO Features
Values('79.3.3', '79.3.3.1', 154);

INSERT INTO Minutiaes
Values('79.3.3.1.1', '79.3.3.1', '/var/www/server/Datasets/MOLF/MindtctOutput/DB1_Lumidgm/79_3_3.xyt');

INSERT INTO Images
Values('/var/www/server/Datasets/MOLF/OriginalDataset/DB1_Lumidgm/79_4_3.wsq', '79.3.4', '79.3', 352, 544, 500);

INSERT INTO Features
Values('79.3.4', '79.3.4.1', 154);

INSERT INTO Minutiaes
Values('79.3.4.1.1', '79.3.4.1', '/var/www/server/Datasets/MOLF/MindtctOutput/DB1_Lumidgm/79_4_3.xyt');

INSERT INTO Fingers
Values(NULL, 4, '79.4', '79');

INSERT INTO Images
Values('/var/www/server/Datasets/MOLF/OriginalDataset/DB1_Lumidgm/79_1_4.wsq', '79.4.1', '79.4', 352, 544, 500);

INSERT INTO Features
Values('79.4.1', '79.4.1.1', 89);

INSERT INTO Minutiaes
Values('79.4.1.1.1', '79.4.1.1', '/var/www/server/Datasets/MOLF/MindtctOutput/DB1_Lumidgm/79_1_4.xyt');

INSERT INTO Images
Values('/var/www/server/Datasets/MOLF/OriginalDataset/DB1_Lumidgm/79_2_4.wsq', '79.4.2', '79.4', 352, 544, 500);

INSERT INTO Features
Values('79.4.2', '79.4.2.1', 93);

INSERT INTO Minutiaes
Values('79.4.2.1.1', '79.4.2.1', '/var/www/server/Datasets/MOLF/MindtctOutput/DB1_Lumidgm/79_2_4.xyt');

INSERT INTO Images
Values('/var/www/server/Datasets/MOLF/OriginalDataset/DB1_Lumidgm/79_3_4.wsq', '79.4.3', '79.4', 352, 544, 500);

INSERT INTO Features
Values('79.4.3', '79.4.3.1', 157);

INSERT INTO Minutiaes
Values('79.4.3.1.1', '79.4.3.1', '/var/www/server/Datasets/MOLF/MindtctOutput/DB1_Lumidgm/79_3_4.xyt');

INSERT INTO Images
Values('/var/www/server/Datasets/MOLF/OriginalDataset/DB1_Lumidgm/79_4_4.wsq', '79.4.4', '79.4', 352, 544, 500);

INSERT INTO Features
Values('79.4.4', '79.4.4.1', 163);

INSERT INTO Minutiaes
Values('79.4.4.1.1', '79.4.4.1', '/var/www/server/Datasets/MOLF/MindtctOutput/DB1_Lumidgm/79_4_4.xyt');

INSERT INTO Fingers
Values(NULL, 5, '79.5', '79');

INSERT INTO Images
Values('/var/www/server/Datasets/MOLF/OriginalDataset/DB1_Lumidgm/79_1_5.wsq', '79.5.1', '79.5', 352, 544, 500);

INSERT INTO Features
Values('79.5.1', '79.5.1.1', 78);

INSERT INTO Minutiaes
Values('79.5.1.1.1', '79.5.1.1', '/var/www/server/Datasets/MOLF/MindtctOutput/DB1_Lumidgm/79_1_5.xyt');

INSERT INTO Images
Values('/var/www/server/Datasets/MOLF/OriginalDataset/DB1_Lumidgm/79_2_5.wsq', '79.5.2', '79.5', 352, 544, 500);

INSERT INTO Features
Values('79.5.2', '79.5.2.1', 72);

INSERT INTO Minutiaes
Values('79.5.2.1.1', '79.5.2.1', '/var/www/server/Datasets/MOLF/MindtctOutput/DB1_Lumidgm/79_2_5.xyt');

INSERT INTO Images
Values('/var/www/server/Datasets/MOLF/OriginalDataset/DB1_Lumidgm/79_3_5.wsq', '79.5.3', '79.5', 352, 544, 500);

INSERT INTO Features
Values('79.5.3', '79.5.3.1', 181);

INSERT INTO Minutiaes
Values('79.5.3.1.1', '79.5.3.1', '/var/www/server/Datasets/MOLF/MindtctOutput/DB1_Lumidgm/79_3_5.xyt');

INSERT INTO Images
Values('/var/www/server/Datasets/MOLF/OriginalDataset/DB1_Lumidgm/79_4_5.wsq', '79.5.4', '79.5', 352, 544, 500);

INSERT INTO Features
Values('79.5.4', '79.5.4.1', 146);

INSERT INTO Minutiaes
Values('79.5.4.1.1', '79.5.4.1', '/var/www/server/Datasets/MOLF/MindtctOutput/DB1_Lumidgm/79_4_5.xyt');

INSERT INTO Fingers
Values(NULL, 6, '79.6', '79');

INSERT INTO Images
Values('/var/www/server/Datasets/MOLF/OriginalDataset/DB1_Lumidgm/79_1_6.wsq', '79.6.1', '79.6', 352, 544, 500);

INSERT INTO Features
Values('79.6.1', '79.6.1.1', 91);

INSERT INTO Minutiaes
Values('79.6.1.1.1', '79.6.1.1', '/var/www/server/Datasets/MOLF/MindtctOutput/DB1_Lumidgm/79_1_6.xyt');

INSERT INTO Images
Values('/var/www/server/Datasets/MOLF/OriginalDataset/DB1_Lumidgm/79_2_6.wsq', '79.6.2', '79.6', 352, 544, 500);

INSERT INTO Features
Values('79.6.2', '79.6.2.1', 92);

INSERT INTO Minutiaes
Values('79.6.2.1.1', '79.6.2.1', '/var/www/server/Datasets/MOLF/MindtctOutput/DB1_Lumidgm/79_2_6.xyt');

INSERT INTO Images
Values('/var/www/server/Datasets/MOLF/OriginalDataset/DB1_Lumidgm/79_3_6.wsq', '79.6.3', '79.6', 352, 544, 500);

INSERT INTO Features
Values('79.6.3', '79.6.3.1', 113);

INSERT INTO Minutiaes
Values('79.6.3.1.1', '79.6.3.1', '/var/www/server/Datasets/MOLF/MindtctOutput/DB1_Lumidgm/79_3_6.xyt');

INSERT INTO Images
Values('/var/www/server/Datasets/MOLF/OriginalDataset/DB1_Lumidgm/79_4_6.wsq', '79.6.4', '79.6', 352, 544, 500);

INSERT INTO Features
Values('79.6.4', '79.6.4.1', 151);

INSERT INTO Minutiaes
Values('79.6.4.1.1', '79.6.4.1', '/var/www/server/Datasets/MOLF/MindtctOutput/DB1_Lumidgm/79_4_6.xyt');

INSERT INTO Fingers
Values(NULL, 7, '79.7', '79');

INSERT INTO Images
Values('/var/www/server/Datasets/MOLF/OriginalDataset/DB1_Lumidgm/79_1_7.wsq', '79.7.1', '79.7', 352, 544, 500);

INSERT INTO Features
Values('79.7.1', '79.7.1.1', 83);

INSERT INTO Minutiaes
Values('79.7.1.1.1', '79.7.1.1', '/var/www/server/Datasets/MOLF/MindtctOutput/DB1_Lumidgm/79_1_7.xyt');

INSERT INTO Images
Values('/var/www/server/Datasets/MOLF/OriginalDataset/DB1_Lumidgm/79_2_7.wsq', '79.7.2', '79.7', 352, 544, 500);

INSERT INTO Features
Values('79.7.2', '79.7.2.1', 97);

INSERT INTO Minutiaes
Values('79.7.2.1.1', '79.7.2.1', '/var/www/server/Datasets/MOLF/MindtctOutput/DB1_Lumidgm/79_2_7.xyt');

INSERT INTO Images
Values('/var/www/server/Datasets/MOLF/OriginalDataset/DB1_Lumidgm/79_3_7.wsq', '79.7.3', '79.7', 352, 544, 500);

INSERT INTO Features
Values('79.7.3', '79.7.3.1', 140);

INSERT INTO Minutiaes
Values('79.7.3.1.1', '79.7.3.1', '/var/www/server/Datasets/MOLF/MindtctOutput/DB1_Lumidgm/79_3_7.xyt');

INSERT INTO Images
Values('/var/www/server/Datasets/MOLF/OriginalDataset/DB1_Lumidgm/79_4_7.wsq', '79.7.4', '79.7', 352, 544, 500);

INSERT INTO Features
Values('79.7.4', '79.7.4.1', 158);

INSERT INTO Minutiaes
Values('79.7.4.1.1', '79.7.4.1', '/var/www/server/Datasets/MOLF/MindtctOutput/DB1_Lumidgm/79_4_7.xyt');

INSERT INTO Fingers
Values(NULL, 8, '79.8', '79');

INSERT INTO Images
Values('/var/www/server/Datasets/MOLF/OriginalDataset/DB1_Lumidgm/79_1_8.wsq', '79.8.1', '79.8', 352, 544, 500);

INSERT INTO Features
Values('79.8.1', '79.8.1.1', 62);

INSERT INTO Minutiaes
Values('79.8.1.1.1', '79.8.1.1', '/var/www/server/Datasets/MOLF/MindtctOutput/DB1_Lumidgm/79_1_8.xyt');

INSERT INTO Images
Values('/var/www/server/Datasets/MOLF/OriginalDataset/DB1_Lumidgm/79_2_8.wsq', '79.8.2', '79.8', 352, 544, 500);

INSERT INTO Features
Values('79.8.2', '79.8.2.1', 76);

INSERT INTO Minutiaes
Values('79.8.2.1.1', '79.8.2.1', '/var/www/server/Datasets/MOLF/MindtctOutput/DB1_Lumidgm/79_2_8.xyt');

INSERT INTO Images
Values('/var/www/server/Datasets/MOLF/OriginalDataset/DB1_Lumidgm/79_3_8.wsq', '79.8.3', '79.8', 352, 544, 500);

INSERT INTO Features
Values('79.8.3', '79.8.3.1', 125);

INSERT INTO Minutiaes
Values('79.8.3.1.1', '79.8.3.1', '/var/www/server/Datasets/MOLF/MindtctOutput/DB1_Lumidgm/79_3_8.xyt');

INSERT INTO Images
Values('/var/www/server/Datasets/MOLF/OriginalDataset/DB1_Lumidgm/79_4_8.wsq', '79.8.4', '79.8', 352, 544, 500);

INSERT INTO Features
Values('79.8.4', '79.8.4.1', 128);

INSERT INTO Minutiaes
Values('79.8.4.1.1', '79.8.4.1', '/var/www/server/Datasets/MOLF/MindtctOutput/DB1_Lumidgm/79_4_8.xyt');

INSERT INTO Fingers
Values(NULL, 9, '79.9', '79');

INSERT INTO Images
Values('/var/www/server/Datasets/MOLF/OriginalDataset/DB1_Lumidgm/79_1_9.wsq', '79.9.1', '79.9', 352, 544, 500);

INSERT INTO Features
Values('79.9.1', '79.9.1.1', 105);

INSERT INTO Minutiaes
Values('79.9.1.1.1', '79.9.1.1', '/var/www/server/Datasets/MOLF/MindtctOutput/DB1_Lumidgm/79_1_9.xyt');

INSERT INTO Images
Values('/var/www/server/Datasets/MOLF/OriginalDataset/DB1_Lumidgm/79_2_9.wsq', '79.9.2', '79.9', 352, 544, 500);

INSERT INTO Features
Values('79.9.2', '79.9.2.1', 94);

INSERT INTO Minutiaes
Values('79.9.2.1.1', '79.9.2.1', '/var/www/server/Datasets/MOLF/MindtctOutput/DB1_Lumidgm/79_2_9.xyt');

INSERT INTO Images
Values('/var/www/server/Datasets/MOLF/OriginalDataset/DB1_Lumidgm/79_3_9.wsq', '79.9.3', '79.9', 352, 544, 500);

INSERT INTO Features
Values('79.9.3', '79.9.3.1', 142);

INSERT INTO Minutiaes
Values('79.9.3.1.1', '79.9.3.1', '/var/www/server/Datasets/MOLF/MindtctOutput/DB1_Lumidgm/79_3_9.xyt');

INSERT INTO Images
Values('/var/www/server/Datasets/MOLF/OriginalDataset/DB1_Lumidgm/79_4_9.wsq', '79.9.4', '79.9', 352, 544, 500);

INSERT INTO Features
Values('79.9.4', '79.9.4.1', 156);

INSERT INTO Minutiaes
Values('79.9.4.1.1', '79.9.4.1', '/var/www/server/Datasets/MOLF/MindtctOutput/DB1_Lumidgm/79_4_9.xyt');

INSERT INTO Fingers
Values(NULL, 10, '79.10', '79');

INSERT INTO Images
Values('/var/www/server/Datasets/MOLF/OriginalDataset/DB1_Lumidgm/79_1_10.wsq', '79.10.1', '79.10', 352, 544, 500);

INSERT INTO Features
Values('79.10.1', '79.10.1.1', 93);

INSERT INTO Minutiaes
Values('79.10.1.1.1', '79.10.1.1', '/var/www/server/Datasets/MOLF/MindtctOutput/DB1_Lumidgm/79_1_10.xyt');

INSERT INTO Images
Values('/var/www/server/Datasets/MOLF/OriginalDataset/DB1_Lumidgm/79_2_10.wsq', '79.10.2', '79.10', 352, 544, 500);

INSERT INTO Features
Values('79.10.2', '79.10.2.1', 87);

INSERT INTO Minutiaes
Values('79.10.2.1.1', '79.10.2.1', '/var/www/server/Datasets/MOLF/MindtctOutput/DB1_Lumidgm/79_2_10.xyt');

INSERT INTO Images
Values('/var/www/server/Datasets/MOLF/OriginalDataset/DB1_Lumidgm/79_3_10.wsq', '79.10.3', '79.10', 352, 544, 500);

INSERT INTO Features
Values('79.10.3', '79.10.3.1', 117);

INSERT INTO Minutiaes
Values('79.10.3.1.1', '79.10.3.1', '/var/www/server/Datasets/MOLF/MindtctOutput/DB1_Lumidgm/79_3_10.xyt');

INSERT INTO Images
Values('/var/www/server/Datasets/MOLF/OriginalDataset/DB1_Lumidgm/79_4_10.wsq', '79.10.4', '79.10', 352, 544, 500);

INSERT INTO Features
Values('79.10.4', '79.10.4.1', 154);

INSERT INTO Minutiaes
Values('79.10.4.1.1', '79.10.4.1', '/var/www/server/Datasets/MOLF/MindtctOutput/DB1_Lumidgm/79_4_10.xyt');

#------------------------SUBJECT 80------------------------
INSERT INTO Subjects
Values('80');

INSERT INTO Fingers
Values(NULL, 1, '80.1', '80');

INSERT INTO Images
Values('/var/www/server/Datasets/MOLF/OriginalDataset/DB1_Lumidgm/80_1_1.wsq', '80.1.1', '80.1', 352, 544, 500);

INSERT INTO Features
Values('80.1.1', '80.1.1.1', 53);

INSERT INTO Minutiaes
Values('80.1.1.1.1', '80.1.1.1', '/var/www/server/Datasets/MOLF/MindtctOutput/DB1_Lumidgm/80_1_1.xyt');

INSERT INTO Images
Values('/var/www/server/Datasets/MOLF/OriginalDataset/DB1_Lumidgm/80_2_1.wsq', '80.1.2', '80.1', 352, 544, 500);

INSERT INTO Features
Values('80.1.2', '80.1.2.1', 57);

INSERT INTO Minutiaes
Values('80.1.2.1.1', '80.1.2.1', '/var/www/server/Datasets/MOLF/MindtctOutput/DB1_Lumidgm/80_2_1.xyt');

INSERT INTO Images
Values('/var/www/server/Datasets/MOLF/OriginalDataset/DB1_Lumidgm/80_3_1.wsq', '80.1.3', '80.1', 352, 544, 500);

INSERT INTO Features
Values('80.1.3', '80.1.3.1', 69);

INSERT INTO Minutiaes
Values('80.1.3.1.1', '80.1.3.1', '/var/www/server/Datasets/MOLF/MindtctOutput/DB1_Lumidgm/80_3_1.xyt');

INSERT INTO Images
Values('/var/www/server/Datasets/MOLF/OriginalDataset/DB1_Lumidgm/80_4_1.wsq', '80.1.4', '80.1', 352, 544, 500);

INSERT INTO Features
Values('80.1.4', '80.1.4.1', 61);

INSERT INTO Minutiaes
Values('80.1.4.1.1', '80.1.4.1', '/var/www/server/Datasets/MOLF/MindtctOutput/DB1_Lumidgm/80_4_1.xyt');

INSERT INTO Fingers
Values(NULL, 2, '80.2', '80');

INSERT INTO Images
Values('/var/www/server/Datasets/MOLF/OriginalDataset/DB1_Lumidgm/80_1_2.wsq', '80.2.1', '80.2', 352, 544, 500);

INSERT INTO Features
Values('80.2.1', '80.2.1.1', 53);

INSERT INTO Minutiaes
Values('80.2.1.1.1', '80.2.1.1', '/var/www/server/Datasets/MOLF/MindtctOutput/DB1_Lumidgm/80_1_2.xyt');

INSERT INTO Images
Values('/var/www/server/Datasets/MOLF/OriginalDataset/DB1_Lumidgm/80_2_2.wsq', '80.2.2', '80.2', 352, 544, 500);

INSERT INTO Features
Values('80.2.2', '80.2.2.1', 57);

INSERT INTO Minutiaes
Values('80.2.2.1.1', '80.2.2.1', '/var/www/server/Datasets/MOLF/MindtctOutput/DB1_Lumidgm/80_2_2.xyt');

INSERT INTO Images
Values('/var/www/server/Datasets/MOLF/OriginalDataset/DB1_Lumidgm/80_3_2.wsq', '80.2.3', '80.2', 352, 544, 500);

INSERT INTO Features
Values('80.2.3', '80.2.3.1', 74);

INSERT INTO Minutiaes
Values('80.2.3.1.1', '80.2.3.1', '/var/www/server/Datasets/MOLF/MindtctOutput/DB1_Lumidgm/80_3_2.xyt');

INSERT INTO Images
Values('/var/www/server/Datasets/MOLF/OriginalDataset/DB1_Lumidgm/80_4_2.wsq', '80.2.4', '80.2', 352, 544, 500);

INSERT INTO Features
Values('80.2.4', '80.2.4.1', 68);

INSERT INTO Minutiaes
Values('80.2.4.1.1', '80.2.4.1', '/var/www/server/Datasets/MOLF/MindtctOutput/DB1_Lumidgm/80_4_2.xyt');

INSERT INTO Fingers
Values(NULL, 3, '80.3', '80');

INSERT INTO Images
Values('/var/www/server/Datasets/MOLF/OriginalDataset/DB1_Lumidgm/80_1_3.wsq', '80.3.1', '80.3', 352, 544, 500);

INSERT INTO Features
Values('80.3.1', '80.3.1.1', 65);

INSERT INTO Minutiaes
Values('80.3.1.1.1', '80.3.1.1', '/var/www/server/Datasets/MOLF/MindtctOutput/DB1_Lumidgm/80_1_3.xyt');

INSERT INTO Images
Values('/var/www/server/Datasets/MOLF/OriginalDataset/DB1_Lumidgm/80_2_3.wsq', '80.3.2', '80.3', 352, 544, 500);

INSERT INTO Features
Values('80.3.2', '80.3.2.1', 73);

INSERT INTO Minutiaes
Values('80.3.2.1.1', '80.3.2.1', '/var/www/server/Datasets/MOLF/MindtctOutput/DB1_Lumidgm/80_2_3.xyt');

INSERT INTO Images
Values('/var/www/server/Datasets/MOLF/OriginalDataset/DB1_Lumidgm/80_3_3.wsq', '80.3.3', '80.3', 352, 544, 500);

INSERT INTO Features
Values('80.3.3', '80.3.3.1', 68);

INSERT INTO Minutiaes
Values('80.3.3.1.1', '80.3.3.1', '/var/www/server/Datasets/MOLF/MindtctOutput/DB1_Lumidgm/80_3_3.xyt');

INSERT INTO Images
Values('/var/www/server/Datasets/MOLF/OriginalDataset/DB1_Lumidgm/80_4_3.wsq', '80.3.4', '80.3', 352, 544, 500);

INSERT INTO Features
Values('80.3.4', '80.3.4.1', 72);

INSERT INTO Minutiaes
Values('80.3.4.1.1', '80.3.4.1', '/var/www/server/Datasets/MOLF/MindtctOutput/DB1_Lumidgm/80_4_3.xyt');

INSERT INTO Fingers
Values(NULL, 4, '80.4', '80');

INSERT INTO Images
Values('/var/www/server/Datasets/MOLF/OriginalDataset/DB1_Lumidgm/80_1_4.wsq', '80.4.1', '80.4', 352, 544, 500);

INSERT INTO Features
Values('80.4.1', '80.4.1.1', 74);

INSERT INTO Minutiaes
Values('80.4.1.1.1', '80.4.1.1', '/var/www/server/Datasets/MOLF/MindtctOutput/DB1_Lumidgm/80_1_4.xyt');

INSERT INTO Images
Values('/var/www/server/Datasets/MOLF/OriginalDataset/DB1_Lumidgm/80_2_4.wsq', '80.4.2', '80.4', 352, 544, 500);

INSERT INTO Features
Values('80.4.2', '80.4.2.1', 75);

INSERT INTO Minutiaes
Values('80.4.2.1.1', '80.4.2.1', '/var/www/server/Datasets/MOLF/MindtctOutput/DB1_Lumidgm/80_2_4.xyt');

INSERT INTO Images
Values('/var/www/server/Datasets/MOLF/OriginalDataset/DB1_Lumidgm/80_3_4.wsq', '80.4.3', '80.4', 352, 544, 500);

INSERT INTO Features
Values('80.4.3', '80.4.3.1', 73);

INSERT INTO Minutiaes
Values('80.4.3.1.1', '80.4.3.1', '/var/www/server/Datasets/MOLF/MindtctOutput/DB1_Lumidgm/80_3_4.xyt');

INSERT INTO Images
Values('/var/www/server/Datasets/MOLF/OriginalDataset/DB1_Lumidgm/80_4_4.wsq', '80.4.4', '80.4', 352, 544, 500);

INSERT INTO Features
Values('80.4.4', '80.4.4.1', 65);

INSERT INTO Minutiaes
Values('80.4.4.1.1', '80.4.4.1', '/var/www/server/Datasets/MOLF/MindtctOutput/DB1_Lumidgm/80_4_4.xyt');

INSERT INTO Fingers
Values(NULL, 5, '80.5', '80');

INSERT INTO Images
Values('/var/www/server/Datasets/MOLF/OriginalDataset/DB1_Lumidgm/80_1_5.wsq', '80.5.1', '80.5', 352, 544, 500);

INSERT INTO Features
Values('80.5.1', '80.5.1.1', 62);

INSERT INTO Minutiaes
Values('80.5.1.1.1', '80.5.1.1', '/var/www/server/Datasets/MOLF/MindtctOutput/DB1_Lumidgm/80_1_5.xyt');

INSERT INTO Images
Values('/var/www/server/Datasets/MOLF/OriginalDataset/DB1_Lumidgm/80_2_5.wsq', '80.5.2', '80.5', 352, 544, 500);

INSERT INTO Features
Values('80.5.2', '80.5.2.1', 66);

INSERT INTO Minutiaes
Values('80.5.2.1.1', '80.5.2.1', '/var/www/server/Datasets/MOLF/MindtctOutput/DB1_Lumidgm/80_2_5.xyt');

INSERT INTO Images
Values('/var/www/server/Datasets/MOLF/OriginalDataset/DB1_Lumidgm/80_3_5.wsq', '80.5.3', '80.5', 352, 544, 500);

INSERT INTO Features
Values('80.5.3', '80.5.3.1', 55);

INSERT INTO Minutiaes
Values('80.5.3.1.1', '80.5.3.1', '/var/www/server/Datasets/MOLF/MindtctOutput/DB1_Lumidgm/80_3_5.xyt');

INSERT INTO Images
Values('/var/www/server/Datasets/MOLF/OriginalDataset/DB1_Lumidgm/80_4_5.wsq', '80.5.4', '80.5', 352, 544, 500);

INSERT INTO Features
Values('80.5.4', '80.5.4.1', 63);

INSERT INTO Minutiaes
Values('80.5.4.1.1', '80.5.4.1', '/var/www/server/Datasets/MOLF/MindtctOutput/DB1_Lumidgm/80_4_5.xyt');

INSERT INTO Fingers
Values(NULL, 6, '80.6', '80');

INSERT INTO Images
Values('/var/www/server/Datasets/MOLF/OriginalDataset/DB1_Lumidgm/80_1_6.wsq', '80.6.1', '80.6', 352, 544, 500);

INSERT INTO Features
Values('80.6.1', '80.6.1.1', 68);

INSERT INTO Minutiaes
Values('80.6.1.1.1', '80.6.1.1', '/var/www/server/Datasets/MOLF/MindtctOutput/DB1_Lumidgm/80_1_6.xyt');

INSERT INTO Images
Values('/var/www/server/Datasets/MOLF/OriginalDataset/DB1_Lumidgm/80_2_6.wsq', '80.6.2', '80.6', 352, 544, 500);

INSERT INTO Features
Values('80.6.2', '80.6.2.1', 71);

INSERT INTO Minutiaes
Values('80.6.2.1.1', '80.6.2.1', '/var/www/server/Datasets/MOLF/MindtctOutput/DB1_Lumidgm/80_2_6.xyt');

INSERT INTO Images
Values('/var/www/server/Datasets/MOLF/OriginalDataset/DB1_Lumidgm/80_3_6.wsq', '80.6.3', '80.6', 352, 544, 500);

INSERT INTO Features
Values('80.6.3', '80.6.3.1', 64);

INSERT INTO Minutiaes
Values('80.6.3.1.1', '80.6.3.1', '/var/www/server/Datasets/MOLF/MindtctOutput/DB1_Lumidgm/80_3_6.xyt');

INSERT INTO Images
Values('/var/www/server/Datasets/MOLF/OriginalDataset/DB1_Lumidgm/80_4_6.wsq', '80.6.4', '80.6', 352, 544, 500);

INSERT INTO Features
Values('80.6.4', '80.6.4.1', 79);

INSERT INTO Minutiaes
Values('80.6.4.1.1', '80.6.4.1', '/var/www/server/Datasets/MOLF/MindtctOutput/DB1_Lumidgm/80_4_6.xyt');

INSERT INTO Fingers
Values(NULL, 7, '80.7', '80');

INSERT INTO Images
Values('/var/www/server/Datasets/MOLF/OriginalDataset/DB1_Lumidgm/80_1_7.wsq', '80.7.1', '80.7', 352, 544, 500);

INSERT INTO Features
Values('80.7.1', '80.7.1.1', 81);

INSERT INTO Minutiaes
Values('80.7.1.1.1', '80.7.1.1', '/var/www/server/Datasets/MOLF/MindtctOutput/DB1_Lumidgm/80_1_7.xyt');

INSERT INTO Images
Values('/var/www/server/Datasets/MOLF/OriginalDataset/DB1_Lumidgm/80_2_7.wsq', '80.7.2', '80.7', 352, 544, 500);

INSERT INTO Features
Values('80.7.2', '80.7.2.1', 89);

INSERT INTO Minutiaes
Values('80.7.2.1.1', '80.7.2.1', '/var/www/server/Datasets/MOLF/MindtctOutput/DB1_Lumidgm/80_2_7.xyt');

INSERT INTO Images
Values('/var/www/server/Datasets/MOLF/OriginalDataset/DB1_Lumidgm/80_3_7.wsq', '80.7.3', '80.7', 352, 544, 500);

INSERT INTO Features
Values('80.7.3', '80.7.3.1', 78);

INSERT INTO Minutiaes
Values('80.7.3.1.1', '80.7.3.1', '/var/www/server/Datasets/MOLF/MindtctOutput/DB1_Lumidgm/80_3_7.xyt');

INSERT INTO Images
Values('/var/www/server/Datasets/MOLF/OriginalDataset/DB1_Lumidgm/80_4_7.wsq', '80.7.4', '80.7', 352, 544, 500);

INSERT INTO Features
Values('80.7.4', '80.7.4.1', 78);

INSERT INTO Minutiaes
Values('80.7.4.1.1', '80.7.4.1', '/var/www/server/Datasets/MOLF/MindtctOutput/DB1_Lumidgm/80_4_7.xyt');

INSERT INTO Fingers
Values(NULL, 8, '80.8', '80');

INSERT INTO Images
Values('/var/www/server/Datasets/MOLF/OriginalDataset/DB1_Lumidgm/80_1_8.wsq', '80.8.1', '80.8', 352, 544, 500);

INSERT INTO Features
Values('80.8.1', '80.8.1.1', 66);

INSERT INTO Minutiaes
Values('80.8.1.1.1', '80.8.1.1', '/var/www/server/Datasets/MOLF/MindtctOutput/DB1_Lumidgm/80_1_8.xyt');

INSERT INTO Images
Values('/var/www/server/Datasets/MOLF/OriginalDataset/DB1_Lumidgm/80_2_8.wsq', '80.8.2', '80.8', 352, 544, 500);

INSERT INTO Features
Values('80.8.2', '80.8.2.1', 59);

INSERT INTO Minutiaes
Values('80.8.2.1.1', '80.8.2.1', '/var/www/server/Datasets/MOLF/MindtctOutput/DB1_Lumidgm/80_2_8.xyt');

INSERT INTO Images
Values('/var/www/server/Datasets/MOLF/OriginalDataset/DB1_Lumidgm/80_3_8.wsq', '80.8.3', '80.8', 352, 544, 500);

INSERT INTO Features
Values('80.8.3', '80.8.3.1', 82);

INSERT INTO Minutiaes
Values('80.8.3.1.1', '80.8.3.1', '/var/www/server/Datasets/MOLF/MindtctOutput/DB1_Lumidgm/80_3_8.xyt');

INSERT INTO Images
Values('/var/www/server/Datasets/MOLF/OriginalDataset/DB1_Lumidgm/80_4_8.wsq', '80.8.4', '80.8', 352, 544, 500);

INSERT INTO Features
Values('80.8.4', '80.8.4.1', 75);

INSERT INTO Minutiaes
Values('80.8.4.1.1', '80.8.4.1', '/var/www/server/Datasets/MOLF/MindtctOutput/DB1_Lumidgm/80_4_8.xyt');

INSERT INTO Fingers
Values(NULL, 9, '80.9', '80');

INSERT INTO Images
Values('/var/www/server/Datasets/MOLF/OriginalDataset/DB1_Lumidgm/80_1_9.wsq', '80.9.1', '80.9', 352, 544, 500);

INSERT INTO Features
Values('80.9.1', '80.9.1.1', 85);

INSERT INTO Minutiaes
Values('80.9.1.1.1', '80.9.1.1', '/var/www/server/Datasets/MOLF/MindtctOutput/DB1_Lumidgm/80_1_9.xyt');

INSERT INTO Images
Values('/var/www/server/Datasets/MOLF/OriginalDataset/DB1_Lumidgm/80_2_9.wsq', '80.9.2', '80.9', 352, 544, 500);

INSERT INTO Features
Values('80.9.2', '80.9.2.1', 81);

INSERT INTO Minutiaes
Values('80.9.2.1.1', '80.9.2.1', '/var/www/server/Datasets/MOLF/MindtctOutput/DB1_Lumidgm/80_2_9.xyt');

INSERT INTO Images
Values('/var/www/server/Datasets/MOLF/OriginalDataset/DB1_Lumidgm/80_3_9.wsq', '80.9.3', '80.9', 352, 544, 500);

INSERT INTO Features
Values('80.9.3', '80.9.3.1', 64);

INSERT INTO Minutiaes
Values('80.9.3.1.1', '80.9.3.1', '/var/www/server/Datasets/MOLF/MindtctOutput/DB1_Lumidgm/80_3_9.xyt');

INSERT INTO Images
Values('/var/www/server/Datasets/MOLF/OriginalDataset/DB1_Lumidgm/80_4_9.wsq', '80.9.4', '80.9', 352, 544, 500);

INSERT INTO Features
Values('80.9.4', '80.9.4.1', 68);

INSERT INTO Minutiaes
Values('80.9.4.1.1', '80.9.4.1', '/var/www/server/Datasets/MOLF/MindtctOutput/DB1_Lumidgm/80_4_9.xyt');

INSERT INTO Fingers
Values(NULL, 10, '80.10', '80');

INSERT INTO Images
Values('/var/www/server/Datasets/MOLF/OriginalDataset/DB1_Lumidgm/80_1_10.wsq', '80.10.1', '80.10', 352, 544, 500);

INSERT INTO Features
Values('80.10.1', '80.10.1.1', 59);

INSERT INTO Minutiaes
Values('80.10.1.1.1', '80.10.1.1', '/var/www/server/Datasets/MOLF/MindtctOutput/DB1_Lumidgm/80_1_10.xyt');

INSERT INTO Images
Values('/var/www/server/Datasets/MOLF/OriginalDataset/DB1_Lumidgm/80_2_10.wsq', '80.10.2', '80.10', 352, 544, 500);

INSERT INTO Features
Values('80.10.2', '80.10.2.1', 88);

INSERT INTO Minutiaes
Values('80.10.2.1.1', '80.10.2.1', '/var/www/server/Datasets/MOLF/MindtctOutput/DB1_Lumidgm/80_2_10.xyt');

INSERT INTO Images
Values('/var/www/server/Datasets/MOLF/OriginalDataset/DB1_Lumidgm/80_3_10.wsq', '80.10.3', '80.10', 352, 544, 500);

INSERT INTO Features
Values('80.10.3', '80.10.3.1', 88);

INSERT INTO Minutiaes
Values('80.10.3.1.1', '80.10.3.1', '/var/www/server/Datasets/MOLF/MindtctOutput/DB1_Lumidgm/80_3_10.xyt');

INSERT INTO Images
Values('/var/www/server/Datasets/MOLF/OriginalDataset/DB1_Lumidgm/80_4_10.wsq', '80.10.4', '80.10', 352, 544, 500);

INSERT INTO Features
Values('80.10.4', '80.10.4.1', 67);

INSERT INTO Minutiaes
Values('80.10.4.1.1', '80.10.4.1', '/var/www/server/Datasets/MOLF/MindtctOutput/DB1_Lumidgm/80_4_10.xyt');

#------------------------SUBJECT 81------------------------
INSERT INTO Subjects
Values('81');

INSERT INTO Fingers
Values(NULL, 1, '81.1', '81');

INSERT INTO Images
Values('/var/www/server/Datasets/MOLF/OriginalDataset/DB1_Lumidgm/81_1_1.wsq', '81.1.1', '81.1', 352, 544, 500);

INSERT INTO Features
Values('81.1.1', '81.1.1.1', 47);

INSERT INTO Minutiaes
Values('81.1.1.1.1', '81.1.1.1', '/var/www/server/Datasets/MOLF/MindtctOutput/DB1_Lumidgm/81_1_1.xyt');

INSERT INTO Images
Values('/var/www/server/Datasets/MOLF/OriginalDataset/DB1_Lumidgm/81_2_1.wsq', '81.1.2', '81.1', 352, 544, 500);

INSERT INTO Features
Values('81.1.2', '81.1.2.1', 47);

INSERT INTO Minutiaes
Values('81.1.2.1.1', '81.1.2.1', '/var/www/server/Datasets/MOLF/MindtctOutput/DB1_Lumidgm/81_2_1.xyt');

INSERT INTO Images
Values('/var/www/server/Datasets/MOLF/OriginalDataset/DB1_Lumidgm/81_3_1.wsq', '81.1.3', '81.1', 352, 544, 500);

INSERT INTO Features
Values('81.1.3', '81.1.3.1', 62);

INSERT INTO Minutiaes
Values('81.1.3.1.1', '81.1.3.1', '/var/www/server/Datasets/MOLF/MindtctOutput/DB1_Lumidgm/81_3_1.xyt');

INSERT INTO Images
Values('/var/www/server/Datasets/MOLF/OriginalDataset/DB1_Lumidgm/81_4_1.wsq', '81.1.4', '81.1', 352, 544, 500);

INSERT INTO Features
Values('81.1.4', '81.1.4.1', 46);

INSERT INTO Minutiaes
Values('81.1.4.1.1', '81.1.4.1', '/var/www/server/Datasets/MOLF/MindtctOutput/DB1_Lumidgm/81_4_1.xyt');

INSERT INTO Fingers
Values(NULL, 2, '81.2', '81');

INSERT INTO Images
Values('/var/www/server/Datasets/MOLF/OriginalDataset/DB1_Lumidgm/81_1_2.wsq', '81.2.1', '81.2', 352, 544, 500);

INSERT INTO Features
Values('81.2.1', '81.2.1.1', 59);

INSERT INTO Minutiaes
Values('81.2.1.1.1', '81.2.1.1', '/var/www/server/Datasets/MOLF/MindtctOutput/DB1_Lumidgm/81_1_2.xyt');

INSERT INTO Images
Values('/var/www/server/Datasets/MOLF/OriginalDataset/DB1_Lumidgm/81_2_2.wsq', '81.2.2', '81.2', 352, 544, 500);

INSERT INTO Features
Values('81.2.2', '81.2.2.1', 62);

INSERT INTO Minutiaes
Values('81.2.2.1.1', '81.2.2.1', '/var/www/server/Datasets/MOLF/MindtctOutput/DB1_Lumidgm/81_2_2.xyt');

INSERT INTO Images
Values('/var/www/server/Datasets/MOLF/OriginalDataset/DB1_Lumidgm/81_3_2.wsq', '81.2.3', '81.2', 352, 544, 500);

INSERT INTO Features
Values('81.2.3', '81.2.3.1', 58);

INSERT INTO Minutiaes
Values('81.2.3.1.1', '81.2.3.1', '/var/www/server/Datasets/MOLF/MindtctOutput/DB1_Lumidgm/81_3_2.xyt');

INSERT INTO Images
Values('/var/www/server/Datasets/MOLF/OriginalDataset/DB1_Lumidgm/81_4_2.wsq', '81.2.4', '81.2', 352, 544, 500);

INSERT INTO Features
Values('81.2.4', '81.2.4.1', 57);

INSERT INTO Minutiaes
Values('81.2.4.1.1', '81.2.4.1', '/var/www/server/Datasets/MOLF/MindtctOutput/DB1_Lumidgm/81_4_2.xyt');

INSERT INTO Fingers
Values(NULL, 3, '81.3', '81');

INSERT INTO Images
Values('/var/www/server/Datasets/MOLF/OriginalDataset/DB1_Lumidgm/81_1_3.wsq', '81.3.1', '81.3', 352, 544, 500);

INSERT INTO Features
Values('81.3.1', '81.3.1.1', 68);

INSERT INTO Minutiaes
Values('81.3.1.1.1', '81.3.1.1', '/var/www/server/Datasets/MOLF/MindtctOutput/DB1_Lumidgm/81_1_3.xyt');

INSERT INTO Images
Values('/var/www/server/Datasets/MOLF/OriginalDataset/DB1_Lumidgm/81_2_3.wsq', '81.3.2', '81.3', 352, 544, 500);

INSERT INTO Features
Values('81.3.2', '81.3.2.1', 64);

INSERT INTO Minutiaes
Values('81.3.2.1.1', '81.3.2.1', '/var/www/server/Datasets/MOLF/MindtctOutput/DB1_Lumidgm/81_2_3.xyt');

INSERT INTO Images
Values('/var/www/server/Datasets/MOLF/OriginalDataset/DB1_Lumidgm/81_3_3.wsq', '81.3.3', '81.3', 352, 544, 500);

INSERT INTO Features
Values('81.3.3', '81.3.3.1', 66);

INSERT INTO Minutiaes
Values('81.3.3.1.1', '81.3.3.1', '/var/www/server/Datasets/MOLF/MindtctOutput/DB1_Lumidgm/81_3_3.xyt');

INSERT INTO Images
Values('/var/www/server/Datasets/MOLF/OriginalDataset/DB1_Lumidgm/81_4_3.wsq', '81.3.4', '81.3', 352, 544, 500);

INSERT INTO Features
Values('81.3.4', '81.3.4.1', 61);

INSERT INTO Minutiaes
Values('81.3.4.1.1', '81.3.4.1', '/var/www/server/Datasets/MOLF/MindtctOutput/DB1_Lumidgm/81_4_3.xyt');

INSERT INTO Fingers
Values(NULL, 4, '81.4', '81');

INSERT INTO Images
Values('/var/www/server/Datasets/MOLF/OriginalDataset/DB1_Lumidgm/81_1_4.wsq', '81.4.1', '81.4', 352, 544, 500);

INSERT INTO Features
Values('81.4.1', '81.4.1.1', 71);

INSERT INTO Minutiaes
Values('81.4.1.1.1', '81.4.1.1', '/var/www/server/Datasets/MOLF/MindtctOutput/DB1_Lumidgm/81_1_4.xyt');

INSERT INTO Images
Values('/var/www/server/Datasets/MOLF/OriginalDataset/DB1_Lumidgm/81_2_4.wsq', '81.4.2', '81.4', 352, 544, 500);

INSERT INTO Features
Values('81.4.2', '81.4.2.1', 72);

INSERT INTO Minutiaes
Values('81.4.2.1.1', '81.4.2.1', '/var/www/server/Datasets/MOLF/MindtctOutput/DB1_Lumidgm/81_2_4.xyt');

INSERT INTO Images
Values('/var/www/server/Datasets/MOLF/OriginalDataset/DB1_Lumidgm/81_3_4.wsq', '81.4.3', '81.4', 352, 544, 500);

INSERT INTO Features
Values('81.4.3', '81.4.3.1', 80);

INSERT INTO Minutiaes
Values('81.4.3.1.1', '81.4.3.1', '/var/www/server/Datasets/MOLF/MindtctOutput/DB1_Lumidgm/81_3_4.xyt');

INSERT INTO Images
Values('/var/www/server/Datasets/MOLF/OriginalDataset/DB1_Lumidgm/81_4_4.wsq', '81.4.4', '81.4', 352, 544, 500);

INSERT INTO Features
Values('81.4.4', '81.4.4.1', 71);

INSERT INTO Minutiaes
Values('81.4.4.1.1', '81.4.4.1', '/var/www/server/Datasets/MOLF/MindtctOutput/DB1_Lumidgm/81_4_4.xyt');

INSERT INTO Fingers
Values(NULL, 5, '81.5', '81');

INSERT INTO Images
Values('/var/www/server/Datasets/MOLF/OriginalDataset/DB1_Lumidgm/81_1_5.wsq', '81.5.1', '81.5', 352, 544, 500);

INSERT INTO Features
Values('81.5.1', '81.5.1.1', 55);

INSERT INTO Minutiaes
Values('81.5.1.1.1', '81.5.1.1', '/var/www/server/Datasets/MOLF/MindtctOutput/DB1_Lumidgm/81_1_5.xyt');

INSERT INTO Images
Values('/var/www/server/Datasets/MOLF/OriginalDataset/DB1_Lumidgm/81_2_5.wsq', '81.5.2', '81.5', 352, 544, 500);

INSERT INTO Features
Values('81.5.2', '81.5.2.1', 66);

INSERT INTO Minutiaes
Values('81.5.2.1.1', '81.5.2.1', '/var/www/server/Datasets/MOLF/MindtctOutput/DB1_Lumidgm/81_2_5.xyt');

INSERT INTO Images
Values('/var/www/server/Datasets/MOLF/OriginalDataset/DB1_Lumidgm/81_3_5.wsq', '81.5.3', '81.5', 352, 544, 500);

INSERT INTO Features
Values('81.5.3', '81.5.3.1', 58);

INSERT INTO Minutiaes
Values('81.5.3.1.1', '81.5.3.1', '/var/www/server/Datasets/MOLF/MindtctOutput/DB1_Lumidgm/81_3_5.xyt');

INSERT INTO Images
Values('/var/www/server/Datasets/MOLF/OriginalDataset/DB1_Lumidgm/81_4_5.wsq', '81.5.4', '81.5', 352, 544, 500);

INSERT INTO Features
Values('81.5.4', '81.5.4.1', 46);

INSERT INTO Minutiaes
Values('81.5.4.1.1', '81.5.4.1', '/var/www/server/Datasets/MOLF/MindtctOutput/DB1_Lumidgm/81_4_5.xyt');

INSERT INTO Fingers
Values(NULL, 6, '81.6', '81');

INSERT INTO Images
Values('/var/www/server/Datasets/MOLF/OriginalDataset/DB1_Lumidgm/81_1_6.wsq', '81.6.1', '81.6', 352, 544, 500);

INSERT INTO Features
Values('81.6.1', '81.6.1.1', 55);

INSERT INTO Minutiaes
Values('81.6.1.1.1', '81.6.1.1', '/var/www/server/Datasets/MOLF/MindtctOutput/DB1_Lumidgm/81_1_6.xyt');

INSERT INTO Images
Values('/var/www/server/Datasets/MOLF/OriginalDataset/DB1_Lumidgm/81_2_6.wsq', '81.6.2', '81.6', 352, 544, 500);

INSERT INTO Features
Values('81.6.2', '81.6.2.1', 44);

INSERT INTO Minutiaes
Values('81.6.2.1.1', '81.6.2.1', '/var/www/server/Datasets/MOLF/MindtctOutput/DB1_Lumidgm/81_2_6.xyt');

INSERT INTO Images
Values('/var/www/server/Datasets/MOLF/OriginalDataset/DB1_Lumidgm/81_3_6.wsq', '81.6.3', '81.6', 352, 544, 500);

INSERT INTO Features
Values('81.6.3', '81.6.3.1', 47);

INSERT INTO Minutiaes
Values('81.6.3.1.1', '81.6.3.1', '/var/www/server/Datasets/MOLF/MindtctOutput/DB1_Lumidgm/81_3_6.xyt');

INSERT INTO Images
Values('/var/www/server/Datasets/MOLF/OriginalDataset/DB1_Lumidgm/81_4_6.wsq', '81.6.4', '81.6', 352, 544, 500);

INSERT INTO Features
Values('81.6.4', '81.6.4.1', 48);

INSERT INTO Minutiaes
Values('81.6.4.1.1', '81.6.4.1', '/var/www/server/Datasets/MOLF/MindtctOutput/DB1_Lumidgm/81_4_6.xyt');

INSERT INTO Fingers
Values(NULL, 7, '81.7', '81');

INSERT INTO Images
Values('/var/www/server/Datasets/MOLF/OriginalDataset/DB1_Lumidgm/81_1_7.wsq', '81.7.1', '81.7', 352, 544, 500);

INSERT INTO Features
Values('81.7.1', '81.7.1.1', 67);

INSERT INTO Minutiaes
Values('81.7.1.1.1', '81.7.1.1', '/var/www/server/Datasets/MOLF/MindtctOutput/DB1_Lumidgm/81_1_7.xyt');

INSERT INTO Images
Values('/var/www/server/Datasets/MOLF/OriginalDataset/DB1_Lumidgm/81_2_7.wsq', '81.7.2', '81.7', 352, 544, 500);

INSERT INTO Features
Values('81.7.2', '81.7.2.1', 72);

INSERT INTO Minutiaes
Values('81.7.2.1.1', '81.7.2.1', '/var/www/server/Datasets/MOLF/MindtctOutput/DB1_Lumidgm/81_2_7.xyt');

INSERT INTO Images
Values('/var/www/server/Datasets/MOLF/OriginalDataset/DB1_Lumidgm/81_3_7.wsq', '81.7.3', '81.7', 352, 544, 500);

INSERT INTO Features
Values('81.7.3', '81.7.3.1', 77);

INSERT INTO Minutiaes
Values('81.7.3.1.1', '81.7.3.1', '/var/www/server/Datasets/MOLF/MindtctOutput/DB1_Lumidgm/81_3_7.xyt');

INSERT INTO Images
Values('/var/www/server/Datasets/MOLF/OriginalDataset/DB1_Lumidgm/81_4_7.wsq', '81.7.4', '81.7', 352, 544, 500);

INSERT INTO Features
Values('81.7.4', '81.7.4.1', 64);

INSERT INTO Minutiaes
Values('81.7.4.1.1', '81.7.4.1', '/var/www/server/Datasets/MOLF/MindtctOutput/DB1_Lumidgm/81_4_7.xyt');

INSERT INTO Fingers
Values(NULL, 8, '81.8', '81');

INSERT INTO Images
Values('/var/www/server/Datasets/MOLF/OriginalDataset/DB1_Lumidgm/81_1_8.wsq', '81.8.1', '81.8', 352, 544, 500);

INSERT INTO Features
Values('81.8.1', '81.8.1.1', 64);

INSERT INTO Minutiaes
Values('81.8.1.1.1', '81.8.1.1', '/var/www/server/Datasets/MOLF/MindtctOutput/DB1_Lumidgm/81_1_8.xyt');

INSERT INTO Images
Values('/var/www/server/Datasets/MOLF/OriginalDataset/DB1_Lumidgm/81_2_8.wsq', '81.8.2', '81.8', 352, 544, 500);

INSERT INTO Features
Values('81.8.2', '81.8.2.1', 57);

INSERT INTO Minutiaes
Values('81.8.2.1.1', '81.8.2.1', '/var/www/server/Datasets/MOLF/MindtctOutput/DB1_Lumidgm/81_2_8.xyt');

INSERT INTO Images
Values('/var/www/server/Datasets/MOLF/OriginalDataset/DB1_Lumidgm/81_3_8.wsq', '81.8.3', '81.8', 352, 544, 500);

INSERT INTO Features
Values('81.8.3', '81.8.3.1', 55);

INSERT INTO Minutiaes
Values('81.8.3.1.1', '81.8.3.1', '/var/www/server/Datasets/MOLF/MindtctOutput/DB1_Lumidgm/81_3_8.xyt');

INSERT INTO Images
Values('/var/www/server/Datasets/MOLF/OriginalDataset/DB1_Lumidgm/81_4_8.wsq', '81.8.4', '81.8', 352, 544, 500);

INSERT INTO Features
Values('81.8.4', '81.8.4.1', 72);

INSERT INTO Minutiaes
Values('81.8.4.1.1', '81.8.4.1', '/var/www/server/Datasets/MOLF/MindtctOutput/DB1_Lumidgm/81_4_8.xyt');

INSERT INTO Fingers
Values(NULL, 9, '81.9', '81');

INSERT INTO Images
Values('/var/www/server/Datasets/MOLF/OriginalDataset/DB1_Lumidgm/81_1_9.wsq', '81.9.1', '81.9', 352, 544, 500);

INSERT INTO Features
Values('81.9.1', '81.9.1.1', 63);

INSERT INTO Minutiaes
Values('81.9.1.1.1', '81.9.1.1', '/var/www/server/Datasets/MOLF/MindtctOutput/DB1_Lumidgm/81_1_9.xyt');

INSERT INTO Images
Values('/var/www/server/Datasets/MOLF/OriginalDataset/DB1_Lumidgm/81_2_9.wsq', '81.9.2', '81.9', 352, 544, 500);

INSERT INTO Features
Values('81.9.2', '81.9.2.1', 70);

INSERT INTO Minutiaes
Values('81.9.2.1.1', '81.9.2.1', '/var/www/server/Datasets/MOLF/MindtctOutput/DB1_Lumidgm/81_2_9.xyt');

INSERT INTO Images
Values('/var/www/server/Datasets/MOLF/OriginalDataset/DB1_Lumidgm/81_3_9.wsq', '81.9.3', '81.9', 352, 544, 500);

INSERT INTO Features
Values('81.9.3', '81.9.3.1', 86);

INSERT INTO Minutiaes
Values('81.9.3.1.1', '81.9.3.1', '/var/www/server/Datasets/MOLF/MindtctOutput/DB1_Lumidgm/81_3_9.xyt');

INSERT INTO Images
Values('/var/www/server/Datasets/MOLF/OriginalDataset/DB1_Lumidgm/81_4_9.wsq', '81.9.4', '81.9', 352, 544, 500);

INSERT INTO Features
Values('81.9.4', '81.9.4.1', 84);

INSERT INTO Minutiaes
Values('81.9.4.1.1', '81.9.4.1', '/var/www/server/Datasets/MOLF/MindtctOutput/DB1_Lumidgm/81_4_9.xyt');

INSERT INTO Fingers
Values(NULL, 10, '81.10', '81');

INSERT INTO Images
Values('/var/www/server/Datasets/MOLF/OriginalDataset/DB1_Lumidgm/81_1_10.wsq', '81.10.1', '81.10', 352, 544, 500);

INSERT INTO Features
Values('81.10.1', '81.10.1.1', 71);

INSERT INTO Minutiaes
Values('81.10.1.1.1', '81.10.1.1', '/var/www/server/Datasets/MOLF/MindtctOutput/DB1_Lumidgm/81_1_10.xyt');

INSERT INTO Images
Values('/var/www/server/Datasets/MOLF/OriginalDataset/DB1_Lumidgm/81_2_10.wsq', '81.10.2', '81.10', 352, 544, 500);

INSERT INTO Features
Values('81.10.2', '81.10.2.1', 66);

INSERT INTO Minutiaes
Values('81.10.2.1.1', '81.10.2.1', '/var/www/server/Datasets/MOLF/MindtctOutput/DB1_Lumidgm/81_2_10.xyt');

INSERT INTO Images
Values('/var/www/server/Datasets/MOLF/OriginalDataset/DB1_Lumidgm/81_3_10.wsq', '81.10.3', '81.10', 352, 544, 500);

INSERT INTO Features
Values('81.10.3', '81.10.3.1', 89);

INSERT INTO Minutiaes
Values('81.10.3.1.1', '81.10.3.1', '/var/www/server/Datasets/MOLF/MindtctOutput/DB1_Lumidgm/81_3_10.xyt');

INSERT INTO Images
Values('/var/www/server/Datasets/MOLF/OriginalDataset/DB1_Lumidgm/81_4_10.wsq', '81.10.4', '81.10', 352, 544, 500);

INSERT INTO Features
Values('81.10.4', '81.10.4.1', 69);

INSERT INTO Minutiaes
Values('81.10.4.1.1', '81.10.4.1', '/var/www/server/Datasets/MOLF/MindtctOutput/DB1_Lumidgm/81_4_10.xyt');

#------------------------SUBJECT 82------------------------
INSERT INTO Subjects
Values('82');

INSERT INTO Fingers
Values(NULL, 1, '82.1', '82');

INSERT INTO Images
Values('/var/www/server/Datasets/MOLF/OriginalDataset/DB1_Lumidgm/82_1_1.wsq', '82.1.1', '82.1', 352, 544, 500);

INSERT INTO Features
Values('82.1.1', '82.1.1.1', 58);

INSERT INTO Minutiaes
Values('82.1.1.1.1', '82.1.1.1', '/var/www/server/Datasets/MOLF/MindtctOutput/DB1_Lumidgm/82_1_1.xyt');

INSERT INTO Images
Values('/var/www/server/Datasets/MOLF/OriginalDataset/DB1_Lumidgm/82_2_1.wsq', '82.1.2', '82.1', 352, 544, 500);

INSERT INTO Features
Values('82.1.2', '82.1.2.1', 49);

INSERT INTO Minutiaes
Values('82.1.2.1.1', '82.1.2.1', '/var/www/server/Datasets/MOLF/MindtctOutput/DB1_Lumidgm/82_2_1.xyt');

INSERT INTO Images
Values('/var/www/server/Datasets/MOLF/OriginalDataset/DB1_Lumidgm/82_3_1.wsq', '82.1.3', '82.1', 352, 544, 500);

INSERT INTO Features
Values('82.1.3', '82.1.3.1', 109);

INSERT INTO Minutiaes
Values('82.1.3.1.1', '82.1.3.1', '/var/www/server/Datasets/MOLF/MindtctOutput/DB1_Lumidgm/82_3_1.xyt');

INSERT INTO Images
Values('/var/www/server/Datasets/MOLF/OriginalDataset/DB1_Lumidgm/82_4_1.wsq', '82.1.4', '82.1', 352, 544, 500);

INSERT INTO Features
Values('82.1.4', '82.1.4.1', 82);

INSERT INTO Minutiaes
Values('82.1.4.1.1', '82.1.4.1', '/var/www/server/Datasets/MOLF/MindtctOutput/DB1_Lumidgm/82_4_1.xyt');

INSERT INTO Fingers
Values(NULL, 2, '82.2', '82');

INSERT INTO Images
Values('/var/www/server/Datasets/MOLF/OriginalDataset/DB1_Lumidgm/82_1_2.wsq', '82.2.1', '82.2', 352, 544, 500);

INSERT INTO Features
Values('82.2.1', '82.2.1.1', 58);

INSERT INTO Minutiaes
Values('82.2.1.1.1', '82.2.1.1', '/var/www/server/Datasets/MOLF/MindtctOutput/DB1_Lumidgm/82_1_2.xyt');

INSERT INTO Images
Values('/var/www/server/Datasets/MOLF/OriginalDataset/DB1_Lumidgm/82_2_2.wsq', '82.2.2', '82.2', 352, 544, 500);

INSERT INTO Features
Values('82.2.2', '82.2.2.1', 54);

INSERT INTO Minutiaes
Values('82.2.2.1.1', '82.2.2.1', '/var/www/server/Datasets/MOLF/MindtctOutput/DB1_Lumidgm/82_2_2.xyt');

INSERT INTO Images
Values('/var/www/server/Datasets/MOLF/OriginalDataset/DB1_Lumidgm/82_3_2.wsq', '82.2.3', '82.2', 352, 544, 500);

INSERT INTO Features
Values('82.2.3', '82.2.3.1', 99);

INSERT INTO Minutiaes
Values('82.2.3.1.1', '82.2.3.1', '/var/www/server/Datasets/MOLF/MindtctOutput/DB1_Lumidgm/82_3_2.xyt');

INSERT INTO Images
Values('/var/www/server/Datasets/MOLF/OriginalDataset/DB1_Lumidgm/82_4_2.wsq', '82.2.4', '82.2', 352, 544, 500);

INSERT INTO Features
Values('82.2.4', '82.2.4.1', 78);

INSERT INTO Minutiaes
Values('82.2.4.1.1', '82.2.4.1', '/var/www/server/Datasets/MOLF/MindtctOutput/DB1_Lumidgm/82_4_2.xyt');

INSERT INTO Fingers
Values(NULL, 3, '82.3', '82');

INSERT INTO Images
Values('/var/www/server/Datasets/MOLF/OriginalDataset/DB1_Lumidgm/82_1_3.wsq', '82.3.1', '82.3', 352, 544, 500);

INSERT INTO Features
Values('82.3.1', '82.3.1.1', 71);

INSERT INTO Minutiaes
Values('82.3.1.1.1', '82.3.1.1', '/var/www/server/Datasets/MOLF/MindtctOutput/DB1_Lumidgm/82_1_3.xyt');

INSERT INTO Images
Values('/var/www/server/Datasets/MOLF/OriginalDataset/DB1_Lumidgm/82_2_3.wsq', '82.3.2', '82.3', 352, 544, 500);

INSERT INTO Features
Values('82.3.2', '82.3.2.1', 74);

INSERT INTO Minutiaes
Values('82.3.2.1.1', '82.3.2.1', '/var/www/server/Datasets/MOLF/MindtctOutput/DB1_Lumidgm/82_2_3.xyt');

INSERT INTO Images
Values('/var/www/server/Datasets/MOLF/OriginalDataset/DB1_Lumidgm/82_3_3.wsq', '82.3.3', '82.3', 352, 544, 500);

INSERT INTO Features
Values('82.3.3', '82.3.3.1', 119);

INSERT INTO Minutiaes
Values('82.3.3.1.1', '82.3.3.1', '/var/www/server/Datasets/MOLF/MindtctOutput/DB1_Lumidgm/82_3_3.xyt');

INSERT INTO Images
Values('/var/www/server/Datasets/MOLF/OriginalDataset/DB1_Lumidgm/82_4_3.wsq', '82.3.4', '82.3', 352, 544, 500);

INSERT INTO Features
Values('82.3.4', '82.3.4.1', 119);

INSERT INTO Minutiaes
Values('82.3.4.1.1', '82.3.4.1', '/var/www/server/Datasets/MOLF/MindtctOutput/DB1_Lumidgm/82_4_3.xyt');

INSERT INTO Fingers
Values(NULL, 4, '82.4', '82');

INSERT INTO Images
Values('/var/www/server/Datasets/MOLF/OriginalDataset/DB1_Lumidgm/82_1_4.wsq', '82.4.1', '82.4', 352, 544, 500);

INSERT INTO Features
Values('82.4.1', '82.4.1.1', 52);

INSERT INTO Minutiaes
Values('82.4.1.1.1', '82.4.1.1', '/var/www/server/Datasets/MOLF/MindtctOutput/DB1_Lumidgm/82_1_4.xyt');

INSERT INTO Images
Values('/var/www/server/Datasets/MOLF/OriginalDataset/DB1_Lumidgm/82_2_4.wsq', '82.4.2', '82.4', 352, 544, 500);

INSERT INTO Features
Values('82.4.2', '82.4.2.1', 52);

INSERT INTO Minutiaes
Values('82.4.2.1.1', '82.4.2.1', '/var/www/server/Datasets/MOLF/MindtctOutput/DB1_Lumidgm/82_2_4.xyt');

INSERT INTO Images
Values('/var/www/server/Datasets/MOLF/OriginalDataset/DB1_Lumidgm/82_3_4.wsq', '82.4.3', '82.4', 352, 544, 500);

INSERT INTO Features
Values('82.4.3', '82.4.3.1', 112);

INSERT INTO Minutiaes
Values('82.4.3.1.1', '82.4.3.1', '/var/www/server/Datasets/MOLF/MindtctOutput/DB1_Lumidgm/82_3_4.xyt');

INSERT INTO Images
Values('/var/www/server/Datasets/MOLF/OriginalDataset/DB1_Lumidgm/82_4_4.wsq', '82.4.4', '82.4', 352, 544, 500);

INSERT INTO Features
Values('82.4.4', '82.4.4.1', 103);

INSERT INTO Minutiaes
Values('82.4.4.1.1', '82.4.4.1', '/var/www/server/Datasets/MOLF/MindtctOutput/DB1_Lumidgm/82_4_4.xyt');

INSERT INTO Fingers
Values(NULL, 5, '82.5', '82');

INSERT INTO Images
Values('/var/www/server/Datasets/MOLF/OriginalDataset/DB1_Lumidgm/82_1_5.wsq', '82.5.1', '82.5', 352, 544, 500);

INSERT INTO Features
Values('82.5.1', '82.5.1.1', 51);

INSERT INTO Minutiaes
Values('82.5.1.1.1', '82.5.1.1', '/var/www/server/Datasets/MOLF/MindtctOutput/DB1_Lumidgm/82_1_5.xyt');

INSERT INTO Images
Values('/var/www/server/Datasets/MOLF/OriginalDataset/DB1_Lumidgm/82_2_5.wsq', '82.5.2', '82.5', 352, 544, 500);

INSERT INTO Features
Values('82.5.2', '82.5.2.1', 55);

INSERT INTO Minutiaes
Values('82.5.2.1.1', '82.5.2.1', '/var/www/server/Datasets/MOLF/MindtctOutput/DB1_Lumidgm/82_2_5.xyt');

INSERT INTO Images
Values('/var/www/server/Datasets/MOLF/OriginalDataset/DB1_Lumidgm/82_3_5.wsq', '82.5.3', '82.5', 352, 544, 500);

INSERT INTO Features
Values('82.5.3', '82.5.3.1', 124);

INSERT INTO Minutiaes
Values('82.5.3.1.1', '82.5.3.1', '/var/www/server/Datasets/MOLF/MindtctOutput/DB1_Lumidgm/82_3_5.xyt');

INSERT INTO Images
Values('/var/www/server/Datasets/MOLF/OriginalDataset/DB1_Lumidgm/82_4_5.wsq', '82.5.4', '82.5', 352, 544, 500);

INSERT INTO Features
Values('82.5.4', '82.5.4.1', 94);

INSERT INTO Minutiaes
Values('82.5.4.1.1', '82.5.4.1', '/var/www/server/Datasets/MOLF/MindtctOutput/DB1_Lumidgm/82_4_5.xyt');

INSERT INTO Fingers
Values(NULL, 6, '82.6', '82');

INSERT INTO Images
Values('/var/www/server/Datasets/MOLF/OriginalDataset/DB1_Lumidgm/82_1_6.wsq', '82.6.1', '82.6', 352, 544, 500);

INSERT INTO Features
Values('82.6.1', '82.6.1.1', 53);

INSERT INTO Minutiaes
Values('82.6.1.1.1', '82.6.1.1', '/var/www/server/Datasets/MOLF/MindtctOutput/DB1_Lumidgm/82_1_6.xyt');

INSERT INTO Images
Values('/var/www/server/Datasets/MOLF/OriginalDataset/DB1_Lumidgm/82_2_6.wsq', '82.6.2', '82.6', 352, 544, 500);

INSERT INTO Features
Values('82.6.2', '82.6.2.1', 70);

INSERT INTO Minutiaes
Values('82.6.2.1.1', '82.6.2.1', '/var/www/server/Datasets/MOLF/MindtctOutput/DB1_Lumidgm/82_2_6.xyt');

INSERT INTO Images
Values('/var/www/server/Datasets/MOLF/OriginalDataset/DB1_Lumidgm/82_3_6.wsq', '82.6.3', '82.6', 352, 544, 500);

INSERT INTO Features
Values('82.6.3', '82.6.3.1', 102);

INSERT INTO Minutiaes
Values('82.6.3.1.1', '82.6.3.1', '/var/www/server/Datasets/MOLF/MindtctOutput/DB1_Lumidgm/82_3_6.xyt');

INSERT INTO Images
Values('/var/www/server/Datasets/MOLF/OriginalDataset/DB1_Lumidgm/82_4_6.wsq', '82.6.4', '82.6', 352, 544, 500);

INSERT INTO Features
Values('82.6.4', '82.6.4.1', 101);

INSERT INTO Minutiaes
Values('82.6.4.1.1', '82.6.4.1', '/var/www/server/Datasets/MOLF/MindtctOutput/DB1_Lumidgm/82_4_6.xyt');

INSERT INTO Fingers
Values(NULL, 7, '82.7', '82');

INSERT INTO Images
Values('/var/www/server/Datasets/MOLF/OriginalDataset/DB1_Lumidgm/82_1_7.wsq', '82.7.1', '82.7', 352, 544, 500);

INSERT INTO Features
Values('82.7.1', '82.7.1.1', 77);

INSERT INTO Minutiaes
Values('82.7.1.1.1', '82.7.1.1', '/var/www/server/Datasets/MOLF/MindtctOutput/DB1_Lumidgm/82_1_7.xyt');

INSERT INTO Images
Values('/var/www/server/Datasets/MOLF/OriginalDataset/DB1_Lumidgm/82_2_7.wsq', '82.7.2', '82.7', 352, 544, 500);

INSERT INTO Features
Values('82.7.2', '82.7.2.1', 57);

INSERT INTO Minutiaes
Values('82.7.2.1.1', '82.7.2.1', '/var/www/server/Datasets/MOLF/MindtctOutput/DB1_Lumidgm/82_2_7.xyt');

INSERT INTO Images
Values('/var/www/server/Datasets/MOLF/OriginalDataset/DB1_Lumidgm/82_3_7.wsq', '82.7.3', '82.7', 352, 544, 500);

INSERT INTO Features
Values('82.7.3', '82.7.3.1', 93);

INSERT INTO Minutiaes
Values('82.7.3.1.1', '82.7.3.1', '/var/www/server/Datasets/MOLF/MindtctOutput/DB1_Lumidgm/82_3_7.xyt');

INSERT INTO Images
Values('/var/www/server/Datasets/MOLF/OriginalDataset/DB1_Lumidgm/82_4_7.wsq', '82.7.4', '82.7', 352, 544, 500);

INSERT INTO Features
Values('82.7.4', '82.7.4.1', 112);

INSERT INTO Minutiaes
Values('82.7.4.1.1', '82.7.4.1', '/var/www/server/Datasets/MOLF/MindtctOutput/DB1_Lumidgm/82_4_7.xyt');

INSERT INTO Fingers
Values(NULL, 8, '82.8', '82');

INSERT INTO Images
Values('/var/www/server/Datasets/MOLF/OriginalDataset/DB1_Lumidgm/82_1_8.wsq', '82.8.1', '82.8', 352, 544, 500);

INSERT INTO Features
Values('82.8.1', '82.8.1.1', 36);

INSERT INTO Minutiaes
Values('82.8.1.1.1', '82.8.1.1', '/var/www/server/Datasets/MOLF/MindtctOutput/DB1_Lumidgm/82_1_8.xyt');

INSERT INTO Images
Values('/var/www/server/Datasets/MOLF/OriginalDataset/DB1_Lumidgm/82_2_8.wsq', '82.8.2', '82.8', 352, 544, 500);

INSERT INTO Features
Values('82.8.2', '82.8.2.1', 69);

INSERT INTO Minutiaes
Values('82.8.2.1.1', '82.8.2.1', '/var/www/server/Datasets/MOLF/MindtctOutput/DB1_Lumidgm/82_2_8.xyt');

INSERT INTO Images
Values('/var/www/server/Datasets/MOLF/OriginalDataset/DB1_Lumidgm/82_3_8.wsq', '82.8.3', '82.8', 352, 544, 500);

INSERT INTO Features
Values('82.8.3', '82.8.3.1', 94);

INSERT INTO Minutiaes
Values('82.8.3.1.1', '82.8.3.1', '/var/www/server/Datasets/MOLF/MindtctOutput/DB1_Lumidgm/82_3_8.xyt');

INSERT INTO Images
Values('/var/www/server/Datasets/MOLF/OriginalDataset/DB1_Lumidgm/82_4_8.wsq', '82.8.4', '82.8', 352, 544, 500);

INSERT INTO Features
Values('82.8.4', '82.8.4.1', 128);

INSERT INTO Minutiaes
Values('82.8.4.1.1', '82.8.4.1', '/var/www/server/Datasets/MOLF/MindtctOutput/DB1_Lumidgm/82_4_8.xyt');

INSERT INTO Fingers
Values(NULL, 9, '82.9', '82');

INSERT INTO Images
Values('/var/www/server/Datasets/MOLF/OriginalDataset/DB1_Lumidgm/82_1_9.wsq', '82.9.1', '82.9', 352, 544, 500);

INSERT INTO Features
Values('82.9.1', '82.9.1.1', 68);

INSERT INTO Minutiaes
Values('82.9.1.1.1', '82.9.1.1', '/var/www/server/Datasets/MOLF/MindtctOutput/DB1_Lumidgm/82_1_9.xyt');

INSERT INTO Images
Values('/var/www/server/Datasets/MOLF/OriginalDataset/DB1_Lumidgm/82_2_9.wsq', '82.9.2', '82.9', 352, 544, 500);

INSERT INTO Features
Values('82.9.2', '82.9.2.1', 76);

INSERT INTO Minutiaes
Values('82.9.2.1.1', '82.9.2.1', '/var/www/server/Datasets/MOLF/MindtctOutput/DB1_Lumidgm/82_2_9.xyt');

INSERT INTO Images
Values('/var/www/server/Datasets/MOLF/OriginalDataset/DB1_Lumidgm/82_3_9.wsq', '82.9.3', '82.9', 352, 544, 500);

INSERT INTO Features
Values('82.9.3', '82.9.3.1', 91);

INSERT INTO Minutiaes
Values('82.9.3.1.1', '82.9.3.1', '/var/www/server/Datasets/MOLF/MindtctOutput/DB1_Lumidgm/82_3_9.xyt');

INSERT INTO Images
Values('/var/www/server/Datasets/MOLF/OriginalDataset/DB1_Lumidgm/82_4_9.wsq', '82.9.4', '82.9', 352, 544, 500);

INSERT INTO Features
Values('82.9.4', '82.9.4.1', 127);

INSERT INTO Minutiaes
Values('82.9.4.1.1', '82.9.4.1', '/var/www/server/Datasets/MOLF/MindtctOutput/DB1_Lumidgm/82_4_9.xyt');

INSERT INTO Fingers
Values(NULL, 10, '82.10', '82');

INSERT INTO Images
Values('/var/www/server/Datasets/MOLF/OriginalDataset/DB1_Lumidgm/82_1_10.wsq', '82.10.1', '82.10', 352, 544, 500);

INSERT INTO Features
Values('82.10.1', '82.10.1.1', 49);

INSERT INTO Minutiaes
Values('82.10.1.1.1', '82.10.1.1', '/var/www/server/Datasets/MOLF/MindtctOutput/DB1_Lumidgm/82_1_10.xyt');

INSERT INTO Images
Values('/var/www/server/Datasets/MOLF/OriginalDataset/DB1_Lumidgm/82_2_10.wsq', '82.10.2', '82.10', 352, 544, 500);

INSERT INTO Features
Values('82.10.2', '82.10.2.1', 53);

INSERT INTO Minutiaes
Values('82.10.2.1.1', '82.10.2.1', '/var/www/server/Datasets/MOLF/MindtctOutput/DB1_Lumidgm/82_2_10.xyt');

INSERT INTO Images
Values('/var/www/server/Datasets/MOLF/OriginalDataset/DB1_Lumidgm/82_3_10.wsq', '82.10.3', '82.10', 352, 544, 500);

INSERT INTO Features
Values('82.10.3', '82.10.3.1', 91);

INSERT INTO Minutiaes
Values('82.10.3.1.1', '82.10.3.1', '/var/www/server/Datasets/MOLF/MindtctOutput/DB1_Lumidgm/82_3_10.xyt');

INSERT INTO Images
Values('/var/www/server/Datasets/MOLF/OriginalDataset/DB1_Lumidgm/82_4_10.wsq', '82.10.4', '82.10', 352, 544, 500);

INSERT INTO Features
Values('82.10.4', '82.10.4.1', 90);

INSERT INTO Minutiaes
Values('82.10.4.1.1', '82.10.4.1', '/var/www/server/Datasets/MOLF/MindtctOutput/DB1_Lumidgm/82_4_10.xyt');

#------------------------SUBJECT 83------------------------
INSERT INTO Subjects
Values('83');

INSERT INTO Fingers
Values(NULL, 1, '83.1', '83');

INSERT INTO Images
Values('/var/www/server/Datasets/MOLF/OriginalDataset/DB1_Lumidgm/83_1_1.wsq', '83.1.1', '83.1', 352, 544, 500);

INSERT INTO Features
Values('83.1.1', '83.1.1.1', 40);

INSERT INTO Minutiaes
Values('83.1.1.1.1', '83.1.1.1', '/var/www/server/Datasets/MOLF/MindtctOutput/DB1_Lumidgm/83_1_1.xyt');

INSERT INTO Images
Values('/var/www/server/Datasets/MOLF/OriginalDataset/DB1_Lumidgm/83_2_1.wsq', '83.1.2', '83.1', 352, 544, 500);

INSERT INTO Features
Values('83.1.2', '83.1.2.1', 43);

INSERT INTO Minutiaes
Values('83.1.2.1.1', '83.1.2.1', '/var/www/server/Datasets/MOLF/MindtctOutput/DB1_Lumidgm/83_2_1.xyt');

INSERT INTO Images
Values('/var/www/server/Datasets/MOLF/OriginalDataset/DB1_Lumidgm/83_3_1.wsq', '83.1.3', '83.1', 352, 544, 500);

INSERT INTO Features
Values('83.1.3', '83.1.3.1', 82);

INSERT INTO Minutiaes
Values('83.1.3.1.1', '83.1.3.1', '/var/www/server/Datasets/MOLF/MindtctOutput/DB1_Lumidgm/83_3_1.xyt');

INSERT INTO Images
Values('/var/www/server/Datasets/MOLF/OriginalDataset/DB1_Lumidgm/83_4_1.wsq', '83.1.4', '83.1', 352, 544, 500);

INSERT INTO Features
Values('83.1.4', '83.1.4.1', 102);

INSERT INTO Minutiaes
Values('83.1.4.1.1', '83.1.4.1', '/var/www/server/Datasets/MOLF/MindtctOutput/DB1_Lumidgm/83_4_1.xyt');

INSERT INTO Fingers
Values(NULL, 2, '83.2', '83');

INSERT INTO Images
Values('/var/www/server/Datasets/MOLF/OriginalDataset/DB1_Lumidgm/83_1_2.wsq', '83.2.1', '83.2', 352, 544, 500);

INSERT INTO Features
Values('83.2.1', '83.2.1.1', 68);

INSERT INTO Minutiaes
Values('83.2.1.1.1', '83.2.1.1', '/var/www/server/Datasets/MOLF/MindtctOutput/DB1_Lumidgm/83_1_2.xyt');

INSERT INTO Images
Values('/var/www/server/Datasets/MOLF/OriginalDataset/DB1_Lumidgm/83_2_2.wsq', '83.2.2', '83.2', 352, 544, 500);

INSERT INTO Features
Values('83.2.2', '83.2.2.1', 67);

INSERT INTO Minutiaes
Values('83.2.2.1.1', '83.2.2.1', '/var/www/server/Datasets/MOLF/MindtctOutput/DB1_Lumidgm/83_2_2.xyt');

INSERT INTO Images
Values('/var/www/server/Datasets/MOLF/OriginalDataset/DB1_Lumidgm/83_3_2.wsq', '83.2.3', '83.2', 352, 544, 500);

INSERT INTO Features
Values('83.2.3', '83.2.3.1', 108);

INSERT INTO Minutiaes
Values('83.2.3.1.1', '83.2.3.1', '/var/www/server/Datasets/MOLF/MindtctOutput/DB1_Lumidgm/83_3_2.xyt');

INSERT INTO Images
Values('/var/www/server/Datasets/MOLF/OriginalDataset/DB1_Lumidgm/83_4_2.wsq', '83.2.4', '83.2', 352, 544, 500);

INSERT INTO Features
Values('83.2.4', '83.2.4.1', 97);

INSERT INTO Minutiaes
Values('83.2.4.1.1', '83.2.4.1', '/var/www/server/Datasets/MOLF/MindtctOutput/DB1_Lumidgm/83_4_2.xyt');

INSERT INTO Fingers
Values(NULL, 3, '83.3', '83');

INSERT INTO Images
Values('/var/www/server/Datasets/MOLF/OriginalDataset/DB1_Lumidgm/83_1_3.wsq', '83.3.1', '83.3', 352, 544, 500);

INSERT INTO Features
Values('83.3.1', '83.3.1.1', 70);

INSERT INTO Minutiaes
Values('83.3.1.1.1', '83.3.1.1', '/var/www/server/Datasets/MOLF/MindtctOutput/DB1_Lumidgm/83_1_3.xyt');

INSERT INTO Images
Values('/var/www/server/Datasets/MOLF/OriginalDataset/DB1_Lumidgm/83_2_3.wsq', '83.3.2', '83.3', 352, 544, 500);

INSERT INTO Features
Values('83.3.2', '83.3.2.1', 64);

INSERT INTO Minutiaes
Values('83.3.2.1.1', '83.3.2.1', '/var/www/server/Datasets/MOLF/MindtctOutput/DB1_Lumidgm/83_2_3.xyt');

INSERT INTO Images
Values('/var/www/server/Datasets/MOLF/OriginalDataset/DB1_Lumidgm/83_3_3.wsq', '83.3.3', '83.3', 352, 544, 500);

INSERT INTO Features
Values('83.3.3', '83.3.3.1', 103);

INSERT INTO Minutiaes
Values('83.3.3.1.1', '83.3.3.1', '/var/www/server/Datasets/MOLF/MindtctOutput/DB1_Lumidgm/83_3_3.xyt');

INSERT INTO Images
Values('/var/www/server/Datasets/MOLF/OriginalDataset/DB1_Lumidgm/83_4_3.wsq', '83.3.4', '83.3', 352, 544, 500);

INSERT INTO Features
Values('83.3.4', '83.3.4.1', 118);

INSERT INTO Minutiaes
Values('83.3.4.1.1', '83.3.4.1', '/var/www/server/Datasets/MOLF/MindtctOutput/DB1_Lumidgm/83_4_3.xyt');

INSERT INTO Fingers
Values(NULL, 4, '83.4', '83');

INSERT INTO Images
Values('/var/www/server/Datasets/MOLF/OriginalDataset/DB1_Lumidgm/83_1_4.wsq', '83.4.1', '83.4', 352, 544, 500);

INSERT INTO Features
Values('83.4.1', '83.4.1.1', 47);

INSERT INTO Minutiaes
Values('83.4.1.1.1', '83.4.1.1', '/var/www/server/Datasets/MOLF/MindtctOutput/DB1_Lumidgm/83_1_4.xyt');

INSERT INTO Images
Values('/var/www/server/Datasets/MOLF/OriginalDataset/DB1_Lumidgm/83_2_4.wsq', '83.4.2', '83.4', 352, 544, 500);

INSERT INTO Features
Values('83.4.2', '83.4.2.1', 63);

INSERT INTO Minutiaes
Values('83.4.2.1.1', '83.4.2.1', '/var/www/server/Datasets/MOLF/MindtctOutput/DB1_Lumidgm/83_2_4.xyt');

INSERT INTO Images
Values('/var/www/server/Datasets/MOLF/OriginalDataset/DB1_Lumidgm/83_3_4.wsq', '83.4.3', '83.4', 352, 544, 500);

INSERT INTO Features
Values('83.4.3', '83.4.3.1', 94);

INSERT INTO Minutiaes
Values('83.4.3.1.1', '83.4.3.1', '/var/www/server/Datasets/MOLF/MindtctOutput/DB1_Lumidgm/83_3_4.xyt');

INSERT INTO Images
Values('/var/www/server/Datasets/MOLF/OriginalDataset/DB1_Lumidgm/83_4_4.wsq', '83.4.4', '83.4', 352, 544, 500);

INSERT INTO Features
Values('83.4.4', '83.4.4.1', 91);

INSERT INTO Minutiaes
Values('83.4.4.1.1', '83.4.4.1', '/var/www/server/Datasets/MOLF/MindtctOutput/DB1_Lumidgm/83_4_4.xyt');

INSERT INTO Fingers
Values(NULL, 5, '83.5', '83');

INSERT INTO Images
Values('/var/www/server/Datasets/MOLF/OriginalDataset/DB1_Lumidgm/83_1_5.wsq', '83.5.1', '83.5', 352, 544, 500);

INSERT INTO Features
Values('83.5.1', '83.5.1.1', 57);

INSERT INTO Minutiaes
Values('83.5.1.1.1', '83.5.1.1', '/var/www/server/Datasets/MOLF/MindtctOutput/DB1_Lumidgm/83_1_5.xyt');

INSERT INTO Images
Values('/var/www/server/Datasets/MOLF/OriginalDataset/DB1_Lumidgm/83_2_5.wsq', '83.5.2', '83.5', 352, 544, 500);

INSERT INTO Features
Values('83.5.2', '83.5.2.1', 55);

INSERT INTO Minutiaes
Values('83.5.2.1.1', '83.5.2.1', '/var/www/server/Datasets/MOLF/MindtctOutput/DB1_Lumidgm/83_2_5.xyt');

INSERT INTO Images
Values('/var/www/server/Datasets/MOLF/OriginalDataset/DB1_Lumidgm/83_3_5.wsq', '83.5.3', '83.5', 352, 544, 500);

INSERT INTO Features
Values('83.5.3', '83.5.3.1', 103);

INSERT INTO Minutiaes
Values('83.5.3.1.1', '83.5.3.1', '/var/www/server/Datasets/MOLF/MindtctOutput/DB1_Lumidgm/83_3_5.xyt');

INSERT INTO Images
Values('/var/www/server/Datasets/MOLF/OriginalDataset/DB1_Lumidgm/83_4_5.wsq', '83.5.4', '83.5', 352, 544, 500);

INSERT INTO Features
Values('83.5.4', '83.5.4.1', 110);

INSERT INTO Minutiaes
Values('83.5.4.1.1', '83.5.4.1', '/var/www/server/Datasets/MOLF/MindtctOutput/DB1_Lumidgm/83_4_5.xyt');

INSERT INTO Fingers
Values(NULL, 6, '83.6', '83');

INSERT INTO Images
Values('/var/www/server/Datasets/MOLF/OriginalDataset/DB1_Lumidgm/83_1_6.wsq', '83.6.1', '83.6', 352, 544, 500);

INSERT INTO Features
Values('83.6.1', '83.6.1.1', 60);

INSERT INTO Minutiaes
Values('83.6.1.1.1', '83.6.1.1', '/var/www/server/Datasets/MOLF/MindtctOutput/DB1_Lumidgm/83_1_6.xyt');

INSERT INTO Images
Values('/var/www/server/Datasets/MOLF/OriginalDataset/DB1_Lumidgm/83_2_6.wsq', '83.6.2', '83.6', 352, 544, 500);

INSERT INTO Features
Values('83.6.2', '83.6.2.1', 51);

INSERT INTO Minutiaes
Values('83.6.2.1.1', '83.6.2.1', '/var/www/server/Datasets/MOLF/MindtctOutput/DB1_Lumidgm/83_2_6.xyt');

INSERT INTO Images
Values('/var/www/server/Datasets/MOLF/OriginalDataset/DB1_Lumidgm/83_3_6.wsq', '83.6.3', '83.6', 352, 544, 500);

INSERT INTO Features
Values('83.6.3', '83.6.3.1', 99);

INSERT INTO Minutiaes
Values('83.6.3.1.1', '83.6.3.1', '/var/www/server/Datasets/MOLF/MindtctOutput/DB1_Lumidgm/83_3_6.xyt');

INSERT INTO Images
Values('/var/www/server/Datasets/MOLF/OriginalDataset/DB1_Lumidgm/83_4_6.wsq', '83.6.4', '83.6', 352, 544, 500);

INSERT INTO Features
Values('83.6.4', '83.6.4.1', 106);

INSERT INTO Minutiaes
Values('83.6.4.1.1', '83.6.4.1', '/var/www/server/Datasets/MOLF/MindtctOutput/DB1_Lumidgm/83_4_6.xyt');

INSERT INTO Fingers
Values(NULL, 7, '83.7', '83');

INSERT INTO Images
Values('/var/www/server/Datasets/MOLF/OriginalDataset/DB1_Lumidgm/83_1_7.wsq', '83.7.1', '83.7', 352, 544, 500);

INSERT INTO Features
Values('83.7.1', '83.7.1.1', 50);

INSERT INTO Minutiaes
Values('83.7.1.1.1', '83.7.1.1', '/var/www/server/Datasets/MOLF/MindtctOutput/DB1_Lumidgm/83_1_7.xyt');

INSERT INTO Images
Values('/var/www/server/Datasets/MOLF/OriginalDataset/DB1_Lumidgm/83_2_7.wsq', '83.7.2', '83.7', 352, 544, 500);

INSERT INTO Features
Values('83.7.2', '83.7.2.1', 62);

INSERT INTO Minutiaes
Values('83.7.2.1.1', '83.7.2.1', '/var/www/server/Datasets/MOLF/MindtctOutput/DB1_Lumidgm/83_2_7.xyt');

INSERT INTO Images
Values('/var/www/server/Datasets/MOLF/OriginalDataset/DB1_Lumidgm/83_3_7.wsq', '83.7.3', '83.7', 352, 544, 500);

INSERT INTO Features
Values('83.7.3', '83.7.3.1', 88);

INSERT INTO Minutiaes
Values('83.7.3.1.1', '83.7.3.1', '/var/www/server/Datasets/MOLF/MindtctOutput/DB1_Lumidgm/83_3_7.xyt');

INSERT INTO Images
Values('/var/www/server/Datasets/MOLF/OriginalDataset/DB1_Lumidgm/83_4_7.wsq', '83.7.4', '83.7', 352, 544, 500);

INSERT INTO Features
Values('83.7.4', '83.7.4.1', 109);

INSERT INTO Minutiaes
Values('83.7.4.1.1', '83.7.4.1', '/var/www/server/Datasets/MOLF/MindtctOutput/DB1_Lumidgm/83_4_7.xyt');

INSERT INTO Fingers
Values(NULL, 8, '83.8', '83');

INSERT INTO Images
Values('/var/www/server/Datasets/MOLF/OriginalDataset/DB1_Lumidgm/83_1_8.wsq', '83.8.1', '83.8', 352, 544, 500);

INSERT INTO Features
Values('83.8.1', '83.8.1.1', 72);

INSERT INTO Minutiaes
Values('83.8.1.1.1', '83.8.1.1', '/var/www/server/Datasets/MOLF/MindtctOutput/DB1_Lumidgm/83_1_8.xyt');

INSERT INTO Images
Values('/var/www/server/Datasets/MOLF/OriginalDataset/DB1_Lumidgm/83_2_8.wsq', '83.8.2', '83.8', 352, 544, 500);

INSERT INTO Features
Values('83.8.2', '83.8.2.1', 59);

INSERT INTO Minutiaes
Values('83.8.2.1.1', '83.8.2.1', '/var/www/server/Datasets/MOLF/MindtctOutput/DB1_Lumidgm/83_2_8.xyt');

INSERT INTO Images
Values('/var/www/server/Datasets/MOLF/OriginalDataset/DB1_Lumidgm/83_3_8.wsq', '83.8.3', '83.8', 352, 544, 500);

INSERT INTO Features
Values('83.8.3', '83.8.3.1', 89);

INSERT INTO Minutiaes
Values('83.8.3.1.1', '83.8.3.1', '/var/www/server/Datasets/MOLF/MindtctOutput/DB1_Lumidgm/83_3_8.xyt');

INSERT INTO Images
Values('/var/www/server/Datasets/MOLF/OriginalDataset/DB1_Lumidgm/83_4_8.wsq', '83.8.4', '83.8', 352, 544, 500);

INSERT INTO Features
Values('83.8.4', '83.8.4.1', 92);

INSERT INTO Minutiaes
Values('83.8.4.1.1', '83.8.4.1', '/var/www/server/Datasets/MOLF/MindtctOutput/DB1_Lumidgm/83_4_8.xyt');

INSERT INTO Fingers
Values(NULL, 9, '83.9', '83');

INSERT INTO Images
Values('/var/www/server/Datasets/MOLF/OriginalDataset/DB1_Lumidgm/83_1_9.wsq', '83.9.1', '83.9', 352, 544, 500);

INSERT INTO Features
Values('83.9.1', '83.9.1.1', 50);

INSERT INTO Minutiaes
Values('83.9.1.1.1', '83.9.1.1', '/var/www/server/Datasets/MOLF/MindtctOutput/DB1_Lumidgm/83_1_9.xyt');

INSERT INTO Images
Values('/var/www/server/Datasets/MOLF/OriginalDataset/DB1_Lumidgm/83_2_9.wsq', '83.9.2', '83.9', 352, 544, 500);

INSERT INTO Features
Values('83.9.2', '83.9.2.1', 63);

INSERT INTO Minutiaes
Values('83.9.2.1.1', '83.9.2.1', '/var/www/server/Datasets/MOLF/MindtctOutput/DB1_Lumidgm/83_2_9.xyt');

INSERT INTO Images
Values('/var/www/server/Datasets/MOLF/OriginalDataset/DB1_Lumidgm/83_3_9.wsq', '83.9.3', '83.9', 352, 544, 500);

INSERT INTO Features
Values('83.9.3', '83.9.3.1', 92);

INSERT INTO Minutiaes
Values('83.9.3.1.1', '83.9.3.1', '/var/www/server/Datasets/MOLF/MindtctOutput/DB1_Lumidgm/83_3_9.xyt');

INSERT INTO Images
Values('/var/www/server/Datasets/MOLF/OriginalDataset/DB1_Lumidgm/83_4_9.wsq', '83.9.4', '83.9', 352, 544, 500);

INSERT INTO Features
Values('83.9.4', '83.9.4.1', 105);

INSERT INTO Minutiaes
Values('83.9.4.1.1', '83.9.4.1', '/var/www/server/Datasets/MOLF/MindtctOutput/DB1_Lumidgm/83_4_9.xyt');

INSERT INTO Fingers
Values(NULL, 10, '83.10', '83');

INSERT INTO Images
Values('/var/www/server/Datasets/MOLF/OriginalDataset/DB1_Lumidgm/83_1_10.wsq', '83.10.1', '83.10', 352, 544, 500);

INSERT INTO Features
Values('83.10.1', '83.10.1.1', 54);

INSERT INTO Minutiaes
Values('83.10.1.1.1', '83.10.1.1', '/var/www/server/Datasets/MOLF/MindtctOutput/DB1_Lumidgm/83_1_10.xyt');

INSERT INTO Images
Values('/var/www/server/Datasets/MOLF/OriginalDataset/DB1_Lumidgm/83_2_10.wsq', '83.10.2', '83.10', 352, 544, 500);

INSERT INTO Features
Values('83.10.2', '83.10.2.1', 69);

INSERT INTO Minutiaes
Values('83.10.2.1.1', '83.10.2.1', '/var/www/server/Datasets/MOLF/MindtctOutput/DB1_Lumidgm/83_2_10.xyt');

INSERT INTO Images
Values('/var/www/server/Datasets/MOLF/OriginalDataset/DB1_Lumidgm/83_3_10.wsq', '83.10.3', '83.10', 352, 544, 500);

INSERT INTO Features
Values('83.10.3', '83.10.3.1', 77);

INSERT INTO Minutiaes
Values('83.10.3.1.1', '83.10.3.1', '/var/www/server/Datasets/MOLF/MindtctOutput/DB1_Lumidgm/83_3_10.xyt');

INSERT INTO Images
Values('/var/www/server/Datasets/MOLF/OriginalDataset/DB1_Lumidgm/83_4_10.wsq', '83.10.4', '83.10', 352, 544, 500);

INSERT INTO Features
Values('83.10.4', '83.10.4.1', 92);

INSERT INTO Minutiaes
Values('83.10.4.1.1', '83.10.4.1', '/var/www/server/Datasets/MOLF/MindtctOutput/DB1_Lumidgm/83_4_10.xyt');

#------------------------SUBJECT 84------------------------
INSERT INTO Subjects
Values('84');

INSERT INTO Fingers
Values(NULL, 1, '84.1', '84');

INSERT INTO Images
Values('/var/www/server/Datasets/MOLF/OriginalDataset/DB1_Lumidgm/84_1_1.wsq', '84.1.1', '84.1', 352, 544, 500);

INSERT INTO Features
Values('84.1.1', '84.1.1.1', 47);

INSERT INTO Minutiaes
Values('84.1.1.1.1', '84.1.1.1', '/var/www/server/Datasets/MOLF/MindtctOutput/DB1_Lumidgm/84_1_1.xyt');

INSERT INTO Images
Values('/var/www/server/Datasets/MOLF/OriginalDataset/DB1_Lumidgm/84_2_1.wsq', '84.1.2', '84.1', 352, 544, 500);

INSERT INTO Features
Values('84.1.2', '84.1.2.1', 69);

INSERT INTO Minutiaes
Values('84.1.2.1.1', '84.1.2.1', '/var/www/server/Datasets/MOLF/MindtctOutput/DB1_Lumidgm/84_2_1.xyt');

INSERT INTO Images
Values('/var/www/server/Datasets/MOLF/OriginalDataset/DB1_Lumidgm/84_3_1.wsq', '84.1.3', '84.1', 352, 544, 500);

INSERT INTO Features
Values('84.1.3', '84.1.3.1', 88);

INSERT INTO Minutiaes
Values('84.1.3.1.1', '84.1.3.1', '/var/www/server/Datasets/MOLF/MindtctOutput/DB1_Lumidgm/84_3_1.xyt');

INSERT INTO Images
Values('/var/www/server/Datasets/MOLF/OriginalDataset/DB1_Lumidgm/84_4_1.wsq', '84.1.4', '84.1', 352, 544, 500);

INSERT INTO Features
Values('84.1.4', '84.1.4.1', 95);

INSERT INTO Minutiaes
Values('84.1.4.1.1', '84.1.4.1', '/var/www/server/Datasets/MOLF/MindtctOutput/DB1_Lumidgm/84_4_1.xyt');

INSERT INTO Fingers
Values(NULL, 2, '84.2', '84');

INSERT INTO Images
Values('/var/www/server/Datasets/MOLF/OriginalDataset/DB1_Lumidgm/84_1_2.wsq', '84.2.1', '84.2', 352, 544, 500);

INSERT INTO Features
Values('84.2.1', '84.2.1.1', 64);

INSERT INTO Minutiaes
Values('84.2.1.1.1', '84.2.1.1', '/var/www/server/Datasets/MOLF/MindtctOutput/DB1_Lumidgm/84_1_2.xyt');

INSERT INTO Images
Values('/var/www/server/Datasets/MOLF/OriginalDataset/DB1_Lumidgm/84_2_2.wsq', '84.2.2', '84.2', 352, 544, 500);

INSERT INTO Features
Values('84.2.2', '84.2.2.1', 68);

INSERT INTO Minutiaes
Values('84.2.2.1.1', '84.2.2.1', '/var/www/server/Datasets/MOLF/MindtctOutput/DB1_Lumidgm/84_2_2.xyt');

INSERT INTO Images
Values('/var/www/server/Datasets/MOLF/OriginalDataset/DB1_Lumidgm/84_3_2.wsq', '84.2.3', '84.2', 352, 544, 500);

INSERT INTO Features
Values('84.2.3', '84.2.3.1', 123);

INSERT INTO Minutiaes
Values('84.2.3.1.1', '84.2.3.1', '/var/www/server/Datasets/MOLF/MindtctOutput/DB1_Lumidgm/84_3_2.xyt');

INSERT INTO Images
Values('/var/www/server/Datasets/MOLF/OriginalDataset/DB1_Lumidgm/84_4_2.wsq', '84.2.4', '84.2', 352, 544, 500);

INSERT INTO Features
Values('84.2.4', '84.2.4.1', 106);

INSERT INTO Minutiaes
Values('84.2.4.1.1', '84.2.4.1', '/var/www/server/Datasets/MOLF/MindtctOutput/DB1_Lumidgm/84_4_2.xyt');

INSERT INTO Fingers
Values(NULL, 3, '84.3', '84');

INSERT INTO Images
Values('/var/www/server/Datasets/MOLF/OriginalDataset/DB1_Lumidgm/84_1_3.wsq', '84.3.1', '84.3', 352, 544, 500);

INSERT INTO Features
Values('84.3.1', '84.3.1.1', 60);

INSERT INTO Minutiaes
Values('84.3.1.1.1', '84.3.1.1', '/var/www/server/Datasets/MOLF/MindtctOutput/DB1_Lumidgm/84_1_3.xyt');

INSERT INTO Images
Values('/var/www/server/Datasets/MOLF/OriginalDataset/DB1_Lumidgm/84_2_3.wsq', '84.3.2', '84.3', 352, 544, 500);

INSERT INTO Features
Values('84.3.2', '84.3.2.1', 59);

INSERT INTO Minutiaes
Values('84.3.2.1.1', '84.3.2.1', '/var/www/server/Datasets/MOLF/MindtctOutput/DB1_Lumidgm/84_2_3.xyt');

INSERT INTO Images
Values('/var/www/server/Datasets/MOLF/OriginalDataset/DB1_Lumidgm/84_3_3.wsq', '84.3.3', '84.3', 352, 544, 500);

INSERT INTO Features
Values('84.3.3', '84.3.3.1', 98);

INSERT INTO Minutiaes
Values('84.3.3.1.1', '84.3.3.1', '/var/www/server/Datasets/MOLF/MindtctOutput/DB1_Lumidgm/84_3_3.xyt');

INSERT INTO Images
Values('/var/www/server/Datasets/MOLF/OriginalDataset/DB1_Lumidgm/84_4_3.wsq', '84.3.4', '84.3', 352, 544, 500);

INSERT INTO Features
Values('84.3.4', '84.3.4.1', 100);

INSERT INTO Minutiaes
Values('84.3.4.1.1', '84.3.4.1', '/var/www/server/Datasets/MOLF/MindtctOutput/DB1_Lumidgm/84_4_3.xyt');

INSERT INTO Fingers
Values(NULL, 4, '84.4', '84');

INSERT INTO Images
Values('/var/www/server/Datasets/MOLF/OriginalDataset/DB1_Lumidgm/84_1_4.wsq', '84.4.1', '84.4', 352, 544, 500);

INSERT INTO Features
Values('84.4.1', '84.4.1.1', 71);

INSERT INTO Minutiaes
Values('84.4.1.1.1', '84.4.1.1', '/var/www/server/Datasets/MOLF/MindtctOutput/DB1_Lumidgm/84_1_4.xyt');

INSERT INTO Images
Values('/var/www/server/Datasets/MOLF/OriginalDataset/DB1_Lumidgm/84_2_4.wsq', '84.4.2', '84.4', 352, 544, 500);

INSERT INTO Features
Values('84.4.2', '84.4.2.1', 73);

INSERT INTO Minutiaes
Values('84.4.2.1.1', '84.4.2.1', '/var/www/server/Datasets/MOLF/MindtctOutput/DB1_Lumidgm/84_2_4.xyt');

INSERT INTO Images
Values('/var/www/server/Datasets/MOLF/OriginalDataset/DB1_Lumidgm/84_3_4.wsq', '84.4.3', '84.4', 352, 544, 500);

INSERT INTO Features
Values('84.4.3', '84.4.3.1', 115);

INSERT INTO Minutiaes
Values('84.4.3.1.1', '84.4.3.1', '/var/www/server/Datasets/MOLF/MindtctOutput/DB1_Lumidgm/84_3_4.xyt');

INSERT INTO Images
Values('/var/www/server/Datasets/MOLF/OriginalDataset/DB1_Lumidgm/84_4_4.wsq', '84.4.4', '84.4', 352, 544, 500);

INSERT INTO Features
Values('84.4.4', '84.4.4.1', 110);

INSERT INTO Minutiaes
Values('84.4.4.1.1', '84.4.4.1', '/var/www/server/Datasets/MOLF/MindtctOutput/DB1_Lumidgm/84_4_4.xyt');

INSERT INTO Fingers
Values(NULL, 5, '84.5', '84');

INSERT INTO Images
Values('/var/www/server/Datasets/MOLF/OriginalDataset/DB1_Lumidgm/84_1_5.wsq', '84.5.1', '84.5', 352, 544, 500);

INSERT INTO Features
Values('84.5.1', '84.5.1.1', 87);

INSERT INTO Minutiaes
Values('84.5.1.1.1', '84.5.1.1', '/var/www/server/Datasets/MOLF/MindtctOutput/DB1_Lumidgm/84_1_5.xyt');

INSERT INTO Images
Values('/var/www/server/Datasets/MOLF/OriginalDataset/DB1_Lumidgm/84_2_5.wsq', '84.5.2', '84.5', 352, 544, 500);

INSERT INTO Features
Values('84.5.2', '84.5.2.1', 87);

INSERT INTO Minutiaes
Values('84.5.2.1.1', '84.5.2.1', '/var/www/server/Datasets/MOLF/MindtctOutput/DB1_Lumidgm/84_2_5.xyt');

INSERT INTO Images
Values('/var/www/server/Datasets/MOLF/OriginalDataset/DB1_Lumidgm/84_3_5.wsq', '84.5.3', '84.5', 352, 544, 500);

INSERT INTO Features
Values('84.5.3', '84.5.3.1', 129);

INSERT INTO Minutiaes
Values('84.5.3.1.1', '84.5.3.1', '/var/www/server/Datasets/MOLF/MindtctOutput/DB1_Lumidgm/84_3_5.xyt');

INSERT INTO Images
Values('/var/www/server/Datasets/MOLF/OriginalDataset/DB1_Lumidgm/84_4_5.wsq', '84.5.4', '84.5', 352, 544, 500);

INSERT INTO Features
Values('84.5.4', '84.5.4.1', 125);

INSERT INTO Minutiaes
Values('84.5.4.1.1', '84.5.4.1', '/var/www/server/Datasets/MOLF/MindtctOutput/DB1_Lumidgm/84_4_5.xyt');

INSERT INTO Fingers
Values(NULL, 6, '84.6', '84');

INSERT INTO Images
Values('/var/www/server/Datasets/MOLF/OriginalDataset/DB1_Lumidgm/84_1_6.wsq', '84.6.1', '84.6', 352, 544, 500);

INSERT INTO Features
Values('84.6.1', '84.6.1.1', 51);

INSERT INTO Minutiaes
Values('84.6.1.1.1', '84.6.1.1', '/var/www/server/Datasets/MOLF/MindtctOutput/DB1_Lumidgm/84_1_6.xyt');

INSERT INTO Images
Values('/var/www/server/Datasets/MOLF/OriginalDataset/DB1_Lumidgm/84_2_6.wsq', '84.6.2', '84.6', 352, 544, 500);

INSERT INTO Features
Values('84.6.2', '84.6.2.1', 59);

INSERT INTO Minutiaes
Values('84.6.2.1.1', '84.6.2.1', '/var/www/server/Datasets/MOLF/MindtctOutput/DB1_Lumidgm/84_2_6.xyt');

INSERT INTO Images
Values('/var/www/server/Datasets/MOLF/OriginalDataset/DB1_Lumidgm/84_3_6.wsq', '84.6.3', '84.6', 352, 544, 500);

INSERT INTO Features
Values('84.6.3', '84.6.3.1', 99);

INSERT INTO Minutiaes
Values('84.6.3.1.1', '84.6.3.1', '/var/www/server/Datasets/MOLF/MindtctOutput/DB1_Lumidgm/84_3_6.xyt');

INSERT INTO Images
Values('/var/www/server/Datasets/MOLF/OriginalDataset/DB1_Lumidgm/84_4_6.wsq', '84.6.4', '84.6', 352, 544, 500);

INSERT INTO Features
Values('84.6.4', '84.6.4.1', 101);

INSERT INTO Minutiaes
Values('84.6.4.1.1', '84.6.4.1', '/var/www/server/Datasets/MOLF/MindtctOutput/DB1_Lumidgm/84_4_6.xyt');

INSERT INTO Fingers
Values(NULL, 7, '84.7', '84');

INSERT INTO Images
Values('/var/www/server/Datasets/MOLF/OriginalDataset/DB1_Lumidgm/84_1_7.wsq', '84.7.1', '84.7', 352, 544, 500);

INSERT INTO Features
Values('84.7.1', '84.7.1.1', 53);

INSERT INTO Minutiaes
Values('84.7.1.1.1', '84.7.1.1', '/var/www/server/Datasets/MOLF/MindtctOutput/DB1_Lumidgm/84_1_7.xyt');

INSERT INTO Images
Values('/var/www/server/Datasets/MOLF/OriginalDataset/DB1_Lumidgm/84_2_7.wsq', '84.7.2', '84.7', 352, 544, 500);

INSERT INTO Features
Values('84.7.2', '84.7.2.1', 55);

INSERT INTO Minutiaes
Values('84.7.2.1.1', '84.7.2.1', '/var/www/server/Datasets/MOLF/MindtctOutput/DB1_Lumidgm/84_2_7.xyt');

INSERT INTO Images
Values('/var/www/server/Datasets/MOLF/OriginalDataset/DB1_Lumidgm/84_3_7.wsq', '84.7.3', '84.7', 352, 544, 500);

INSERT INTO Features
Values('84.7.3', '84.7.3.1', 105);

INSERT INTO Minutiaes
Values('84.7.3.1.1', '84.7.3.1', '/var/www/server/Datasets/MOLF/MindtctOutput/DB1_Lumidgm/84_3_7.xyt');

INSERT INTO Images
Values('/var/www/server/Datasets/MOLF/OriginalDataset/DB1_Lumidgm/84_4_7.wsq', '84.7.4', '84.7', 352, 544, 500);

INSERT INTO Features
Values('84.7.4', '84.7.4.1', 104);

INSERT INTO Minutiaes
Values('84.7.4.1.1', '84.7.4.1', '/var/www/server/Datasets/MOLF/MindtctOutput/DB1_Lumidgm/84_4_7.xyt');

INSERT INTO Fingers
Values(NULL, 8, '84.8', '84');

INSERT INTO Images
Values('/var/www/server/Datasets/MOLF/OriginalDataset/DB1_Lumidgm/84_1_8.wsq', '84.8.1', '84.8', 352, 544, 500);

INSERT INTO Features
Values('84.8.1', '84.8.1.1', 61);

INSERT INTO Minutiaes
Values('84.8.1.1.1', '84.8.1.1', '/var/www/server/Datasets/MOLF/MindtctOutput/DB1_Lumidgm/84_1_8.xyt');

INSERT INTO Images
Values('/var/www/server/Datasets/MOLF/OriginalDataset/DB1_Lumidgm/84_2_8.wsq', '84.8.2', '84.8', 352, 544, 500);

INSERT INTO Features
Values('84.8.2', '84.8.2.1', 64);

INSERT INTO Minutiaes
Values('84.8.2.1.1', '84.8.2.1', '/var/www/server/Datasets/MOLF/MindtctOutput/DB1_Lumidgm/84_2_8.xyt');

INSERT INTO Images
Values('/var/www/server/Datasets/MOLF/OriginalDataset/DB1_Lumidgm/84_3_8.wsq', '84.8.3', '84.8', 352, 544, 500);

INSERT INTO Features
Values('84.8.3', '84.8.3.1', 98);

INSERT INTO Minutiaes
Values('84.8.3.1.1', '84.8.3.1', '/var/www/server/Datasets/MOLF/MindtctOutput/DB1_Lumidgm/84_3_8.xyt');

INSERT INTO Images
Values('/var/www/server/Datasets/MOLF/OriginalDataset/DB1_Lumidgm/84_4_8.wsq', '84.8.4', '84.8', 352, 544, 500);

INSERT INTO Features
Values('84.8.4', '84.8.4.1', 103);

INSERT INTO Minutiaes
Values('84.8.4.1.1', '84.8.4.1', '/var/www/server/Datasets/MOLF/MindtctOutput/DB1_Lumidgm/84_4_8.xyt');

INSERT INTO Fingers
Values(NULL, 9, '84.9', '84');

INSERT INTO Images
Values('/var/www/server/Datasets/MOLF/OriginalDataset/DB1_Lumidgm/84_1_9.wsq', '84.9.1', '84.9', 352, 544, 500);

INSERT INTO Features
Values('84.9.1', '84.9.1.1', 62);

INSERT INTO Minutiaes
Values('84.9.1.1.1', '84.9.1.1', '/var/www/server/Datasets/MOLF/MindtctOutput/DB1_Lumidgm/84_1_9.xyt');

INSERT INTO Images
Values('/var/www/server/Datasets/MOLF/OriginalDataset/DB1_Lumidgm/84_2_9.wsq', '84.9.2', '84.9', 352, 544, 500);

INSERT INTO Features
Values('84.9.2', '84.9.2.1', 73);

INSERT INTO Minutiaes
Values('84.9.2.1.1', '84.9.2.1', '/var/www/server/Datasets/MOLF/MindtctOutput/DB1_Lumidgm/84_2_9.xyt');

INSERT INTO Images
Values('/var/www/server/Datasets/MOLF/OriginalDataset/DB1_Lumidgm/84_3_9.wsq', '84.9.3', '84.9', 352, 544, 500);

INSERT INTO Features
Values('84.9.3', '84.9.3.1', 121);

INSERT INTO Minutiaes
Values('84.9.3.1.1', '84.9.3.1', '/var/www/server/Datasets/MOLF/MindtctOutput/DB1_Lumidgm/84_3_9.xyt');

INSERT INTO Images
Values('/var/www/server/Datasets/MOLF/OriginalDataset/DB1_Lumidgm/84_4_9.wsq', '84.9.4', '84.9', 352, 544, 500);

INSERT INTO Features
Values('84.9.4', '84.9.4.1', 109);

INSERT INTO Minutiaes
Values('84.9.4.1.1', '84.9.4.1', '/var/www/server/Datasets/MOLF/MindtctOutput/DB1_Lumidgm/84_4_9.xyt');

INSERT INTO Fingers
Values(NULL, 10, '84.10', '84');

INSERT INTO Images
Values('/var/www/server/Datasets/MOLF/OriginalDataset/DB1_Lumidgm/84_1_10.wsq', '84.10.1', '84.10', 352, 544, 500);

INSERT INTO Features
Values('84.10.1', '84.10.1.1', 85);

INSERT INTO Minutiaes
Values('84.10.1.1.1', '84.10.1.1', '/var/www/server/Datasets/MOLF/MindtctOutput/DB1_Lumidgm/84_1_10.xyt');

INSERT INTO Images
Values('/var/www/server/Datasets/MOLF/OriginalDataset/DB1_Lumidgm/84_2_10.wsq', '84.10.2', '84.10', 352, 544, 500);

INSERT INTO Features
Values('84.10.2', '84.10.2.1', 86);

INSERT INTO Minutiaes
Values('84.10.2.1.1', '84.10.2.1', '/var/www/server/Datasets/MOLF/MindtctOutput/DB1_Lumidgm/84_2_10.xyt');

INSERT INTO Images
Values('/var/www/server/Datasets/MOLF/OriginalDataset/DB1_Lumidgm/84_3_10.wsq', '84.10.3', '84.10', 352, 544, 500);

INSERT INTO Features
Values('84.10.3', '84.10.3.1', 125);

INSERT INTO Minutiaes
Values('84.10.3.1.1', '84.10.3.1', '/var/www/server/Datasets/MOLF/MindtctOutput/DB1_Lumidgm/84_3_10.xyt');

INSERT INTO Images
Values('/var/www/server/Datasets/MOLF/OriginalDataset/DB1_Lumidgm/84_4_10.wsq', '84.10.4', '84.10', 352, 544, 500);

INSERT INTO Features
Values('84.10.4', '84.10.4.1', 74);

INSERT INTO Minutiaes
Values('84.10.4.1.1', '84.10.4.1', '/var/www/server/Datasets/MOLF/MindtctOutput/DB1_Lumidgm/84_4_10.xyt');

#------------------------SUBJECT 85------------------------
INSERT INTO Subjects
Values('85');

INSERT INTO Fingers
Values(NULL, 1, '85.1', '85');

INSERT INTO Images
Values('/var/www/server/Datasets/MOLF/OriginalDataset/DB1_Lumidgm/85_1_1.wsq', '85.1.1', '85.1', 352, 544, 500);

INSERT INTO Features
Values('85.1.1', '85.1.1.1', 69);

INSERT INTO Minutiaes
Values('85.1.1.1.1', '85.1.1.1', '/var/www/server/Datasets/MOLF/MindtctOutput/DB1_Lumidgm/85_1_1.xyt');

INSERT INTO Images
Values('/var/www/server/Datasets/MOLF/OriginalDataset/DB1_Lumidgm/85_2_1.wsq', '85.1.2', '85.1', 352, 544, 500);

INSERT INTO Features
Values('85.1.2', '85.1.2.1', 52);

INSERT INTO Minutiaes
Values('85.1.2.1.1', '85.1.2.1', '/var/www/server/Datasets/MOLF/MindtctOutput/DB1_Lumidgm/85_2_1.xyt');

INSERT INTO Images
Values('/var/www/server/Datasets/MOLF/OriginalDataset/DB1_Lumidgm/85_3_1.wsq', '85.1.3', '85.1', 352, 544, 500);

INSERT INTO Features
Values('85.1.3', '85.1.3.1', 96);

INSERT INTO Minutiaes
Values('85.1.3.1.1', '85.1.3.1', '/var/www/server/Datasets/MOLF/MindtctOutput/DB1_Lumidgm/85_3_1.xyt');

INSERT INTO Images
Values('/var/www/server/Datasets/MOLF/OriginalDataset/DB1_Lumidgm/85_4_1.wsq', '85.1.4', '85.1', 352, 544, 500);

INSERT INTO Features
Values('85.1.4', '85.1.4.1', 108);

INSERT INTO Minutiaes
Values('85.1.4.1.1', '85.1.4.1', '/var/www/server/Datasets/MOLF/MindtctOutput/DB1_Lumidgm/85_4_1.xyt');

INSERT INTO Fingers
Values(NULL, 2, '85.2', '85');

INSERT INTO Images
Values('/var/www/server/Datasets/MOLF/OriginalDataset/DB1_Lumidgm/85_1_2.wsq', '85.2.1', '85.2', 352, 544, 500);

INSERT INTO Features
Values('85.2.1', '85.2.1.1', 79);

INSERT INTO Minutiaes
Values('85.2.1.1.1', '85.2.1.1', '/var/www/server/Datasets/MOLF/MindtctOutput/DB1_Lumidgm/85_1_2.xyt');

INSERT INTO Images
Values('/var/www/server/Datasets/MOLF/OriginalDataset/DB1_Lumidgm/85_2_2.wsq', '85.2.2', '85.2', 352, 544, 500);

INSERT INTO Features
Values('85.2.2', '85.2.2.1', 55);

INSERT INTO Minutiaes
Values('85.2.2.1.1', '85.2.2.1', '/var/www/server/Datasets/MOLF/MindtctOutput/DB1_Lumidgm/85_2_2.xyt');

INSERT INTO Images
Values('/var/www/server/Datasets/MOLF/OriginalDataset/DB1_Lumidgm/85_3_2.wsq', '85.2.3', '85.2', 352, 544, 500);

INSERT INTO Features
Values('85.2.3', '85.2.3.1', 103);

INSERT INTO Minutiaes
Values('85.2.3.1.1', '85.2.3.1', '/var/www/server/Datasets/MOLF/MindtctOutput/DB1_Lumidgm/85_3_2.xyt');

INSERT INTO Images
Values('/var/www/server/Datasets/MOLF/OriginalDataset/DB1_Lumidgm/85_4_2.wsq', '85.2.4', '85.2', 352, 544, 500);

INSERT INTO Features
Values('85.2.4', '85.2.4.1', 117);

INSERT INTO Minutiaes
Values('85.2.4.1.1', '85.2.4.1', '/var/www/server/Datasets/MOLF/MindtctOutput/DB1_Lumidgm/85_4_2.xyt');

INSERT INTO Fingers
Values(NULL, 3, '85.3', '85');

INSERT INTO Images
Values('/var/www/server/Datasets/MOLF/OriginalDataset/DB1_Lumidgm/85_1_3.wsq', '85.3.1', '85.3', 352, 544, 500);

INSERT INTO Features
Values('85.3.1', '85.3.1.1', 82);

INSERT INTO Minutiaes
Values('85.3.1.1.1', '85.3.1.1', '/var/www/server/Datasets/MOLF/MindtctOutput/DB1_Lumidgm/85_1_3.xyt');

INSERT INTO Images
Values('/var/www/server/Datasets/MOLF/OriginalDataset/DB1_Lumidgm/85_2_3.wsq', '85.3.2', '85.3', 352, 544, 500);

INSERT INTO Features
Values('85.3.2', '85.3.2.1', 83);

INSERT INTO Minutiaes
Values('85.3.2.1.1', '85.3.2.1', '/var/www/server/Datasets/MOLF/MindtctOutput/DB1_Lumidgm/85_2_3.xyt');

INSERT INTO Images
Values('/var/www/server/Datasets/MOLF/OriginalDataset/DB1_Lumidgm/85_3_3.wsq', '85.3.3', '85.3', 352, 544, 500);

INSERT INTO Features
Values('85.3.3', '85.3.3.1', 116);

INSERT INTO Minutiaes
Values('85.3.3.1.1', '85.3.3.1', '/var/www/server/Datasets/MOLF/MindtctOutput/DB1_Lumidgm/85_3_3.xyt');

INSERT INTO Images
Values('/var/www/server/Datasets/MOLF/OriginalDataset/DB1_Lumidgm/85_4_3.wsq', '85.3.4', '85.3', 352, 544, 500);

INSERT INTO Features
Values('85.3.4', '85.3.4.1', 121);

INSERT INTO Minutiaes
Values('85.3.4.1.1', '85.3.4.1', '/var/www/server/Datasets/MOLF/MindtctOutput/DB1_Lumidgm/85_4_3.xyt');

INSERT INTO Fingers
Values(NULL, 4, '85.4', '85');

INSERT INTO Images
Values('/var/www/server/Datasets/MOLF/OriginalDataset/DB1_Lumidgm/85_1_4.wsq', '85.4.1', '85.4', 352, 544, 500);

INSERT INTO Features
Values('85.4.1', '85.4.1.1', 74);

INSERT INTO Minutiaes
Values('85.4.1.1.1', '85.4.1.1', '/var/www/server/Datasets/MOLF/MindtctOutput/DB1_Lumidgm/85_1_4.xyt');

INSERT INTO Images
Values('/var/www/server/Datasets/MOLF/OriginalDataset/DB1_Lumidgm/85_2_4.wsq', '85.4.2', '85.4', 352, 544, 500);

INSERT INTO Features
Values('85.4.2', '85.4.2.1', 75);

INSERT INTO Minutiaes
Values('85.4.2.1.1', '85.4.2.1', '/var/www/server/Datasets/MOLF/MindtctOutput/DB1_Lumidgm/85_2_4.xyt');

INSERT INTO Images
Values('/var/www/server/Datasets/MOLF/OriginalDataset/DB1_Lumidgm/85_3_4.wsq', '85.4.3', '85.4', 352, 544, 500);

INSERT INTO Features
Values('85.4.3', '85.4.3.1', 101);

INSERT INTO Minutiaes
Values('85.4.3.1.1', '85.4.3.1', '/var/www/server/Datasets/MOLF/MindtctOutput/DB1_Lumidgm/85_3_4.xyt');

INSERT INTO Images
Values('/var/www/server/Datasets/MOLF/OriginalDataset/DB1_Lumidgm/85_4_4.wsq', '85.4.4', '85.4', 352, 544, 500);

INSERT INTO Features
Values('85.4.4', '85.4.4.1', 131);

INSERT INTO Minutiaes
Values('85.4.4.1.1', '85.4.4.1', '/var/www/server/Datasets/MOLF/MindtctOutput/DB1_Lumidgm/85_4_4.xyt');

INSERT INTO Fingers
Values(NULL, 5, '85.5', '85');

INSERT INTO Images
Values('/var/www/server/Datasets/MOLF/OriginalDataset/DB1_Lumidgm/85_1_5.wsq', '85.5.1', '85.5', 352, 544, 500);

INSERT INTO Features
Values('85.5.1', '85.5.1.1', 51);

INSERT INTO Minutiaes
Values('85.5.1.1.1', '85.5.1.1', '/var/www/server/Datasets/MOLF/MindtctOutput/DB1_Lumidgm/85_1_5.xyt');

INSERT INTO Images
Values('/var/www/server/Datasets/MOLF/OriginalDataset/DB1_Lumidgm/85_2_5.wsq', '85.5.2', '85.5', 352, 544, 500);

INSERT INTO Features
Values('85.5.2', '85.5.2.1', 69);

INSERT INTO Minutiaes
Values('85.5.2.1.1', '85.5.2.1', '/var/www/server/Datasets/MOLF/MindtctOutput/DB1_Lumidgm/85_2_5.xyt');

INSERT INTO Images
Values('/var/www/server/Datasets/MOLF/OriginalDataset/DB1_Lumidgm/85_3_5.wsq', '85.5.3', '85.5', 352, 544, 500);

INSERT INTO Features
Values('85.5.3', '85.5.3.1', 99);

INSERT INTO Minutiaes
Values('85.5.3.1.1', '85.5.3.1', '/var/www/server/Datasets/MOLF/MindtctOutput/DB1_Lumidgm/85_3_5.xyt');

INSERT INTO Images
Values('/var/www/server/Datasets/MOLF/OriginalDataset/DB1_Lumidgm/85_4_5.wsq', '85.5.4', '85.5', 352, 544, 500);

INSERT INTO Features
Values('85.5.4', '85.5.4.1', 109);

INSERT INTO Minutiaes
Values('85.5.4.1.1', '85.5.4.1', '/var/www/server/Datasets/MOLF/MindtctOutput/DB1_Lumidgm/85_4_5.xyt');

INSERT INTO Fingers
Values(NULL, 6, '85.6', '85');

INSERT INTO Images
Values('/var/www/server/Datasets/MOLF/OriginalDataset/DB1_Lumidgm/85_1_6.wsq', '85.6.1', '85.6', 352, 544, 500);

INSERT INTO Features
Values('85.6.1', '85.6.1.1', 69);

INSERT INTO Minutiaes
Values('85.6.1.1.1', '85.6.1.1', '/var/www/server/Datasets/MOLF/MindtctOutput/DB1_Lumidgm/85_1_6.xyt');

INSERT INTO Images
Values('/var/www/server/Datasets/MOLF/OriginalDataset/DB1_Lumidgm/85_2_6.wsq', '85.6.2', '85.6', 352, 544, 500);

INSERT INTO Features
Values('85.6.2', '85.6.2.1', 62);

INSERT INTO Minutiaes
Values('85.6.2.1.1', '85.6.2.1', '/var/www/server/Datasets/MOLF/MindtctOutput/DB1_Lumidgm/85_2_6.xyt');

INSERT INTO Images
Values('/var/www/server/Datasets/MOLF/OriginalDataset/DB1_Lumidgm/85_3_6.wsq', '85.6.3', '85.6', 352, 544, 500);

INSERT INTO Features
Values('85.6.3', '85.6.3.1', 120);

INSERT INTO Minutiaes
Values('85.6.3.1.1', '85.6.3.1', '/var/www/server/Datasets/MOLF/MindtctOutput/DB1_Lumidgm/85_3_6.xyt');

INSERT INTO Images
Values('/var/www/server/Datasets/MOLF/OriginalDataset/DB1_Lumidgm/85_4_6.wsq', '85.6.4', '85.6', 352, 544, 500);

INSERT INTO Features
Values('85.6.4', '85.6.4.1', 116);

INSERT INTO Minutiaes
Values('85.6.4.1.1', '85.6.4.1', '/var/www/server/Datasets/MOLF/MindtctOutput/DB1_Lumidgm/85_4_6.xyt');

INSERT INTO Fingers
Values(NULL, 7, '85.7', '85');

INSERT INTO Images
Values('/var/www/server/Datasets/MOLF/OriginalDataset/DB1_Lumidgm/85_1_7.wsq', '85.7.1', '85.7', 352, 544, 500);

INSERT INTO Features
Values('85.7.1', '85.7.1.1', 73);

INSERT INTO Minutiaes
Values('85.7.1.1.1', '85.7.1.1', '/var/www/server/Datasets/MOLF/MindtctOutput/DB1_Lumidgm/85_1_7.xyt');

INSERT INTO Images
Values('/var/www/server/Datasets/MOLF/OriginalDataset/DB1_Lumidgm/85_2_7.wsq', '85.7.2', '85.7', 352, 544, 500);

INSERT INTO Features
Values('85.7.2', '85.7.2.1', 69);

INSERT INTO Minutiaes
Values('85.7.2.1.1', '85.7.2.1', '/var/www/server/Datasets/MOLF/MindtctOutput/DB1_Lumidgm/85_2_7.xyt');

INSERT INTO Images
Values('/var/www/server/Datasets/MOLF/OriginalDataset/DB1_Lumidgm/85_3_7.wsq', '85.7.3', '85.7', 352, 544, 500);

INSERT INTO Features
Values('85.7.3', '85.7.3.1', 109);

INSERT INTO Minutiaes
Values('85.7.3.1.1', '85.7.3.1', '/var/www/server/Datasets/MOLF/MindtctOutput/DB1_Lumidgm/85_3_7.xyt');

INSERT INTO Images
Values('/var/www/server/Datasets/MOLF/OriginalDataset/DB1_Lumidgm/85_4_7.wsq', '85.7.4', '85.7', 352, 544, 500);

INSERT INTO Features
Values('85.7.4', '85.7.4.1', 126);

INSERT INTO Minutiaes
Values('85.7.4.1.1', '85.7.4.1', '/var/www/server/Datasets/MOLF/MindtctOutput/DB1_Lumidgm/85_4_7.xyt');

INSERT INTO Fingers
Values(NULL, 8, '85.8', '85');

INSERT INTO Images
Values('/var/www/server/Datasets/MOLF/OriginalDataset/DB1_Lumidgm/85_1_8.wsq', '85.8.1', '85.8', 352, 544, 500);

INSERT INTO Features
Values('85.8.1', '85.8.1.1', 71);

INSERT INTO Minutiaes
Values('85.8.1.1.1', '85.8.1.1', '/var/www/server/Datasets/MOLF/MindtctOutput/DB1_Lumidgm/85_1_8.xyt');

INSERT INTO Images
Values('/var/www/server/Datasets/MOLF/OriginalDataset/DB1_Lumidgm/85_2_8.wsq', '85.8.2', '85.8', 352, 544, 500);

INSERT INTO Features
Values('85.8.2', '85.8.2.1', 77);

INSERT INTO Minutiaes
Values('85.8.2.1.1', '85.8.2.1', '/var/www/server/Datasets/MOLF/MindtctOutput/DB1_Lumidgm/85_2_8.xyt');

INSERT INTO Images
Values('/var/www/server/Datasets/MOLF/OriginalDataset/DB1_Lumidgm/85_3_8.wsq', '85.8.3', '85.8', 352, 544, 500);

INSERT INTO Features
Values('85.8.3', '85.8.3.1', 123);

INSERT INTO Minutiaes
Values('85.8.3.1.1', '85.8.3.1', '/var/www/server/Datasets/MOLF/MindtctOutput/DB1_Lumidgm/85_3_8.xyt');

INSERT INTO Images
Values('/var/www/server/Datasets/MOLF/OriginalDataset/DB1_Lumidgm/85_4_8.wsq', '85.8.4', '85.8', 352, 544, 500);

INSERT INTO Features
Values('85.8.4', '85.8.4.1', 125);

INSERT INTO Minutiaes
Values('85.8.4.1.1', '85.8.4.1', '/var/www/server/Datasets/MOLF/MindtctOutput/DB1_Lumidgm/85_4_8.xyt');

INSERT INTO Fingers
Values(NULL, 9, '85.9', '85');

INSERT INTO Images
Values('/var/www/server/Datasets/MOLF/OriginalDataset/DB1_Lumidgm/85_1_9.wsq', '85.9.1', '85.9', 352, 544, 500);

INSERT INTO Features
Values('85.9.1', '85.9.1.1', 50);

INSERT INTO Minutiaes
Values('85.9.1.1.1', '85.9.1.1', '/var/www/server/Datasets/MOLF/MindtctOutput/DB1_Lumidgm/85_1_9.xyt');

INSERT INTO Images
Values('/var/www/server/Datasets/MOLF/OriginalDataset/DB1_Lumidgm/85_2_9.wsq', '85.9.2', '85.9', 352, 544, 500);

INSERT INTO Features
Values('85.9.2', '85.9.2.1', 53);

INSERT INTO Minutiaes
Values('85.9.2.1.1', '85.9.2.1', '/var/www/server/Datasets/MOLF/MindtctOutput/DB1_Lumidgm/85_2_9.xyt');

INSERT INTO Images
Values('/var/www/server/Datasets/MOLF/OriginalDataset/DB1_Lumidgm/85_3_9.wsq', '85.9.3', '85.9', 352, 544, 500);

INSERT INTO Features
Values('85.9.3', '85.9.3.1', 117);

INSERT INTO Minutiaes
Values('85.9.3.1.1', '85.9.3.1', '/var/www/server/Datasets/MOLF/MindtctOutput/DB1_Lumidgm/85_3_9.xyt');

INSERT INTO Images
Values('/var/www/server/Datasets/MOLF/OriginalDataset/DB1_Lumidgm/85_4_9.wsq', '85.9.4', '85.9', 352, 544, 500);

INSERT INTO Features
Values('85.9.4', '85.9.4.1', 109);

INSERT INTO Minutiaes
Values('85.9.4.1.1', '85.9.4.1', '/var/www/server/Datasets/MOLF/MindtctOutput/DB1_Lumidgm/85_4_9.xyt');

INSERT INTO Fingers
Values(NULL, 10, '85.10', '85');

INSERT INTO Images
Values('/var/www/server/Datasets/MOLF/OriginalDataset/DB1_Lumidgm/85_1_10.wsq', '85.10.1', '85.10', 352, 544, 500);

INSERT INTO Features
Values('85.10.1', '85.10.1.1', 56);

INSERT INTO Minutiaes
Values('85.10.1.1.1', '85.10.1.1', '/var/www/server/Datasets/MOLF/MindtctOutput/DB1_Lumidgm/85_1_10.xyt');

INSERT INTO Images
Values('/var/www/server/Datasets/MOLF/OriginalDataset/DB1_Lumidgm/85_2_10.wsq', '85.10.2', '85.10', 352, 544, 500);

INSERT INTO Features
Values('85.10.2', '85.10.2.1', 56);

INSERT INTO Minutiaes
Values('85.10.2.1.1', '85.10.2.1', '/var/www/server/Datasets/MOLF/MindtctOutput/DB1_Lumidgm/85_2_10.xyt');

INSERT INTO Images
Values('/var/www/server/Datasets/MOLF/OriginalDataset/DB1_Lumidgm/85_3_10.wsq', '85.10.3', '85.10', 352, 544, 500);

INSERT INTO Features
Values('85.10.3', '85.10.3.1', 91);

INSERT INTO Minutiaes
Values('85.10.3.1.1', '85.10.3.1', '/var/www/server/Datasets/MOLF/MindtctOutput/DB1_Lumidgm/85_3_10.xyt');

INSERT INTO Images
Values('/var/www/server/Datasets/MOLF/OriginalDataset/DB1_Lumidgm/85_4_10.wsq', '85.10.4', '85.10', 352, 544, 500);

INSERT INTO Features
Values('85.10.4', '85.10.4.1', 89);

INSERT INTO Minutiaes
Values('85.10.4.1.1', '85.10.4.1', '/var/www/server/Datasets/MOLF/MindtctOutput/DB1_Lumidgm/85_4_10.xyt');

#------------------------SUBJECT 86------------------------
INSERT INTO Subjects
Values('86');

INSERT INTO Fingers
Values(NULL, 1, '86.1', '86');

INSERT INTO Images
Values('/var/www/server/Datasets/MOLF/OriginalDataset/DB1_Lumidgm/86_1_1.wsq', '86.1.1', '86.1', 352, 544, 500);

INSERT INTO Features
Values('86.1.1', '86.1.1.1', 71);

INSERT INTO Minutiaes
Values('86.1.1.1.1', '86.1.1.1', '/var/www/server/Datasets/MOLF/MindtctOutput/DB1_Lumidgm/86_1_1.xyt');

INSERT INTO Images
Values('/var/www/server/Datasets/MOLF/OriginalDataset/DB1_Lumidgm/86_2_1.wsq', '86.1.2', '86.1', 352, 544, 500);

INSERT INTO Features
Values('86.1.2', '86.1.2.1', 64);

INSERT INTO Minutiaes
Values('86.1.2.1.1', '86.1.2.1', '/var/www/server/Datasets/MOLF/MindtctOutput/DB1_Lumidgm/86_2_1.xyt');

INSERT INTO Images
Values('/var/www/server/Datasets/MOLF/OriginalDataset/DB1_Lumidgm/86_3_1.wsq', '86.1.3', '86.1', 352, 544, 500);

INSERT INTO Features
Values('86.1.3', '86.1.3.1', 77);

INSERT INTO Minutiaes
Values('86.1.3.1.1', '86.1.3.1', '/var/www/server/Datasets/MOLF/MindtctOutput/DB1_Lumidgm/86_3_1.xyt');

INSERT INTO Images
Values('/var/www/server/Datasets/MOLF/OriginalDataset/DB1_Lumidgm/86_4_1.wsq', '86.1.4', '86.1', 352, 544, 500);

INSERT INTO Features
Values('86.1.4', '86.1.4.1', 75);

INSERT INTO Minutiaes
Values('86.1.4.1.1', '86.1.4.1', '/var/www/server/Datasets/MOLF/MindtctOutput/DB1_Lumidgm/86_4_1.xyt');

INSERT INTO Fingers
Values(NULL, 2, '86.2', '86');

INSERT INTO Images
Values('/var/www/server/Datasets/MOLF/OriginalDataset/DB1_Lumidgm/86_1_2.wsq', '86.2.1', '86.2', 352, 544, 500);

INSERT INTO Features
Values('86.2.1', '86.2.1.1', 60);

INSERT INTO Minutiaes
Values('86.2.1.1.1', '86.2.1.1', '/var/www/server/Datasets/MOLF/MindtctOutput/DB1_Lumidgm/86_1_2.xyt');

INSERT INTO Images
Values('/var/www/server/Datasets/MOLF/OriginalDataset/DB1_Lumidgm/86_2_2.wsq', '86.2.2', '86.2', 352, 544, 500);

INSERT INTO Features
Values('86.2.2', '86.2.2.1', 55);

INSERT INTO Minutiaes
Values('86.2.2.1.1', '86.2.2.1', '/var/www/server/Datasets/MOLF/MindtctOutput/DB1_Lumidgm/86_2_2.xyt');

INSERT INTO Images
Values('/var/www/server/Datasets/MOLF/OriginalDataset/DB1_Lumidgm/86_3_2.wsq', '86.2.3', '86.2', 352, 544, 500);

INSERT INTO Features
Values('86.2.3', '86.2.3.1', 70);

INSERT INTO Minutiaes
Values('86.2.3.1.1', '86.2.3.1', '/var/www/server/Datasets/MOLF/MindtctOutput/DB1_Lumidgm/86_3_2.xyt');

INSERT INTO Images
Values('/var/www/server/Datasets/MOLF/OriginalDataset/DB1_Lumidgm/86_4_2.wsq', '86.2.4', '86.2', 352, 544, 500);

INSERT INTO Features
Values('86.2.4', '86.2.4.1', 65);

INSERT INTO Minutiaes
Values('86.2.4.1.1', '86.2.4.1', '/var/www/server/Datasets/MOLF/MindtctOutput/DB1_Lumidgm/86_4_2.xyt');

INSERT INTO Fingers
Values(NULL, 3, '86.3', '86');

INSERT INTO Images
Values('/var/www/server/Datasets/MOLF/OriginalDataset/DB1_Lumidgm/86_1_3.wsq', '86.3.1', '86.3', 352, 544, 500);

INSERT INTO Features
Values('86.3.1', '86.3.1.1', 64);

INSERT INTO Minutiaes
Values('86.3.1.1.1', '86.3.1.1', '/var/www/server/Datasets/MOLF/MindtctOutput/DB1_Lumidgm/86_1_3.xyt');

INSERT INTO Images
Values('/var/www/server/Datasets/MOLF/OriginalDataset/DB1_Lumidgm/86_2_3.wsq', '86.3.2', '86.3', 352, 544, 500);

INSERT INTO Features
Values('86.3.2', '86.3.2.1', 61);

INSERT INTO Minutiaes
Values('86.3.2.1.1', '86.3.2.1', '/var/www/server/Datasets/MOLF/MindtctOutput/DB1_Lumidgm/86_2_3.xyt');

INSERT INTO Images
Values('/var/www/server/Datasets/MOLF/OriginalDataset/DB1_Lumidgm/86_3_3.wsq', '86.3.3', '86.3', 352, 544, 500);

INSERT INTO Features
Values('86.3.3', '86.3.3.1', 64);

INSERT INTO Minutiaes
Values('86.3.3.1.1', '86.3.3.1', '/var/www/server/Datasets/MOLF/MindtctOutput/DB1_Lumidgm/86_3_3.xyt');

INSERT INTO Images
Values('/var/www/server/Datasets/MOLF/OriginalDataset/DB1_Lumidgm/86_4_3.wsq', '86.3.4', '86.3', 352, 544, 500);

INSERT INTO Features
Values('86.3.4', '86.3.4.1', 70);

INSERT INTO Minutiaes
Values('86.3.4.1.1', '86.3.4.1', '/var/www/server/Datasets/MOLF/MindtctOutput/DB1_Lumidgm/86_4_3.xyt');

INSERT INTO Fingers
Values(NULL, 4, '86.4', '86');

INSERT INTO Images
Values('/var/www/server/Datasets/MOLF/OriginalDataset/DB1_Lumidgm/86_1_4.wsq', '86.4.1', '86.4', 352, 544, 500);

INSERT INTO Features
Values('86.4.1', '86.4.1.1', 56);

INSERT INTO Minutiaes
Values('86.4.1.1.1', '86.4.1.1', '/var/www/server/Datasets/MOLF/MindtctOutput/DB1_Lumidgm/86_1_4.xyt');

INSERT INTO Images
Values('/var/www/server/Datasets/MOLF/OriginalDataset/DB1_Lumidgm/86_2_4.wsq', '86.4.2', '86.4', 352, 544, 500);

INSERT INTO Features
Values('86.4.2', '86.4.2.1', 96);

INSERT INTO Minutiaes
Values('86.4.2.1.1', '86.4.2.1', '/var/www/server/Datasets/MOLF/MindtctOutput/DB1_Lumidgm/86_2_4.xyt');

INSERT INTO Images
Values('/var/www/server/Datasets/MOLF/OriginalDataset/DB1_Lumidgm/86_3_4.wsq', '86.4.3', '86.4', 352, 544, 500);

INSERT INTO Features
Values('86.4.3', '86.4.3.1', 84);

INSERT INTO Minutiaes
Values('86.4.3.1.1', '86.4.3.1', '/var/www/server/Datasets/MOLF/MindtctOutput/DB1_Lumidgm/86_3_4.xyt');

INSERT INTO Images
Values('/var/www/server/Datasets/MOLF/OriginalDataset/DB1_Lumidgm/86_4_4.wsq', '86.4.4', '86.4', 352, 544, 500);

INSERT INTO Features
Values('86.4.4', '86.4.4.1', 75);

INSERT INTO Minutiaes
Values('86.4.4.1.1', '86.4.4.1', '/var/www/server/Datasets/MOLF/MindtctOutput/DB1_Lumidgm/86_4_4.xyt');

INSERT INTO Fingers
Values(NULL, 5, '86.5', '86');

INSERT INTO Images
Values('/var/www/server/Datasets/MOLF/OriginalDataset/DB1_Lumidgm/86_1_5.wsq', '86.5.1', '86.5', 352, 544, 500);

INSERT INTO Features
Values('86.5.1', '86.5.1.1', 72);

INSERT INTO Minutiaes
Values('86.5.1.1.1', '86.5.1.1', '/var/www/server/Datasets/MOLF/MindtctOutput/DB1_Lumidgm/86_1_5.xyt');

INSERT INTO Images
Values('/var/www/server/Datasets/MOLF/OriginalDataset/DB1_Lumidgm/86_2_5.wsq', '86.5.2', '86.5', 352, 544, 500);

INSERT INTO Features
Values('86.5.2', '86.5.2.1', 67);

INSERT INTO Minutiaes
Values('86.5.2.1.1', '86.5.2.1', '/var/www/server/Datasets/MOLF/MindtctOutput/DB1_Lumidgm/86_2_5.xyt');

INSERT INTO Images
Values('/var/www/server/Datasets/MOLF/OriginalDataset/DB1_Lumidgm/86_3_5.wsq', '86.5.3', '86.5', 352, 544, 500);

INSERT INTO Features
Values('86.5.3', '86.5.3.1', 64);

INSERT INTO Minutiaes
Values('86.5.3.1.1', '86.5.3.1', '/var/www/server/Datasets/MOLF/MindtctOutput/DB1_Lumidgm/86_3_5.xyt');

INSERT INTO Images
Values('/var/www/server/Datasets/MOLF/OriginalDataset/DB1_Lumidgm/86_4_5.wsq', '86.5.4', '86.5', 352, 544, 500);

INSERT INTO Features
Values('86.5.4', '86.5.4.1', 78);

INSERT INTO Minutiaes
Values('86.5.4.1.1', '86.5.4.1', '/var/www/server/Datasets/MOLF/MindtctOutput/DB1_Lumidgm/86_4_5.xyt');

INSERT INTO Fingers
Values(NULL, 6, '86.6', '86');

INSERT INTO Images
Values('/var/www/server/Datasets/MOLF/OriginalDataset/DB1_Lumidgm/86_1_6.wsq', '86.6.1', '86.6', 352, 544, 500);

INSERT INTO Features
Values('86.6.1', '86.6.1.1', 79);

INSERT INTO Minutiaes
Values('86.6.1.1.1', '86.6.1.1', '/var/www/server/Datasets/MOLF/MindtctOutput/DB1_Lumidgm/86_1_6.xyt');

INSERT INTO Images
Values('/var/www/server/Datasets/MOLF/OriginalDataset/DB1_Lumidgm/86_2_6.wsq', '86.6.2', '86.6', 352, 544, 500);

INSERT INTO Features
Values('86.6.2', '86.6.2.1', 81);

INSERT INTO Minutiaes
Values('86.6.2.1.1', '86.6.2.1', '/var/www/server/Datasets/MOLF/MindtctOutput/DB1_Lumidgm/86_2_6.xyt');

INSERT INTO Images
Values('/var/www/server/Datasets/MOLF/OriginalDataset/DB1_Lumidgm/86_3_6.wsq', '86.6.3', '86.6', 352, 544, 500);

INSERT INTO Features
Values('86.6.3', '86.6.3.1', 83);

INSERT INTO Minutiaes
Values('86.6.3.1.1', '86.6.3.1', '/var/www/server/Datasets/MOLF/MindtctOutput/DB1_Lumidgm/86_3_6.xyt');

INSERT INTO Images
Values('/var/www/server/Datasets/MOLF/OriginalDataset/DB1_Lumidgm/86_4_6.wsq', '86.6.4', '86.6', 352, 544, 500);

INSERT INTO Features
Values('86.6.4', '86.6.4.1', 88);

INSERT INTO Minutiaes
Values('86.6.4.1.1', '86.6.4.1', '/var/www/server/Datasets/MOLF/MindtctOutput/DB1_Lumidgm/86_4_6.xyt');

INSERT INTO Fingers
Values(NULL, 7, '86.7', '86');

INSERT INTO Images
Values('/var/www/server/Datasets/MOLF/OriginalDataset/DB1_Lumidgm/86_1_7.wsq', '86.7.1', '86.7', 352, 544, 500);

INSERT INTO Features
Values('86.7.1', '86.7.1.1', 74);

INSERT INTO Minutiaes
Values('86.7.1.1.1', '86.7.1.1', '/var/www/server/Datasets/MOLF/MindtctOutput/DB1_Lumidgm/86_1_7.xyt');

INSERT INTO Images
Values('/var/www/server/Datasets/MOLF/OriginalDataset/DB1_Lumidgm/86_2_7.wsq', '86.7.2', '86.7', 352, 544, 500);

INSERT INTO Features
Values('86.7.2', '86.7.2.1', 60);

INSERT INTO Minutiaes
Values('86.7.2.1.1', '86.7.2.1', '/var/www/server/Datasets/MOLF/MindtctOutput/DB1_Lumidgm/86_2_7.xyt');

INSERT INTO Images
Values('/var/www/server/Datasets/MOLF/OriginalDataset/DB1_Lumidgm/86_3_7.wsq', '86.7.3', '86.7', 352, 544, 500);

INSERT INTO Features
Values('86.7.3', '86.7.3.1', 82);

INSERT INTO Minutiaes
Values('86.7.3.1.1', '86.7.3.1', '/var/www/server/Datasets/MOLF/MindtctOutput/DB1_Lumidgm/86_3_7.xyt');

INSERT INTO Images
Values('/var/www/server/Datasets/MOLF/OriginalDataset/DB1_Lumidgm/86_4_7.wsq', '86.7.4', '86.7', 352, 544, 500);

INSERT INTO Features
Values('86.7.4', '86.7.4.1', 68);

INSERT INTO Minutiaes
Values('86.7.4.1.1', '86.7.4.1', '/var/www/server/Datasets/MOLF/MindtctOutput/DB1_Lumidgm/86_4_7.xyt');

INSERT INTO Fingers
Values(NULL, 8, '86.8', '86');

INSERT INTO Images
Values('/var/www/server/Datasets/MOLF/OriginalDataset/DB1_Lumidgm/86_1_8.wsq', '86.8.1', '86.8', 352, 544, 500);

INSERT INTO Features
Values('86.8.1', '86.8.1.1', 86);

INSERT INTO Minutiaes
Values('86.8.1.1.1', '86.8.1.1', '/var/www/server/Datasets/MOLF/MindtctOutput/DB1_Lumidgm/86_1_8.xyt');

INSERT INTO Images
Values('/var/www/server/Datasets/MOLF/OriginalDataset/DB1_Lumidgm/86_2_8.wsq', '86.8.2', '86.8', 352, 544, 500);

INSERT INTO Features
Values('86.8.2', '86.8.2.1', 63);

INSERT INTO Minutiaes
Values('86.8.2.1.1', '86.8.2.1', '/var/www/server/Datasets/MOLF/MindtctOutput/DB1_Lumidgm/86_2_8.xyt');

INSERT INTO Images
Values('/var/www/server/Datasets/MOLF/OriginalDataset/DB1_Lumidgm/86_3_8.wsq', '86.8.3', '86.8', 352, 544, 500);

INSERT INTO Features
Values('86.8.3', '86.8.3.1', 79);

INSERT INTO Minutiaes
Values('86.8.3.1.1', '86.8.3.1', '/var/www/server/Datasets/MOLF/MindtctOutput/DB1_Lumidgm/86_3_8.xyt');

INSERT INTO Images
Values('/var/www/server/Datasets/MOLF/OriginalDataset/DB1_Lumidgm/86_4_8.wsq', '86.8.4', '86.8', 352, 544, 500);

INSERT INTO Features
Values('86.8.4', '86.8.4.1', 72);

INSERT INTO Minutiaes
Values('86.8.4.1.1', '86.8.4.1', '/var/www/server/Datasets/MOLF/MindtctOutput/DB1_Lumidgm/86_4_8.xyt');

INSERT INTO Fingers
Values(NULL, 9, '86.9', '86');

INSERT INTO Images
Values('/var/www/server/Datasets/MOLF/OriginalDataset/DB1_Lumidgm/86_1_9.wsq', '86.9.1', '86.9', 352, 544, 500);

INSERT INTO Features
Values('86.9.1', '86.9.1.1', 107);

INSERT INTO Minutiaes
Values('86.9.1.1.1', '86.9.1.1', '/var/www/server/Datasets/MOLF/MindtctOutput/DB1_Lumidgm/86_1_9.xyt');

INSERT INTO Images
Values('/var/www/server/Datasets/MOLF/OriginalDataset/DB1_Lumidgm/86_2_9.wsq', '86.9.2', '86.9', 352, 544, 500);

INSERT INTO Features
Values('86.9.2', '86.9.2.1', 102);

INSERT INTO Minutiaes
Values('86.9.2.1.1', '86.9.2.1', '/var/www/server/Datasets/MOLF/MindtctOutput/DB1_Lumidgm/86_2_9.xyt');

INSERT INTO Images
Values('/var/www/server/Datasets/MOLF/OriginalDataset/DB1_Lumidgm/86_3_9.wsq', '86.9.3', '86.9', 352, 544, 500);

INSERT INTO Features
Values('86.9.3', '86.9.3.1', 78);

INSERT INTO Minutiaes
Values('86.9.3.1.1', '86.9.3.1', '/var/www/server/Datasets/MOLF/MindtctOutput/DB1_Lumidgm/86_3_9.xyt');

INSERT INTO Images
Values('/var/www/server/Datasets/MOLF/OriginalDataset/DB1_Lumidgm/86_4_9.wsq', '86.9.4', '86.9', 352, 544, 500);

INSERT INTO Features
Values('86.9.4', '86.9.4.1', 70);

INSERT INTO Minutiaes
Values('86.9.4.1.1', '86.9.4.1', '/var/www/server/Datasets/MOLF/MindtctOutput/DB1_Lumidgm/86_4_9.xyt');

INSERT INTO Fingers
Values(NULL, 10, '86.10', '86');

INSERT INTO Images
Values('/var/www/server/Datasets/MOLF/OriginalDataset/DB1_Lumidgm/86_1_10.wsq', '86.10.1', '86.10', 352, 544, 500);

INSERT INTO Features
Values('86.10.1', '86.10.1.1', 104);

INSERT INTO Minutiaes
Values('86.10.1.1.1', '86.10.1.1', '/var/www/server/Datasets/MOLF/MindtctOutput/DB1_Lumidgm/86_1_10.xyt');

INSERT INTO Images
Values('/var/www/server/Datasets/MOLF/OriginalDataset/DB1_Lumidgm/86_2_10.wsq', '86.10.2', '86.10', 352, 544, 500);

INSERT INTO Features
Values('86.10.2', '86.10.2.1', 83);

INSERT INTO Minutiaes
Values('86.10.2.1.1', '86.10.2.1', '/var/www/server/Datasets/MOLF/MindtctOutput/DB1_Lumidgm/86_2_10.xyt');

INSERT INTO Images
Values('/var/www/server/Datasets/MOLF/OriginalDataset/DB1_Lumidgm/86_3_10.wsq', '86.10.3', '86.10', 352, 544, 500);

INSERT INTO Features
Values('86.10.3', '86.10.3.1', 101);

INSERT INTO Minutiaes
Values('86.10.3.1.1', '86.10.3.1', '/var/www/server/Datasets/MOLF/MindtctOutput/DB1_Lumidgm/86_3_10.xyt');

INSERT INTO Images
Values('/var/www/server/Datasets/MOLF/OriginalDataset/DB1_Lumidgm/86_4_10.wsq', '86.10.4', '86.10', 352, 544, 500);

INSERT INTO Features
Values('86.10.4', '86.10.4.1', 90);

INSERT INTO Minutiaes
Values('86.10.4.1.1', '86.10.4.1', '/var/www/server/Datasets/MOLF/MindtctOutput/DB1_Lumidgm/86_4_10.xyt');

#------------------------SUBJECT 87------------------------
INSERT INTO Subjects
Values('87');

INSERT INTO Fingers
Values(NULL, 1, '87.1', '87');

INSERT INTO Images
Values('/var/www/server/Datasets/MOLF/OriginalDataset/DB1_Lumidgm/87_1_1.wsq', '87.1.1', '87.1', 352, 544, 500);

INSERT INTO Features
Values('87.1.1', '87.1.1.1', 50);

INSERT INTO Minutiaes
Values('87.1.1.1.1', '87.1.1.1', '/var/www/server/Datasets/MOLF/MindtctOutput/DB1_Lumidgm/87_1_1.xyt');

INSERT INTO Images
Values('/var/www/server/Datasets/MOLF/OriginalDataset/DB1_Lumidgm/87_2_1.wsq', '87.1.2', '87.1', 352, 544, 500);

INSERT INTO Features
Values('87.1.2', '87.1.2.1', 45);

INSERT INTO Minutiaes
Values('87.1.2.1.1', '87.1.2.1', '/var/www/server/Datasets/MOLF/MindtctOutput/DB1_Lumidgm/87_2_1.xyt');

INSERT INTO Images
Values('/var/www/server/Datasets/MOLF/OriginalDataset/DB1_Lumidgm/87_3_1.wsq', '87.1.3', '87.1', 352, 544, 500);

INSERT INTO Features
Values('87.1.3', '87.1.3.1', 102);

INSERT INTO Minutiaes
Values('87.1.3.1.1', '87.1.3.1', '/var/www/server/Datasets/MOLF/MindtctOutput/DB1_Lumidgm/87_3_1.xyt');

INSERT INTO Images
Values('/var/www/server/Datasets/MOLF/OriginalDataset/DB1_Lumidgm/87_4_1.wsq', '87.1.4', '87.1', 352, 544, 500);

INSERT INTO Features
Values('87.1.4', '87.1.4.1', 104);

INSERT INTO Minutiaes
Values('87.1.4.1.1', '87.1.4.1', '/var/www/server/Datasets/MOLF/MindtctOutput/DB1_Lumidgm/87_4_1.xyt');

INSERT INTO Fingers
Values(NULL, 2, '87.2', '87');

INSERT INTO Images
Values('/var/www/server/Datasets/MOLF/OriginalDataset/DB1_Lumidgm/87_1_2.wsq', '87.2.1', '87.2', 352, 544, 500);

INSERT INTO Features
Values('87.2.1', '87.2.1.1', 44);

INSERT INTO Minutiaes
Values('87.2.1.1.1', '87.2.1.1', '/var/www/server/Datasets/MOLF/MindtctOutput/DB1_Lumidgm/87_1_2.xyt');

INSERT INTO Images
Values('/var/www/server/Datasets/MOLF/OriginalDataset/DB1_Lumidgm/87_2_2.wsq', '87.2.2', '87.2', 352, 544, 500);

INSERT INTO Features
Values('87.2.2', '87.2.2.1', 60);

INSERT INTO Minutiaes
Values('87.2.2.1.1', '87.2.2.1', '/var/www/server/Datasets/MOLF/MindtctOutput/DB1_Lumidgm/87_2_2.xyt');

INSERT INTO Images
Values('/var/www/server/Datasets/MOLF/OriginalDataset/DB1_Lumidgm/87_3_2.wsq', '87.2.3', '87.2', 352, 544, 500);

INSERT INTO Features
Values('87.2.3', '87.2.3.1', 87);

INSERT INTO Minutiaes
Values('87.2.3.1.1', '87.2.3.1', '/var/www/server/Datasets/MOLF/MindtctOutput/DB1_Lumidgm/87_3_2.xyt');

INSERT INTO Images
Values('/var/www/server/Datasets/MOLF/OriginalDataset/DB1_Lumidgm/87_4_2.wsq', '87.2.4', '87.2', 352, 544, 500);

INSERT INTO Features
Values('87.2.4', '87.2.4.1', 86);

INSERT INTO Minutiaes
Values('87.2.4.1.1', '87.2.4.1', '/var/www/server/Datasets/MOLF/MindtctOutput/DB1_Lumidgm/87_4_2.xyt');

INSERT INTO Fingers
Values(NULL, 3, '87.3', '87');

INSERT INTO Images
Values('/var/www/server/Datasets/MOLF/OriginalDataset/DB1_Lumidgm/87_1_3.wsq', '87.3.1', '87.3', 352, 544, 500);

INSERT INTO Features
Values('87.3.1', '87.3.1.1', 74);

INSERT INTO Minutiaes
Values('87.3.1.1.1', '87.3.1.1', '/var/www/server/Datasets/MOLF/MindtctOutput/DB1_Lumidgm/87_1_3.xyt');

INSERT INTO Images
Values('/var/www/server/Datasets/MOLF/OriginalDataset/DB1_Lumidgm/87_2_3.wsq', '87.3.2', '87.3', 352, 544, 500);

INSERT INTO Features
Values('87.3.2', '87.3.2.1', 68);

INSERT INTO Minutiaes
Values('87.3.2.1.1', '87.3.2.1', '/var/www/server/Datasets/MOLF/MindtctOutput/DB1_Lumidgm/87_2_3.xyt');

INSERT INTO Images
Values('/var/www/server/Datasets/MOLF/OriginalDataset/DB1_Lumidgm/87_3_3.wsq', '87.3.3', '87.3', 352, 544, 500);

INSERT INTO Features
Values('87.3.3', '87.3.3.1', 91);

INSERT INTO Minutiaes
Values('87.3.3.1.1', '87.3.3.1', '/var/www/server/Datasets/MOLF/MindtctOutput/DB1_Lumidgm/87_3_3.xyt');

INSERT INTO Images
Values('/var/www/server/Datasets/MOLF/OriginalDataset/DB1_Lumidgm/87_4_3.wsq', '87.3.4', '87.3', 352, 544, 500);

INSERT INTO Features
Values('87.3.4', '87.3.4.1', 111);

INSERT INTO Minutiaes
Values('87.3.4.1.1', '87.3.4.1', '/var/www/server/Datasets/MOLF/MindtctOutput/DB1_Lumidgm/87_4_3.xyt');

INSERT INTO Fingers
Values(NULL, 4, '87.4', '87');

INSERT INTO Images
Values('/var/www/server/Datasets/MOLF/OriginalDataset/DB1_Lumidgm/87_1_4.wsq', '87.4.1', '87.4', 352, 544, 500);

INSERT INTO Features
Values('87.4.1', '87.4.1.1', 48);

INSERT INTO Minutiaes
Values('87.4.1.1.1', '87.4.1.1', '/var/www/server/Datasets/MOLF/MindtctOutput/DB1_Lumidgm/87_1_4.xyt');

INSERT INTO Images
Values('/var/www/server/Datasets/MOLF/OriginalDataset/DB1_Lumidgm/87_2_4.wsq', '87.4.2', '87.4', 352, 544, 500);

INSERT INTO Features
Values('87.4.2', '87.4.2.1', 56);

INSERT INTO Minutiaes
Values('87.4.2.1.1', '87.4.2.1', '/var/www/server/Datasets/MOLF/MindtctOutput/DB1_Lumidgm/87_2_4.xyt');

INSERT INTO Images
Values('/var/www/server/Datasets/MOLF/OriginalDataset/DB1_Lumidgm/87_3_4.wsq', '87.4.3', '87.4', 352, 544, 500);

INSERT INTO Features
Values('87.4.3', '87.4.3.1', 90);

INSERT INTO Minutiaes
Values('87.4.3.1.1', '87.4.3.1', '/var/www/server/Datasets/MOLF/MindtctOutput/DB1_Lumidgm/87_3_4.xyt');

INSERT INTO Images
Values('/var/www/server/Datasets/MOLF/OriginalDataset/DB1_Lumidgm/87_4_4.wsq', '87.4.4', '87.4', 352, 544, 500);

INSERT INTO Features
Values('87.4.4', '87.4.4.1', 89);

INSERT INTO Minutiaes
Values('87.4.4.1.1', '87.4.4.1', '/var/www/server/Datasets/MOLF/MindtctOutput/DB1_Lumidgm/87_4_4.xyt');

INSERT INTO Fingers
Values(NULL, 5, '87.5', '87');

INSERT INTO Images
Values('/var/www/server/Datasets/MOLF/OriginalDataset/DB1_Lumidgm/87_1_5.wsq', '87.5.1', '87.5', 352, 544, 500);

INSERT INTO Features
Values('87.5.1', '87.5.1.1', 52);

INSERT INTO Minutiaes
Values('87.5.1.1.1', '87.5.1.1', '/var/www/server/Datasets/MOLF/MindtctOutput/DB1_Lumidgm/87_1_5.xyt');

INSERT INTO Images
Values('/var/www/server/Datasets/MOLF/OriginalDataset/DB1_Lumidgm/87_2_5.wsq', '87.5.2', '87.5', 352, 544, 500);

INSERT INTO Features
Values('87.5.2', '87.5.2.1', 36);

INSERT INTO Minutiaes
Values('87.5.2.1.1', '87.5.2.1', '/var/www/server/Datasets/MOLF/MindtctOutput/DB1_Lumidgm/87_2_5.xyt');

INSERT INTO Images
Values('/var/www/server/Datasets/MOLF/OriginalDataset/DB1_Lumidgm/87_3_5.wsq', '87.5.3', '87.5', 352, 544, 500);

INSERT INTO Features
Values('87.5.3', '87.5.3.1', 88);

INSERT INTO Minutiaes
Values('87.5.3.1.1', '87.5.3.1', '/var/www/server/Datasets/MOLF/MindtctOutput/DB1_Lumidgm/87_3_5.xyt');

INSERT INTO Images
Values('/var/www/server/Datasets/MOLF/OriginalDataset/DB1_Lumidgm/87_4_5.wsq', '87.5.4', '87.5', 352, 544, 500);

INSERT INTO Features
Values('87.5.4', '87.5.4.1', 74);

INSERT INTO Minutiaes
Values('87.5.4.1.1', '87.5.4.1', '/var/www/server/Datasets/MOLF/MindtctOutput/DB1_Lumidgm/87_4_5.xyt');

INSERT INTO Fingers
Values(NULL, 6, '87.6', '87');

INSERT INTO Images
Values('/var/www/server/Datasets/MOLF/OriginalDataset/DB1_Lumidgm/87_1_6.wsq', '87.6.1', '87.6', 352, 544, 500);

INSERT INTO Features
Values('87.6.1', '87.6.1.1', 48);

INSERT INTO Minutiaes
Values('87.6.1.1.1', '87.6.1.1', '/var/www/server/Datasets/MOLF/MindtctOutput/DB1_Lumidgm/87_1_6.xyt');

INSERT INTO Images
Values('/var/www/server/Datasets/MOLF/OriginalDataset/DB1_Lumidgm/87_2_6.wsq', '87.6.2', '87.6', 352, 544, 500);

INSERT INTO Features
Values('87.6.2', '87.6.2.1', 54);

INSERT INTO Minutiaes
Values('87.6.2.1.1', '87.6.2.1', '/var/www/server/Datasets/MOLF/MindtctOutput/DB1_Lumidgm/87_2_6.xyt');

INSERT INTO Images
Values('/var/www/server/Datasets/MOLF/OriginalDataset/DB1_Lumidgm/87_3_6.wsq', '87.6.3', '87.6', 352, 544, 500);

INSERT INTO Features
Values('87.6.3', '87.6.3.1', 91);

INSERT INTO Minutiaes
Values('87.6.3.1.1', '87.6.3.1', '/var/www/server/Datasets/MOLF/MindtctOutput/DB1_Lumidgm/87_3_6.xyt');

INSERT INTO Images
Values('/var/www/server/Datasets/MOLF/OriginalDataset/DB1_Lumidgm/87_4_6.wsq', '87.6.4', '87.6', 352, 544, 500);

INSERT INTO Features
Values('87.6.4', '87.6.4.1', 98);

INSERT INTO Minutiaes
Values('87.6.4.1.1', '87.6.4.1', '/var/www/server/Datasets/MOLF/MindtctOutput/DB1_Lumidgm/87_4_6.xyt');

INSERT INTO Fingers
Values(NULL, 7, '87.7', '87');

INSERT INTO Images
Values('/var/www/server/Datasets/MOLF/OriginalDataset/DB1_Lumidgm/87_1_7.wsq', '87.7.1', '87.7', 352, 544, 500);

INSERT INTO Features
Values('87.7.1', '87.7.1.1', 66);

INSERT INTO Minutiaes
Values('87.7.1.1.1', '87.7.1.1', '/var/www/server/Datasets/MOLF/MindtctOutput/DB1_Lumidgm/87_1_7.xyt');

INSERT INTO Images
Values('/var/www/server/Datasets/MOLF/OriginalDataset/DB1_Lumidgm/87_2_7.wsq', '87.7.2', '87.7', 352, 544, 500);

INSERT INTO Features
Values('87.7.2', '87.7.2.1', 47);

INSERT INTO Minutiaes
Values('87.7.2.1.1', '87.7.2.1', '/var/www/server/Datasets/MOLF/MindtctOutput/DB1_Lumidgm/87_2_7.xyt');

INSERT INTO Images
Values('/var/www/server/Datasets/MOLF/OriginalDataset/DB1_Lumidgm/87_3_7.wsq', '87.7.3', '87.7', 352, 544, 500);

INSERT INTO Features
Values('87.7.3', '87.7.3.1', 91);

INSERT INTO Minutiaes
Values('87.7.3.1.1', '87.7.3.1', '/var/www/server/Datasets/MOLF/MindtctOutput/DB1_Lumidgm/87_3_7.xyt');

INSERT INTO Images
Values('/var/www/server/Datasets/MOLF/OriginalDataset/DB1_Lumidgm/87_4_7.wsq', '87.7.4', '87.7', 352, 544, 500);

INSERT INTO Features
Values('87.7.4', '87.7.4.1', 88);

INSERT INTO Minutiaes
Values('87.7.4.1.1', '87.7.4.1', '/var/www/server/Datasets/MOLF/MindtctOutput/DB1_Lumidgm/87_4_7.xyt');

INSERT INTO Fingers
Values(NULL, 8, '87.8', '87');

INSERT INTO Images
Values('/var/www/server/Datasets/MOLF/OriginalDataset/DB1_Lumidgm/87_1_8.wsq', '87.8.1', '87.8', 352, 544, 500);

INSERT INTO Features
Values('87.8.1', '87.8.1.1', 58);

INSERT INTO Minutiaes
Values('87.8.1.1.1', '87.8.1.1', '/var/www/server/Datasets/MOLF/MindtctOutput/DB1_Lumidgm/87_1_8.xyt');

INSERT INTO Images
Values('/var/www/server/Datasets/MOLF/OriginalDataset/DB1_Lumidgm/87_2_8.wsq', '87.8.2', '87.8', 352, 544, 500);

INSERT INTO Features
Values('87.8.2', '87.8.2.1', 59);

INSERT INTO Minutiaes
Values('87.8.2.1.1', '87.8.2.1', '/var/www/server/Datasets/MOLF/MindtctOutput/DB1_Lumidgm/87_2_8.xyt');

INSERT INTO Images
Values('/var/www/server/Datasets/MOLF/OriginalDataset/DB1_Lumidgm/87_3_8.wsq', '87.8.3', '87.8', 352, 544, 500);

INSERT INTO Features
Values('87.8.3', '87.8.3.1', 90);

INSERT INTO Minutiaes
Values('87.8.3.1.1', '87.8.3.1', '/var/www/server/Datasets/MOLF/MindtctOutput/DB1_Lumidgm/87_3_8.xyt');

INSERT INTO Images
Values('/var/www/server/Datasets/MOLF/OriginalDataset/DB1_Lumidgm/87_4_8.wsq', '87.8.4', '87.8', 352, 544, 500);

INSERT INTO Features
Values('87.8.4', '87.8.4.1', 104);

INSERT INTO Minutiaes
Values('87.8.4.1.1', '87.8.4.1', '/var/www/server/Datasets/MOLF/MindtctOutput/DB1_Lumidgm/87_4_8.xyt');

INSERT INTO Fingers
Values(NULL, 9, '87.9', '87');

INSERT INTO Images
Values('/var/www/server/Datasets/MOLF/OriginalDataset/DB1_Lumidgm/87_1_9.wsq', '87.9.1', '87.9', 352, 544, 500);

INSERT INTO Features
Values('87.9.1', '87.9.1.1', 62);

INSERT INTO Minutiaes
Values('87.9.1.1.1', '87.9.1.1', '/var/www/server/Datasets/MOLF/MindtctOutput/DB1_Lumidgm/87_1_9.xyt');

INSERT INTO Images
Values('/var/www/server/Datasets/MOLF/OriginalDataset/DB1_Lumidgm/87_2_9.wsq', '87.9.2', '87.9', 352, 544, 500);

INSERT INTO Features
Values('87.9.2', '87.9.2.1', 57);

INSERT INTO Minutiaes
Values('87.9.2.1.1', '87.9.2.1', '/var/www/server/Datasets/MOLF/MindtctOutput/DB1_Lumidgm/87_2_9.xyt');

INSERT INTO Images
Values('/var/www/server/Datasets/MOLF/OriginalDataset/DB1_Lumidgm/87_3_9.wsq', '87.9.3', '87.9', 352, 544, 500);

INSERT INTO Features
Values('87.9.3', '87.9.3.1', 108);

INSERT INTO Minutiaes
Values('87.9.3.1.1', '87.9.3.1', '/var/www/server/Datasets/MOLF/MindtctOutput/DB1_Lumidgm/87_3_9.xyt');

INSERT INTO Images
Values('/var/www/server/Datasets/MOLF/OriginalDataset/DB1_Lumidgm/87_4_9.wsq', '87.9.4', '87.9', 352, 544, 500);

INSERT INTO Features
Values('87.9.4', '87.9.4.1', 106);

INSERT INTO Minutiaes
Values('87.9.4.1.1', '87.9.4.1', '/var/www/server/Datasets/MOLF/MindtctOutput/DB1_Lumidgm/87_4_9.xyt');

INSERT INTO Fingers
Values(NULL, 10, '87.10', '87');

INSERT INTO Images
Values('/var/www/server/Datasets/MOLF/OriginalDataset/DB1_Lumidgm/87_1_10.wsq', '87.10.1', '87.10', 352, 544, 500);

INSERT INTO Features
Values('87.10.1', '87.10.1.1', 71);

INSERT INTO Minutiaes
Values('87.10.1.1.1', '87.10.1.1', '/var/www/server/Datasets/MOLF/MindtctOutput/DB1_Lumidgm/87_1_10.xyt');

INSERT INTO Images
Values('/var/www/server/Datasets/MOLF/OriginalDataset/DB1_Lumidgm/87_2_10.wsq', '87.10.2', '87.10', 352, 544, 500);

INSERT INTO Features
Values('87.10.2', '87.10.2.1', 44);

INSERT INTO Minutiaes
Values('87.10.2.1.1', '87.10.2.1', '/var/www/server/Datasets/MOLF/MindtctOutput/DB1_Lumidgm/87_2_10.xyt');

INSERT INTO Images
Values('/var/www/server/Datasets/MOLF/OriginalDataset/DB1_Lumidgm/87_3_10.wsq', '87.10.3', '87.10', 352, 544, 500);

INSERT INTO Features
Values('87.10.3', '87.10.3.1', 85);

INSERT INTO Minutiaes
Values('87.10.3.1.1', '87.10.3.1', '/var/www/server/Datasets/MOLF/MindtctOutput/DB1_Lumidgm/87_3_10.xyt');

INSERT INTO Images
Values('/var/www/server/Datasets/MOLF/OriginalDataset/DB1_Lumidgm/87_4_10.wsq', '87.10.4', '87.10', 352, 544, 500);

INSERT INTO Features
Values('87.10.4', '87.10.4.1', 98);

INSERT INTO Minutiaes
Values('87.10.4.1.1', '87.10.4.1', '/var/www/server/Datasets/MOLF/MindtctOutput/DB1_Lumidgm/87_4_10.xyt');

#------------------------SUBJECT 88------------------------
INSERT INTO Subjects
Values('88');

INSERT INTO Fingers
Values(NULL, 1, '88.1', '88');

INSERT INTO Images
Values('/var/www/server/Datasets/MOLF/OriginalDataset/DB1_Lumidgm/88_1_1.wsq', '88.1.1', '88.1', 352, 544, 500);

INSERT INTO Features
Values('88.1.1', '88.1.1.1', 120);

INSERT INTO Minutiaes
Values('88.1.1.1.1', '88.1.1.1', '/var/www/server/Datasets/MOLF/MindtctOutput/DB1_Lumidgm/88_1_1.xyt');

INSERT INTO Images
Values('/var/www/server/Datasets/MOLF/OriginalDataset/DB1_Lumidgm/88_2_1.wsq', '88.1.2', '88.1', 352, 544, 500);

INSERT INTO Features
Values('88.1.2', '88.1.2.1', 113);

INSERT INTO Minutiaes
Values('88.1.2.1.1', '88.1.2.1', '/var/www/server/Datasets/MOLF/MindtctOutput/DB1_Lumidgm/88_2_1.xyt');

INSERT INTO Images
Values('/var/www/server/Datasets/MOLF/OriginalDataset/DB1_Lumidgm/88_3_1.wsq', '88.1.3', '88.1', 352, 544, 500);

INSERT INTO Features
Values('88.1.3', '88.1.3.1', 113);

INSERT INTO Minutiaes
Values('88.1.3.1.1', '88.1.3.1', '/var/www/server/Datasets/MOLF/MindtctOutput/DB1_Lumidgm/88_3_1.xyt');

INSERT INTO Images
Values('/var/www/server/Datasets/MOLF/OriginalDataset/DB1_Lumidgm/88_4_1.wsq', '88.1.4', '88.1', 352, 544, 500);

INSERT INTO Features
Values('88.1.4', '88.1.4.1', 126);

INSERT INTO Minutiaes
Values('88.1.4.1.1', '88.1.4.1', '/var/www/server/Datasets/MOLF/MindtctOutput/DB1_Lumidgm/88_4_1.xyt');

INSERT INTO Fingers
Values(NULL, 2, '88.2', '88');

INSERT INTO Images
Values('/var/www/server/Datasets/MOLF/OriginalDataset/DB1_Lumidgm/88_1_2.wsq', '88.2.1', '88.2', 352, 544, 500);

INSERT INTO Features
Values('88.2.1', '88.2.1.1', 122);

INSERT INTO Minutiaes
Values('88.2.1.1.1', '88.2.1.1', '/var/www/server/Datasets/MOLF/MindtctOutput/DB1_Lumidgm/88_1_2.xyt');

INSERT INTO Images
Values('/var/www/server/Datasets/MOLF/OriginalDataset/DB1_Lumidgm/88_2_2.wsq', '88.2.2', '88.2', 352, 544, 500);

INSERT INTO Features
Values('88.2.2', '88.2.2.1', 109);

INSERT INTO Minutiaes
Values('88.2.2.1.1', '88.2.2.1', '/var/www/server/Datasets/MOLF/MindtctOutput/DB1_Lumidgm/88_2_2.xyt');

INSERT INTO Images
Values('/var/www/server/Datasets/MOLF/OriginalDataset/DB1_Lumidgm/88_3_2.wsq', '88.2.3', '88.2', 352, 544, 500);

INSERT INTO Features
Values('88.2.3', '88.2.3.1', 115);

INSERT INTO Minutiaes
Values('88.2.3.1.1', '88.2.3.1', '/var/www/server/Datasets/MOLF/MindtctOutput/DB1_Lumidgm/88_3_2.xyt');

INSERT INTO Images
Values('/var/www/server/Datasets/MOLF/OriginalDataset/DB1_Lumidgm/88_4_2.wsq', '88.2.4', '88.2', 352, 544, 500);

INSERT INTO Features
Values('88.2.4', '88.2.4.1', 111);

INSERT INTO Minutiaes
Values('88.2.4.1.1', '88.2.4.1', '/var/www/server/Datasets/MOLF/MindtctOutput/DB1_Lumidgm/88_4_2.xyt');

INSERT INTO Fingers
Values(NULL, 3, '88.3', '88');

INSERT INTO Images
Values('/var/www/server/Datasets/MOLF/OriginalDataset/DB1_Lumidgm/88_1_3.wsq', '88.3.1', '88.3', 352, 544, 500);

INSERT INTO Features
Values('88.3.1', '88.3.1.1', 108);

INSERT INTO Minutiaes
Values('88.3.1.1.1', '88.3.1.1', '/var/www/server/Datasets/MOLF/MindtctOutput/DB1_Lumidgm/88_1_3.xyt');

INSERT INTO Images
Values('/var/www/server/Datasets/MOLF/OriginalDataset/DB1_Lumidgm/88_2_3.wsq', '88.3.2', '88.3', 352, 544, 500);

INSERT INTO Features
Values('88.3.2', '88.3.2.1', 110);

INSERT INTO Minutiaes
Values('88.3.2.1.1', '88.3.2.1', '/var/www/server/Datasets/MOLF/MindtctOutput/DB1_Lumidgm/88_2_3.xyt');

INSERT INTO Images
Values('/var/www/server/Datasets/MOLF/OriginalDataset/DB1_Lumidgm/88_3_3.wsq', '88.3.3', '88.3', 352, 544, 500);

INSERT INTO Features
Values('88.3.3', '88.3.3.1', 115);

INSERT INTO Minutiaes
Values('88.3.3.1.1', '88.3.3.1', '/var/www/server/Datasets/MOLF/MindtctOutput/DB1_Lumidgm/88_3_3.xyt');

INSERT INTO Images
Values('/var/www/server/Datasets/MOLF/OriginalDataset/DB1_Lumidgm/88_4_3.wsq', '88.3.4', '88.3', 352, 544, 500);

INSERT INTO Features
Values('88.3.4', '88.3.4.1', 121);

INSERT INTO Minutiaes
Values('88.3.4.1.1', '88.3.4.1', '/var/www/server/Datasets/MOLF/MindtctOutput/DB1_Lumidgm/88_4_3.xyt');

INSERT INTO Fingers
Values(NULL, 4, '88.4', '88');

INSERT INTO Images
Values('/var/www/server/Datasets/MOLF/OriginalDataset/DB1_Lumidgm/88_1_4.wsq', '88.4.1', '88.4', 352, 544, 500);

INSERT INTO Features
Values('88.4.1', '88.4.1.1', 117);

INSERT INTO Minutiaes
Values('88.4.1.1.1', '88.4.1.1', '/var/www/server/Datasets/MOLF/MindtctOutput/DB1_Lumidgm/88_1_4.xyt');

INSERT INTO Images
Values('/var/www/server/Datasets/MOLF/OriginalDataset/DB1_Lumidgm/88_2_4.wsq', '88.4.2', '88.4', 352, 544, 500);

INSERT INTO Features
Values('88.4.2', '88.4.2.1', 83);

INSERT INTO Minutiaes
Values('88.4.2.1.1', '88.4.2.1', '/var/www/server/Datasets/MOLF/MindtctOutput/DB1_Lumidgm/88_2_4.xyt');

INSERT INTO Images
Values('/var/www/server/Datasets/MOLF/OriginalDataset/DB1_Lumidgm/88_3_4.wsq', '88.4.3', '88.4', 352, 544, 500);

INSERT INTO Features
Values('88.4.3', '88.4.3.1', 112);

INSERT INTO Minutiaes
Values('88.4.3.1.1', '88.4.3.1', '/var/www/server/Datasets/MOLF/MindtctOutput/DB1_Lumidgm/88_3_4.xyt');

INSERT INTO Images
Values('/var/www/server/Datasets/MOLF/OriginalDataset/DB1_Lumidgm/88_4_4.wsq', '88.4.4', '88.4', 352, 544, 500);

INSERT INTO Features
Values('88.4.4', '88.4.4.1', 106);

INSERT INTO Minutiaes
Values('88.4.4.1.1', '88.4.4.1', '/var/www/server/Datasets/MOLF/MindtctOutput/DB1_Lumidgm/88_4_4.xyt');

INSERT INTO Fingers
Values(NULL, 5, '88.5', '88');

INSERT INTO Images
Values('/var/www/server/Datasets/MOLF/OriginalDataset/DB1_Lumidgm/88_1_5.wsq', '88.5.1', '88.5', 352, 544, 500);

INSERT INTO Features
Values('88.5.1', '88.5.1.1', 101);

INSERT INTO Minutiaes
Values('88.5.1.1.1', '88.5.1.1', '/var/www/server/Datasets/MOLF/MindtctOutput/DB1_Lumidgm/88_1_5.xyt');

INSERT INTO Images
Values('/var/www/server/Datasets/MOLF/OriginalDataset/DB1_Lumidgm/88_2_5.wsq', '88.5.2', '88.5', 352, 544, 500);

INSERT INTO Features
Values('88.5.2', '88.5.2.1', 80);

INSERT INTO Minutiaes
Values('88.5.2.1.1', '88.5.2.1', '/var/www/server/Datasets/MOLF/MindtctOutput/DB1_Lumidgm/88_2_5.xyt');

INSERT INTO Images
Values('/var/www/server/Datasets/MOLF/OriginalDataset/DB1_Lumidgm/88_3_5.wsq', '88.5.3', '88.5', 352, 544, 500);

INSERT INTO Features
Values('88.5.3', '88.5.3.1', 86);

INSERT INTO Minutiaes
Values('88.5.3.1.1', '88.5.3.1', '/var/www/server/Datasets/MOLF/MindtctOutput/DB1_Lumidgm/88_3_5.xyt');

INSERT INTO Images
Values('/var/www/server/Datasets/MOLF/OriginalDataset/DB1_Lumidgm/88_4_5.wsq', '88.5.4', '88.5', 352, 544, 500);

INSERT INTO Features
Values('88.5.4', '88.5.4.1', 84);

INSERT INTO Minutiaes
Values('88.5.4.1.1', '88.5.4.1', '/var/www/server/Datasets/MOLF/MindtctOutput/DB1_Lumidgm/88_4_5.xyt');

INSERT INTO Fingers
Values(NULL, 6, '88.6', '88');

INSERT INTO Images
Values('/var/www/server/Datasets/MOLF/OriginalDataset/DB1_Lumidgm/88_1_6.wsq', '88.6.1', '88.6', 352, 544, 500);

INSERT INTO Features
Values('88.6.1', '88.6.1.1', 116);

INSERT INTO Minutiaes
Values('88.6.1.1.1', '88.6.1.1', '/var/www/server/Datasets/MOLF/MindtctOutput/DB1_Lumidgm/88_1_6.xyt');

INSERT INTO Images
Values('/var/www/server/Datasets/MOLF/OriginalDataset/DB1_Lumidgm/88_2_6.wsq', '88.6.2', '88.6', 352, 544, 500);

INSERT INTO Features
Values('88.6.2', '88.6.2.1', 118);

INSERT INTO Minutiaes
Values('88.6.2.1.1', '88.6.2.1', '/var/www/server/Datasets/MOLF/MindtctOutput/DB1_Lumidgm/88_2_6.xyt');

INSERT INTO Images
Values('/var/www/server/Datasets/MOLF/OriginalDataset/DB1_Lumidgm/88_3_6.wsq', '88.6.3', '88.6', 352, 544, 500);

INSERT INTO Features
Values('88.6.3', '88.6.3.1', 118);

INSERT INTO Minutiaes
Values('88.6.3.1.1', '88.6.3.1', '/var/www/server/Datasets/MOLF/MindtctOutput/DB1_Lumidgm/88_3_6.xyt');

INSERT INTO Images
Values('/var/www/server/Datasets/MOLF/OriginalDataset/DB1_Lumidgm/88_4_6.wsq', '88.6.4', '88.6', 352, 544, 500);

INSERT INTO Features
Values('88.6.4', '88.6.4.1', 130);

INSERT INTO Minutiaes
Values('88.6.4.1.1', '88.6.4.1', '/var/www/server/Datasets/MOLF/MindtctOutput/DB1_Lumidgm/88_4_6.xyt');

INSERT INTO Fingers
Values(NULL, 7, '88.7', '88');

INSERT INTO Images
Values('/var/www/server/Datasets/MOLF/OriginalDataset/DB1_Lumidgm/88_1_7.wsq', '88.7.1', '88.7', 352, 544, 500);

INSERT INTO Features
Values('88.7.1', '88.7.1.1', 116);

INSERT INTO Minutiaes
Values('88.7.1.1.1', '88.7.1.1', '/var/www/server/Datasets/MOLF/MindtctOutput/DB1_Lumidgm/88_1_7.xyt');

INSERT INTO Images
Values('/var/www/server/Datasets/MOLF/OriginalDataset/DB1_Lumidgm/88_2_7.wsq', '88.7.2', '88.7', 352, 544, 500);

INSERT INTO Features
Values('88.7.2', '88.7.2.1', 125);

INSERT INTO Minutiaes
Values('88.7.2.1.1', '88.7.2.1', '/var/www/server/Datasets/MOLF/MindtctOutput/DB1_Lumidgm/88_2_7.xyt');

INSERT INTO Images
Values('/var/www/server/Datasets/MOLF/OriginalDataset/DB1_Lumidgm/88_3_7.wsq', '88.7.3', '88.7', 352, 544, 500);

INSERT INTO Features
Values('88.7.3', '88.7.3.1', 114);

INSERT INTO Minutiaes
Values('88.7.3.1.1', '88.7.3.1', '/var/www/server/Datasets/MOLF/MindtctOutput/DB1_Lumidgm/88_3_7.xyt');

INSERT INTO Images
Values('/var/www/server/Datasets/MOLF/OriginalDataset/DB1_Lumidgm/88_4_7.wsq', '88.7.4', '88.7', 352, 544, 500);

INSERT INTO Features
Values('88.7.4', '88.7.4.1', 107);

INSERT INTO Minutiaes
Values('88.7.4.1.1', '88.7.4.1', '/var/www/server/Datasets/MOLF/MindtctOutput/DB1_Lumidgm/88_4_7.xyt');

INSERT INTO Fingers
Values(NULL, 8, '88.8', '88');

INSERT INTO Images
Values('/var/www/server/Datasets/MOLF/OriginalDataset/DB1_Lumidgm/88_1_8.wsq', '88.8.1', '88.8', 352, 544, 500);

INSERT INTO Features
Values('88.8.1', '88.8.1.1', 116);

INSERT INTO Minutiaes
Values('88.8.1.1.1', '88.8.1.1', '/var/www/server/Datasets/MOLF/MindtctOutput/DB1_Lumidgm/88_1_8.xyt');

INSERT INTO Images
Values('/var/www/server/Datasets/MOLF/OriginalDataset/DB1_Lumidgm/88_2_8.wsq', '88.8.2', '88.8', 352, 544, 500);

INSERT INTO Features
Values('88.8.2', '88.8.2.1', 109);

INSERT INTO Minutiaes
Values('88.8.2.1.1', '88.8.2.1', '/var/www/server/Datasets/MOLF/MindtctOutput/DB1_Lumidgm/88_2_8.xyt');

INSERT INTO Images
Values('/var/www/server/Datasets/MOLF/OriginalDataset/DB1_Lumidgm/88_3_8.wsq', '88.8.3', '88.8', 352, 544, 500);

INSERT INTO Features
Values('88.8.3', '88.8.3.1', 102);

INSERT INTO Minutiaes
Values('88.8.3.1.1', '88.8.3.1', '/var/www/server/Datasets/MOLF/MindtctOutput/DB1_Lumidgm/88_3_8.xyt');

INSERT INTO Images
Values('/var/www/server/Datasets/MOLF/OriginalDataset/DB1_Lumidgm/88_4_8.wsq', '88.8.4', '88.8', 352, 544, 500);

INSERT INTO Features
Values('88.8.4', '88.8.4.1', 95);

INSERT INTO Minutiaes
Values('88.8.4.1.1', '88.8.4.1', '/var/www/server/Datasets/MOLF/MindtctOutput/DB1_Lumidgm/88_4_8.xyt');

INSERT INTO Fingers
Values(NULL, 9, '88.9', '88');

INSERT INTO Images
Values('/var/www/server/Datasets/MOLF/OriginalDataset/DB1_Lumidgm/88_1_9.wsq', '88.9.1', '88.9', 352, 544, 500);

INSERT INTO Features
Values('88.9.1', '88.9.1.1', 101);

INSERT INTO Minutiaes
Values('88.9.1.1.1', '88.9.1.1', '/var/www/server/Datasets/MOLF/MindtctOutput/DB1_Lumidgm/88_1_9.xyt');

INSERT INTO Images
Values('/var/www/server/Datasets/MOLF/OriginalDataset/DB1_Lumidgm/88_2_9.wsq', '88.9.2', '88.9', 352, 544, 500);

INSERT INTO Features
Values('88.9.2', '88.9.2.1', 114);

INSERT INTO Minutiaes
Values('88.9.2.1.1', '88.9.2.1', '/var/www/server/Datasets/MOLF/MindtctOutput/DB1_Lumidgm/88_2_9.xyt');

INSERT INTO Images
Values('/var/www/server/Datasets/MOLF/OriginalDataset/DB1_Lumidgm/88_3_9.wsq', '88.9.3', '88.9', 352, 544, 500);

INSERT INTO Features
Values('88.9.3', '88.9.3.1', 102);

INSERT INTO Minutiaes
Values('88.9.3.1.1', '88.9.3.1', '/var/www/server/Datasets/MOLF/MindtctOutput/DB1_Lumidgm/88_3_9.xyt');

INSERT INTO Images
Values('/var/www/server/Datasets/MOLF/OriginalDataset/DB1_Lumidgm/88_4_9.wsq', '88.9.4', '88.9', 352, 544, 500);

INSERT INTO Features
Values('88.9.4', '88.9.4.1', 98);

INSERT INTO Minutiaes
Values('88.9.4.1.1', '88.9.4.1', '/var/www/server/Datasets/MOLF/MindtctOutput/DB1_Lumidgm/88_4_9.xyt');

INSERT INTO Fingers
Values(NULL, 10, '88.10', '88');

INSERT INTO Images
Values('/var/www/server/Datasets/MOLF/OriginalDataset/DB1_Lumidgm/88_1_10.wsq', '88.10.1', '88.10', 352, 544, 500);

INSERT INTO Features
Values('88.10.1', '88.10.1.1', 85);

INSERT INTO Minutiaes
Values('88.10.1.1.1', '88.10.1.1', '/var/www/server/Datasets/MOLF/MindtctOutput/DB1_Lumidgm/88_1_10.xyt');

INSERT INTO Images
Values('/var/www/server/Datasets/MOLF/OriginalDataset/DB1_Lumidgm/88_2_10.wsq', '88.10.2', '88.10', 352, 544, 500);

INSERT INTO Features
Values('88.10.2', '88.10.2.1', 122);

INSERT INTO Minutiaes
Values('88.10.2.1.1', '88.10.2.1', '/var/www/server/Datasets/MOLF/MindtctOutput/DB1_Lumidgm/88_2_10.xyt');

INSERT INTO Images
Values('/var/www/server/Datasets/MOLF/OriginalDataset/DB1_Lumidgm/88_3_10.wsq', '88.10.3', '88.10', 352, 544, 500);

INSERT INTO Features
Values('88.10.3', '88.10.3.1', 95);

INSERT INTO Minutiaes
Values('88.10.3.1.1', '88.10.3.1', '/var/www/server/Datasets/MOLF/MindtctOutput/DB1_Lumidgm/88_3_10.xyt');

INSERT INTO Images
Values('/var/www/server/Datasets/MOLF/OriginalDataset/DB1_Lumidgm/88_4_10.wsq', '88.10.4', '88.10', 352, 544, 500);

INSERT INTO Features
Values('88.10.4', '88.10.4.1', 93);

INSERT INTO Minutiaes
Values('88.10.4.1.1', '88.10.4.1', '/var/www/server/Datasets/MOLF/MindtctOutput/DB1_Lumidgm/88_4_10.xyt');

#------------------------SUBJECT 89------------------------
INSERT INTO Subjects
Values('89');

INSERT INTO Fingers
Values(NULL, 1, '89.1', '89');

INSERT INTO Images
Values('/var/www/server/Datasets/MOLF/OriginalDataset/DB1_Lumidgm/89_1_1.wsq', '89.1.1', '89.1', 352, 544, 500);

INSERT INTO Features
Values('89.1.1', '89.1.1.1', 127);

INSERT INTO Minutiaes
Values('89.1.1.1.1', '89.1.1.1', '/var/www/server/Datasets/MOLF/MindtctOutput/DB1_Lumidgm/89_1_1.xyt');

INSERT INTO Images
Values('/var/www/server/Datasets/MOLF/OriginalDataset/DB1_Lumidgm/89_2_1.wsq', '89.1.2', '89.1', 352, 544, 500);

INSERT INTO Features
Values('89.1.2', '89.1.2.1', 135);

INSERT INTO Minutiaes
Values('89.1.2.1.1', '89.1.2.1', '/var/www/server/Datasets/MOLF/MindtctOutput/DB1_Lumidgm/89_2_1.xyt');

INSERT INTO Images
Values('/var/www/server/Datasets/MOLF/OriginalDataset/DB1_Lumidgm/89_3_1.wsq', '89.1.3', '89.1', 352, 544, 500);

INSERT INTO Features
Values('89.1.3', '89.1.3.1', 86);

INSERT INTO Minutiaes
Values('89.1.3.1.1', '89.1.3.1', '/var/www/server/Datasets/MOLF/MindtctOutput/DB1_Lumidgm/89_3_1.xyt');

INSERT INTO Images
Values('/var/www/server/Datasets/MOLF/OriginalDataset/DB1_Lumidgm/89_4_1.wsq', '89.1.4', '89.1', 352, 544, 500);

INSERT INTO Features
Values('89.1.4', '89.1.4.1', 94);

INSERT INTO Minutiaes
Values('89.1.4.1.1', '89.1.4.1', '/var/www/server/Datasets/MOLF/MindtctOutput/DB1_Lumidgm/89_4_1.xyt');

INSERT INTO Fingers
Values(NULL, 2, '89.2', '89');

INSERT INTO Images
Values('/var/www/server/Datasets/MOLF/OriginalDataset/DB1_Lumidgm/89_1_2.wsq', '89.2.1', '89.2', 352, 544, 500);

INSERT INTO Features
Values('89.2.1', '89.2.1.1', 117);

INSERT INTO Minutiaes
Values('89.2.1.1.1', '89.2.1.1', '/var/www/server/Datasets/MOLF/MindtctOutput/DB1_Lumidgm/89_1_2.xyt');

INSERT INTO Images
Values('/var/www/server/Datasets/MOLF/OriginalDataset/DB1_Lumidgm/89_2_2.wsq', '89.2.2', '89.2', 352, 544, 500);

INSERT INTO Features
Values('89.2.2', '89.2.2.1', 111);

INSERT INTO Minutiaes
Values('89.2.2.1.1', '89.2.2.1', '/var/www/server/Datasets/MOLF/MindtctOutput/DB1_Lumidgm/89_2_2.xyt');

INSERT INTO Images
Values('/var/www/server/Datasets/MOLF/OriginalDataset/DB1_Lumidgm/89_3_2.wsq', '89.2.3', '89.2', 352, 544, 500);

INSERT INTO Features
Values('89.2.3', '89.2.3.1', 62);

INSERT INTO Minutiaes
Values('89.2.3.1.1', '89.2.3.1', '/var/www/server/Datasets/MOLF/MindtctOutput/DB1_Lumidgm/89_3_2.xyt');

INSERT INTO Images
Values('/var/www/server/Datasets/MOLF/OriginalDataset/DB1_Lumidgm/89_4_2.wsq', '89.2.4', '89.2', 352, 544, 500);

INSERT INTO Features
Values('89.2.4', '89.2.4.1', 70);

INSERT INTO Minutiaes
Values('89.2.4.1.1', '89.2.4.1', '/var/www/server/Datasets/MOLF/MindtctOutput/DB1_Lumidgm/89_4_2.xyt');

INSERT INTO Fingers
Values(NULL, 3, '89.3', '89');

INSERT INTO Images
Values('/var/www/server/Datasets/MOLF/OriginalDataset/DB1_Lumidgm/89_1_3.wsq', '89.3.1', '89.3', 352, 544, 500);

INSERT INTO Features
Values('89.3.1', '89.3.1.1', 121);

INSERT INTO Minutiaes
Values('89.3.1.1.1', '89.3.1.1', '/var/www/server/Datasets/MOLF/MindtctOutput/DB1_Lumidgm/89_1_3.xyt');

INSERT INTO Images
Values('/var/www/server/Datasets/MOLF/OriginalDataset/DB1_Lumidgm/89_2_3.wsq', '89.3.2', '89.3', 352, 544, 500);

INSERT INTO Features
Values('89.3.2', '89.3.2.1', 121);

INSERT INTO Minutiaes
Values('89.3.2.1.1', '89.3.2.1', '/var/www/server/Datasets/MOLF/MindtctOutput/DB1_Lumidgm/89_2_3.xyt');

INSERT INTO Images
Values('/var/www/server/Datasets/MOLF/OriginalDataset/DB1_Lumidgm/89_3_3.wsq', '89.3.3', '89.3', 352, 544, 500);

INSERT INTO Features
Values('89.3.3', '89.3.3.1', 52);

INSERT INTO Minutiaes
Values('89.3.3.1.1', '89.3.3.1', '/var/www/server/Datasets/MOLF/MindtctOutput/DB1_Lumidgm/89_3_3.xyt');

INSERT INTO Images
Values('/var/www/server/Datasets/MOLF/OriginalDataset/DB1_Lumidgm/89_4_3.wsq', '89.3.4', '89.3', 352, 544, 500);

INSERT INTO Features
Values('89.3.4', '89.3.4.1', 59);

INSERT INTO Minutiaes
Values('89.3.4.1.1', '89.3.4.1', '/var/www/server/Datasets/MOLF/MindtctOutput/DB1_Lumidgm/89_4_3.xyt');

INSERT INTO Fingers
Values(NULL, 4, '89.4', '89');

INSERT INTO Images
Values('/var/www/server/Datasets/MOLF/OriginalDataset/DB1_Lumidgm/89_1_4.wsq', '89.4.1', '89.4', 352, 544, 500);

INSERT INTO Features
Values('89.4.1', '89.4.1.1', 127);

INSERT INTO Minutiaes
Values('89.4.1.1.1', '89.4.1.1', '/var/www/server/Datasets/MOLF/MindtctOutput/DB1_Lumidgm/89_1_4.xyt');

INSERT INTO Images
Values('/var/www/server/Datasets/MOLF/OriginalDataset/DB1_Lumidgm/89_2_4.wsq', '89.4.2', '89.4', 352, 544, 500);

INSERT INTO Features
Values('89.4.2', '89.4.2.1', 150);

INSERT INTO Minutiaes
Values('89.4.2.1.1', '89.4.2.1', '/var/www/server/Datasets/MOLF/MindtctOutput/DB1_Lumidgm/89_2_4.xyt');

INSERT INTO Images
Values('/var/www/server/Datasets/MOLF/OriginalDataset/DB1_Lumidgm/89_3_4.wsq', '89.4.3', '89.4', 352, 544, 500);

INSERT INTO Features
Values('89.4.3', '89.4.3.1', 81);

INSERT INTO Minutiaes
Values('89.4.3.1.1', '89.4.3.1', '/var/www/server/Datasets/MOLF/MindtctOutput/DB1_Lumidgm/89_3_4.xyt');

INSERT INTO Images
Values('/var/www/server/Datasets/MOLF/OriginalDataset/DB1_Lumidgm/89_4_4.wsq', '89.4.4', '89.4', 352, 544, 500);

INSERT INTO Features
Values('89.4.4', '89.4.4.1', 80);

INSERT INTO Minutiaes
Values('89.4.4.1.1', '89.4.4.1', '/var/www/server/Datasets/MOLF/MindtctOutput/DB1_Lumidgm/89_4_4.xyt');

INSERT INTO Fingers
Values(NULL, 5, '89.5', '89');

INSERT INTO Images
Values('/var/www/server/Datasets/MOLF/OriginalDataset/DB1_Lumidgm/89_1_5.wsq', '89.5.1', '89.5', 352, 544, 500);

INSERT INTO Features
Values('89.5.1', '89.5.1.1', 96);

INSERT INTO Minutiaes
Values('89.5.1.1.1', '89.5.1.1', '/var/www/server/Datasets/MOLF/MindtctOutput/DB1_Lumidgm/89_1_5.xyt');

INSERT INTO Images
Values('/var/www/server/Datasets/MOLF/OriginalDataset/DB1_Lumidgm/89_2_5.wsq', '89.5.2', '89.5', 352, 544, 500);

INSERT INTO Features
Values('89.5.2', '89.5.2.1', 118);

INSERT INTO Minutiaes
Values('89.5.2.1.1', '89.5.2.1', '/var/www/server/Datasets/MOLF/MindtctOutput/DB1_Lumidgm/89_2_5.xyt');

INSERT INTO Images
Values('/var/www/server/Datasets/MOLF/OriginalDataset/DB1_Lumidgm/89_3_5.wsq', '89.5.3', '89.5', 352, 544, 500);

INSERT INTO Features
Values('89.5.3', '89.5.3.1', 61);

INSERT INTO Minutiaes
Values('89.5.3.1.1', '89.5.3.1', '/var/www/server/Datasets/MOLF/MindtctOutput/DB1_Lumidgm/89_3_5.xyt');

INSERT INTO Images
Values('/var/www/server/Datasets/MOLF/OriginalDataset/DB1_Lumidgm/89_4_5.wsq', '89.5.4', '89.5', 352, 544, 500);

INSERT INTO Features
Values('89.5.4', '89.5.4.1', 47);

INSERT INTO Minutiaes
Values('89.5.4.1.1', '89.5.4.1', '/var/www/server/Datasets/MOLF/MindtctOutput/DB1_Lumidgm/89_4_5.xyt');

INSERT INTO Fingers
Values(NULL, 6, '89.6', '89');

INSERT INTO Images
Values('/var/www/server/Datasets/MOLF/OriginalDataset/DB1_Lumidgm/89_1_6.wsq', '89.6.1', '89.6', 352, 544, 500);

INSERT INTO Features
Values('89.6.1', '89.6.1.1', 153);

INSERT INTO Minutiaes
Values('89.6.1.1.1', '89.6.1.1', '/var/www/server/Datasets/MOLF/MindtctOutput/DB1_Lumidgm/89_1_6.xyt');

INSERT INTO Images
Values('/var/www/server/Datasets/MOLF/OriginalDataset/DB1_Lumidgm/89_2_6.wsq', '89.6.2', '89.6', 352, 544, 500);

INSERT INTO Features
Values('89.6.2', '89.6.2.1', 120);

INSERT INTO Minutiaes
Values('89.6.2.1.1', '89.6.2.1', '/var/www/server/Datasets/MOLF/MindtctOutput/DB1_Lumidgm/89_2_6.xyt');

INSERT INTO Images
Values('/var/www/server/Datasets/MOLF/OriginalDataset/DB1_Lumidgm/89_3_6.wsq', '89.6.3', '89.6', 352, 544, 500);

INSERT INTO Features
Values('89.6.3', '89.6.3.1', 87);

INSERT INTO Minutiaes
Values('89.6.3.1.1', '89.6.3.1', '/var/www/server/Datasets/MOLF/MindtctOutput/DB1_Lumidgm/89_3_6.xyt');

INSERT INTO Images
Values('/var/www/server/Datasets/MOLF/OriginalDataset/DB1_Lumidgm/89_4_6.wsq', '89.6.4', '89.6', 352, 544, 500);

INSERT INTO Features
Values('89.6.4', '89.6.4.1', 84);

INSERT INTO Minutiaes
Values('89.6.4.1.1', '89.6.4.1', '/var/www/server/Datasets/MOLF/MindtctOutput/DB1_Lumidgm/89_4_6.xyt');

INSERT INTO Fingers
Values(NULL, 7, '89.7', '89');

INSERT INTO Images
Values('/var/www/server/Datasets/MOLF/OriginalDataset/DB1_Lumidgm/89_1_7.wsq', '89.7.1', '89.7', 352, 544, 500);

INSERT INTO Features
Values('89.7.1', '89.7.1.1', 122);

INSERT INTO Minutiaes
Values('89.7.1.1.1', '89.7.1.1', '/var/www/server/Datasets/MOLF/MindtctOutput/DB1_Lumidgm/89_1_7.xyt');

INSERT INTO Images
Values('/var/www/server/Datasets/MOLF/OriginalDataset/DB1_Lumidgm/89_2_7.wsq', '89.7.2', '89.7', 352, 544, 500);

INSERT INTO Features
Values('89.7.2', '89.7.2.1', 110);

INSERT INTO Minutiaes
Values('89.7.2.1.1', '89.7.2.1', '/var/www/server/Datasets/MOLF/MindtctOutput/DB1_Lumidgm/89_2_7.xyt');

INSERT INTO Images
Values('/var/www/server/Datasets/MOLF/OriginalDataset/DB1_Lumidgm/89_3_7.wsq', '89.7.3', '89.7', 352, 544, 500);

INSERT INTO Features
Values('89.7.3', '89.7.3.1', 72);

INSERT INTO Minutiaes
Values('89.7.3.1.1', '89.7.3.1', '/var/www/server/Datasets/MOLF/MindtctOutput/DB1_Lumidgm/89_3_7.xyt');

INSERT INTO Images
Values('/var/www/server/Datasets/MOLF/OriginalDataset/DB1_Lumidgm/89_4_7.wsq', '89.7.4', '89.7', 352, 544, 500);

INSERT INTO Features
Values('89.7.4', '89.7.4.1', 72);

INSERT INTO Minutiaes
Values('89.7.4.1.1', '89.7.4.1', '/var/www/server/Datasets/MOLF/MindtctOutput/DB1_Lumidgm/89_4_7.xyt');

INSERT INTO Fingers
Values(NULL, 8, '89.8', '89');

INSERT INTO Images
Values('/var/www/server/Datasets/MOLF/OriginalDataset/DB1_Lumidgm/89_1_8.wsq', '89.8.1', '89.8', 352, 544, 500);

INSERT INTO Features
Values('89.8.1', '89.8.1.1', 139);

INSERT INTO Minutiaes
Values('89.8.1.1.1', '89.8.1.1', '/var/www/server/Datasets/MOLF/MindtctOutput/DB1_Lumidgm/89_1_8.xyt');

INSERT INTO Images
Values('/var/www/server/Datasets/MOLF/OriginalDataset/DB1_Lumidgm/89_2_8.wsq', '89.8.2', '89.8', 352, 544, 500);

INSERT INTO Features
Values('89.8.2', '89.8.2.1', 155);

INSERT INTO Minutiaes
Values('89.8.2.1.1', '89.8.2.1', '/var/www/server/Datasets/MOLF/MindtctOutput/DB1_Lumidgm/89_2_8.xyt');

INSERT INTO Images
Values('/var/www/server/Datasets/MOLF/OriginalDataset/DB1_Lumidgm/89_3_8.wsq', '89.8.3', '89.8', 352, 544, 500);

INSERT INTO Features
Values('89.8.3', '89.8.3.1', 93);

INSERT INTO Minutiaes
Values('89.8.3.1.1', '89.8.3.1', '/var/www/server/Datasets/MOLF/MindtctOutput/DB1_Lumidgm/89_3_8.xyt');

INSERT INTO Images
Values('/var/www/server/Datasets/MOLF/OriginalDataset/DB1_Lumidgm/89_4_8.wsq', '89.8.4', '89.8', 352, 544, 500);

INSERT INTO Features
Values('89.8.4', '89.8.4.1', 91);

INSERT INTO Minutiaes
Values('89.8.4.1.1', '89.8.4.1', '/var/www/server/Datasets/MOLF/MindtctOutput/DB1_Lumidgm/89_4_8.xyt');

INSERT INTO Fingers
Values(NULL, 9, '89.9', '89');

INSERT INTO Images
Values('/var/www/server/Datasets/MOLF/OriginalDataset/DB1_Lumidgm/89_1_9.wsq', '89.9.1', '89.9', 352, 544, 500);

INSERT INTO Features
Values('89.9.1', '89.9.1.1', 148);

INSERT INTO Minutiaes
Values('89.9.1.1.1', '89.9.1.1', '/var/www/server/Datasets/MOLF/MindtctOutput/DB1_Lumidgm/89_1_9.xyt');

INSERT INTO Images
Values('/var/www/server/Datasets/MOLF/OriginalDataset/DB1_Lumidgm/89_2_9.wsq', '89.9.2', '89.9', 352, 544, 500);

INSERT INTO Features
Values('89.9.2', '89.9.2.1', 145);

INSERT INTO Minutiaes
Values('89.9.2.1.1', '89.9.2.1', '/var/www/server/Datasets/MOLF/MindtctOutput/DB1_Lumidgm/89_2_9.xyt');

INSERT INTO Images
Values('/var/www/server/Datasets/MOLF/OriginalDataset/DB1_Lumidgm/89_3_9.wsq', '89.9.3', '89.9', 352, 544, 500);

INSERT INTO Features
Values('89.9.3', '89.9.3.1', 97);

INSERT INTO Minutiaes
Values('89.9.3.1.1', '89.9.3.1', '/var/www/server/Datasets/MOLF/MindtctOutput/DB1_Lumidgm/89_3_9.xyt');

INSERT INTO Images
Values('/var/www/server/Datasets/MOLF/OriginalDataset/DB1_Lumidgm/89_4_9.wsq', '89.9.4', '89.9', 352, 544, 500);

INSERT INTO Features
Values('89.9.4', '89.9.4.1', 103);

INSERT INTO Minutiaes
Values('89.9.4.1.1', '89.9.4.1', '/var/www/server/Datasets/MOLF/MindtctOutput/DB1_Lumidgm/89_4_9.xyt');

INSERT INTO Fingers
Values(NULL, 10, '89.10', '89');

INSERT INTO Images
Values('/var/www/server/Datasets/MOLF/OriginalDataset/DB1_Lumidgm/89_1_10.wsq', '89.10.1', '89.10', 352, 544, 500);

INSERT INTO Features
Values('89.10.1', '89.10.1.1', 146);

INSERT INTO Minutiaes
Values('89.10.1.1.1', '89.10.1.1', '/var/www/server/Datasets/MOLF/MindtctOutput/DB1_Lumidgm/89_1_10.xyt');

INSERT INTO Images
Values('/var/www/server/Datasets/MOLF/OriginalDataset/DB1_Lumidgm/89_2_10.wsq', '89.10.2', '89.10', 352, 544, 500);

INSERT INTO Features
Values('89.10.2', '89.10.2.1', 114);

INSERT INTO Minutiaes
Values('89.10.2.1.1', '89.10.2.1', '/var/www/server/Datasets/MOLF/MindtctOutput/DB1_Lumidgm/89_2_10.xyt');

INSERT INTO Images
Values('/var/www/server/Datasets/MOLF/OriginalDataset/DB1_Lumidgm/89_3_10.wsq', '89.10.3', '89.10', 352, 544, 500);

INSERT INTO Features
Values('89.10.3', '89.10.3.1', 61);

INSERT INTO Minutiaes
Values('89.10.3.1.1', '89.10.3.1', '/var/www/server/Datasets/MOLF/MindtctOutput/DB1_Lumidgm/89_3_10.xyt');

INSERT INTO Images
Values('/var/www/server/Datasets/MOLF/OriginalDataset/DB1_Lumidgm/89_4_10.wsq', '89.10.4', '89.10', 352, 544, 500);

INSERT INTO Features
Values('89.10.4', '89.10.4.1', 89);

INSERT INTO Minutiaes
Values('89.10.4.1.1', '89.10.4.1', '/var/www/server/Datasets/MOLF/MindtctOutput/DB1_Lumidgm/89_4_10.xyt');

#------------------------SUBJECT 90------------------------
INSERT INTO Subjects
Values('90');

INSERT INTO Fingers
Values(NULL, 1, '90.1', '90');

INSERT INTO Images
Values('/var/www/server/Datasets/MOLF/OriginalDataset/DB1_Lumidgm/90_1_1.wsq', '90.1.1', '90.1', 352, 544, 500);

INSERT INTO Features
Values('90.1.1', '90.1.1.1', 47);

INSERT INTO Minutiaes
Values('90.1.1.1.1', '90.1.1.1', '/var/www/server/Datasets/MOLF/MindtctOutput/DB1_Lumidgm/90_1_1.xyt');

INSERT INTO Images
Values('/var/www/server/Datasets/MOLF/OriginalDataset/DB1_Lumidgm/90_2_1.wsq', '90.1.2', '90.1', 352, 544, 500);

INSERT INTO Features
Values('90.1.2', '90.1.2.1', 49);

INSERT INTO Minutiaes
Values('90.1.2.1.1', '90.1.2.1', '/var/www/server/Datasets/MOLF/MindtctOutput/DB1_Lumidgm/90_2_1.xyt');

INSERT INTO Images
Values('/var/www/server/Datasets/MOLF/OriginalDataset/DB1_Lumidgm/90_3_1.wsq', '90.1.3', '90.1', 352, 544, 500);

INSERT INTO Features
Values('90.1.3', '90.1.3.1', 54);

INSERT INTO Minutiaes
Values('90.1.3.1.1', '90.1.3.1', '/var/www/server/Datasets/MOLF/MindtctOutput/DB1_Lumidgm/90_3_1.xyt');

INSERT INTO Images
Values('/var/www/server/Datasets/MOLF/OriginalDataset/DB1_Lumidgm/90_4_1.wsq', '90.1.4', '90.1', 352, 544, 500);

INSERT INTO Features
Values('90.1.4', '90.1.4.1', 55);

INSERT INTO Minutiaes
Values('90.1.4.1.1', '90.1.4.1', '/var/www/server/Datasets/MOLF/MindtctOutput/DB1_Lumidgm/90_4_1.xyt');

INSERT INTO Fingers
Values(NULL, 2, '90.2', '90');

INSERT INTO Images
Values('/var/www/server/Datasets/MOLF/OriginalDataset/DB1_Lumidgm/90_1_2.wsq', '90.2.1', '90.2', 352, 544, 500);

INSERT INTO Features
Values('90.2.1', '90.2.1.1', 53);

INSERT INTO Minutiaes
Values('90.2.1.1.1', '90.2.1.1', '/var/www/server/Datasets/MOLF/MindtctOutput/DB1_Lumidgm/90_1_2.xyt');

INSERT INTO Images
Values('/var/www/server/Datasets/MOLF/OriginalDataset/DB1_Lumidgm/90_2_2.wsq', '90.2.2', '90.2', 352, 544, 500);

INSERT INTO Features
Values('90.2.2', '90.2.2.1', 56);

INSERT INTO Minutiaes
Values('90.2.2.1.1', '90.2.2.1', '/var/www/server/Datasets/MOLF/MindtctOutput/DB1_Lumidgm/90_2_2.xyt');

INSERT INTO Images
Values('/var/www/server/Datasets/MOLF/OriginalDataset/DB1_Lumidgm/90_3_2.wsq', '90.2.3', '90.2', 352, 544, 500);

INSERT INTO Features
Values('90.2.3', '90.2.3.1', 63);

INSERT INTO Minutiaes
Values('90.2.3.1.1', '90.2.3.1', '/var/www/server/Datasets/MOLF/MindtctOutput/DB1_Lumidgm/90_3_2.xyt');

INSERT INTO Images
Values('/var/www/server/Datasets/MOLF/OriginalDataset/DB1_Lumidgm/90_4_2.wsq', '90.2.4', '90.2', 352, 544, 500);

INSERT INTO Features
Values('90.2.4', '90.2.4.1', 61);

INSERT INTO Minutiaes
Values('90.2.4.1.1', '90.2.4.1', '/var/www/server/Datasets/MOLF/MindtctOutput/DB1_Lumidgm/90_4_2.xyt');

INSERT INTO Fingers
Values(NULL, 3, '90.3', '90');

INSERT INTO Images
Values('/var/www/server/Datasets/MOLF/OriginalDataset/DB1_Lumidgm/90_1_3.wsq', '90.3.1', '90.3', 352, 544, 500);

INSERT INTO Features
Values('90.3.1', '90.3.1.1', 57);

INSERT INTO Minutiaes
Values('90.3.1.1.1', '90.3.1.1', '/var/www/server/Datasets/MOLF/MindtctOutput/DB1_Lumidgm/90_1_3.xyt');

INSERT INTO Images
Values('/var/www/server/Datasets/MOLF/OriginalDataset/DB1_Lumidgm/90_2_3.wsq', '90.3.2', '90.3', 352, 544, 500);

INSERT INTO Features
Values('90.3.2', '90.3.2.1', 56);

INSERT INTO Minutiaes
Values('90.3.2.1.1', '90.3.2.1', '/var/www/server/Datasets/MOLF/MindtctOutput/DB1_Lumidgm/90_2_3.xyt');

INSERT INTO Images
Values('/var/www/server/Datasets/MOLF/OriginalDataset/DB1_Lumidgm/90_3_3.wsq', '90.3.3', '90.3', 352, 544, 500);

INSERT INTO Features
Values('90.3.3', '90.3.3.1', 53);

INSERT INTO Minutiaes
Values('90.3.3.1.1', '90.3.3.1', '/var/www/server/Datasets/MOLF/MindtctOutput/DB1_Lumidgm/90_3_3.xyt');

INSERT INTO Images
Values('/var/www/server/Datasets/MOLF/OriginalDataset/DB1_Lumidgm/90_4_3.wsq', '90.3.4', '90.3', 352, 544, 500);

INSERT INTO Features
Values('90.3.4', '90.3.4.1', 57);

INSERT INTO Minutiaes
Values('90.3.4.1.1', '90.3.4.1', '/var/www/server/Datasets/MOLF/MindtctOutput/DB1_Lumidgm/90_4_3.xyt');

INSERT INTO Fingers
Values(NULL, 4, '90.4', '90');

INSERT INTO Images
Values('/var/www/server/Datasets/MOLF/OriginalDataset/DB1_Lumidgm/90_1_4.wsq', '90.4.1', '90.4', 352, 544, 500);

INSERT INTO Features
Values('90.4.1', '90.4.1.1', 57);

INSERT INTO Minutiaes
Values('90.4.1.1.1', '90.4.1.1', '/var/www/server/Datasets/MOLF/MindtctOutput/DB1_Lumidgm/90_1_4.xyt');

INSERT INTO Images
Values('/var/www/server/Datasets/MOLF/OriginalDataset/DB1_Lumidgm/90_2_4.wsq', '90.4.2', '90.4', 352, 544, 500);

INSERT INTO Features
Values('90.4.2', '90.4.2.1', 68);

INSERT INTO Minutiaes
Values('90.4.2.1.1', '90.4.2.1', '/var/www/server/Datasets/MOLF/MindtctOutput/DB1_Lumidgm/90_2_4.xyt');

INSERT INTO Images
Values('/var/www/server/Datasets/MOLF/OriginalDataset/DB1_Lumidgm/90_3_4.wsq', '90.4.3', '90.4', 352, 544, 500);

INSERT INTO Features
Values('90.4.3', '90.4.3.1', 64);

INSERT INTO Minutiaes
Values('90.4.3.1.1', '90.4.3.1', '/var/www/server/Datasets/MOLF/MindtctOutput/DB1_Lumidgm/90_3_4.xyt');

INSERT INTO Images
Values('/var/www/server/Datasets/MOLF/OriginalDataset/DB1_Lumidgm/90_4_4.wsq', '90.4.4', '90.4', 352, 544, 500);

INSERT INTO Features
Values('90.4.4', '90.4.4.1', 62);

INSERT INTO Minutiaes
Values('90.4.4.1.1', '90.4.4.1', '/var/www/server/Datasets/MOLF/MindtctOutput/DB1_Lumidgm/90_4_4.xyt');

INSERT INTO Fingers
Values(NULL, 5, '90.5', '90');

INSERT INTO Images
Values('/var/www/server/Datasets/MOLF/OriginalDataset/DB1_Lumidgm/90_1_5.wsq', '90.5.1', '90.5', 352, 544, 500);

INSERT INTO Features
Values('90.5.1', '90.5.1.1', 52);

INSERT INTO Minutiaes
Values('90.5.1.1.1', '90.5.1.1', '/var/www/server/Datasets/MOLF/MindtctOutput/DB1_Lumidgm/90_1_5.xyt');

INSERT INTO Images
Values('/var/www/server/Datasets/MOLF/OriginalDataset/DB1_Lumidgm/90_2_5.wsq', '90.5.2', '90.5', 352, 544, 500);

INSERT INTO Features
Values('90.5.2', '90.5.2.1', 72);

INSERT INTO Minutiaes
Values('90.5.2.1.1', '90.5.2.1', '/var/www/server/Datasets/MOLF/MindtctOutput/DB1_Lumidgm/90_2_5.xyt');

INSERT INTO Images
Values('/var/www/server/Datasets/MOLF/OriginalDataset/DB1_Lumidgm/90_3_5.wsq', '90.5.3', '90.5', 352, 544, 500);

INSERT INTO Features
Values('90.5.3', '90.5.3.1', 44);

INSERT INTO Minutiaes
Values('90.5.3.1.1', '90.5.3.1', '/var/www/server/Datasets/MOLF/MindtctOutput/DB1_Lumidgm/90_3_5.xyt');

INSERT INTO Images
Values('/var/www/server/Datasets/MOLF/OriginalDataset/DB1_Lumidgm/90_4_5.wsq', '90.5.4', '90.5', 352, 544, 500);

INSERT INTO Features
Values('90.5.4', '90.5.4.1', 64);

INSERT INTO Minutiaes
Values('90.5.4.1.1', '90.5.4.1', '/var/www/server/Datasets/MOLF/MindtctOutput/DB1_Lumidgm/90_4_5.xyt');

INSERT INTO Fingers
Values(NULL, 6, '90.6', '90');

INSERT INTO Images
Values('/var/www/server/Datasets/MOLF/OriginalDataset/DB1_Lumidgm/90_1_6.wsq', '90.6.1', '90.6', 352, 544, 500);

INSERT INTO Features
Values('90.6.1', '90.6.1.1', 60);

INSERT INTO Minutiaes
Values('90.6.1.1.1', '90.6.1.1', '/var/www/server/Datasets/MOLF/MindtctOutput/DB1_Lumidgm/90_1_6.xyt');

INSERT INTO Images
Values('/var/www/server/Datasets/MOLF/OriginalDataset/DB1_Lumidgm/90_2_6.wsq', '90.6.2', '90.6', 352, 544, 500);

INSERT INTO Features
Values('90.6.2', '90.6.2.1', 53);

INSERT INTO Minutiaes
Values('90.6.2.1.1', '90.6.2.1', '/var/www/server/Datasets/MOLF/MindtctOutput/DB1_Lumidgm/90_2_6.xyt');

INSERT INTO Images
Values('/var/www/server/Datasets/MOLF/OriginalDataset/DB1_Lumidgm/90_3_6.wsq', '90.6.3', '90.6', 352, 544, 500);

INSERT INTO Features
Values('90.6.3', '90.6.3.1', 48);

INSERT INTO Minutiaes
Values('90.6.3.1.1', '90.6.3.1', '/var/www/server/Datasets/MOLF/MindtctOutput/DB1_Lumidgm/90_3_6.xyt');

INSERT INTO Images
Values('/var/www/server/Datasets/MOLF/OriginalDataset/DB1_Lumidgm/90_4_6.wsq', '90.6.4', '90.6', 352, 544, 500);

INSERT INTO Features
Values('90.6.4', '90.6.4.1', 57);

INSERT INTO Minutiaes
Values('90.6.4.1.1', '90.6.4.1', '/var/www/server/Datasets/MOLF/MindtctOutput/DB1_Lumidgm/90_4_6.xyt');

INSERT INTO Fingers
Values(NULL, 7, '90.7', '90');

INSERT INTO Images
Values('/var/www/server/Datasets/MOLF/OriginalDataset/DB1_Lumidgm/90_1_7.wsq', '90.7.1', '90.7', 352, 544, 500);

INSERT INTO Features
Values('90.7.1', '90.7.1.1', 54);

INSERT INTO Minutiaes
Values('90.7.1.1.1', '90.7.1.1', '/var/www/server/Datasets/MOLF/MindtctOutput/DB1_Lumidgm/90_1_7.xyt');

INSERT INTO Images
Values('/var/www/server/Datasets/MOLF/OriginalDataset/DB1_Lumidgm/90_2_7.wsq', '90.7.2', '90.7', 352, 544, 500);

INSERT INTO Features
Values('90.7.2', '90.7.2.1', 51);

INSERT INTO Minutiaes
Values('90.7.2.1.1', '90.7.2.1', '/var/www/server/Datasets/MOLF/MindtctOutput/DB1_Lumidgm/90_2_7.xyt');

INSERT INTO Images
Values('/var/www/server/Datasets/MOLF/OriginalDataset/DB1_Lumidgm/90_3_7.wsq', '90.7.3', '90.7', 352, 544, 500);

INSERT INTO Features
Values('90.7.3', '90.7.3.1', 47);

INSERT INTO Minutiaes
Values('90.7.3.1.1', '90.7.3.1', '/var/www/server/Datasets/MOLF/MindtctOutput/DB1_Lumidgm/90_3_7.xyt');

INSERT INTO Images
Values('/var/www/server/Datasets/MOLF/OriginalDataset/DB1_Lumidgm/90_4_7.wsq', '90.7.4', '90.7', 352, 544, 500);

INSERT INTO Features
Values('90.7.4', '90.7.4.1', 51);

INSERT INTO Minutiaes
Values('90.7.4.1.1', '90.7.4.1', '/var/www/server/Datasets/MOLF/MindtctOutput/DB1_Lumidgm/90_4_7.xyt');

INSERT INTO Fingers
Values(NULL, 8, '90.8', '90');

INSERT INTO Images
Values('/var/www/server/Datasets/MOLF/OriginalDataset/DB1_Lumidgm/90_1_8.wsq', '90.8.1', '90.8', 352, 544, 500);

INSERT INTO Features
Values('90.8.1', '90.8.1.1', 53);

INSERT INTO Minutiaes
Values('90.8.1.1.1', '90.8.1.1', '/var/www/server/Datasets/MOLF/MindtctOutput/DB1_Lumidgm/90_1_8.xyt');

INSERT INTO Images
Values('/var/www/server/Datasets/MOLF/OriginalDataset/DB1_Lumidgm/90_2_8.wsq', '90.8.2', '90.8', 352, 544, 500);

INSERT INTO Features
Values('90.8.2', '90.8.2.1', 49);

INSERT INTO Minutiaes
Values('90.8.2.1.1', '90.8.2.1', '/var/www/server/Datasets/MOLF/MindtctOutput/DB1_Lumidgm/90_2_8.xyt');

INSERT INTO Images
Values('/var/www/server/Datasets/MOLF/OriginalDataset/DB1_Lumidgm/90_3_8.wsq', '90.8.3', '90.8', 352, 544, 500);

INSERT INTO Features
Values('90.8.3', '90.8.3.1', 67);

INSERT INTO Minutiaes
Values('90.8.3.1.1', '90.8.3.1', '/var/www/server/Datasets/MOLF/MindtctOutput/DB1_Lumidgm/90_3_8.xyt');

INSERT INTO Images
Values('/var/www/server/Datasets/MOLF/OriginalDataset/DB1_Lumidgm/90_4_8.wsq', '90.8.4', '90.8', 352, 544, 500);

INSERT INTO Features
Values('90.8.4', '90.8.4.1', 49);

INSERT INTO Minutiaes
Values('90.8.4.1.1', '90.8.4.1', '/var/www/server/Datasets/MOLF/MindtctOutput/DB1_Lumidgm/90_4_8.xyt');

INSERT INTO Fingers
Values(NULL, 9, '90.9', '90');

INSERT INTO Images
Values('/var/www/server/Datasets/MOLF/OriginalDataset/DB1_Lumidgm/90_1_9.wsq', '90.9.1', '90.9', 352, 544, 500);

INSERT INTO Features
Values('90.9.1', '90.9.1.1', 55);

INSERT INTO Minutiaes
Values('90.9.1.1.1', '90.9.1.1', '/var/www/server/Datasets/MOLF/MindtctOutput/DB1_Lumidgm/90_1_9.xyt');

INSERT INTO Images
Values('/var/www/server/Datasets/MOLF/OriginalDataset/DB1_Lumidgm/90_2_9.wsq', '90.9.2', '90.9', 352, 544, 500);

INSERT INTO Features
Values('90.9.2', '90.9.2.1', 53);

INSERT INTO Minutiaes
Values('90.9.2.1.1', '90.9.2.1', '/var/www/server/Datasets/MOLF/MindtctOutput/DB1_Lumidgm/90_2_9.xyt');

INSERT INTO Images
Values('/var/www/server/Datasets/MOLF/OriginalDataset/DB1_Lumidgm/90_3_9.wsq', '90.9.3', '90.9', 352, 544, 500);

INSERT INTO Features
Values('90.9.3', '90.9.3.1', 52);

INSERT INTO Minutiaes
Values('90.9.3.1.1', '90.9.3.1', '/var/www/server/Datasets/MOLF/MindtctOutput/DB1_Lumidgm/90_3_9.xyt');

INSERT INTO Images
Values('/var/www/server/Datasets/MOLF/OriginalDataset/DB1_Lumidgm/90_4_9.wsq', '90.9.4', '90.9', 352, 544, 500);

INSERT INTO Features
Values('90.9.4', '90.9.4.1', 57);

INSERT INTO Minutiaes
Values('90.9.4.1.1', '90.9.4.1', '/var/www/server/Datasets/MOLF/MindtctOutput/DB1_Lumidgm/90_4_9.xyt');

INSERT INTO Fingers
Values(NULL, 10, '90.10', '90');

INSERT INTO Images
Values('/var/www/server/Datasets/MOLF/OriginalDataset/DB1_Lumidgm/90_1_10.wsq', '90.10.1', '90.10', 352, 544, 500);

INSERT INTO Features
Values('90.10.1', '90.10.1.1', 76);

INSERT INTO Minutiaes
Values('90.10.1.1.1', '90.10.1.1', '/var/www/server/Datasets/MOLF/MindtctOutput/DB1_Lumidgm/90_1_10.xyt');

INSERT INTO Images
Values('/var/www/server/Datasets/MOLF/OriginalDataset/DB1_Lumidgm/90_2_10.wsq', '90.10.2', '90.10', 352, 544, 500);

INSERT INTO Features
Values('90.10.2', '90.10.2.1', 71);

INSERT INTO Minutiaes
Values('90.10.2.1.1', '90.10.2.1', '/var/www/server/Datasets/MOLF/MindtctOutput/DB1_Lumidgm/90_2_10.xyt');

INSERT INTO Images
Values('/var/www/server/Datasets/MOLF/OriginalDataset/DB1_Lumidgm/90_3_10.wsq', '90.10.3', '90.10', 352, 544, 500);

INSERT INTO Features
Values('90.10.3', '90.10.3.1', 65);

INSERT INTO Minutiaes
Values('90.10.3.1.1', '90.10.3.1', '/var/www/server/Datasets/MOLF/MindtctOutput/DB1_Lumidgm/90_3_10.xyt');

INSERT INTO Images
Values('/var/www/server/Datasets/MOLF/OriginalDataset/DB1_Lumidgm/90_4_10.wsq', '90.10.4', '90.10', 352, 544, 500);

INSERT INTO Features
Values('90.10.4', '90.10.4.1', 78);

INSERT INTO Minutiaes
Values('90.10.4.1.1', '90.10.4.1', '/var/www/server/Datasets/MOLF/MindtctOutput/DB1_Lumidgm/90_4_10.xyt');

#------------------------SUBJECT 91------------------------
INSERT INTO Subjects
Values('91');

INSERT INTO Fingers
Values(NULL, 1, '91.1', '91');

INSERT INTO Images
Values('/var/www/server/Datasets/MOLF/OriginalDataset/DB1_Lumidgm/91_1_1.wsq', '91.1.1', '91.1', 352, 544, 500);

INSERT INTO Features
Values('91.1.1', '91.1.1.1', 75);

INSERT INTO Minutiaes
Values('91.1.1.1.1', '91.1.1.1', '/var/www/server/Datasets/MOLF/MindtctOutput/DB1_Lumidgm/91_1_1.xyt');

INSERT INTO Images
Values('/var/www/server/Datasets/MOLF/OriginalDataset/DB1_Lumidgm/91_2_1.wsq', '91.1.2', '91.1', 352, 544, 500);

INSERT INTO Features
Values('91.1.2', '91.1.2.1', 99);

INSERT INTO Minutiaes
Values('91.1.2.1.1', '91.1.2.1', '/var/www/server/Datasets/MOLF/MindtctOutput/DB1_Lumidgm/91_2_1.xyt');

INSERT INTO Images
Values('/var/www/server/Datasets/MOLF/OriginalDataset/DB1_Lumidgm/91_3_1.wsq', '91.1.3', '91.1', 352, 544, 500);

INSERT INTO Features
Values('91.1.3', '91.1.3.1', 67);

INSERT INTO Minutiaes
Values('91.1.3.1.1', '91.1.3.1', '/var/www/server/Datasets/MOLF/MindtctOutput/DB1_Lumidgm/91_3_1.xyt');

INSERT INTO Images
Values('/var/www/server/Datasets/MOLF/OriginalDataset/DB1_Lumidgm/91_4_1.wsq', '91.1.4', '91.1', 352, 544, 500);

INSERT INTO Features
Values('91.1.4', '91.1.4.1', 57);

INSERT INTO Minutiaes
Values('91.1.4.1.1', '91.1.4.1', '/var/www/server/Datasets/MOLF/MindtctOutput/DB1_Lumidgm/91_4_1.xyt');

INSERT INTO Fingers
Values(NULL, 2, '91.2', '91');

INSERT INTO Images
Values('/var/www/server/Datasets/MOLF/OriginalDataset/DB1_Lumidgm/91_1_2.wsq', '91.2.1', '91.2', 352, 544, 500);

INSERT INTO Features
Values('91.2.1', '91.2.1.1', 87);

INSERT INTO Minutiaes
Values('91.2.1.1.1', '91.2.1.1', '/var/www/server/Datasets/MOLF/MindtctOutput/DB1_Lumidgm/91_1_2.xyt');

INSERT INTO Images
Values('/var/www/server/Datasets/MOLF/OriginalDataset/DB1_Lumidgm/91_2_2.wsq', '91.2.2', '91.2', 352, 544, 500);

INSERT INTO Features
Values('91.2.2', '91.2.2.1', 85);

INSERT INTO Minutiaes
Values('91.2.2.1.1', '91.2.2.1', '/var/www/server/Datasets/MOLF/MindtctOutput/DB1_Lumidgm/91_2_2.xyt');

INSERT INTO Images
Values('/var/www/server/Datasets/MOLF/OriginalDataset/DB1_Lumidgm/91_3_2.wsq', '91.2.3', '91.2', 352, 544, 500);

INSERT INTO Features
Values('91.2.3', '91.2.3.1', 52);

INSERT INTO Minutiaes
Values('91.2.3.1.1', '91.2.3.1', '/var/www/server/Datasets/MOLF/MindtctOutput/DB1_Lumidgm/91_3_2.xyt');

INSERT INTO Images
Values('/var/www/server/Datasets/MOLF/OriginalDataset/DB1_Lumidgm/91_4_2.wsq', '91.2.4', '91.2', 352, 544, 500);

INSERT INTO Features
Values('91.2.4', '91.2.4.1', 51);

INSERT INTO Minutiaes
Values('91.2.4.1.1', '91.2.4.1', '/var/www/server/Datasets/MOLF/MindtctOutput/DB1_Lumidgm/91_4_2.xyt');

INSERT INTO Fingers
Values(NULL, 3, '91.3', '91');

INSERT INTO Images
Values('/var/www/server/Datasets/MOLF/OriginalDataset/DB1_Lumidgm/91_1_3.wsq', '91.3.1', '91.3', 352, 544, 500);

INSERT INTO Features
Values('91.3.1', '91.3.1.1', 110);

INSERT INTO Minutiaes
Values('91.3.1.1.1', '91.3.1.1', '/var/www/server/Datasets/MOLF/MindtctOutput/DB1_Lumidgm/91_1_3.xyt');

INSERT INTO Images
Values('/var/www/server/Datasets/MOLF/OriginalDataset/DB1_Lumidgm/91_2_3.wsq', '91.3.2', '91.3', 352, 544, 500);

INSERT INTO Features
Values('91.3.2', '91.3.2.1', 104);

INSERT INTO Minutiaes
Values('91.3.2.1.1', '91.3.2.1', '/var/www/server/Datasets/MOLF/MindtctOutput/DB1_Lumidgm/91_2_3.xyt');

INSERT INTO Images
Values('/var/www/server/Datasets/MOLF/OriginalDataset/DB1_Lumidgm/91_3_3.wsq', '91.3.3', '91.3', 352, 544, 500);

INSERT INTO Features
Values('91.3.3', '91.3.3.1', 69);

INSERT INTO Minutiaes
Values('91.3.3.1.1', '91.3.3.1', '/var/www/server/Datasets/MOLF/MindtctOutput/DB1_Lumidgm/91_3_3.xyt');

INSERT INTO Images
Values('/var/www/server/Datasets/MOLF/OriginalDataset/DB1_Lumidgm/91_4_3.wsq', '91.3.4', '91.3', 352, 544, 500);

INSERT INTO Features
Values('91.3.4', '91.3.4.1', 59);

INSERT INTO Minutiaes
Values('91.3.4.1.1', '91.3.4.1', '/var/www/server/Datasets/MOLF/MindtctOutput/DB1_Lumidgm/91_4_3.xyt');

INSERT INTO Fingers
Values(NULL, 4, '91.4', '91');

INSERT INTO Images
Values('/var/www/server/Datasets/MOLF/OriginalDataset/DB1_Lumidgm/91_1_4.wsq', '91.4.1', '91.4', 352, 544, 500);

INSERT INTO Features
Values('91.4.1', '91.4.1.1', 109);

INSERT INTO Minutiaes
Values('91.4.1.1.1', '91.4.1.1', '/var/www/server/Datasets/MOLF/MindtctOutput/DB1_Lumidgm/91_1_4.xyt');

INSERT INTO Images
Values('/var/www/server/Datasets/MOLF/OriginalDataset/DB1_Lumidgm/91_2_4.wsq', '91.4.2', '91.4', 352, 544, 500);

INSERT INTO Features
Values('91.4.2', '91.4.2.1', 81);

INSERT INTO Minutiaes
Values('91.4.2.1.1', '91.4.2.1', '/var/www/server/Datasets/MOLF/MindtctOutput/DB1_Lumidgm/91_2_4.xyt');

INSERT INTO Images
Values('/var/www/server/Datasets/MOLF/OriginalDataset/DB1_Lumidgm/91_3_4.wsq', '91.4.3', '91.4', 352, 544, 500);

INSERT INTO Features
Values('91.4.3', '91.4.3.1', 46);

INSERT INTO Minutiaes
Values('91.4.3.1.1', '91.4.3.1', '/var/www/server/Datasets/MOLF/MindtctOutput/DB1_Lumidgm/91_3_4.xyt');

INSERT INTO Images
Values('/var/www/server/Datasets/MOLF/OriginalDataset/DB1_Lumidgm/91_4_4.wsq', '91.4.4', '91.4', 352, 544, 500);

INSERT INTO Features
Values('91.4.4', '91.4.4.1', 51);

INSERT INTO Minutiaes
Values('91.4.4.1.1', '91.4.4.1', '/var/www/server/Datasets/MOLF/MindtctOutput/DB1_Lumidgm/91_4_4.xyt');

INSERT INTO Fingers
Values(NULL, 5, '91.5', '91');

INSERT INTO Images
Values('/var/www/server/Datasets/MOLF/OriginalDataset/DB1_Lumidgm/91_1_5.wsq', '91.5.1', '91.5', 352, 544, 500);

INSERT INTO Features
Values('91.5.1', '91.5.1.1', 88);

INSERT INTO Minutiaes
Values('91.5.1.1.1', '91.5.1.1', '/var/www/server/Datasets/MOLF/MindtctOutput/DB1_Lumidgm/91_1_5.xyt');

INSERT INTO Images
Values('/var/www/server/Datasets/MOLF/OriginalDataset/DB1_Lumidgm/91_2_5.wsq', '91.5.2', '91.5', 352, 544, 500);

INSERT INTO Features
Values('91.5.2', '91.5.2.1', 99);

INSERT INTO Minutiaes
Values('91.5.2.1.1', '91.5.2.1', '/var/www/server/Datasets/MOLF/MindtctOutput/DB1_Lumidgm/91_2_5.xyt');

INSERT INTO Images
Values('/var/www/server/Datasets/MOLF/OriginalDataset/DB1_Lumidgm/91_3_5.wsq', '91.5.3', '91.5', 352, 544, 500);

INSERT INTO Features
Values('91.5.3', '91.5.3.1', 55);

INSERT INTO Minutiaes
Values('91.5.3.1.1', '91.5.3.1', '/var/www/server/Datasets/MOLF/MindtctOutput/DB1_Lumidgm/91_3_5.xyt');

INSERT INTO Images
Values('/var/www/server/Datasets/MOLF/OriginalDataset/DB1_Lumidgm/91_4_5.wsq', '91.5.4', '91.5', 352, 544, 500);

INSERT INTO Features
Values('91.5.4', '91.5.4.1', 55);

INSERT INTO Minutiaes
Values('91.5.4.1.1', '91.5.4.1', '/var/www/server/Datasets/MOLF/MindtctOutput/DB1_Lumidgm/91_4_5.xyt');

INSERT INTO Fingers
Values(NULL, 6, '91.6', '91');

INSERT INTO Images
Values('/var/www/server/Datasets/MOLF/OriginalDataset/DB1_Lumidgm/91_1_6.wsq', '91.6.1', '91.6', 352, 544, 500);

INSERT INTO Features
Values('91.6.1', '91.6.1.1', 94);

INSERT INTO Minutiaes
Values('91.6.1.1.1', '91.6.1.1', '/var/www/server/Datasets/MOLF/MindtctOutput/DB1_Lumidgm/91_1_6.xyt');

INSERT INTO Images
Values('/var/www/server/Datasets/MOLF/OriginalDataset/DB1_Lumidgm/91_2_6.wsq', '91.6.2', '91.6', 352, 544, 500);

INSERT INTO Features
Values('91.6.2', '91.6.2.1', 105);

INSERT INTO Minutiaes
Values('91.6.2.1.1', '91.6.2.1', '/var/www/server/Datasets/MOLF/MindtctOutput/DB1_Lumidgm/91_2_6.xyt');

INSERT INTO Images
Values('/var/www/server/Datasets/MOLF/OriginalDataset/DB1_Lumidgm/91_3_6.wsq', '91.6.3', '91.6', 352, 544, 500);

INSERT INTO Features
Values('91.6.3', '91.6.3.1', 61);

INSERT INTO Minutiaes
Values('91.6.3.1.1', '91.6.3.1', '/var/www/server/Datasets/MOLF/MindtctOutput/DB1_Lumidgm/91_3_6.xyt');

INSERT INTO Images
Values('/var/www/server/Datasets/MOLF/OriginalDataset/DB1_Lumidgm/91_4_6.wsq', '91.6.4', '91.6', 352, 544, 500);

INSERT INTO Features
Values('91.6.4', '91.6.4.1', 57);

INSERT INTO Minutiaes
Values('91.6.4.1.1', '91.6.4.1', '/var/www/server/Datasets/MOLF/MindtctOutput/DB1_Lumidgm/91_4_6.xyt');

INSERT INTO Fingers
Values(NULL, 7, '91.7', '91');

INSERT INTO Images
Values('/var/www/server/Datasets/MOLF/OriginalDataset/DB1_Lumidgm/91_1_7.wsq', '91.7.1', '91.7', 352, 544, 500);

INSERT INTO Features
Values('91.7.1', '91.7.1.1', 99);

INSERT INTO Minutiaes
Values('91.7.1.1.1', '91.7.1.1', '/var/www/server/Datasets/MOLF/MindtctOutput/DB1_Lumidgm/91_1_7.xyt');

INSERT INTO Images
Values('/var/www/server/Datasets/MOLF/OriginalDataset/DB1_Lumidgm/91_2_7.wsq', '91.7.2', '91.7', 352, 544, 500);

INSERT INTO Features
Values('91.7.2', '91.7.2.1', 90);

INSERT INTO Minutiaes
Values('91.7.2.1.1', '91.7.2.1', '/var/www/server/Datasets/MOLF/MindtctOutput/DB1_Lumidgm/91_2_7.xyt');

INSERT INTO Images
Values('/var/www/server/Datasets/MOLF/OriginalDataset/DB1_Lumidgm/91_3_7.wsq', '91.7.3', '91.7', 352, 544, 500);

INSERT INTO Features
Values('91.7.3', '91.7.3.1', 59);

INSERT INTO Minutiaes
Values('91.7.3.1.1', '91.7.3.1', '/var/www/server/Datasets/MOLF/MindtctOutput/DB1_Lumidgm/91_3_7.xyt');

INSERT INTO Images
Values('/var/www/server/Datasets/MOLF/OriginalDataset/DB1_Lumidgm/91_4_7.wsq', '91.7.4', '91.7', 352, 544, 500);

INSERT INTO Features
Values('91.7.4', '91.7.4.1', 57);

INSERT INTO Minutiaes
Values('91.7.4.1.1', '91.7.4.1', '/var/www/server/Datasets/MOLF/MindtctOutput/DB1_Lumidgm/91_4_7.xyt');

INSERT INTO Fingers
Values(NULL, 8, '91.8', '91');

INSERT INTO Images
Values('/var/www/server/Datasets/MOLF/OriginalDataset/DB1_Lumidgm/91_1_8.wsq', '91.8.1', '91.8', 352, 544, 500);

INSERT INTO Features
Values('91.8.1', '91.8.1.1', 91);

INSERT INTO Minutiaes
Values('91.8.1.1.1', '91.8.1.1', '/var/www/server/Datasets/MOLF/MindtctOutput/DB1_Lumidgm/91_1_8.xyt');

INSERT INTO Images
Values('/var/www/server/Datasets/MOLF/OriginalDataset/DB1_Lumidgm/91_2_8.wsq', '91.8.2', '91.8', 352, 544, 500);

INSERT INTO Features
Values('91.8.2', '91.8.2.1', 89);

INSERT INTO Minutiaes
Values('91.8.2.1.1', '91.8.2.1', '/var/www/server/Datasets/MOLF/MindtctOutput/DB1_Lumidgm/91_2_8.xyt');

INSERT INTO Images
Values('/var/www/server/Datasets/MOLF/OriginalDataset/DB1_Lumidgm/91_3_8.wsq', '91.8.3', '91.8', 352, 544, 500);

INSERT INTO Features
Values('91.8.3', '91.8.3.1', 61);

INSERT INTO Minutiaes
Values('91.8.3.1.1', '91.8.3.1', '/var/www/server/Datasets/MOLF/MindtctOutput/DB1_Lumidgm/91_3_8.xyt');

INSERT INTO Images
Values('/var/www/server/Datasets/MOLF/OriginalDataset/DB1_Lumidgm/91_4_8.wsq', '91.8.4', '91.8', 352, 544, 500);

INSERT INTO Features
Values('91.8.4', '91.8.4.1', 59);

INSERT INTO Minutiaes
Values('91.8.4.1.1', '91.8.4.1', '/var/www/server/Datasets/MOLF/MindtctOutput/DB1_Lumidgm/91_4_8.xyt');

INSERT INTO Fingers
Values(NULL, 9, '91.9', '91');

INSERT INTO Images
Values('/var/www/server/Datasets/MOLF/OriginalDataset/DB1_Lumidgm/91_1_9.wsq', '91.9.1', '91.9', 352, 544, 500);

INSERT INTO Features
Values('91.9.1', '91.9.1.1', 82);

INSERT INTO Minutiaes
Values('91.9.1.1.1', '91.9.1.1', '/var/www/server/Datasets/MOLF/MindtctOutput/DB1_Lumidgm/91_1_9.xyt');

INSERT INTO Images
Values('/var/www/server/Datasets/MOLF/OriginalDataset/DB1_Lumidgm/91_2_9.wsq', '91.9.2', '91.9', 352, 544, 500);

INSERT INTO Features
Values('91.9.2', '91.9.2.1', 93);

INSERT INTO Minutiaes
Values('91.9.2.1.1', '91.9.2.1', '/var/www/server/Datasets/MOLF/MindtctOutput/DB1_Lumidgm/91_2_9.xyt');

INSERT INTO Images
Values('/var/www/server/Datasets/MOLF/OriginalDataset/DB1_Lumidgm/91_3_9.wsq', '91.9.3', '91.9', 352, 544, 500);

INSERT INTO Features
Values('91.9.3', '91.9.3.1', 46);

INSERT INTO Minutiaes
Values('91.9.3.1.1', '91.9.3.1', '/var/www/server/Datasets/MOLF/MindtctOutput/DB1_Lumidgm/91_3_9.xyt');

INSERT INTO Images
Values('/var/www/server/Datasets/MOLF/OriginalDataset/DB1_Lumidgm/91_4_9.wsq', '91.9.4', '91.9', 352, 544, 500);

INSERT INTO Features
Values('91.9.4', '91.9.4.1', 45);

INSERT INTO Minutiaes
Values('91.9.4.1.1', '91.9.4.1', '/var/www/server/Datasets/MOLF/MindtctOutput/DB1_Lumidgm/91_4_9.xyt');

INSERT INTO Fingers
Values(NULL, 10, '91.10', '91');

INSERT INTO Images
Values('/var/www/server/Datasets/MOLF/OriginalDataset/DB1_Lumidgm/91_1_10.wsq', '91.10.1', '91.10', 352, 544, 500);

INSERT INTO Features
Values('91.10.1', '91.10.1.1', 107);

INSERT INTO Minutiaes
Values('91.10.1.1.1', '91.10.1.1', '/var/www/server/Datasets/MOLF/MindtctOutput/DB1_Lumidgm/91_1_10.xyt');

INSERT INTO Images
Values('/var/www/server/Datasets/MOLF/OriginalDataset/DB1_Lumidgm/91_2_10.wsq', '91.10.2', '91.10', 352, 544, 500);

INSERT INTO Features
Values('91.10.2', '91.10.2.1', 77);

INSERT INTO Minutiaes
Values('91.10.2.1.1', '91.10.2.1', '/var/www/server/Datasets/MOLF/MindtctOutput/DB1_Lumidgm/91_2_10.xyt');

INSERT INTO Images
Values('/var/www/server/Datasets/MOLF/OriginalDataset/DB1_Lumidgm/91_3_10.wsq', '91.10.3', '91.10', 352, 544, 500);

INSERT INTO Features
Values('91.10.3', '91.10.3.1', 62);

INSERT INTO Minutiaes
Values('91.10.3.1.1', '91.10.3.1', '/var/www/server/Datasets/MOLF/MindtctOutput/DB1_Lumidgm/91_3_10.xyt');

INSERT INTO Images
Values('/var/www/server/Datasets/MOLF/OriginalDataset/DB1_Lumidgm/91_4_10.wsq', '91.10.4', '91.10', 352, 544, 500);

INSERT INTO Features
Values('91.10.4', '91.10.4.1', 54);

INSERT INTO Minutiaes
Values('91.10.4.1.1', '91.10.4.1', '/var/www/server/Datasets/MOLF/MindtctOutput/DB1_Lumidgm/91_4_10.xyt');

#------------------------SUBJECT 92------------------------
INSERT INTO Subjects
Values('92');

INSERT INTO Fingers
Values(NULL, 1, '92.1', '92');

INSERT INTO Images
Values('/var/www/server/Datasets/MOLF/OriginalDataset/DB1_Lumidgm/92_1_1.wsq', '92.1.1', '92.1', 352, 544, 500);

INSERT INTO Features
Values('92.1.1', '92.1.1.1', 98);

INSERT INTO Minutiaes
Values('92.1.1.1.1', '92.1.1.1', '/var/www/server/Datasets/MOLF/MindtctOutput/DB1_Lumidgm/92_1_1.xyt');

INSERT INTO Images
Values('/var/www/server/Datasets/MOLF/OriginalDataset/DB1_Lumidgm/92_2_1.wsq', '92.1.2', '92.1', 352, 544, 500);

INSERT INTO Features
Values('92.1.2', '92.1.2.1', 87);

INSERT INTO Minutiaes
Values('92.1.2.1.1', '92.1.2.1', '/var/www/server/Datasets/MOLF/MindtctOutput/DB1_Lumidgm/92_2_1.xyt');

INSERT INTO Images
Values('/var/www/server/Datasets/MOLF/OriginalDataset/DB1_Lumidgm/92_3_1.wsq', '92.1.3', '92.1', 352, 544, 500);

INSERT INTO Features
Values('92.1.3', '92.1.3.1', 65);

INSERT INTO Minutiaes
Values('92.1.3.1.1', '92.1.3.1', '/var/www/server/Datasets/MOLF/MindtctOutput/DB1_Lumidgm/92_3_1.xyt');

INSERT INTO Images
Values('/var/www/server/Datasets/MOLF/OriginalDataset/DB1_Lumidgm/92_4_1.wsq', '92.1.4', '92.1', 352, 544, 500);

INSERT INTO Features
Values('92.1.4', '92.1.4.1', 61);

INSERT INTO Minutiaes
Values('92.1.4.1.1', '92.1.4.1', '/var/www/server/Datasets/MOLF/MindtctOutput/DB1_Lumidgm/92_4_1.xyt');

INSERT INTO Fingers
Values(NULL, 2, '92.2', '92');

INSERT INTO Images
Values('/var/www/server/Datasets/MOLF/OriginalDataset/DB1_Lumidgm/92_1_2.wsq', '92.2.1', '92.2', 352, 544, 500);

INSERT INTO Features
Values('92.2.1', '92.2.1.1', 95);

INSERT INTO Minutiaes
Values('92.2.1.1.1', '92.2.1.1', '/var/www/server/Datasets/MOLF/MindtctOutput/DB1_Lumidgm/92_1_2.xyt');

INSERT INTO Images
Values('/var/www/server/Datasets/MOLF/OriginalDataset/DB1_Lumidgm/92_2_2.wsq', '92.2.2', '92.2', 352, 544, 500);

INSERT INTO Features
Values('92.2.2', '92.2.2.1', 85);

INSERT INTO Minutiaes
Values('92.2.2.1.1', '92.2.2.1', '/var/www/server/Datasets/MOLF/MindtctOutput/DB1_Lumidgm/92_2_2.xyt');

INSERT INTO Images
Values('/var/www/server/Datasets/MOLF/OriginalDataset/DB1_Lumidgm/92_3_2.wsq', '92.2.3', '92.2', 352, 544, 500);

INSERT INTO Features
Values('92.2.3', '92.2.3.1', 49);

INSERT INTO Minutiaes
Values('92.2.3.1.1', '92.2.3.1', '/var/www/server/Datasets/MOLF/MindtctOutput/DB1_Lumidgm/92_3_2.xyt');

INSERT INTO Images
Values('/var/www/server/Datasets/MOLF/OriginalDataset/DB1_Lumidgm/92_4_2.wsq', '92.2.4', '92.2', 352, 544, 500);

INSERT INTO Features
Values('92.2.4', '92.2.4.1', 48);

INSERT INTO Minutiaes
Values('92.2.4.1.1', '92.2.4.1', '/var/www/server/Datasets/MOLF/MindtctOutput/DB1_Lumidgm/92_4_2.xyt');

INSERT INTO Fingers
Values(NULL, 3, '92.3', '92');

INSERT INTO Images
Values('/var/www/server/Datasets/MOLF/OriginalDataset/DB1_Lumidgm/92_1_3.wsq', '92.3.1', '92.3', 352, 544, 500);

INSERT INTO Features
Values('92.3.1', '92.3.1.1', 107);

INSERT INTO Minutiaes
Values('92.3.1.1.1', '92.3.1.1', '/var/www/server/Datasets/MOLF/MindtctOutput/DB1_Lumidgm/92_1_3.xyt');

INSERT INTO Images
Values('/var/www/server/Datasets/MOLF/OriginalDataset/DB1_Lumidgm/92_2_3.wsq', '92.3.2', '92.3', 352, 544, 500);

INSERT INTO Features
Values('92.3.2', '92.3.2.1', 109);

INSERT INTO Minutiaes
Values('92.3.2.1.1', '92.3.2.1', '/var/www/server/Datasets/MOLF/MindtctOutput/DB1_Lumidgm/92_2_3.xyt');

INSERT INTO Images
Values('/var/www/server/Datasets/MOLF/OriginalDataset/DB1_Lumidgm/92_3_3.wsq', '92.3.3', '92.3', 352, 544, 500);

INSERT INTO Features
Values('92.3.3', '92.3.3.1', 53);

INSERT INTO Minutiaes
Values('92.3.3.1.1', '92.3.3.1', '/var/www/server/Datasets/MOLF/MindtctOutput/DB1_Lumidgm/92_3_3.xyt');

INSERT INTO Images
Values('/var/www/server/Datasets/MOLF/OriginalDataset/DB1_Lumidgm/92_4_3.wsq', '92.3.4', '92.3', 352, 544, 500);

INSERT INTO Features
Values('92.3.4', '92.3.4.1', 57);

INSERT INTO Minutiaes
Values('92.3.4.1.1', '92.3.4.1', '/var/www/server/Datasets/MOLF/MindtctOutput/DB1_Lumidgm/92_4_3.xyt');

INSERT INTO Fingers
Values(NULL, 4, '92.4', '92');

INSERT INTO Images
Values('/var/www/server/Datasets/MOLF/OriginalDataset/DB1_Lumidgm/92_1_4.wsq', '92.4.1', '92.4', 352, 544, 500);

INSERT INTO Features
Values('92.4.1', '92.4.1.1', 121);

INSERT INTO Minutiaes
Values('92.4.1.1.1', '92.4.1.1', '/var/www/server/Datasets/MOLF/MindtctOutput/DB1_Lumidgm/92_1_4.xyt');

INSERT INTO Images
Values('/var/www/server/Datasets/MOLF/OriginalDataset/DB1_Lumidgm/92_2_4.wsq', '92.4.2', '92.4', 352, 544, 500);

INSERT INTO Features
Values('92.4.2', '92.4.2.1', 117);

INSERT INTO Minutiaes
Values('92.4.2.1.1', '92.4.2.1', '/var/www/server/Datasets/MOLF/MindtctOutput/DB1_Lumidgm/92_2_4.xyt');

INSERT INTO Images
Values('/var/www/server/Datasets/MOLF/OriginalDataset/DB1_Lumidgm/92_3_4.wsq', '92.4.3', '92.4', 352, 544, 500);

INSERT INTO Features
Values('92.4.3', '92.4.3.1', 76);

INSERT INTO Minutiaes
Values('92.4.3.1.1', '92.4.3.1', '/var/www/server/Datasets/MOLF/MindtctOutput/DB1_Lumidgm/92_3_4.xyt');

INSERT INTO Images
Values('/var/www/server/Datasets/MOLF/OriginalDataset/DB1_Lumidgm/92_4_4.wsq', '92.4.4', '92.4', 352, 544, 500);

INSERT INTO Features
Values('92.4.4', '92.4.4.1', 77);

INSERT INTO Minutiaes
Values('92.4.4.1.1', '92.4.4.1', '/var/www/server/Datasets/MOLF/MindtctOutput/DB1_Lumidgm/92_4_4.xyt');

INSERT INTO Fingers
Values(NULL, 5, '92.5', '92');

INSERT INTO Images
Values('/var/www/server/Datasets/MOLF/OriginalDataset/DB1_Lumidgm/92_1_5.wsq', '92.5.1', '92.5', 352, 544, 500);

INSERT INTO Features
Values('92.5.1', '92.5.1.1', 87);

INSERT INTO Minutiaes
Values('92.5.1.1.1', '92.5.1.1', '/var/www/server/Datasets/MOLF/MindtctOutput/DB1_Lumidgm/92_1_5.xyt');

INSERT INTO Images
Values('/var/www/server/Datasets/MOLF/OriginalDataset/DB1_Lumidgm/92_2_5.wsq', '92.5.2', '92.5', 352, 544, 500);

INSERT INTO Features
Values('92.5.2', '92.5.2.1', 106);

INSERT INTO Minutiaes
Values('92.5.2.1.1', '92.5.2.1', '/var/www/server/Datasets/MOLF/MindtctOutput/DB1_Lumidgm/92_2_5.xyt');

INSERT INTO Images
Values('/var/www/server/Datasets/MOLF/OriginalDataset/DB1_Lumidgm/92_3_5.wsq', '92.5.3', '92.5', 352, 544, 500);

INSERT INTO Features
Values('92.5.3', '92.5.3.1', 52);

INSERT INTO Minutiaes
Values('92.5.3.1.1', '92.5.3.1', '/var/www/server/Datasets/MOLF/MindtctOutput/DB1_Lumidgm/92_3_5.xyt');

INSERT INTO Images
Values('/var/www/server/Datasets/MOLF/OriginalDataset/DB1_Lumidgm/92_4_5.wsq', '92.5.4', '92.5', 352, 544, 500);

INSERT INTO Features
Values('92.5.4', '92.5.4.1', 55);

INSERT INTO Minutiaes
Values('92.5.4.1.1', '92.5.4.1', '/var/www/server/Datasets/MOLF/MindtctOutput/DB1_Lumidgm/92_4_5.xyt');

INSERT INTO Fingers
Values(NULL, 6, '92.6', '92');

INSERT INTO Images
Values('/var/www/server/Datasets/MOLF/OriginalDataset/DB1_Lumidgm/92_1_6.wsq', '92.6.1', '92.6', 352, 544, 500);

INSERT INTO Features
Values('92.6.1', '92.6.1.1', 99);

INSERT INTO Minutiaes
Values('92.6.1.1.1', '92.6.1.1', '/var/www/server/Datasets/MOLF/MindtctOutput/DB1_Lumidgm/92_1_6.xyt');

INSERT INTO Images
Values('/var/www/server/Datasets/MOLF/OriginalDataset/DB1_Lumidgm/92_2_6.wsq', '92.6.2', '92.6', 352, 544, 500);

INSERT INTO Features
Values('92.6.2', '92.6.2.1', 85);

INSERT INTO Minutiaes
Values('92.6.2.1.1', '92.6.2.1', '/var/www/server/Datasets/MOLF/MindtctOutput/DB1_Lumidgm/92_2_6.xyt');

INSERT INTO Images
Values('/var/www/server/Datasets/MOLF/OriginalDataset/DB1_Lumidgm/92_3_6.wsq', '92.6.3', '92.6', 352, 544, 500);

INSERT INTO Features
Values('92.6.3', '92.6.3.1', 59);

INSERT INTO Minutiaes
Values('92.6.3.1.1', '92.6.3.1', '/var/www/server/Datasets/MOLF/MindtctOutput/DB1_Lumidgm/92_3_6.xyt');

INSERT INTO Images
Values('/var/www/server/Datasets/MOLF/OriginalDataset/DB1_Lumidgm/92_4_6.wsq', '92.6.4', '92.6', 352, 544, 500);

INSERT INTO Features
Values('92.6.4', '92.6.4.1', 52);

INSERT INTO Minutiaes
Values('92.6.4.1.1', '92.6.4.1', '/var/www/server/Datasets/MOLF/MindtctOutput/DB1_Lumidgm/92_4_6.xyt');

INSERT INTO Fingers
Values(NULL, 7, '92.7', '92');

INSERT INTO Images
Values('/var/www/server/Datasets/MOLF/OriginalDataset/DB1_Lumidgm/92_1_7.wsq', '92.7.1', '92.7', 352, 544, 500);

INSERT INTO Features
Values('92.7.1', '92.7.1.1', 75);

INSERT INTO Minutiaes
Values('92.7.1.1.1', '92.7.1.1', '/var/www/server/Datasets/MOLF/MindtctOutput/DB1_Lumidgm/92_1_7.xyt');

INSERT INTO Images
Values('/var/www/server/Datasets/MOLF/OriginalDataset/DB1_Lumidgm/92_2_7.wsq', '92.7.2', '92.7', 352, 544, 500);

INSERT INTO Features
Values('92.7.2', '92.7.2.1', 94);

INSERT INTO Minutiaes
Values('92.7.2.1.1', '92.7.2.1', '/var/www/server/Datasets/MOLF/MindtctOutput/DB1_Lumidgm/92_2_7.xyt');

INSERT INTO Images
Values('/var/www/server/Datasets/MOLF/OriginalDataset/DB1_Lumidgm/92_3_7.wsq', '92.7.3', '92.7', 352, 544, 500);

INSERT INTO Features
Values('92.7.3', '92.7.3.1', 59);

INSERT INTO Minutiaes
Values('92.7.3.1.1', '92.7.3.1', '/var/www/server/Datasets/MOLF/MindtctOutput/DB1_Lumidgm/92_3_7.xyt');

INSERT INTO Images
Values('/var/www/server/Datasets/MOLF/OriginalDataset/DB1_Lumidgm/92_4_7.wsq', '92.7.4', '92.7', 352, 544, 500);

INSERT INTO Features
Values('92.7.4', '92.7.4.1', 54);

INSERT INTO Minutiaes
Values('92.7.4.1.1', '92.7.4.1', '/var/www/server/Datasets/MOLF/MindtctOutput/DB1_Lumidgm/92_4_7.xyt');

INSERT INTO Fingers
Values(NULL, 8, '92.8', '92');

INSERT INTO Images
Values('/var/www/server/Datasets/MOLF/OriginalDataset/DB1_Lumidgm/92_1_8.wsq', '92.8.1', '92.8', 352, 544, 500);

INSERT INTO Features
Values('92.8.1', '92.8.1.1', 101);

INSERT INTO Minutiaes
Values('92.8.1.1.1', '92.8.1.1', '/var/www/server/Datasets/MOLF/MindtctOutput/DB1_Lumidgm/92_1_8.xyt');

INSERT INTO Images
Values('/var/www/server/Datasets/MOLF/OriginalDataset/DB1_Lumidgm/92_2_8.wsq', '92.8.2', '92.8', 352, 544, 500);

INSERT INTO Features
Values('92.8.2', '92.8.2.1', 113);

INSERT INTO Minutiaes
Values('92.8.2.1.1', '92.8.2.1', '/var/www/server/Datasets/MOLF/MindtctOutput/DB1_Lumidgm/92_2_8.xyt');

INSERT INTO Images
Values('/var/www/server/Datasets/MOLF/OriginalDataset/DB1_Lumidgm/92_3_8.wsq', '92.8.3', '92.8', 352, 544, 500);

INSERT INTO Features
Values('92.8.3', '92.8.3.1', 69);

INSERT INTO Minutiaes
Values('92.8.3.1.1', '92.8.3.1', '/var/www/server/Datasets/MOLF/MindtctOutput/DB1_Lumidgm/92_3_8.xyt');

INSERT INTO Images
Values('/var/www/server/Datasets/MOLF/OriginalDataset/DB1_Lumidgm/92_4_8.wsq', '92.8.4', '92.8', 352, 544, 500);

INSERT INTO Features
Values('92.8.4', '92.8.4.1', 50);

INSERT INTO Minutiaes
Values('92.8.4.1.1', '92.8.4.1', '/var/www/server/Datasets/MOLF/MindtctOutput/DB1_Lumidgm/92_4_8.xyt');

INSERT INTO Fingers
Values(NULL, 9, '92.9', '92');

INSERT INTO Images
Values('/var/www/server/Datasets/MOLF/OriginalDataset/DB1_Lumidgm/92_1_9.wsq', '92.9.1', '92.9', 352, 544, 500);

INSERT INTO Features
Values('92.9.1', '92.9.1.1', 103);

INSERT INTO Minutiaes
Values('92.9.1.1.1', '92.9.1.1', '/var/www/server/Datasets/MOLF/MindtctOutput/DB1_Lumidgm/92_1_9.xyt');

INSERT INTO Images
Values('/var/www/server/Datasets/MOLF/OriginalDataset/DB1_Lumidgm/92_2_9.wsq', '92.9.2', '92.9', 352, 544, 500);

INSERT INTO Features
Values('92.9.2', '92.9.2.1', 111);

INSERT INTO Minutiaes
Values('92.9.2.1.1', '92.9.2.1', '/var/www/server/Datasets/MOLF/MindtctOutput/DB1_Lumidgm/92_2_9.xyt');

INSERT INTO Images
Values('/var/www/server/Datasets/MOLF/OriginalDataset/DB1_Lumidgm/92_3_9.wsq', '92.9.3', '92.9', 352, 544, 500);

INSERT INTO Features
Values('92.9.3', '92.9.3.1', 68);

INSERT INTO Minutiaes
Values('92.9.3.1.1', '92.9.3.1', '/var/www/server/Datasets/MOLF/MindtctOutput/DB1_Lumidgm/92_3_9.xyt');

INSERT INTO Images
Values('/var/www/server/Datasets/MOLF/OriginalDataset/DB1_Lumidgm/92_4_9.wsq', '92.9.4', '92.9', 352, 544, 500);

INSERT INTO Features
Values('92.9.4', '92.9.4.1', 69);

INSERT INTO Minutiaes
Values('92.9.4.1.1', '92.9.4.1', '/var/www/server/Datasets/MOLF/MindtctOutput/DB1_Lumidgm/92_4_9.xyt');

INSERT INTO Fingers
Values(NULL, 10, '92.10', '92');

INSERT INTO Images
Values('/var/www/server/Datasets/MOLF/OriginalDataset/DB1_Lumidgm/92_1_10.wsq', '92.10.1', '92.10', 352, 544, 500);

INSERT INTO Features
Values('92.10.1', '92.10.1.1', 105);

INSERT INTO Minutiaes
Values('92.10.1.1.1', '92.10.1.1', '/var/www/server/Datasets/MOLF/MindtctOutput/DB1_Lumidgm/92_1_10.xyt');

INSERT INTO Images
Values('/var/www/server/Datasets/MOLF/OriginalDataset/DB1_Lumidgm/92_2_10.wsq', '92.10.2', '92.10', 352, 544, 500);

INSERT INTO Features
Values('92.10.2', '92.10.2.1', 92);

INSERT INTO Minutiaes
Values('92.10.2.1.1', '92.10.2.1', '/var/www/server/Datasets/MOLF/MindtctOutput/DB1_Lumidgm/92_2_10.xyt');

INSERT INTO Images
Values('/var/www/server/Datasets/MOLF/OriginalDataset/DB1_Lumidgm/92_3_10.wsq', '92.10.3', '92.10', 352, 544, 500);

INSERT INTO Features
Values('92.10.3', '92.10.3.1', 72);

INSERT INTO Minutiaes
Values('92.10.3.1.1', '92.10.3.1', '/var/www/server/Datasets/MOLF/MindtctOutput/DB1_Lumidgm/92_3_10.xyt');

INSERT INTO Images
Values('/var/www/server/Datasets/MOLF/OriginalDataset/DB1_Lumidgm/92_4_10.wsq', '92.10.4', '92.10', 352, 544, 500);

INSERT INTO Features
Values('92.10.4', '92.10.4.1', 55);

INSERT INTO Minutiaes
Values('92.10.4.1.1', '92.10.4.1', '/var/www/server/Datasets/MOLF/MindtctOutput/DB1_Lumidgm/92_4_10.xyt');

#------------------------SUBJECT 93------------------------
INSERT INTO Subjects
Values('93');

INSERT INTO Fingers
Values(NULL, 1, '93.1', '93');

INSERT INTO Images
Values('/var/www/server/Datasets/MOLF/OriginalDataset/DB1_Lumidgm/93_1_1.wsq', '93.1.1', '93.1', 352, 544, 500);

INSERT INTO Features
Values('93.1.1', '93.1.1.1', 108);

INSERT INTO Minutiaes
Values('93.1.1.1.1', '93.1.1.1', '/var/www/server/Datasets/MOLF/MindtctOutput/DB1_Lumidgm/93_1_1.xyt');

INSERT INTO Images
Values('/var/www/server/Datasets/MOLF/OriginalDataset/DB1_Lumidgm/93_2_1.wsq', '93.1.2', '93.1', 352, 544, 500);

INSERT INTO Features
Values('93.1.2', '93.1.2.1', 117);

INSERT INTO Minutiaes
Values('93.1.2.1.1', '93.1.2.1', '/var/www/server/Datasets/MOLF/MindtctOutput/DB1_Lumidgm/93_2_1.xyt');

INSERT INTO Images
Values('/var/www/server/Datasets/MOLF/OriginalDataset/DB1_Lumidgm/93_3_1.wsq', '93.1.3', '93.1', 352, 544, 500);

INSERT INTO Features
Values('93.1.3', '93.1.3.1', 112);

INSERT INTO Minutiaes
Values('93.1.3.1.1', '93.1.3.1', '/var/www/server/Datasets/MOLF/MindtctOutput/DB1_Lumidgm/93_3_1.xyt');

INSERT INTO Images
Values('/var/www/server/Datasets/MOLF/OriginalDataset/DB1_Lumidgm/93_4_1.wsq', '93.1.4', '93.1', 352, 544, 500);

INSERT INTO Features
Values('93.1.4', '93.1.4.1', 109);

INSERT INTO Minutiaes
Values('93.1.4.1.1', '93.1.4.1', '/var/www/server/Datasets/MOLF/MindtctOutput/DB1_Lumidgm/93_4_1.xyt');

INSERT INTO Fingers
Values(NULL, 2, '93.2', '93');

INSERT INTO Images
Values('/var/www/server/Datasets/MOLF/OriginalDataset/DB1_Lumidgm/93_1_2.wsq', '93.2.1', '93.2', 352, 544, 500);

INSERT INTO Features
Values('93.2.1', '93.2.1.1', 125);

INSERT INTO Minutiaes
Values('93.2.1.1.1', '93.2.1.1', '/var/www/server/Datasets/MOLF/MindtctOutput/DB1_Lumidgm/93_1_2.xyt');

INSERT INTO Images
Values('/var/www/server/Datasets/MOLF/OriginalDataset/DB1_Lumidgm/93_2_2.wsq', '93.2.2', '93.2', 352, 544, 500);

INSERT INTO Features
Values('93.2.2', '93.2.2.1', 115);

INSERT INTO Minutiaes
Values('93.2.2.1.1', '93.2.2.1', '/var/www/server/Datasets/MOLF/MindtctOutput/DB1_Lumidgm/93_2_2.xyt');

INSERT INTO Images
Values('/var/www/server/Datasets/MOLF/OriginalDataset/DB1_Lumidgm/93_3_2.wsq', '93.2.3', '93.2', 352, 544, 500);

INSERT INTO Features
Values('93.2.3', '93.2.3.1', 132);

INSERT INTO Minutiaes
Values('93.2.3.1.1', '93.2.3.1', '/var/www/server/Datasets/MOLF/MindtctOutput/DB1_Lumidgm/93_3_2.xyt');

INSERT INTO Images
Values('/var/www/server/Datasets/MOLF/OriginalDataset/DB1_Lumidgm/93_4_2.wsq', '93.2.4', '93.2', 352, 544, 500);

INSERT INTO Features
Values('93.2.4', '93.2.4.1', 117);

INSERT INTO Minutiaes
Values('93.2.4.1.1', '93.2.4.1', '/var/www/server/Datasets/MOLF/MindtctOutput/DB1_Lumidgm/93_4_2.xyt');

INSERT INTO Fingers
Values(NULL, 3, '93.3', '93');

INSERT INTO Images
Values('/var/www/server/Datasets/MOLF/OriginalDataset/DB1_Lumidgm/93_1_3.wsq', '93.3.1', '93.3', 352, 544, 500);

INSERT INTO Features
Values('93.3.1', '93.3.1.1', 114);

INSERT INTO Minutiaes
Values('93.3.1.1.1', '93.3.1.1', '/var/www/server/Datasets/MOLF/MindtctOutput/DB1_Lumidgm/93_1_3.xyt');

INSERT INTO Images
Values('/var/www/server/Datasets/MOLF/OriginalDataset/DB1_Lumidgm/93_2_3.wsq', '93.3.2', '93.3', 352, 544, 500);

INSERT INTO Features
Values('93.3.2', '93.3.2.1', 113);

INSERT INTO Minutiaes
Values('93.3.2.1.1', '93.3.2.1', '/var/www/server/Datasets/MOLF/MindtctOutput/DB1_Lumidgm/93_2_3.xyt');

INSERT INTO Images
Values('/var/www/server/Datasets/MOLF/OriginalDataset/DB1_Lumidgm/93_3_3.wsq', '93.3.3', '93.3', 352, 544, 500);

INSERT INTO Features
Values('93.3.3', '93.3.3.1', 115);

INSERT INTO Minutiaes
Values('93.3.3.1.1', '93.3.3.1', '/var/www/server/Datasets/MOLF/MindtctOutput/DB1_Lumidgm/93_3_3.xyt');

INSERT INTO Images
Values('/var/www/server/Datasets/MOLF/OriginalDataset/DB1_Lumidgm/93_4_3.wsq', '93.3.4', '93.3', 352, 544, 500);

INSERT INTO Features
Values('93.3.4', '93.3.4.1', 107);

INSERT INTO Minutiaes
Values('93.3.4.1.1', '93.3.4.1', '/var/www/server/Datasets/MOLF/MindtctOutput/DB1_Lumidgm/93_4_3.xyt');

INSERT INTO Fingers
Values(NULL, 4, '93.4', '93');

INSERT INTO Images
Values('/var/www/server/Datasets/MOLF/OriginalDataset/DB1_Lumidgm/93_1_4.wsq', '93.4.1', '93.4', 352, 544, 500);

INSERT INTO Features
Values('93.4.1', '93.4.1.1', 115);

INSERT INTO Minutiaes
Values('93.4.1.1.1', '93.4.1.1', '/var/www/server/Datasets/MOLF/MindtctOutput/DB1_Lumidgm/93_1_4.xyt');

INSERT INTO Images
Values('/var/www/server/Datasets/MOLF/OriginalDataset/DB1_Lumidgm/93_2_4.wsq', '93.4.2', '93.4', 352, 544, 500);

INSERT INTO Features
Values('93.4.2', '93.4.2.1', 101);

INSERT INTO Minutiaes
Values('93.4.2.1.1', '93.4.2.1', '/var/www/server/Datasets/MOLF/MindtctOutput/DB1_Lumidgm/93_2_4.xyt');

INSERT INTO Images
Values('/var/www/server/Datasets/MOLF/OriginalDataset/DB1_Lumidgm/93_3_4.wsq', '93.4.3', '93.4', 352, 544, 500);

INSERT INTO Features
Values('93.4.3', '93.4.3.1', 115);

INSERT INTO Minutiaes
Values('93.4.3.1.1', '93.4.3.1', '/var/www/server/Datasets/MOLF/MindtctOutput/DB1_Lumidgm/93_3_4.xyt');

INSERT INTO Images
Values('/var/www/server/Datasets/MOLF/OriginalDataset/DB1_Lumidgm/93_4_4.wsq', '93.4.4', '93.4', 352, 544, 500);

INSERT INTO Features
Values('93.4.4', '93.4.4.1', 107);

INSERT INTO Minutiaes
Values('93.4.4.1.1', '93.4.4.1', '/var/www/server/Datasets/MOLF/MindtctOutput/DB1_Lumidgm/93_4_4.xyt');

INSERT INTO Fingers
Values(NULL, 5, '93.5', '93');

INSERT INTO Images
Values('/var/www/server/Datasets/MOLF/OriginalDataset/DB1_Lumidgm/93_1_5.wsq', '93.5.1', '93.5', 352, 544, 500);

INSERT INTO Features
Values('93.5.1', '93.5.1.1', 92);

INSERT INTO Minutiaes
Values('93.5.1.1.1', '93.5.1.1', '/var/www/server/Datasets/MOLF/MindtctOutput/DB1_Lumidgm/93_1_5.xyt');

INSERT INTO Images
Values('/var/www/server/Datasets/MOLF/OriginalDataset/DB1_Lumidgm/93_2_5.wsq', '93.5.2', '93.5', 352, 544, 500);

INSERT INTO Features
Values('93.5.2', '93.5.2.1', 115);

INSERT INTO Minutiaes
Values('93.5.2.1.1', '93.5.2.1', '/var/www/server/Datasets/MOLF/MindtctOutput/DB1_Lumidgm/93_2_5.xyt');

INSERT INTO Images
Values('/var/www/server/Datasets/MOLF/OriginalDataset/DB1_Lumidgm/93_3_5.wsq', '93.5.3', '93.5', 352, 544, 500);

INSERT INTO Features
Values('93.5.3', '93.5.3.1', 82);

INSERT INTO Minutiaes
Values('93.5.3.1.1', '93.5.3.1', '/var/www/server/Datasets/MOLF/MindtctOutput/DB1_Lumidgm/93_3_5.xyt');

INSERT INTO Images
Values('/var/www/server/Datasets/MOLF/OriginalDataset/DB1_Lumidgm/93_4_5.wsq', '93.5.4', '93.5', 352, 544, 500);

INSERT INTO Features
Values('93.5.4', '93.5.4.1', 115);

INSERT INTO Minutiaes
Values('93.5.4.1.1', '93.5.4.1', '/var/www/server/Datasets/MOLF/MindtctOutput/DB1_Lumidgm/93_4_5.xyt');

INSERT INTO Fingers
Values(NULL, 6, '93.6', '93');

INSERT INTO Images
Values('/var/www/server/Datasets/MOLF/OriginalDataset/DB1_Lumidgm/93_1_6.wsq', '93.6.1', '93.6', 352, 544, 500);

INSERT INTO Features
Values('93.6.1', '93.6.1.1', 81);

INSERT INTO Minutiaes
Values('93.6.1.1.1', '93.6.1.1', '/var/www/server/Datasets/MOLF/MindtctOutput/DB1_Lumidgm/93_1_6.xyt');

INSERT INTO Images
Values('/var/www/server/Datasets/MOLF/OriginalDataset/DB1_Lumidgm/93_2_6.wsq', '93.6.2', '93.6', 352, 544, 500);

INSERT INTO Features
Values('93.6.2', '93.6.2.1', 91);

INSERT INTO Minutiaes
Values('93.6.2.1.1', '93.6.2.1', '/var/www/server/Datasets/MOLF/MindtctOutput/DB1_Lumidgm/93_2_6.xyt');

INSERT INTO Images
Values('/var/www/server/Datasets/MOLF/OriginalDataset/DB1_Lumidgm/93_3_6.wsq', '93.6.3', '93.6', 352, 544, 500);

INSERT INTO Features
Values('93.6.3', '93.6.3.1', 108);

INSERT INTO Minutiaes
Values('93.6.3.1.1', '93.6.3.1', '/var/www/server/Datasets/MOLF/MindtctOutput/DB1_Lumidgm/93_3_6.xyt');

INSERT INTO Images
Values('/var/www/server/Datasets/MOLF/OriginalDataset/DB1_Lumidgm/93_4_6.wsq', '93.6.4', '93.6', 352, 544, 500);

INSERT INTO Features
Values('93.6.4', '93.6.4.1', 99);

INSERT INTO Minutiaes
Values('93.6.4.1.1', '93.6.4.1', '/var/www/server/Datasets/MOLF/MindtctOutput/DB1_Lumidgm/93_4_6.xyt');

INSERT INTO Fingers
Values(NULL, 7, '93.7', '93');

INSERT INTO Images
Values('/var/www/server/Datasets/MOLF/OriginalDataset/DB1_Lumidgm/93_1_7.wsq', '93.7.1', '93.7', 352, 544, 500);

INSERT INTO Features
Values('93.7.1', '93.7.1.1', 116);

INSERT INTO Minutiaes
Values('93.7.1.1.1', '93.7.1.1', '/var/www/server/Datasets/MOLF/MindtctOutput/DB1_Lumidgm/93_1_7.xyt');

INSERT INTO Images
Values('/var/www/server/Datasets/MOLF/OriginalDataset/DB1_Lumidgm/93_2_7.wsq', '93.7.2', '93.7', 352, 544, 500);

INSERT INTO Features
Values('93.7.2', '93.7.2.1', 120);

INSERT INTO Minutiaes
Values('93.7.2.1.1', '93.7.2.1', '/var/www/server/Datasets/MOLF/MindtctOutput/DB1_Lumidgm/93_2_7.xyt');

INSERT INTO Images
Values('/var/www/server/Datasets/MOLF/OriginalDataset/DB1_Lumidgm/93_3_7.wsq', '93.7.3', '93.7', 352, 544, 500);

INSERT INTO Features
Values('93.7.3', '93.7.3.1', 110);

INSERT INTO Minutiaes
Values('93.7.3.1.1', '93.7.3.1', '/var/www/server/Datasets/MOLF/MindtctOutput/DB1_Lumidgm/93_3_7.xyt');

INSERT INTO Images
Values('/var/www/server/Datasets/MOLF/OriginalDataset/DB1_Lumidgm/93_4_7.wsq', '93.7.4', '93.7', 352, 544, 500);

INSERT INTO Features
Values('93.7.4', '93.7.4.1', 119);

INSERT INTO Minutiaes
Values('93.7.4.1.1', '93.7.4.1', '/var/www/server/Datasets/MOLF/MindtctOutput/DB1_Lumidgm/93_4_7.xyt');

INSERT INTO Fingers
Values(NULL, 8, '93.8', '93');

INSERT INTO Images
Values('/var/www/server/Datasets/MOLF/OriginalDataset/DB1_Lumidgm/93_1_8.wsq', '93.8.1', '93.8', 352, 544, 500);

INSERT INTO Features
Values('93.8.1', '93.8.1.1', 122);

INSERT INTO Minutiaes
Values('93.8.1.1.1', '93.8.1.1', '/var/www/server/Datasets/MOLF/MindtctOutput/DB1_Lumidgm/93_1_8.xyt');

INSERT INTO Images
Values('/var/www/server/Datasets/MOLF/OriginalDataset/DB1_Lumidgm/93_2_8.wsq', '93.8.2', '93.8', 352, 544, 500);

INSERT INTO Features
Values('93.8.2', '93.8.2.1', 115);

INSERT INTO Minutiaes
Values('93.8.2.1.1', '93.8.2.1', '/var/www/server/Datasets/MOLF/MindtctOutput/DB1_Lumidgm/93_2_8.xyt');

INSERT INTO Images
Values('/var/www/server/Datasets/MOLF/OriginalDataset/DB1_Lumidgm/93_3_8.wsq', '93.8.3', '93.8', 352, 544, 500);

INSERT INTO Features
Values('93.8.3', '93.8.3.1', 112);

INSERT INTO Minutiaes
Values('93.8.3.1.1', '93.8.3.1', '/var/www/server/Datasets/MOLF/MindtctOutput/DB1_Lumidgm/93_3_8.xyt');

INSERT INTO Images
Values('/var/www/server/Datasets/MOLF/OriginalDataset/DB1_Lumidgm/93_4_8.wsq', '93.8.4', '93.8', 352, 544, 500);

INSERT INTO Features
Values('93.8.4', '93.8.4.1', 112);

INSERT INTO Minutiaes
Values('93.8.4.1.1', '93.8.4.1', '/var/www/server/Datasets/MOLF/MindtctOutput/DB1_Lumidgm/93_4_8.xyt');

INSERT INTO Fingers
Values(NULL, 9, '93.9', '93');

INSERT INTO Images
Values('/var/www/server/Datasets/MOLF/OriginalDataset/DB1_Lumidgm/93_1_9.wsq', '93.9.1', '93.9', 352, 544, 500);

INSERT INTO Features
Values('93.9.1', '93.9.1.1', 106);

INSERT INTO Minutiaes
Values('93.9.1.1.1', '93.9.1.1', '/var/www/server/Datasets/MOLF/MindtctOutput/DB1_Lumidgm/93_1_9.xyt');

INSERT INTO Images
Values('/var/www/server/Datasets/MOLF/OriginalDataset/DB1_Lumidgm/93_2_9.wsq', '93.9.2', '93.9', 352, 544, 500);

INSERT INTO Features
Values('93.9.2', '93.9.2.1', 112);

INSERT INTO Minutiaes
Values('93.9.2.1.1', '93.9.2.1', '/var/www/server/Datasets/MOLF/MindtctOutput/DB1_Lumidgm/93_2_9.xyt');

INSERT INTO Images
Values('/var/www/server/Datasets/MOLF/OriginalDataset/DB1_Lumidgm/93_3_9.wsq', '93.9.3', '93.9', 352, 544, 500);

INSERT INTO Features
Values('93.9.3', '93.9.3.1', 114);

INSERT INTO Minutiaes
Values('93.9.3.1.1', '93.9.3.1', '/var/www/server/Datasets/MOLF/MindtctOutput/DB1_Lumidgm/93_3_9.xyt');

INSERT INTO Images
Values('/var/www/server/Datasets/MOLF/OriginalDataset/DB1_Lumidgm/93_4_9.wsq', '93.9.4', '93.9', 352, 544, 500);

INSERT INTO Features
Values('93.9.4', '93.9.4.1', 114);

INSERT INTO Minutiaes
Values('93.9.4.1.1', '93.9.4.1', '/var/www/server/Datasets/MOLF/MindtctOutput/DB1_Lumidgm/93_4_9.xyt');

INSERT INTO Fingers
Values(NULL, 10, '93.10', '93');

INSERT INTO Images
Values('/var/www/server/Datasets/MOLF/OriginalDataset/DB1_Lumidgm/93_1_10.wsq', '93.10.1', '93.10', 352, 544, 500);

INSERT INTO Features
Values('93.10.1', '93.10.1.1', 100);

INSERT INTO Minutiaes
Values('93.10.1.1.1', '93.10.1.1', '/var/www/server/Datasets/MOLF/MindtctOutput/DB1_Lumidgm/93_1_10.xyt');

INSERT INTO Images
Values('/var/www/server/Datasets/MOLF/OriginalDataset/DB1_Lumidgm/93_2_10.wsq', '93.10.2', '93.10', 352, 544, 500);

INSERT INTO Features
Values('93.10.2', '93.10.2.1', 106);

INSERT INTO Minutiaes
Values('93.10.2.1.1', '93.10.2.1', '/var/www/server/Datasets/MOLF/MindtctOutput/DB1_Lumidgm/93_2_10.xyt');

INSERT INTO Images
Values('/var/www/server/Datasets/MOLF/OriginalDataset/DB1_Lumidgm/93_3_10.wsq', '93.10.3', '93.10', 352, 544, 500);

INSERT INTO Features
Values('93.10.3', '93.10.3.1', 98);

INSERT INTO Minutiaes
Values('93.10.3.1.1', '93.10.3.1', '/var/www/server/Datasets/MOLF/MindtctOutput/DB1_Lumidgm/93_3_10.xyt');

INSERT INTO Images
Values('/var/www/server/Datasets/MOLF/OriginalDataset/DB1_Lumidgm/93_4_10.wsq', '93.10.4', '93.10', 352, 544, 500);

INSERT INTO Features
Values('93.10.4', '93.10.4.1', 98);

INSERT INTO Minutiaes
Values('93.10.4.1.1', '93.10.4.1', '/var/www/server/Datasets/MOLF/MindtctOutput/DB1_Lumidgm/93_4_10.xyt');

#------------------------SUBJECT 94------------------------
INSERT INTO Subjects
Values('94');

INSERT INTO Fingers
Values(NULL, 1, '94.1', '94');

INSERT INTO Images
Values('/var/www/server/Datasets/MOLF/OriginalDataset/DB1_Lumidgm/94_1_1.wsq', '94.1.1', '94.1', 352, 544, 500);

INSERT INTO Features
Values('94.1.1', '94.1.1.1', 92);

INSERT INTO Minutiaes
Values('94.1.1.1.1', '94.1.1.1', '/var/www/server/Datasets/MOLF/MindtctOutput/DB1_Lumidgm/94_1_1.xyt');

INSERT INTO Images
Values('/var/www/server/Datasets/MOLF/OriginalDataset/DB1_Lumidgm/94_2_1.wsq', '94.1.2', '94.1', 352, 544, 500);

INSERT INTO Features
Values('94.1.2', '94.1.2.1', 98);

INSERT INTO Minutiaes
Values('94.1.2.1.1', '94.1.2.1', '/var/www/server/Datasets/MOLF/MindtctOutput/DB1_Lumidgm/94_2_1.xyt');

INSERT INTO Images
Values('/var/www/server/Datasets/MOLF/OriginalDataset/DB1_Lumidgm/94_3_1.wsq', '94.1.3', '94.1', 352, 544, 500);

INSERT INTO Features
Values('94.1.3', '94.1.3.1', 36);

INSERT INTO Minutiaes
Values('94.1.3.1.1', '94.1.3.1', '/var/www/server/Datasets/MOLF/MindtctOutput/DB1_Lumidgm/94_3_1.xyt');

INSERT INTO Images
Values('/var/www/server/Datasets/MOLF/OriginalDataset/DB1_Lumidgm/94_4_1.wsq', '94.1.4', '94.1', 352, 544, 500);

INSERT INTO Features
Values('94.1.4', '94.1.4.1', 38);

INSERT INTO Minutiaes
Values('94.1.4.1.1', '94.1.4.1', '/var/www/server/Datasets/MOLF/MindtctOutput/DB1_Lumidgm/94_4_1.xyt');

INSERT INTO Fingers
Values(NULL, 2, '94.2', '94');

INSERT INTO Images
Values('/var/www/server/Datasets/MOLF/OriginalDataset/DB1_Lumidgm/94_1_2.wsq', '94.2.1', '94.2', 352, 544, 500);

INSERT INTO Features
Values('94.2.1', '94.2.1.1', 112);

INSERT INTO Minutiaes
Values('94.2.1.1.1', '94.2.1.1', '/var/www/server/Datasets/MOLF/MindtctOutput/DB1_Lumidgm/94_1_2.xyt');

INSERT INTO Images
Values('/var/www/server/Datasets/MOLF/OriginalDataset/DB1_Lumidgm/94_2_2.wsq', '94.2.2', '94.2', 352, 544, 500);

INSERT INTO Features
Values('94.2.2', '94.2.2.1', 109);

INSERT INTO Minutiaes
Values('94.2.2.1.1', '94.2.2.1', '/var/www/server/Datasets/MOLF/MindtctOutput/DB1_Lumidgm/94_2_2.xyt');

INSERT INTO Images
Values('/var/www/server/Datasets/MOLF/OriginalDataset/DB1_Lumidgm/94_3_2.wsq', '94.2.3', '94.2', 352, 544, 500);

INSERT INTO Features
Values('94.2.3', '94.2.3.1', 46);

INSERT INTO Minutiaes
Values('94.2.3.1.1', '94.2.3.1', '/var/www/server/Datasets/MOLF/MindtctOutput/DB1_Lumidgm/94_3_2.xyt');

INSERT INTO Images
Values('/var/www/server/Datasets/MOLF/OriginalDataset/DB1_Lumidgm/94_4_2.wsq', '94.2.4', '94.2', 352, 544, 500);

INSERT INTO Features
Values('94.2.4', '94.2.4.1', 55);

INSERT INTO Minutiaes
Values('94.2.4.1.1', '94.2.4.1', '/var/www/server/Datasets/MOLF/MindtctOutput/DB1_Lumidgm/94_4_2.xyt');

INSERT INTO Fingers
Values(NULL, 3, '94.3', '94');

INSERT INTO Images
Values('/var/www/server/Datasets/MOLF/OriginalDataset/DB1_Lumidgm/94_1_3.wsq', '94.3.1', '94.3', 352, 544, 500);

INSERT INTO Features
Values('94.3.1', '94.3.1.1', 92);

INSERT INTO Minutiaes
Values('94.3.1.1.1', '94.3.1.1', '/var/www/server/Datasets/MOLF/MindtctOutput/DB1_Lumidgm/94_1_3.xyt');

INSERT INTO Images
Values('/var/www/server/Datasets/MOLF/OriginalDataset/DB1_Lumidgm/94_2_3.wsq', '94.3.2', '94.3', 352, 544, 500);

INSERT INTO Features
Values('94.3.2', '94.3.2.1', 102);

INSERT INTO Minutiaes
Values('94.3.2.1.1', '94.3.2.1', '/var/www/server/Datasets/MOLF/MindtctOutput/DB1_Lumidgm/94_2_3.xyt');

INSERT INTO Images
Values('/var/www/server/Datasets/MOLF/OriginalDataset/DB1_Lumidgm/94_3_3.wsq', '94.3.3', '94.3', 352, 544, 500);

INSERT INTO Features
Values('94.3.3', '94.3.3.1', 44);

INSERT INTO Minutiaes
Values('94.3.3.1.1', '94.3.3.1', '/var/www/server/Datasets/MOLF/MindtctOutput/DB1_Lumidgm/94_3_3.xyt');

INSERT INTO Images
Values('/var/www/server/Datasets/MOLF/OriginalDataset/DB1_Lumidgm/94_4_3.wsq', '94.3.4', '94.3', 352, 544, 500);

INSERT INTO Features
Values('94.3.4', '94.3.4.1', 49);

INSERT INTO Minutiaes
Values('94.3.4.1.1', '94.3.4.1', '/var/www/server/Datasets/MOLF/MindtctOutput/DB1_Lumidgm/94_4_3.xyt');

INSERT INTO Fingers
Values(NULL, 4, '94.4', '94');

INSERT INTO Images
Values('/var/www/server/Datasets/MOLF/OriginalDataset/DB1_Lumidgm/94_1_4.wsq', '94.4.1', '94.4', 352, 544, 500);

INSERT INTO Features
Values('94.4.1', '94.4.1.1', 119);

INSERT INTO Minutiaes
Values('94.4.1.1.1', '94.4.1.1', '/var/www/server/Datasets/MOLF/MindtctOutput/DB1_Lumidgm/94_1_4.xyt');

INSERT INTO Images
Values('/var/www/server/Datasets/MOLF/OriginalDataset/DB1_Lumidgm/94_2_4.wsq', '94.4.2', '94.4', 352, 544, 500);

INSERT INTO Features
Values('94.4.2', '94.4.2.1', 108);

INSERT INTO Minutiaes
Values('94.4.2.1.1', '94.4.2.1', '/var/www/server/Datasets/MOLF/MindtctOutput/DB1_Lumidgm/94_2_4.xyt');

INSERT INTO Images
Values('/var/www/server/Datasets/MOLF/OriginalDataset/DB1_Lumidgm/94_3_4.wsq', '94.4.3', '94.4', 352, 544, 500);

INSERT INTO Features
Values('94.4.3', '94.4.3.1', 50);

INSERT INTO Minutiaes
Values('94.4.3.1.1', '94.4.3.1', '/var/www/server/Datasets/MOLF/MindtctOutput/DB1_Lumidgm/94_3_4.xyt');

INSERT INTO Images
Values('/var/www/server/Datasets/MOLF/OriginalDataset/DB1_Lumidgm/94_4_4.wsq', '94.4.4', '94.4', 352, 544, 500);

INSERT INTO Features
Values('94.4.4', '94.4.4.1', 49);

INSERT INTO Minutiaes
Values('94.4.4.1.1', '94.4.4.1', '/var/www/server/Datasets/MOLF/MindtctOutput/DB1_Lumidgm/94_4_4.xyt');

INSERT INTO Fingers
Values(NULL, 5, '94.5', '94');

INSERT INTO Images
Values('/var/www/server/Datasets/MOLF/OriginalDataset/DB1_Lumidgm/94_1_5.wsq', '94.5.1', '94.5', 352, 544, 500);

INSERT INTO Features
Values('94.5.1', '94.5.1.1', 110);

INSERT INTO Minutiaes
Values('94.5.1.1.1', '94.5.1.1', '/var/www/server/Datasets/MOLF/MindtctOutput/DB1_Lumidgm/94_1_5.xyt');

INSERT INTO Images
Values('/var/www/server/Datasets/MOLF/OriginalDataset/DB1_Lumidgm/94_2_5.wsq', '94.5.2', '94.5', 352, 544, 500);

INSERT INTO Features
Values('94.5.2', '94.5.2.1', 115);

INSERT INTO Minutiaes
Values('94.5.2.1.1', '94.5.2.1', '/var/www/server/Datasets/MOLF/MindtctOutput/DB1_Lumidgm/94_2_5.xyt');

INSERT INTO Images
Values('/var/www/server/Datasets/MOLF/OriginalDataset/DB1_Lumidgm/94_3_5.wsq', '94.5.3', '94.5', 352, 544, 500);

INSERT INTO Features
Values('94.5.3', '94.5.3.1', 47);

INSERT INTO Minutiaes
Values('94.5.3.1.1', '94.5.3.1', '/var/www/server/Datasets/MOLF/MindtctOutput/DB1_Lumidgm/94_3_5.xyt');

INSERT INTO Images
Values('/var/www/server/Datasets/MOLF/OriginalDataset/DB1_Lumidgm/94_4_5.wsq', '94.5.4', '94.5', 352, 544, 500);

INSERT INTO Features
Values('94.5.4', '94.5.4.1', 40);

INSERT INTO Minutiaes
Values('94.5.4.1.1', '94.5.4.1', '/var/www/server/Datasets/MOLF/MindtctOutput/DB1_Lumidgm/94_4_5.xyt');

INSERT INTO Fingers
Values(NULL, 6, '94.6', '94');

INSERT INTO Images
Values('/var/www/server/Datasets/MOLF/OriginalDataset/DB1_Lumidgm/94_1_6.wsq', '94.6.1', '94.6', 352, 544, 500);

INSERT INTO Features
Values('94.6.1', '94.6.1.1', 76);

INSERT INTO Minutiaes
Values('94.6.1.1.1', '94.6.1.1', '/var/www/server/Datasets/MOLF/MindtctOutput/DB1_Lumidgm/94_1_6.xyt');

INSERT INTO Images
Values('/var/www/server/Datasets/MOLF/OriginalDataset/DB1_Lumidgm/94_2_6.wsq', '94.6.2', '94.6', 352, 544, 500);

INSERT INTO Features
Values('94.6.2', '94.6.2.1', 89);

INSERT INTO Minutiaes
Values('94.6.2.1.1', '94.6.2.1', '/var/www/server/Datasets/MOLF/MindtctOutput/DB1_Lumidgm/94_2_6.xyt');

INSERT INTO Images
Values('/var/www/server/Datasets/MOLF/OriginalDataset/DB1_Lumidgm/94_3_6.wsq', '94.6.3', '94.6', 352, 544, 500);

INSERT INTO Features
Values('94.6.3', '94.6.3.1', 28);

INSERT INTO Minutiaes
Values('94.6.3.1.1', '94.6.3.1', '/var/www/server/Datasets/MOLF/MindtctOutput/DB1_Lumidgm/94_3_6.xyt');

INSERT INTO Images
Values('/var/www/server/Datasets/MOLF/OriginalDataset/DB1_Lumidgm/94_4_6.wsq', '94.6.4', '94.6', 352, 544, 500);

INSERT INTO Features
Values('94.6.4', '94.6.4.1', 31);

INSERT INTO Minutiaes
Values('94.6.4.1.1', '94.6.4.1', '/var/www/server/Datasets/MOLF/MindtctOutput/DB1_Lumidgm/94_4_6.xyt');

INSERT INTO Fingers
Values(NULL, 7, '94.7', '94');

INSERT INTO Images
Values('/var/www/server/Datasets/MOLF/OriginalDataset/DB1_Lumidgm/94_1_7.wsq', '94.7.1', '94.7', 352, 544, 500);

INSERT INTO Features
Values('94.7.1', '94.7.1.1', 109);

INSERT INTO Minutiaes
Values('94.7.1.1.1', '94.7.1.1', '/var/www/server/Datasets/MOLF/MindtctOutput/DB1_Lumidgm/94_1_7.xyt');

INSERT INTO Images
Values('/var/www/server/Datasets/MOLF/OriginalDataset/DB1_Lumidgm/94_2_7.wsq', '94.7.2', '94.7', 352, 544, 500);

INSERT INTO Features
Values('94.7.2', '94.7.2.1', 109);

INSERT INTO Minutiaes
Values('94.7.2.1.1', '94.7.2.1', '/var/www/server/Datasets/MOLF/MindtctOutput/DB1_Lumidgm/94_2_7.xyt');

INSERT INTO Images
Values('/var/www/server/Datasets/MOLF/OriginalDataset/DB1_Lumidgm/94_3_7.wsq', '94.7.3', '94.7', 352, 544, 500);

INSERT INTO Features
Values('94.7.3', '94.7.3.1', 59);

INSERT INTO Minutiaes
Values('94.7.3.1.1', '94.7.3.1', '/var/www/server/Datasets/MOLF/MindtctOutput/DB1_Lumidgm/94_3_7.xyt');

INSERT INTO Images
Values('/var/www/server/Datasets/MOLF/OriginalDataset/DB1_Lumidgm/94_4_7.wsq', '94.7.4', '94.7', 352, 544, 500);

INSERT INTO Features
Values('94.7.4', '94.7.4.1', 54);

INSERT INTO Minutiaes
Values('94.7.4.1.1', '94.7.4.1', '/var/www/server/Datasets/MOLF/MindtctOutput/DB1_Lumidgm/94_4_7.xyt');

INSERT INTO Fingers
Values(NULL, 8, '94.8', '94');

INSERT INTO Images
Values('/var/www/server/Datasets/MOLF/OriginalDataset/DB1_Lumidgm/94_1_8.wsq', '94.8.1', '94.8', 352, 544, 500);

INSERT INTO Features
Values('94.8.1', '94.8.1.1', 111);

INSERT INTO Minutiaes
Values('94.8.1.1.1', '94.8.1.1', '/var/www/server/Datasets/MOLF/MindtctOutput/DB1_Lumidgm/94_1_8.xyt');

INSERT INTO Images
Values('/var/www/server/Datasets/MOLF/OriginalDataset/DB1_Lumidgm/94_2_8.wsq', '94.8.2', '94.8', 352, 544, 500);

INSERT INTO Features
Values('94.8.2', '94.8.2.1', 127);

INSERT INTO Minutiaes
Values('94.8.2.1.1', '94.8.2.1', '/var/www/server/Datasets/MOLF/MindtctOutput/DB1_Lumidgm/94_2_8.xyt');

INSERT INTO Images
Values('/var/www/server/Datasets/MOLF/OriginalDataset/DB1_Lumidgm/94_3_8.wsq', '94.8.3', '94.8', 352, 544, 500);

INSERT INTO Features
Values('94.8.3', '94.8.3.1', 59);

INSERT INTO Minutiaes
Values('94.8.3.1.1', '94.8.3.1', '/var/www/server/Datasets/MOLF/MindtctOutput/DB1_Lumidgm/94_3_8.xyt');

INSERT INTO Images
Values('/var/www/server/Datasets/MOLF/OriginalDataset/DB1_Lumidgm/94_4_8.wsq', '94.8.4', '94.8', 352, 544, 500);

INSERT INTO Features
Values('94.8.4', '94.8.4.1', 52);

INSERT INTO Minutiaes
Values('94.8.4.1.1', '94.8.4.1', '/var/www/server/Datasets/MOLF/MindtctOutput/DB1_Lumidgm/94_4_8.xyt');

INSERT INTO Fingers
Values(NULL, 9, '94.9', '94');

INSERT INTO Images
Values('/var/www/server/Datasets/MOLF/OriginalDataset/DB1_Lumidgm/94_1_9.wsq', '94.9.1', '94.9', 352, 544, 500);

INSERT INTO Features
Values('94.9.1', '94.9.1.1', 95);

INSERT INTO Minutiaes
Values('94.9.1.1.1', '94.9.1.1', '/var/www/server/Datasets/MOLF/MindtctOutput/DB1_Lumidgm/94_1_9.xyt');

INSERT INTO Images
Values('/var/www/server/Datasets/MOLF/OriginalDataset/DB1_Lumidgm/94_2_9.wsq', '94.9.2', '94.9', 352, 544, 500);

INSERT INTO Features
Values('94.9.2', '94.9.2.1', 121);

INSERT INTO Minutiaes
Values('94.9.2.1.1', '94.9.2.1', '/var/www/server/Datasets/MOLF/MindtctOutput/DB1_Lumidgm/94_2_9.xyt');

INSERT INTO Images
Values('/var/www/server/Datasets/MOLF/OriginalDataset/DB1_Lumidgm/94_3_9.wsq', '94.9.3', '94.9', 352, 544, 500);

INSERT INTO Features
Values('94.9.3', '94.9.3.1', 66);

INSERT INTO Minutiaes
Values('94.9.3.1.1', '94.9.3.1', '/var/www/server/Datasets/MOLF/MindtctOutput/DB1_Lumidgm/94_3_9.xyt');

INSERT INTO Images
Values('/var/www/server/Datasets/MOLF/OriginalDataset/DB1_Lumidgm/94_4_9.wsq', '94.9.4', '94.9', 352, 544, 500);

INSERT INTO Features
Values('94.9.4', '94.9.4.1', 74);

INSERT INTO Minutiaes
Values('94.9.4.1.1', '94.9.4.1', '/var/www/server/Datasets/MOLF/MindtctOutput/DB1_Lumidgm/94_4_9.xyt');

INSERT INTO Fingers
Values(NULL, 10, '94.10', '94');

INSERT INTO Images
Values('/var/www/server/Datasets/MOLF/OriginalDataset/DB1_Lumidgm/94_1_10.wsq', '94.10.1', '94.10', 352, 544, 500);

INSERT INTO Features
Values('94.10.1', '94.10.1.1', 108);

INSERT INTO Minutiaes
Values('94.10.1.1.1', '94.10.1.1', '/var/www/server/Datasets/MOLF/MindtctOutput/DB1_Lumidgm/94_1_10.xyt');

INSERT INTO Images
Values('/var/www/server/Datasets/MOLF/OriginalDataset/DB1_Lumidgm/94_2_10.wsq', '94.10.2', '94.10', 352, 544, 500);

INSERT INTO Features
Values('94.10.2', '94.10.2.1', 103);

INSERT INTO Minutiaes
Values('94.10.2.1.1', '94.10.2.1', '/var/www/server/Datasets/MOLF/MindtctOutput/DB1_Lumidgm/94_2_10.xyt');

INSERT INTO Images
Values('/var/www/server/Datasets/MOLF/OriginalDataset/DB1_Lumidgm/94_3_10.wsq', '94.10.3', '94.10', 352, 544, 500);

INSERT INTO Features
Values('94.10.3', '94.10.3.1', 71);

INSERT INTO Minutiaes
Values('94.10.3.1.1', '94.10.3.1', '/var/www/server/Datasets/MOLF/MindtctOutput/DB1_Lumidgm/94_3_10.xyt');

INSERT INTO Images
Values('/var/www/server/Datasets/MOLF/OriginalDataset/DB1_Lumidgm/94_4_10.wsq', '94.10.4', '94.10', 352, 544, 500);

INSERT INTO Features
Values('94.10.4', '94.10.4.1', 49);

INSERT INTO Minutiaes
Values('94.10.4.1.1', '94.10.4.1', '/var/www/server/Datasets/MOLF/MindtctOutput/DB1_Lumidgm/94_4_10.xyt');

#------------------------SUBJECT 95------------------------
INSERT INTO Subjects
Values('95');

INSERT INTO Fingers
Values(NULL, 1, '95.1', '95');

INSERT INTO Images
Values('/var/www/server/Datasets/MOLF/OriginalDataset/DB1_Lumidgm/95_1_1.wsq', '95.1.1', '95.1', 352, 544, 500);

INSERT INTO Features
Values('95.1.1', '95.1.1.1', 94);

INSERT INTO Minutiaes
Values('95.1.1.1.1', '95.1.1.1', '/var/www/server/Datasets/MOLF/MindtctOutput/DB1_Lumidgm/95_1_1.xyt');

INSERT INTO Images
Values('/var/www/server/Datasets/MOLF/OriginalDataset/DB1_Lumidgm/95_2_1.wsq', '95.1.2', '95.1', 352, 544, 500);

INSERT INTO Features
Values('95.1.2', '95.1.2.1', 82);

INSERT INTO Minutiaes
Values('95.1.2.1.1', '95.1.2.1', '/var/www/server/Datasets/MOLF/MindtctOutput/DB1_Lumidgm/95_2_1.xyt');

INSERT INTO Images
Values('/var/www/server/Datasets/MOLF/OriginalDataset/DB1_Lumidgm/95_3_1.wsq', '95.1.3', '95.1', 352, 544, 500);

INSERT INTO Features
Values('95.1.3', '95.1.3.1', 49);

INSERT INTO Minutiaes
Values('95.1.3.1.1', '95.1.3.1', '/var/www/server/Datasets/MOLF/MindtctOutput/DB1_Lumidgm/95_3_1.xyt');

INSERT INTO Images
Values('/var/www/server/Datasets/MOLF/OriginalDataset/DB1_Lumidgm/95_4_1.wsq', '95.1.4', '95.1', 352, 544, 500);

INSERT INTO Features
Values('95.1.4', '95.1.4.1', 34);

INSERT INTO Minutiaes
Values('95.1.4.1.1', '95.1.4.1', '/var/www/server/Datasets/MOLF/MindtctOutput/DB1_Lumidgm/95_4_1.xyt');

INSERT INTO Fingers
Values(NULL, 2, '95.2', '95');

INSERT INTO Images
Values('/var/www/server/Datasets/MOLF/OriginalDataset/DB1_Lumidgm/95_1_2.wsq', '95.2.1', '95.2', 352, 544, 500);

INSERT INTO Features
Values('95.2.1', '95.2.1.1', 104);

INSERT INTO Minutiaes
Values('95.2.1.1.1', '95.2.1.1', '/var/www/server/Datasets/MOLF/MindtctOutput/DB1_Lumidgm/95_1_2.xyt');

INSERT INTO Images
Values('/var/www/server/Datasets/MOLF/OriginalDataset/DB1_Lumidgm/95_2_2.wsq', '95.2.2', '95.2', 352, 544, 500);

INSERT INTO Features
Values('95.2.2', '95.2.2.1', 82);

INSERT INTO Minutiaes
Values('95.2.2.1.1', '95.2.2.1', '/var/www/server/Datasets/MOLF/MindtctOutput/DB1_Lumidgm/95_2_2.xyt');

INSERT INTO Images
Values('/var/www/server/Datasets/MOLF/OriginalDataset/DB1_Lumidgm/95_3_2.wsq', '95.2.3', '95.2', 352, 544, 500);

INSERT INTO Features
Values('95.2.3', '95.2.3.1', 46);

INSERT INTO Minutiaes
Values('95.2.3.1.1', '95.2.3.1', '/var/www/server/Datasets/MOLF/MindtctOutput/DB1_Lumidgm/95_3_2.xyt');

INSERT INTO Images
Values('/var/www/server/Datasets/MOLF/OriginalDataset/DB1_Lumidgm/95_4_2.wsq', '95.2.4', '95.2', 352, 544, 500);

INSERT INTO Features
Values('95.2.4', '95.2.4.1', 43);

INSERT INTO Minutiaes
Values('95.2.4.1.1', '95.2.4.1', '/var/www/server/Datasets/MOLF/MindtctOutput/DB1_Lumidgm/95_4_2.xyt');

INSERT INTO Fingers
Values(NULL, 3, '95.3', '95');

INSERT INTO Images
Values('/var/www/server/Datasets/MOLF/OriginalDataset/DB1_Lumidgm/95_1_3.wsq', '95.3.1', '95.3', 352, 544, 500);

INSERT INTO Features
Values('95.3.1', '95.3.1.1', 103);

INSERT INTO Minutiaes
Values('95.3.1.1.1', '95.3.1.1', '/var/www/server/Datasets/MOLF/MindtctOutput/DB1_Lumidgm/95_1_3.xyt');

INSERT INTO Images
Values('/var/www/server/Datasets/MOLF/OriginalDataset/DB1_Lumidgm/95_2_3.wsq', '95.3.2', '95.3', 352, 544, 500);

INSERT INTO Features
Values('95.3.2', '95.3.2.1', 100);

INSERT INTO Minutiaes
Values('95.3.2.1.1', '95.3.2.1', '/var/www/server/Datasets/MOLF/MindtctOutput/DB1_Lumidgm/95_2_3.xyt');

INSERT INTO Images
Values('/var/www/server/Datasets/MOLF/OriginalDataset/DB1_Lumidgm/95_3_3.wsq', '95.3.3', '95.3', 352, 544, 500);

INSERT INTO Features
Values('95.3.3', '95.3.3.1', 47);

INSERT INTO Minutiaes
Values('95.3.3.1.1', '95.3.3.1', '/var/www/server/Datasets/MOLF/MindtctOutput/DB1_Lumidgm/95_3_3.xyt');

INSERT INTO Images
Values('/var/www/server/Datasets/MOLF/OriginalDataset/DB1_Lumidgm/95_4_3.wsq', '95.3.4', '95.3', 352, 544, 500);

INSERT INTO Features
Values('95.3.4', '95.3.4.1', 52);

INSERT INTO Minutiaes
Values('95.3.4.1.1', '95.3.4.1', '/var/www/server/Datasets/MOLF/MindtctOutput/DB1_Lumidgm/95_4_3.xyt');

INSERT INTO Fingers
Values(NULL, 4, '95.4', '95');

INSERT INTO Images
Values('/var/www/server/Datasets/MOLF/OriginalDataset/DB1_Lumidgm/95_1_4.wsq', '95.4.1', '95.4', 352, 544, 500);

INSERT INTO Features
Values('95.4.1', '95.4.1.1', 97);

INSERT INTO Minutiaes
Values('95.4.1.1.1', '95.4.1.1', '/var/www/server/Datasets/MOLF/MindtctOutput/DB1_Lumidgm/95_1_4.xyt');

INSERT INTO Images
Values('/var/www/server/Datasets/MOLF/OriginalDataset/DB1_Lumidgm/95_2_4.wsq', '95.4.2', '95.4', 352, 544, 500);

INSERT INTO Features
Values('95.4.2', '95.4.2.1', 86);

INSERT INTO Minutiaes
Values('95.4.2.1.1', '95.4.2.1', '/var/www/server/Datasets/MOLF/MindtctOutput/DB1_Lumidgm/95_2_4.xyt');

INSERT INTO Images
Values('/var/www/server/Datasets/MOLF/OriginalDataset/DB1_Lumidgm/95_3_4.wsq', '95.4.3', '95.4', 352, 544, 500);

INSERT INTO Features
Values('95.4.3', '95.4.3.1', 58);

INSERT INTO Minutiaes
Values('95.4.3.1.1', '95.4.3.1', '/var/www/server/Datasets/MOLF/MindtctOutput/DB1_Lumidgm/95_3_4.xyt');

INSERT INTO Images
Values('/var/www/server/Datasets/MOLF/OriginalDataset/DB1_Lumidgm/95_4_4.wsq', '95.4.4', '95.4', 352, 544, 500);

INSERT INTO Features
Values('95.4.4', '95.4.4.1', 41);

INSERT INTO Minutiaes
Values('95.4.4.1.1', '95.4.4.1', '/var/www/server/Datasets/MOLF/MindtctOutput/DB1_Lumidgm/95_4_4.xyt');

INSERT INTO Fingers
Values(NULL, 5, '95.5', '95');

INSERT INTO Images
Values('/var/www/server/Datasets/MOLF/OriginalDataset/DB1_Lumidgm/95_1_5.wsq', '95.5.1', '95.5', 352, 544, 500);

INSERT INTO Features
Values('95.5.1', '95.5.1.1', 108);

INSERT INTO Minutiaes
Values('95.5.1.1.1', '95.5.1.1', '/var/www/server/Datasets/MOLF/MindtctOutput/DB1_Lumidgm/95_1_5.xyt');

INSERT INTO Images
Values('/var/www/server/Datasets/MOLF/OriginalDataset/DB1_Lumidgm/95_2_5.wsq', '95.5.2', '95.5', 352, 544, 500);

INSERT INTO Features
Values('95.5.2', '95.5.2.1', 100);

INSERT INTO Minutiaes
Values('95.5.2.1.1', '95.5.2.1', '/var/www/server/Datasets/MOLF/MindtctOutput/DB1_Lumidgm/95_2_5.xyt');

INSERT INTO Images
Values('/var/www/server/Datasets/MOLF/OriginalDataset/DB1_Lumidgm/95_3_5.wsq', '95.5.3', '95.5', 352, 544, 500);

INSERT INTO Features
Values('95.5.3', '95.5.3.1', 49);

INSERT INTO Minutiaes
Values('95.5.3.1.1', '95.5.3.1', '/var/www/server/Datasets/MOLF/MindtctOutput/DB1_Lumidgm/95_3_5.xyt');

INSERT INTO Images
Values('/var/www/server/Datasets/MOLF/OriginalDataset/DB1_Lumidgm/95_4_5.wsq', '95.5.4', '95.5', 352, 544, 500);

INSERT INTO Features
Values('95.5.4', '95.5.4.1', 58);

INSERT INTO Minutiaes
Values('95.5.4.1.1', '95.5.4.1', '/var/www/server/Datasets/MOLF/MindtctOutput/DB1_Lumidgm/95_4_5.xyt');

INSERT INTO Fingers
Values(NULL, 6, '95.6', '95');

INSERT INTO Images
Values('/var/www/server/Datasets/MOLF/OriginalDataset/DB1_Lumidgm/95_1_6.wsq', '95.6.1', '95.6', 352, 544, 500);

INSERT INTO Features
Values('95.6.1', '95.6.1.1', 109);

INSERT INTO Minutiaes
Values('95.6.1.1.1', '95.6.1.1', '/var/www/server/Datasets/MOLF/MindtctOutput/DB1_Lumidgm/95_1_6.xyt');

INSERT INTO Images
Values('/var/www/server/Datasets/MOLF/OriginalDataset/DB1_Lumidgm/95_2_6.wsq', '95.6.2', '95.6', 352, 544, 500);

INSERT INTO Features
Values('95.6.2', '95.6.2.1', 109);

INSERT INTO Minutiaes
Values('95.6.2.1.1', '95.6.2.1', '/var/www/server/Datasets/MOLF/MindtctOutput/DB1_Lumidgm/95_2_6.xyt');

INSERT INTO Images
Values('/var/www/server/Datasets/MOLF/OriginalDataset/DB1_Lumidgm/95_3_6.wsq', '95.6.3', '95.6', 352, 544, 500);

INSERT INTO Features
Values('95.6.3', '95.6.3.1', 38);

INSERT INTO Minutiaes
Values('95.6.3.1.1', '95.6.3.1', '/var/www/server/Datasets/MOLF/MindtctOutput/DB1_Lumidgm/95_3_6.xyt');

INSERT INTO Images
Values('/var/www/server/Datasets/MOLF/OriginalDataset/DB1_Lumidgm/95_4_6.wsq', '95.6.4', '95.6', 352, 544, 500);

INSERT INTO Features
Values('95.6.4', '95.6.4.1', 48);

INSERT INTO Minutiaes
Values('95.6.4.1.1', '95.6.4.1', '/var/www/server/Datasets/MOLF/MindtctOutput/DB1_Lumidgm/95_4_6.xyt');

INSERT INTO Fingers
Values(NULL, 7, '95.7', '95');

INSERT INTO Images
Values('/var/www/server/Datasets/MOLF/OriginalDataset/DB1_Lumidgm/95_1_7.wsq', '95.7.1', '95.7', 352, 544, 500);

INSERT INTO Features
Values('95.7.1', '95.7.1.1', 124);

INSERT INTO Minutiaes
Values('95.7.1.1.1', '95.7.1.1', '/var/www/server/Datasets/MOLF/MindtctOutput/DB1_Lumidgm/95_1_7.xyt');

INSERT INTO Images
Values('/var/www/server/Datasets/MOLF/OriginalDataset/DB1_Lumidgm/95_2_7.wsq', '95.7.2', '95.7', 352, 544, 500);

INSERT INTO Features
Values('95.7.2', '95.7.2.1', 113);

INSERT INTO Minutiaes
Values('95.7.2.1.1', '95.7.2.1', '/var/www/server/Datasets/MOLF/MindtctOutput/DB1_Lumidgm/95_2_7.xyt');

INSERT INTO Images
Values('/var/www/server/Datasets/MOLF/OriginalDataset/DB1_Lumidgm/95_3_7.wsq', '95.7.3', '95.7', 352, 544, 500);

INSERT INTO Features
Values('95.7.3', '95.7.3.1', 56);

INSERT INTO Minutiaes
Values('95.7.3.1.1', '95.7.3.1', '/var/www/server/Datasets/MOLF/MindtctOutput/DB1_Lumidgm/95_3_7.xyt');

INSERT INTO Images
Values('/var/www/server/Datasets/MOLF/OriginalDataset/DB1_Lumidgm/95_4_7.wsq', '95.7.4', '95.7', 352, 544, 500);

INSERT INTO Features
Values('95.7.4', '95.7.4.1', 52);

INSERT INTO Minutiaes
Values('95.7.4.1.1', '95.7.4.1', '/var/www/server/Datasets/MOLF/MindtctOutput/DB1_Lumidgm/95_4_7.xyt');

INSERT INTO Fingers
Values(NULL, 8, '95.8', '95');

INSERT INTO Images
Values('/var/www/server/Datasets/MOLF/OriginalDataset/DB1_Lumidgm/95_1_8.wsq', '95.8.1', '95.8', 352, 544, 500);

INSERT INTO Features
Values('95.8.1', '95.8.1.1', 91);

INSERT INTO Minutiaes
Values('95.8.1.1.1', '95.8.1.1', '/var/www/server/Datasets/MOLF/MindtctOutput/DB1_Lumidgm/95_1_8.xyt');

INSERT INTO Images
Values('/var/www/server/Datasets/MOLF/OriginalDataset/DB1_Lumidgm/95_2_8.wsq', '95.8.2', '95.8', 352, 544, 500);

INSERT INTO Features
Values('95.8.2', '95.8.2.1', 97);

INSERT INTO Minutiaes
Values('95.8.2.1.1', '95.8.2.1', '/var/www/server/Datasets/MOLF/MindtctOutput/DB1_Lumidgm/95_2_8.xyt');

INSERT INTO Images
Values('/var/www/server/Datasets/MOLF/OriginalDataset/DB1_Lumidgm/95_3_8.wsq', '95.8.3', '95.8', 352, 544, 500);

INSERT INTO Features
Values('95.8.3', '95.8.3.1', 60);

INSERT INTO Minutiaes
Values('95.8.3.1.1', '95.8.3.1', '/var/www/server/Datasets/MOLF/MindtctOutput/DB1_Lumidgm/95_3_8.xyt');

INSERT INTO Images
Values('/var/www/server/Datasets/MOLF/OriginalDataset/DB1_Lumidgm/95_4_8.wsq', '95.8.4', '95.8', 352, 544, 500);

INSERT INTO Features
Values('95.8.4', '95.8.4.1', 48);

INSERT INTO Minutiaes
Values('95.8.4.1.1', '95.8.4.1', '/var/www/server/Datasets/MOLF/MindtctOutput/DB1_Lumidgm/95_4_8.xyt');

INSERT INTO Fingers
Values(NULL, 9, '95.9', '95');

INSERT INTO Images
Values('/var/www/server/Datasets/MOLF/OriginalDataset/DB1_Lumidgm/95_1_9.wsq', '95.9.1', '95.9', 352, 544, 500);

INSERT INTO Features
Values('95.9.1', '95.9.1.1', 124);

INSERT INTO Minutiaes
Values('95.9.1.1.1', '95.9.1.1', '/var/www/server/Datasets/MOLF/MindtctOutput/DB1_Lumidgm/95_1_9.xyt');

INSERT INTO Images
Values('/var/www/server/Datasets/MOLF/OriginalDataset/DB1_Lumidgm/95_2_9.wsq', '95.9.2', '95.9', 352, 544, 500);

INSERT INTO Features
Values('95.9.2', '95.9.2.1', 92);

INSERT INTO Minutiaes
Values('95.9.2.1.1', '95.9.2.1', '/var/www/server/Datasets/MOLF/MindtctOutput/DB1_Lumidgm/95_2_9.xyt');

INSERT INTO Images
Values('/var/www/server/Datasets/MOLF/OriginalDataset/DB1_Lumidgm/95_3_9.wsq', '95.9.3', '95.9', 352, 544, 500);

INSERT INTO Features
Values('95.9.3', '95.9.3.1', 54);

INSERT INTO Minutiaes
Values('95.9.3.1.1', '95.9.3.1', '/var/www/server/Datasets/MOLF/MindtctOutput/DB1_Lumidgm/95_3_9.xyt');

INSERT INTO Images
Values('/var/www/server/Datasets/MOLF/OriginalDataset/DB1_Lumidgm/95_4_9.wsq', '95.9.4', '95.9', 352, 544, 500);

INSERT INTO Features
Values('95.9.4', '95.9.4.1', 58);

INSERT INTO Minutiaes
Values('95.9.4.1.1', '95.9.4.1', '/var/www/server/Datasets/MOLF/MindtctOutput/DB1_Lumidgm/95_4_9.xyt');

INSERT INTO Fingers
Values(NULL, 10, '95.10', '95');

INSERT INTO Images
Values('/var/www/server/Datasets/MOLF/OriginalDataset/DB1_Lumidgm/95_1_10.wsq', '95.10.1', '95.10', 352, 544, 500);

INSERT INTO Features
Values('95.10.1', '95.10.1.1', 119);

INSERT INTO Minutiaes
Values('95.10.1.1.1', '95.10.1.1', '/var/www/server/Datasets/MOLF/MindtctOutput/DB1_Lumidgm/95_1_10.xyt');

INSERT INTO Images
Values('/var/www/server/Datasets/MOLF/OriginalDataset/DB1_Lumidgm/95_2_10.wsq', '95.10.2', '95.10', 352, 544, 500);

INSERT INTO Features
Values('95.10.2', '95.10.2.1', 110);

INSERT INTO Minutiaes
Values('95.10.2.1.1', '95.10.2.1', '/var/www/server/Datasets/MOLF/MindtctOutput/DB1_Lumidgm/95_2_10.xyt');

INSERT INTO Images
Values('/var/www/server/Datasets/MOLF/OriginalDataset/DB1_Lumidgm/95_3_10.wsq', '95.10.3', '95.10', 352, 544, 500);

INSERT INTO Features
Values('95.10.3', '95.10.3.1', 64);

INSERT INTO Minutiaes
Values('95.10.3.1.1', '95.10.3.1', '/var/www/server/Datasets/MOLF/MindtctOutput/DB1_Lumidgm/95_3_10.xyt');

INSERT INTO Images
Values('/var/www/server/Datasets/MOLF/OriginalDataset/DB1_Lumidgm/95_4_10.wsq', '95.10.4', '95.10', 352, 544, 500);

INSERT INTO Features
Values('95.10.4', '95.10.4.1', 53);

INSERT INTO Minutiaes
Values('95.10.4.1.1', '95.10.4.1', '/var/www/server/Datasets/MOLF/MindtctOutput/DB1_Lumidgm/95_4_10.xyt');

#------------------------SUBJECT 96------------------------
INSERT INTO Subjects
Values('96');

INSERT INTO Fingers
Values(NULL, 1, '96.1', '96');

INSERT INTO Images
Values('/var/www/server/Datasets/MOLF/OriginalDataset/DB1_Lumidgm/96_1_1.wsq', '96.1.1', '96.1', 352, 544, 500);

INSERT INTO Features
Values('96.1.1', '96.1.1.1', 52);

INSERT INTO Minutiaes
Values('96.1.1.1.1', '96.1.1.1', '/var/www/server/Datasets/MOLF/MindtctOutput/DB1_Lumidgm/96_1_1.xyt');

INSERT INTO Images
Values('/var/www/server/Datasets/MOLF/OriginalDataset/DB1_Lumidgm/96_2_1.wsq', '96.1.2', '96.1', 352, 544, 500);

INSERT INTO Features
Values('96.1.2', '96.1.2.1', 52);

INSERT INTO Minutiaes
Values('96.1.2.1.1', '96.1.2.1', '/var/www/server/Datasets/MOLF/MindtctOutput/DB1_Lumidgm/96_2_1.xyt');

INSERT INTO Images
Values('/var/www/server/Datasets/MOLF/OriginalDataset/DB1_Lumidgm/96_3_1.wsq', '96.1.3', '96.1', 352, 544, 500);

INSERT INTO Features
Values('96.1.3', '96.1.3.1', 50);

INSERT INTO Minutiaes
Values('96.1.3.1.1', '96.1.3.1', '/var/www/server/Datasets/MOLF/MindtctOutput/DB1_Lumidgm/96_3_1.xyt');

INSERT INTO Images
Values('/var/www/server/Datasets/MOLF/OriginalDataset/DB1_Lumidgm/96_4_1.wsq', '96.1.4', '96.1', 352, 544, 500);

INSERT INTO Features
Values('96.1.4', '96.1.4.1', 61);

INSERT INTO Minutiaes
Values('96.1.4.1.1', '96.1.4.1', '/var/www/server/Datasets/MOLF/MindtctOutput/DB1_Lumidgm/96_4_1.xyt');

INSERT INTO Fingers
Values(NULL, 2, '96.2', '96');

INSERT INTO Images
Values('/var/www/server/Datasets/MOLF/OriginalDataset/DB1_Lumidgm/96_1_2.wsq', '96.2.1', '96.2', 352, 544, 500);

INSERT INTO Features
Values('96.2.1', '96.2.1.1', 53);

INSERT INTO Minutiaes
Values('96.2.1.1.1', '96.2.1.1', '/var/www/server/Datasets/MOLF/MindtctOutput/DB1_Lumidgm/96_1_2.xyt');

INSERT INTO Images
Values('/var/www/server/Datasets/MOLF/OriginalDataset/DB1_Lumidgm/96_2_2.wsq', '96.2.2', '96.2', 352, 544, 500);

INSERT INTO Features
Values('96.2.2', '96.2.2.1', 55);

INSERT INTO Minutiaes
Values('96.2.2.1.1', '96.2.2.1', '/var/www/server/Datasets/MOLF/MindtctOutput/DB1_Lumidgm/96_2_2.xyt');

INSERT INTO Images
Values('/var/www/server/Datasets/MOLF/OriginalDataset/DB1_Lumidgm/96_3_2.wsq', '96.2.3', '96.2', 352, 544, 500);

INSERT INTO Features
Values('96.2.3', '96.2.3.1', 61);

INSERT INTO Minutiaes
Values('96.2.3.1.1', '96.2.3.1', '/var/www/server/Datasets/MOLF/MindtctOutput/DB1_Lumidgm/96_3_2.xyt');

INSERT INTO Images
Values('/var/www/server/Datasets/MOLF/OriginalDataset/DB1_Lumidgm/96_4_2.wsq', '96.2.4', '96.2', 352, 544, 500);

INSERT INTO Features
Values('96.2.4', '96.2.4.1', 57);

INSERT INTO Minutiaes
Values('96.2.4.1.1', '96.2.4.1', '/var/www/server/Datasets/MOLF/MindtctOutput/DB1_Lumidgm/96_4_2.xyt');

INSERT INTO Fingers
Values(NULL, 3, '96.3', '96');

INSERT INTO Images
Values('/var/www/server/Datasets/MOLF/OriginalDataset/DB1_Lumidgm/96_1_3.wsq', '96.3.1', '96.3', 352, 544, 500);

INSERT INTO Features
Values('96.3.1', '96.3.1.1', 39);

INSERT INTO Minutiaes
Values('96.3.1.1.1', '96.3.1.1', '/var/www/server/Datasets/MOLF/MindtctOutput/DB1_Lumidgm/96_1_3.xyt');

INSERT INTO Images
Values('/var/www/server/Datasets/MOLF/OriginalDataset/DB1_Lumidgm/96_2_3.wsq', '96.3.2', '96.3', 352, 544, 500);

INSERT INTO Features
Values('96.3.2', '96.3.2.1', 34);

INSERT INTO Minutiaes
Values('96.3.2.1.1', '96.3.2.1', '/var/www/server/Datasets/MOLF/MindtctOutput/DB1_Lumidgm/96_2_3.xyt');

INSERT INTO Images
Values('/var/www/server/Datasets/MOLF/OriginalDataset/DB1_Lumidgm/96_3_3.wsq', '96.3.3', '96.3', 352, 544, 500);

INSERT INTO Features
Values('96.3.3', '96.3.3.1', 45);

INSERT INTO Minutiaes
Values('96.3.3.1.1', '96.3.3.1', '/var/www/server/Datasets/MOLF/MindtctOutput/DB1_Lumidgm/96_3_3.xyt');

INSERT INTO Images
Values('/var/www/server/Datasets/MOLF/OriginalDataset/DB1_Lumidgm/96_4_3.wsq', '96.3.4', '96.3', 352, 544, 500);

INSERT INTO Features
Values('96.3.4', '96.3.4.1', 38);

INSERT INTO Minutiaes
Values('96.3.4.1.1', '96.3.4.1', '/var/www/server/Datasets/MOLF/MindtctOutput/DB1_Lumidgm/96_4_3.xyt');

INSERT INTO Fingers
Values(NULL, 4, '96.4', '96');

INSERT INTO Images
Values('/var/www/server/Datasets/MOLF/OriginalDataset/DB1_Lumidgm/96_1_4.wsq', '96.4.1', '96.4', 352, 544, 500);

INSERT INTO Features
Values('96.4.1', '96.4.1.1', 60);

INSERT INTO Minutiaes
Values('96.4.1.1.1', '96.4.1.1', '/var/www/server/Datasets/MOLF/MindtctOutput/DB1_Lumidgm/96_1_4.xyt');

INSERT INTO Images
Values('/var/www/server/Datasets/MOLF/OriginalDataset/DB1_Lumidgm/96_2_4.wsq', '96.4.2', '96.4', 352, 544, 500);

INSERT INTO Features
Values('96.4.2', '96.4.2.1', 69);

INSERT INTO Minutiaes
Values('96.4.2.1.1', '96.4.2.1', '/var/www/server/Datasets/MOLF/MindtctOutput/DB1_Lumidgm/96_2_4.xyt');

INSERT INTO Images
Values('/var/www/server/Datasets/MOLF/OriginalDataset/DB1_Lumidgm/96_3_4.wsq', '96.4.3', '96.4', 352, 544, 500);

INSERT INTO Features
Values('96.4.3', '96.4.3.1', 63);

INSERT INTO Minutiaes
Values('96.4.3.1.1', '96.4.3.1', '/var/www/server/Datasets/MOLF/MindtctOutput/DB1_Lumidgm/96_3_4.xyt');

INSERT INTO Images
Values('/var/www/server/Datasets/MOLF/OriginalDataset/DB1_Lumidgm/96_4_4.wsq', '96.4.4', '96.4', 352, 544, 500);

INSERT INTO Features
Values('96.4.4', '96.4.4.1', 54);

INSERT INTO Minutiaes
Values('96.4.4.1.1', '96.4.4.1', '/var/www/server/Datasets/MOLF/MindtctOutput/DB1_Lumidgm/96_4_4.xyt');

INSERT INTO Fingers
Values(NULL, 5, '96.5', '96');

INSERT INTO Images
Values('/var/www/server/Datasets/MOLF/OriginalDataset/DB1_Lumidgm/96_1_5.wsq', '96.5.1', '96.5', 352, 544, 500);

INSERT INTO Features
Values('96.5.1', '96.5.1.1', 35);

INSERT INTO Minutiaes
Values('96.5.1.1.1', '96.5.1.1', '/var/www/server/Datasets/MOLF/MindtctOutput/DB1_Lumidgm/96_1_5.xyt');

INSERT INTO Images
Values('/var/www/server/Datasets/MOLF/OriginalDataset/DB1_Lumidgm/96_2_5.wsq', '96.5.2', '96.5', 352, 544, 500);

INSERT INTO Features
Values('96.5.2', '96.5.2.1', 36);

INSERT INTO Minutiaes
Values('96.5.2.1.1', '96.5.2.1', '/var/www/server/Datasets/MOLF/MindtctOutput/DB1_Lumidgm/96_2_5.xyt');

INSERT INTO Images
Values('/var/www/server/Datasets/MOLF/OriginalDataset/DB1_Lumidgm/96_3_5.wsq', '96.5.3', '96.5', 352, 544, 500);

INSERT INTO Features
Values('96.5.3', '96.5.3.1', 36);

INSERT INTO Minutiaes
Values('96.5.3.1.1', '96.5.3.1', '/var/www/server/Datasets/MOLF/MindtctOutput/DB1_Lumidgm/96_3_5.xyt');

INSERT INTO Images
Values('/var/www/server/Datasets/MOLF/OriginalDataset/DB1_Lumidgm/96_4_5.wsq', '96.5.4', '96.5', 352, 544, 500);

INSERT INTO Features
Values('96.5.4', '96.5.4.1', 35);

INSERT INTO Minutiaes
Values('96.5.4.1.1', '96.5.4.1', '/var/www/server/Datasets/MOLF/MindtctOutput/DB1_Lumidgm/96_4_5.xyt');

INSERT INTO Fingers
Values(NULL, 6, '96.6', '96');

INSERT INTO Images
Values('/var/www/server/Datasets/MOLF/OriginalDataset/DB1_Lumidgm/96_1_6.wsq', '96.6.1', '96.6', 352, 544, 500);

INSERT INTO Features
Values('96.6.1', '96.6.1.1', 40);

INSERT INTO Minutiaes
Values('96.6.1.1.1', '96.6.1.1', '/var/www/server/Datasets/MOLF/MindtctOutput/DB1_Lumidgm/96_1_6.xyt');

INSERT INTO Images
Values('/var/www/server/Datasets/MOLF/OriginalDataset/DB1_Lumidgm/96_2_6.wsq', '96.6.2', '96.6', 352, 544, 500);

INSERT INTO Features
Values('96.6.2', '96.6.2.1', 40);

INSERT INTO Minutiaes
Values('96.6.2.1.1', '96.6.2.1', '/var/www/server/Datasets/MOLF/MindtctOutput/DB1_Lumidgm/96_2_6.xyt');

INSERT INTO Images
Values('/var/www/server/Datasets/MOLF/OriginalDataset/DB1_Lumidgm/96_3_6.wsq', '96.6.3', '96.6', 352, 544, 500);

INSERT INTO Features
Values('96.6.3', '96.6.3.1', 47);

INSERT INTO Minutiaes
Values('96.6.3.1.1', '96.6.3.1', '/var/www/server/Datasets/MOLF/MindtctOutput/DB1_Lumidgm/96_3_6.xyt');

INSERT INTO Images
Values('/var/www/server/Datasets/MOLF/OriginalDataset/DB1_Lumidgm/96_4_6.wsq', '96.6.4', '96.6', 352, 544, 500);

INSERT INTO Features
Values('96.6.4', '96.6.4.1', 42);

INSERT INTO Minutiaes
Values('96.6.4.1.1', '96.6.4.1', '/var/www/server/Datasets/MOLF/MindtctOutput/DB1_Lumidgm/96_4_6.xyt');

INSERT INTO Fingers
Values(NULL, 7, '96.7', '96');

INSERT INTO Images
Values('/var/www/server/Datasets/MOLF/OriginalDataset/DB1_Lumidgm/96_1_7.wsq', '96.7.1', '96.7', 352, 544, 500);

INSERT INTO Features
Values('96.7.1', '96.7.1.1', 43);

INSERT INTO Minutiaes
Values('96.7.1.1.1', '96.7.1.1', '/var/www/server/Datasets/MOLF/MindtctOutput/DB1_Lumidgm/96_1_7.xyt');

INSERT INTO Images
Values('/var/www/server/Datasets/MOLF/OriginalDataset/DB1_Lumidgm/96_2_7.wsq', '96.7.2', '96.7', 352, 544, 500);

INSERT INTO Features
Values('96.7.2', '96.7.2.1', 49);

INSERT INTO Minutiaes
Values('96.7.2.1.1', '96.7.2.1', '/var/www/server/Datasets/MOLF/MindtctOutput/DB1_Lumidgm/96_2_7.xyt');

INSERT INTO Images
Values('/var/www/server/Datasets/MOLF/OriginalDataset/DB1_Lumidgm/96_3_7.wsq', '96.7.3', '96.7', 352, 544, 500);

INSERT INTO Features
Values('96.7.3', '96.7.3.1', 53);

INSERT INTO Minutiaes
Values('96.7.3.1.1', '96.7.3.1', '/var/www/server/Datasets/MOLF/MindtctOutput/DB1_Lumidgm/96_3_7.xyt');

INSERT INTO Images
Values('/var/www/server/Datasets/MOLF/OriginalDataset/DB1_Lumidgm/96_4_7.wsq', '96.7.4', '96.7', 352, 544, 500);

INSERT INTO Features
Values('96.7.4', '96.7.4.1', 48);

INSERT INTO Minutiaes
Values('96.7.4.1.1', '96.7.4.1', '/var/www/server/Datasets/MOLF/MindtctOutput/DB1_Lumidgm/96_4_7.xyt');

INSERT INTO Fingers
Values(NULL, 8, '96.8', '96');

INSERT INTO Images
Values('/var/www/server/Datasets/MOLF/OriginalDataset/DB1_Lumidgm/96_1_8.wsq', '96.8.1', '96.8', 352, 544, 500);

INSERT INTO Features
Values('96.8.1', '96.8.1.1', 43);

INSERT INTO Minutiaes
Values('96.8.1.1.1', '96.8.1.1', '/var/www/server/Datasets/MOLF/MindtctOutput/DB1_Lumidgm/96_1_8.xyt');

INSERT INTO Images
Values('/var/www/server/Datasets/MOLF/OriginalDataset/DB1_Lumidgm/96_2_8.wsq', '96.8.2', '96.8', 352, 544, 500);

INSERT INTO Features
Values('96.8.2', '96.8.2.1', 49);

INSERT INTO Minutiaes
Values('96.8.2.1.1', '96.8.2.1', '/var/www/server/Datasets/MOLF/MindtctOutput/DB1_Lumidgm/96_2_8.xyt');

INSERT INTO Images
Values('/var/www/server/Datasets/MOLF/OriginalDataset/DB1_Lumidgm/96_3_8.wsq', '96.8.3', '96.8', 352, 544, 500);

INSERT INTO Features
Values('96.8.3', '96.8.3.1', 34);

INSERT INTO Minutiaes
Values('96.8.3.1.1', '96.8.3.1', '/var/www/server/Datasets/MOLF/MindtctOutput/DB1_Lumidgm/96_3_8.xyt');

INSERT INTO Images
Values('/var/www/server/Datasets/MOLF/OriginalDataset/DB1_Lumidgm/96_4_8.wsq', '96.8.4', '96.8', 352, 544, 500);

INSERT INTO Features
Values('96.8.4', '96.8.4.1', 56);

INSERT INTO Minutiaes
Values('96.8.4.1.1', '96.8.4.1', '/var/www/server/Datasets/MOLF/MindtctOutput/DB1_Lumidgm/96_4_8.xyt');

INSERT INTO Fingers
Values(NULL, 9, '96.9', '96');

INSERT INTO Images
Values('/var/www/server/Datasets/MOLF/OriginalDataset/DB1_Lumidgm/96_1_9.wsq', '96.9.1', '96.9', 352, 544, 500);

INSERT INTO Features
Values('96.9.1', '96.9.1.1', 45);

INSERT INTO Minutiaes
Values('96.9.1.1.1', '96.9.1.1', '/var/www/server/Datasets/MOLF/MindtctOutput/DB1_Lumidgm/96_1_9.xyt');

INSERT INTO Images
Values('/var/www/server/Datasets/MOLF/OriginalDataset/DB1_Lumidgm/96_2_9.wsq', '96.9.2', '96.9', 352, 544, 500);

INSERT INTO Features
Values('96.9.2', '96.9.2.1', 44);

INSERT INTO Minutiaes
Values('96.9.2.1.1', '96.9.2.1', '/var/www/server/Datasets/MOLF/MindtctOutput/DB1_Lumidgm/96_2_9.xyt');

INSERT INTO Images
Values('/var/www/server/Datasets/MOLF/OriginalDataset/DB1_Lumidgm/96_3_9.wsq', '96.9.3', '96.9', 352, 544, 500);

INSERT INTO Features
Values('96.9.3', '96.9.3.1', 53);

INSERT INTO Minutiaes
Values('96.9.3.1.1', '96.9.3.1', '/var/www/server/Datasets/MOLF/MindtctOutput/DB1_Lumidgm/96_3_9.xyt');

INSERT INTO Images
Values('/var/www/server/Datasets/MOLF/OriginalDataset/DB1_Lumidgm/96_4_9.wsq', '96.9.4', '96.9', 352, 544, 500);

INSERT INTO Features
Values('96.9.4', '96.9.4.1', 46);

INSERT INTO Minutiaes
Values('96.9.4.1.1', '96.9.4.1', '/var/www/server/Datasets/MOLF/MindtctOutput/DB1_Lumidgm/96_4_9.xyt');

INSERT INTO Fingers
Values(NULL, 10, '96.10', '96');

INSERT INTO Images
Values('/var/www/server/Datasets/MOLF/OriginalDataset/DB1_Lumidgm/96_1_10.wsq', '96.10.1', '96.10', 352, 544, 500);

INSERT INTO Features
Values('96.10.1', '96.10.1.1', 40);

INSERT INTO Minutiaes
Values('96.10.1.1.1', '96.10.1.1', '/var/www/server/Datasets/MOLF/MindtctOutput/DB1_Lumidgm/96_1_10.xyt');

INSERT INTO Images
Values('/var/www/server/Datasets/MOLF/OriginalDataset/DB1_Lumidgm/96_2_10.wsq', '96.10.2', '96.10', 352, 544, 500);

INSERT INTO Features
Values('96.10.2', '96.10.2.1', 32);

INSERT INTO Minutiaes
Values('96.10.2.1.1', '96.10.2.1', '/var/www/server/Datasets/MOLF/MindtctOutput/DB1_Lumidgm/96_2_10.xyt');

INSERT INTO Images
Values('/var/www/server/Datasets/MOLF/OriginalDataset/DB1_Lumidgm/96_3_10.wsq', '96.10.3', '96.10', 352, 544, 500);

INSERT INTO Features
Values('96.10.3', '96.10.3.1', 45);

INSERT INTO Minutiaes
Values('96.10.3.1.1', '96.10.3.1', '/var/www/server/Datasets/MOLF/MindtctOutput/DB1_Lumidgm/96_3_10.xyt');

INSERT INTO Images
Values('/var/www/server/Datasets/MOLF/OriginalDataset/DB1_Lumidgm/96_4_10.wsq', '96.10.4', '96.10', 352, 544, 500);

INSERT INTO Features
Values('96.10.4', '96.10.4.1', 35);

INSERT INTO Minutiaes
Values('96.10.4.1.1', '96.10.4.1', '/var/www/server/Datasets/MOLF/MindtctOutput/DB1_Lumidgm/96_4_10.xyt');

#------------------------SUBJECT 97------------------------
INSERT INTO Subjects
Values('97');

INSERT INTO Fingers
Values(NULL, 1, '97.1', '97');

INSERT INTO Images
Values('/var/www/server/Datasets/MOLF/OriginalDataset/DB1_Lumidgm/97_1_1.wsq', '97.1.1', '97.1', 352, 544, 500);

INSERT INTO Features
Values('97.1.1', '97.1.1.1', 53);

INSERT INTO Minutiaes
Values('97.1.1.1.1', '97.1.1.1', '/var/www/server/Datasets/MOLF/MindtctOutput/DB1_Lumidgm/97_1_1.xyt');

INSERT INTO Images
Values('/var/www/server/Datasets/MOLF/OriginalDataset/DB1_Lumidgm/97_2_1.wsq', '97.1.2', '97.1', 352, 544, 500);

INSERT INTO Features
Values('97.1.2', '97.1.2.1', 87);

INSERT INTO Minutiaes
Values('97.1.2.1.1', '97.1.2.1', '/var/www/server/Datasets/MOLF/MindtctOutput/DB1_Lumidgm/97_2_1.xyt');

INSERT INTO Images
Values('/var/www/server/Datasets/MOLF/OriginalDataset/DB1_Lumidgm/97_3_1.wsq', '97.1.3', '97.1', 352, 544, 500);

INSERT INTO Features
Values('97.1.3', '97.1.3.1', 67);

INSERT INTO Minutiaes
Values('97.1.3.1.1', '97.1.3.1', '/var/www/server/Datasets/MOLF/MindtctOutput/DB1_Lumidgm/97_3_1.xyt');

INSERT INTO Images
Values('/var/www/server/Datasets/MOLF/OriginalDataset/DB1_Lumidgm/97_4_1.wsq', '97.1.4', '97.1', 352, 544, 500);

INSERT INTO Features
Values('97.1.4', '97.1.4.1', 59);

INSERT INTO Minutiaes
Values('97.1.4.1.1', '97.1.4.1', '/var/www/server/Datasets/MOLF/MindtctOutput/DB1_Lumidgm/97_4_1.xyt');

INSERT INTO Fingers
Values(NULL, 2, '97.2', '97');

INSERT INTO Images
Values('/var/www/server/Datasets/MOLF/OriginalDataset/DB1_Lumidgm/97_1_2.wsq', '97.2.1', '97.2', 352, 544, 500);

INSERT INTO Features
Values('97.2.1', '97.2.1.1', 56);

INSERT INTO Minutiaes
Values('97.2.1.1.1', '97.2.1.1', '/var/www/server/Datasets/MOLF/MindtctOutput/DB1_Lumidgm/97_1_2.xyt');

INSERT INTO Images
Values('/var/www/server/Datasets/MOLF/OriginalDataset/DB1_Lumidgm/97_2_2.wsq', '97.2.2', '97.2', 352, 544, 500);

INSERT INTO Features
Values('97.2.2', '97.2.2.1', 77);

INSERT INTO Minutiaes
Values('97.2.2.1.1', '97.2.2.1', '/var/www/server/Datasets/MOLF/MindtctOutput/DB1_Lumidgm/97_2_2.xyt');

INSERT INTO Images
Values('/var/www/server/Datasets/MOLF/OriginalDataset/DB1_Lumidgm/97_3_2.wsq', '97.2.3', '97.2', 352, 544, 500);

INSERT INTO Features
Values('97.2.3', '97.2.3.1', 64);

INSERT INTO Minutiaes
Values('97.2.3.1.1', '97.2.3.1', '/var/www/server/Datasets/MOLF/MindtctOutput/DB1_Lumidgm/97_3_2.xyt');

INSERT INTO Images
Values('/var/www/server/Datasets/MOLF/OriginalDataset/DB1_Lumidgm/97_4_2.wsq', '97.2.4', '97.2', 352, 544, 500);

INSERT INTO Features
Values('97.2.4', '97.2.4.1', 52);

INSERT INTO Minutiaes
Values('97.2.4.1.1', '97.2.4.1', '/var/www/server/Datasets/MOLF/MindtctOutput/DB1_Lumidgm/97_4_2.xyt');

INSERT INTO Fingers
Values(NULL, 3, '97.3', '97');

INSERT INTO Images
Values('/var/www/server/Datasets/MOLF/OriginalDataset/DB1_Lumidgm/97_1_3.wsq', '97.3.1', '97.3', 352, 544, 500);

INSERT INTO Features
Values('97.3.1', '97.3.1.1', 67);

INSERT INTO Minutiaes
Values('97.3.1.1.1', '97.3.1.1', '/var/www/server/Datasets/MOLF/MindtctOutput/DB1_Lumidgm/97_1_3.xyt');

INSERT INTO Images
Values('/var/www/server/Datasets/MOLF/OriginalDataset/DB1_Lumidgm/97_2_3.wsq', '97.3.2', '97.3', 352, 544, 500);

INSERT INTO Features
Values('97.3.2', '97.3.2.1', 71);

INSERT INTO Minutiaes
Values('97.3.2.1.1', '97.3.2.1', '/var/www/server/Datasets/MOLF/MindtctOutput/DB1_Lumidgm/97_2_3.xyt');

INSERT INTO Images
Values('/var/www/server/Datasets/MOLF/OriginalDataset/DB1_Lumidgm/97_3_3.wsq', '97.3.3', '97.3', 352, 544, 500);

INSERT INTO Features
Values('97.3.3', '97.3.3.1', 47);

INSERT INTO Minutiaes
Values('97.3.3.1.1', '97.3.3.1', '/var/www/server/Datasets/MOLF/MindtctOutput/DB1_Lumidgm/97_3_3.xyt');

INSERT INTO Images
Values('/var/www/server/Datasets/MOLF/OriginalDataset/DB1_Lumidgm/97_4_3.wsq', '97.3.4', '97.3', 352, 544, 500);

INSERT INTO Features
Values('97.3.4', '97.3.4.1', 47);

INSERT INTO Minutiaes
Values('97.3.4.1.1', '97.3.4.1', '/var/www/server/Datasets/MOLF/MindtctOutput/DB1_Lumidgm/97_4_3.xyt');

INSERT INTO Fingers
Values(NULL, 4, '97.4', '97');

INSERT INTO Images
Values('/var/www/server/Datasets/MOLF/OriginalDataset/DB1_Lumidgm/97_1_4.wsq', '97.4.1', '97.4', 352, 544, 500);

INSERT INTO Features
Values('97.4.1', '97.4.1.1', 84);

INSERT INTO Minutiaes
Values('97.4.1.1.1', '97.4.1.1', '/var/www/server/Datasets/MOLF/MindtctOutput/DB1_Lumidgm/97_1_4.xyt');

INSERT INTO Images
Values('/var/www/server/Datasets/MOLF/OriginalDataset/DB1_Lumidgm/97_2_4.wsq', '97.4.2', '97.4', 352, 544, 500);

INSERT INTO Features
Values('97.4.2', '97.4.2.1', 86);

INSERT INTO Minutiaes
Values('97.4.2.1.1', '97.4.2.1', '/var/www/server/Datasets/MOLF/MindtctOutput/DB1_Lumidgm/97_2_4.xyt');

INSERT INTO Images
Values('/var/www/server/Datasets/MOLF/OriginalDataset/DB1_Lumidgm/97_3_4.wsq', '97.4.3', '97.4', 352, 544, 500);

INSERT INTO Features
Values('97.4.3', '97.4.3.1', 60);

INSERT INTO Minutiaes
Values('97.4.3.1.1', '97.4.3.1', '/var/www/server/Datasets/MOLF/MindtctOutput/DB1_Lumidgm/97_3_4.xyt');

INSERT INTO Images
Values('/var/www/server/Datasets/MOLF/OriginalDataset/DB1_Lumidgm/97_4_4.wsq', '97.4.4', '97.4', 352, 544, 500);

INSERT INTO Features
Values('97.4.4', '97.4.4.1', 57);

INSERT INTO Minutiaes
Values('97.4.4.1.1', '97.4.4.1', '/var/www/server/Datasets/MOLF/MindtctOutput/DB1_Lumidgm/97_4_4.xyt');

INSERT INTO Fingers
Values(NULL, 5, '97.5', '97');

INSERT INTO Images
Values('/var/www/server/Datasets/MOLF/OriginalDataset/DB1_Lumidgm/97_1_5.wsq', '97.5.1', '97.5', 352, 544, 500);

INSERT INTO Features
Values('97.5.1', '97.5.1.1', 60);

INSERT INTO Minutiaes
Values('97.5.1.1.1', '97.5.1.1', '/var/www/server/Datasets/MOLF/MindtctOutput/DB1_Lumidgm/97_1_5.xyt');

INSERT INTO Images
Values('/var/www/server/Datasets/MOLF/OriginalDataset/DB1_Lumidgm/97_2_5.wsq', '97.5.2', '97.5', 352, 544, 500);

INSERT INTO Features
Values('97.5.2', '97.5.2.1', 58);

INSERT INTO Minutiaes
Values('97.5.2.1.1', '97.5.2.1', '/var/www/server/Datasets/MOLF/MindtctOutput/DB1_Lumidgm/97_2_5.xyt');

INSERT INTO Images
Values('/var/www/server/Datasets/MOLF/OriginalDataset/DB1_Lumidgm/97_3_5.wsq', '97.5.3', '97.5', 352, 544, 500);

INSERT INTO Features
Values('97.5.3', '97.5.3.1', 48);

INSERT INTO Minutiaes
Values('97.5.3.1.1', '97.5.3.1', '/var/www/server/Datasets/MOLF/MindtctOutput/DB1_Lumidgm/97_3_5.xyt');

INSERT INTO Images
Values('/var/www/server/Datasets/MOLF/OriginalDataset/DB1_Lumidgm/97_4_5.wsq', '97.5.4', '97.5', 352, 544, 500);

INSERT INTO Features
Values('97.5.4', '97.5.4.1', 40);

INSERT INTO Minutiaes
Values('97.5.4.1.1', '97.5.4.1', '/var/www/server/Datasets/MOLF/MindtctOutput/DB1_Lumidgm/97_4_5.xyt');

INSERT INTO Fingers
Values(NULL, 6, '97.6', '97');

INSERT INTO Images
Values('/var/www/server/Datasets/MOLF/OriginalDataset/DB1_Lumidgm/97_1_6.wsq', '97.6.1', '97.6', 352, 544, 500);

INSERT INTO Features
Values('97.6.1', '97.6.1.1', 47);

INSERT INTO Minutiaes
Values('97.6.1.1.1', '97.6.1.1', '/var/www/server/Datasets/MOLF/MindtctOutput/DB1_Lumidgm/97_1_6.xyt');

INSERT INTO Images
Values('/var/www/server/Datasets/MOLF/OriginalDataset/DB1_Lumidgm/97_2_6.wsq', '97.6.2', '97.6', 352, 544, 500);

INSERT INTO Features
Values('97.6.2', '97.6.2.1', 59);

INSERT INTO Minutiaes
Values('97.6.2.1.1', '97.6.2.1', '/var/www/server/Datasets/MOLF/MindtctOutput/DB1_Lumidgm/97_2_6.xyt');

INSERT INTO Images
Values('/var/www/server/Datasets/MOLF/OriginalDataset/DB1_Lumidgm/97_3_6.wsq', '97.6.3', '97.6', 352, 544, 500);

INSERT INTO Features
Values('97.6.3', '97.6.3.1', 50);

INSERT INTO Minutiaes
Values('97.6.3.1.1', '97.6.3.1', '/var/www/server/Datasets/MOLF/MindtctOutput/DB1_Lumidgm/97_3_6.xyt');

INSERT INTO Images
Values('/var/www/server/Datasets/MOLF/OriginalDataset/DB1_Lumidgm/97_4_6.wsq', '97.6.4', '97.6', 352, 544, 500);

INSERT INTO Features
Values('97.6.4', '97.6.4.1', 54);

INSERT INTO Minutiaes
Values('97.6.4.1.1', '97.6.4.1', '/var/www/server/Datasets/MOLF/MindtctOutput/DB1_Lumidgm/97_4_6.xyt');

INSERT INTO Fingers
Values(NULL, 7, '97.7', '97');

INSERT INTO Images
Values('/var/www/server/Datasets/MOLF/OriginalDataset/DB1_Lumidgm/97_1_7.wsq', '97.7.1', '97.7', 352, 544, 500);

INSERT INTO Features
Values('97.7.1', '97.7.1.1', 56);

INSERT INTO Minutiaes
Values('97.7.1.1.1', '97.7.1.1', '/var/www/server/Datasets/MOLF/MindtctOutput/DB1_Lumidgm/97_1_7.xyt');

INSERT INTO Images
Values('/var/www/server/Datasets/MOLF/OriginalDataset/DB1_Lumidgm/97_2_7.wsq', '97.7.2', '97.7', 352, 544, 500);

INSERT INTO Features
Values('97.7.2', '97.7.2.1', 72);

INSERT INTO Minutiaes
Values('97.7.2.1.1', '97.7.2.1', '/var/www/server/Datasets/MOLF/MindtctOutput/DB1_Lumidgm/97_2_7.xyt');

INSERT INTO Images
Values('/var/www/server/Datasets/MOLF/OriginalDataset/DB1_Lumidgm/97_3_7.wsq', '97.7.3', '97.7', 352, 544, 500);

INSERT INTO Features
Values('97.7.3', '97.7.3.1', 48);

INSERT INTO Minutiaes
Values('97.7.3.1.1', '97.7.3.1', '/var/www/server/Datasets/MOLF/MindtctOutput/DB1_Lumidgm/97_3_7.xyt');

INSERT INTO Images
Values('/var/www/server/Datasets/MOLF/OriginalDataset/DB1_Lumidgm/97_4_7.wsq', '97.7.4', '97.7', 352, 544, 500);

INSERT INTO Features
Values('97.7.4', '97.7.4.1', 36);

INSERT INTO Minutiaes
Values('97.7.4.1.1', '97.7.4.1', '/var/www/server/Datasets/MOLF/MindtctOutput/DB1_Lumidgm/97_4_7.xyt');

INSERT INTO Fingers
Values(NULL, 8, '97.8', '97');

INSERT INTO Images
Values('/var/www/server/Datasets/MOLF/OriginalDataset/DB1_Lumidgm/97_1_8.wsq', '97.8.1', '97.8', 352, 544, 500);

INSERT INTO Features
Values('97.8.1', '97.8.1.1', 68);

INSERT INTO Minutiaes
Values('97.8.1.1.1', '97.8.1.1', '/var/www/server/Datasets/MOLF/MindtctOutput/DB1_Lumidgm/97_1_8.xyt');

INSERT INTO Images
Values('/var/www/server/Datasets/MOLF/OriginalDataset/DB1_Lumidgm/97_2_8.wsq', '97.8.2', '97.8', 352, 544, 500);

INSERT INTO Features
Values('97.8.2', '97.8.2.1', 62);

INSERT INTO Minutiaes
Values('97.8.2.1.1', '97.8.2.1', '/var/www/server/Datasets/MOLF/MindtctOutput/DB1_Lumidgm/97_2_8.xyt');

INSERT INTO Images
Values('/var/www/server/Datasets/MOLF/OriginalDataset/DB1_Lumidgm/97_3_8.wsq', '97.8.3', '97.8', 352, 544, 500);

INSERT INTO Features
Values('97.8.3', '97.8.3.1', 67);

INSERT INTO Minutiaes
Values('97.8.3.1.1', '97.8.3.1', '/var/www/server/Datasets/MOLF/MindtctOutput/DB1_Lumidgm/97_3_8.xyt');

INSERT INTO Images
Values('/var/www/server/Datasets/MOLF/OriginalDataset/DB1_Lumidgm/97_4_8.wsq', '97.8.4', '97.8', 352, 544, 500);

INSERT INTO Features
Values('97.8.4', '97.8.4.1', 41);

INSERT INTO Minutiaes
Values('97.8.4.1.1', '97.8.4.1', '/var/www/server/Datasets/MOLF/MindtctOutput/DB1_Lumidgm/97_4_8.xyt');

INSERT INTO Fingers
Values(NULL, 9, '97.9', '97');

INSERT INTO Images
Values('/var/www/server/Datasets/MOLF/OriginalDataset/DB1_Lumidgm/97_1_9.wsq', '97.9.1', '97.9', 352, 544, 500);

INSERT INTO Features
Values('97.9.1', '97.9.1.1', 71);

INSERT INTO Minutiaes
Values('97.9.1.1.1', '97.9.1.1', '/var/www/server/Datasets/MOLF/MindtctOutput/DB1_Lumidgm/97_1_9.xyt');

INSERT INTO Images
Values('/var/www/server/Datasets/MOLF/OriginalDataset/DB1_Lumidgm/97_2_9.wsq', '97.9.2', '97.9', 352, 544, 500);

INSERT INTO Features
Values('97.9.2', '97.9.2.1', 61);

INSERT INTO Minutiaes
Values('97.9.2.1.1', '97.9.2.1', '/var/www/server/Datasets/MOLF/MindtctOutput/DB1_Lumidgm/97_2_9.xyt');

INSERT INTO Images
Values('/var/www/server/Datasets/MOLF/OriginalDataset/DB1_Lumidgm/97_3_9.wsq', '97.9.3', '97.9', 352, 544, 500);

INSERT INTO Features
Values('97.9.3', '97.9.3.1', 63);

INSERT INTO Minutiaes
Values('97.9.3.1.1', '97.9.3.1', '/var/www/server/Datasets/MOLF/MindtctOutput/DB1_Lumidgm/97_3_9.xyt');

INSERT INTO Images
Values('/var/www/server/Datasets/MOLF/OriginalDataset/DB1_Lumidgm/97_4_9.wsq', '97.9.4', '97.9', 352, 544, 500);

INSERT INTO Features
Values('97.9.4', '97.9.4.1', 50);

INSERT INTO Minutiaes
Values('97.9.4.1.1', '97.9.4.1', '/var/www/server/Datasets/MOLF/MindtctOutput/DB1_Lumidgm/97_4_9.xyt');

INSERT INTO Fingers
Values(NULL, 10, '97.10', '97');

INSERT INTO Images
Values('/var/www/server/Datasets/MOLF/OriginalDataset/DB1_Lumidgm/97_1_10.wsq', '97.10.1', '97.10', 352, 544, 500);

INSERT INTO Features
Values('97.10.1', '97.10.1.1', 79);

INSERT INTO Minutiaes
Values('97.10.1.1.1', '97.10.1.1', '/var/www/server/Datasets/MOLF/MindtctOutput/DB1_Lumidgm/97_1_10.xyt');

INSERT INTO Images
Values('/var/www/server/Datasets/MOLF/OriginalDataset/DB1_Lumidgm/97_2_10.wsq', '97.10.2', '97.10', 352, 544, 500);

INSERT INTO Features
Values('97.10.2', '97.10.2.1', 93);

INSERT INTO Minutiaes
Values('97.10.2.1.1', '97.10.2.1', '/var/www/server/Datasets/MOLF/MindtctOutput/DB1_Lumidgm/97_2_10.xyt');

INSERT INTO Images
Values('/var/www/server/Datasets/MOLF/OriginalDataset/DB1_Lumidgm/97_3_10.wsq', '97.10.3', '97.10', 352, 544, 500);

INSERT INTO Features
Values('97.10.3', '97.10.3.1', 74);

INSERT INTO Minutiaes
Values('97.10.3.1.1', '97.10.3.1', '/var/www/server/Datasets/MOLF/MindtctOutput/DB1_Lumidgm/97_3_10.xyt');

INSERT INTO Images
Values('/var/www/server/Datasets/MOLF/OriginalDataset/DB1_Lumidgm/97_4_10.wsq', '97.10.4', '97.10', 352, 544, 500);

INSERT INTO Features
Values('97.10.4', '97.10.4.1', 72);

INSERT INTO Minutiaes
Values('97.10.4.1.1', '97.10.4.1', '/var/www/server/Datasets/MOLF/MindtctOutput/DB1_Lumidgm/97_4_10.xyt');

#------------------------SUBJECT 98------------------------
INSERT INTO Subjects
Values('98');

INSERT INTO Fingers
Values(NULL, 1, '98.1', '98');

INSERT INTO Images
Values('/var/www/server/Datasets/MOLF/OriginalDataset/DB1_Lumidgm/98_1_1.wsq', '98.1.1', '98.1', 352, 544, 500);

INSERT INTO Features
Values('98.1.1', '98.1.1.1', 57);

INSERT INTO Minutiaes
Values('98.1.1.1.1', '98.1.1.1', '/var/www/server/Datasets/MOLF/MindtctOutput/DB1_Lumidgm/98_1_1.xyt');

INSERT INTO Images
Values('/var/www/server/Datasets/MOLF/OriginalDataset/DB1_Lumidgm/98_2_1.wsq', '98.1.2', '98.1', 352, 544, 500);

INSERT INTO Features
Values('98.1.2', '98.1.2.1', 55);

INSERT INTO Minutiaes
Values('98.1.2.1.1', '98.1.2.1', '/var/www/server/Datasets/MOLF/MindtctOutput/DB1_Lumidgm/98_2_1.xyt');

INSERT INTO Images
Values('/var/www/server/Datasets/MOLF/OriginalDataset/DB1_Lumidgm/98_3_1.wsq', '98.1.3', '98.1', 352, 544, 500);

INSERT INTO Features
Values('98.1.3', '98.1.3.1', 59);

INSERT INTO Minutiaes
Values('98.1.3.1.1', '98.1.3.1', '/var/www/server/Datasets/MOLF/MindtctOutput/DB1_Lumidgm/98_3_1.xyt');

INSERT INTO Images
Values('/var/www/server/Datasets/MOLF/OriginalDataset/DB1_Lumidgm/98_4_1.wsq', '98.1.4', '98.1', 352, 544, 500);

INSERT INTO Features
Values('98.1.4', '98.1.4.1', 48);

INSERT INTO Minutiaes
Values('98.1.4.1.1', '98.1.4.1', '/var/www/server/Datasets/MOLF/MindtctOutput/DB1_Lumidgm/98_4_1.xyt');

INSERT INTO Fingers
Values(NULL, 2, '98.2', '98');

INSERT INTO Images
Values('/var/www/server/Datasets/MOLF/OriginalDataset/DB1_Lumidgm/98_1_2.wsq', '98.2.1', '98.2', 352, 544, 500);

INSERT INTO Features
Values('98.2.1', '98.2.1.1', 63);

INSERT INTO Minutiaes
Values('98.2.1.1.1', '98.2.1.1', '/var/www/server/Datasets/MOLF/MindtctOutput/DB1_Lumidgm/98_1_2.xyt');

INSERT INTO Images
Values('/var/www/server/Datasets/MOLF/OriginalDataset/DB1_Lumidgm/98_2_2.wsq', '98.2.2', '98.2', 352, 544, 500);

INSERT INTO Features
Values('98.2.2', '98.2.2.1', 54);

INSERT INTO Minutiaes
Values('98.2.2.1.1', '98.2.2.1', '/var/www/server/Datasets/MOLF/MindtctOutput/DB1_Lumidgm/98_2_2.xyt');

INSERT INTO Images
Values('/var/www/server/Datasets/MOLF/OriginalDataset/DB1_Lumidgm/98_3_2.wsq', '98.2.3', '98.2', 352, 544, 500);

INSERT INTO Features
Values('98.2.3', '98.2.3.1', 54);

INSERT INTO Minutiaes
Values('98.2.3.1.1', '98.2.3.1', '/var/www/server/Datasets/MOLF/MindtctOutput/DB1_Lumidgm/98_3_2.xyt');

INSERT INTO Images
Values('/var/www/server/Datasets/MOLF/OriginalDataset/DB1_Lumidgm/98_4_2.wsq', '98.2.4', '98.2', 352, 544, 500);

INSERT INTO Features
Values('98.2.4', '98.2.4.1', 48);

INSERT INTO Minutiaes
Values('98.2.4.1.1', '98.2.4.1', '/var/www/server/Datasets/MOLF/MindtctOutput/DB1_Lumidgm/98_4_2.xyt');

INSERT INTO Fingers
Values(NULL, 3, '98.3', '98');

INSERT INTO Images
Values('/var/www/server/Datasets/MOLF/OriginalDataset/DB1_Lumidgm/98_1_3.wsq', '98.3.1', '98.3', 352, 544, 500);

INSERT INTO Features
Values('98.3.1', '98.3.1.1', 75);

INSERT INTO Minutiaes
Values('98.3.1.1.1', '98.3.1.1', '/var/www/server/Datasets/MOLF/MindtctOutput/DB1_Lumidgm/98_1_3.xyt');

INSERT INTO Images
Values('/var/www/server/Datasets/MOLF/OriginalDataset/DB1_Lumidgm/98_2_3.wsq', '98.3.2', '98.3', 352, 544, 500);

INSERT INTO Features
Values('98.3.2', '98.3.2.1', 67);

INSERT INTO Minutiaes
Values('98.3.2.1.1', '98.3.2.1', '/var/www/server/Datasets/MOLF/MindtctOutput/DB1_Lumidgm/98_2_3.xyt');

INSERT INTO Images
Values('/var/www/server/Datasets/MOLF/OriginalDataset/DB1_Lumidgm/98_3_3.wsq', '98.3.3', '98.3', 352, 544, 500);

INSERT INTO Features
Values('98.3.3', '98.3.3.1', 63);

INSERT INTO Minutiaes
Values('98.3.3.1.1', '98.3.3.1', '/var/www/server/Datasets/MOLF/MindtctOutput/DB1_Lumidgm/98_3_3.xyt');

INSERT INTO Images
Values('/var/www/server/Datasets/MOLF/OriginalDataset/DB1_Lumidgm/98_4_3.wsq', '98.3.4', '98.3', 352, 544, 500);

INSERT INTO Features
Values('98.3.4', '98.3.4.1', 56);

INSERT INTO Minutiaes
Values('98.3.4.1.1', '98.3.4.1', '/var/www/server/Datasets/MOLF/MindtctOutput/DB1_Lumidgm/98_4_3.xyt');

INSERT INTO Fingers
Values(NULL, 4, '98.4', '98');

INSERT INTO Images
Values('/var/www/server/Datasets/MOLF/OriginalDataset/DB1_Lumidgm/98_1_4.wsq', '98.4.1', '98.4', 352, 544, 500);

INSERT INTO Features
Values('98.4.1', '98.4.1.1', 82);

INSERT INTO Minutiaes
Values('98.4.1.1.1', '98.4.1.1', '/var/www/server/Datasets/MOLF/MindtctOutput/DB1_Lumidgm/98_1_4.xyt');

INSERT INTO Images
Values('/var/www/server/Datasets/MOLF/OriginalDataset/DB1_Lumidgm/98_2_4.wsq', '98.4.2', '98.4', 352, 544, 500);

INSERT INTO Features
Values('98.4.2', '98.4.2.1', 81);

INSERT INTO Minutiaes
Values('98.4.2.1.1', '98.4.2.1', '/var/www/server/Datasets/MOLF/MindtctOutput/DB1_Lumidgm/98_2_4.xyt');

INSERT INTO Images
Values('/var/www/server/Datasets/MOLF/OriginalDataset/DB1_Lumidgm/98_3_4.wsq', '98.4.3', '98.4', 352, 544, 500);

INSERT INTO Features
Values('98.4.3', '98.4.3.1', 88);

INSERT INTO Minutiaes
Values('98.4.3.1.1', '98.4.3.1', '/var/www/server/Datasets/MOLF/MindtctOutput/DB1_Lumidgm/98_3_4.xyt');

INSERT INTO Images
Values('/var/www/server/Datasets/MOLF/OriginalDataset/DB1_Lumidgm/98_4_4.wsq', '98.4.4', '98.4', 352, 544, 500);

INSERT INTO Features
Values('98.4.4', '98.4.4.1', 90);

INSERT INTO Minutiaes
Values('98.4.4.1.1', '98.4.4.1', '/var/www/server/Datasets/MOLF/MindtctOutput/DB1_Lumidgm/98_4_4.xyt');

INSERT INTO Fingers
Values(NULL, 5, '98.5', '98');

INSERT INTO Images
Values('/var/www/server/Datasets/MOLF/OriginalDataset/DB1_Lumidgm/98_1_5.wsq', '98.5.1', '98.5', 352, 544, 500);

INSERT INTO Features
Values('98.5.1', '98.5.1.1', 72);

INSERT INTO Minutiaes
Values('98.5.1.1.1', '98.5.1.1', '/var/www/server/Datasets/MOLF/MindtctOutput/DB1_Lumidgm/98_1_5.xyt');

INSERT INTO Images
Values('/var/www/server/Datasets/MOLF/OriginalDataset/DB1_Lumidgm/98_2_5.wsq', '98.5.2', '98.5', 352, 544, 500);

INSERT INTO Features
Values('98.5.2', '98.5.2.1', 68);

INSERT INTO Minutiaes
Values('98.5.2.1.1', '98.5.2.1', '/var/www/server/Datasets/MOLF/MindtctOutput/DB1_Lumidgm/98_2_5.xyt');

INSERT INTO Images
Values('/var/www/server/Datasets/MOLF/OriginalDataset/DB1_Lumidgm/98_3_5.wsq', '98.5.3', '98.5', 352, 544, 500);

INSERT INTO Features
Values('98.5.3', '98.5.3.1', 68);

INSERT INTO Minutiaes
Values('98.5.3.1.1', '98.5.3.1', '/var/www/server/Datasets/MOLF/MindtctOutput/DB1_Lumidgm/98_3_5.xyt');

INSERT INTO Images
Values('/var/www/server/Datasets/MOLF/OriginalDataset/DB1_Lumidgm/98_4_5.wsq', '98.5.4', '98.5', 352, 544, 500);

INSERT INTO Features
Values('98.5.4', '98.5.4.1', 63);

INSERT INTO Minutiaes
Values('98.5.4.1.1', '98.5.4.1', '/var/www/server/Datasets/MOLF/MindtctOutput/DB1_Lumidgm/98_4_5.xyt');

INSERT INTO Fingers
Values(NULL, 6, '98.6', '98');

INSERT INTO Images
Values('/var/www/server/Datasets/MOLF/OriginalDataset/DB1_Lumidgm/98_1_6.wsq', '98.6.1', '98.6', 352, 544, 500);

INSERT INTO Features
Values('98.6.1', '98.6.1.1', 62);

INSERT INTO Minutiaes
Values('98.6.1.1.1', '98.6.1.1', '/var/www/server/Datasets/MOLF/MindtctOutput/DB1_Lumidgm/98_1_6.xyt');

INSERT INTO Images
Values('/var/www/server/Datasets/MOLF/OriginalDataset/DB1_Lumidgm/98_2_6.wsq', '98.6.2', '98.6', 352, 544, 500);

INSERT INTO Features
Values('98.6.2', '98.6.2.1', 80);

INSERT INTO Minutiaes
Values('98.6.2.1.1', '98.6.2.1', '/var/www/server/Datasets/MOLF/MindtctOutput/DB1_Lumidgm/98_2_6.xyt');

INSERT INTO Images
Values('/var/www/server/Datasets/MOLF/OriginalDataset/DB1_Lumidgm/98_3_6.wsq', '98.6.3', '98.6', 352, 544, 500);

INSERT INTO Features
Values('98.6.3', '98.6.3.1', 71);

INSERT INTO Minutiaes
Values('98.6.3.1.1', '98.6.3.1', '/var/www/server/Datasets/MOLF/MindtctOutput/DB1_Lumidgm/98_3_6.xyt');

INSERT INTO Images
Values('/var/www/server/Datasets/MOLF/OriginalDataset/DB1_Lumidgm/98_4_6.wsq', '98.6.4', '98.6', 352, 544, 500);

INSERT INTO Features
Values('98.6.4', '98.6.4.1', 77);

INSERT INTO Minutiaes
Values('98.6.4.1.1', '98.6.4.1', '/var/www/server/Datasets/MOLF/MindtctOutput/DB1_Lumidgm/98_4_6.xyt');

INSERT INTO Fingers
Values(NULL, 7, '98.7', '98');

INSERT INTO Images
Values('/var/www/server/Datasets/MOLF/OriginalDataset/DB1_Lumidgm/98_1_7.wsq', '98.7.1', '98.7', 352, 544, 500);

INSERT INTO Features
Values('98.7.1', '98.7.1.1', 71);

INSERT INTO Minutiaes
Values('98.7.1.1.1', '98.7.1.1', '/var/www/server/Datasets/MOLF/MindtctOutput/DB1_Lumidgm/98_1_7.xyt');

INSERT INTO Images
Values('/var/www/server/Datasets/MOLF/OriginalDataset/DB1_Lumidgm/98_2_7.wsq', '98.7.2', '98.7', 352, 544, 500);

INSERT INTO Features
Values('98.7.2', '98.7.2.1', 58);

INSERT INTO Minutiaes
Values('98.7.2.1.1', '98.7.2.1', '/var/www/server/Datasets/MOLF/MindtctOutput/DB1_Lumidgm/98_2_7.xyt');

INSERT INTO Images
Values('/var/www/server/Datasets/MOLF/OriginalDataset/DB1_Lumidgm/98_3_7.wsq', '98.7.3', '98.7', 352, 544, 500);

INSERT INTO Features
Values('98.7.3', '98.7.3.1', 64);

INSERT INTO Minutiaes
Values('98.7.3.1.1', '98.7.3.1', '/var/www/server/Datasets/MOLF/MindtctOutput/DB1_Lumidgm/98_3_7.xyt');

INSERT INTO Images
Values('/var/www/server/Datasets/MOLF/OriginalDataset/DB1_Lumidgm/98_4_7.wsq', '98.7.4', '98.7', 352, 544, 500);

INSERT INTO Features
Values('98.7.4', '98.7.4.1', 67);

INSERT INTO Minutiaes
Values('98.7.4.1.1', '98.7.4.1', '/var/www/server/Datasets/MOLF/MindtctOutput/DB1_Lumidgm/98_4_7.xyt');

INSERT INTO Fingers
Values(NULL, 8, '98.8', '98');

INSERT INTO Images
Values('/var/www/server/Datasets/MOLF/OriginalDataset/DB1_Lumidgm/98_1_8.wsq', '98.8.1', '98.8', 352, 544, 500);

INSERT INTO Features
Values('98.8.1', '98.8.1.1', 84);

INSERT INTO Minutiaes
Values('98.8.1.1.1', '98.8.1.1', '/var/www/server/Datasets/MOLF/MindtctOutput/DB1_Lumidgm/98_1_8.xyt');

INSERT INTO Images
Values('/var/www/server/Datasets/MOLF/OriginalDataset/DB1_Lumidgm/98_2_8.wsq', '98.8.2', '98.8', 352, 544, 500);

INSERT INTO Features
Values('98.8.2', '98.8.2.1', 84);

INSERT INTO Minutiaes
Values('98.8.2.1.1', '98.8.2.1', '/var/www/server/Datasets/MOLF/MindtctOutput/DB1_Lumidgm/98_2_8.xyt');

INSERT INTO Images
Values('/var/www/server/Datasets/MOLF/OriginalDataset/DB1_Lumidgm/98_3_8.wsq', '98.8.3', '98.8', 352, 544, 500);

INSERT INTO Features
Values('98.8.3', '98.8.3.1', 112);

INSERT INTO Minutiaes
Values('98.8.3.1.1', '98.8.3.1', '/var/www/server/Datasets/MOLF/MindtctOutput/DB1_Lumidgm/98_3_8.xyt');

INSERT INTO Images
Values('/var/www/server/Datasets/MOLF/OriginalDataset/DB1_Lumidgm/98_4_8.wsq', '98.8.4', '98.8', 352, 544, 500);

INSERT INTO Features
Values('98.8.4', '98.8.4.1', 109);

INSERT INTO Minutiaes
Values('98.8.4.1.1', '98.8.4.1', '/var/www/server/Datasets/MOLF/MindtctOutput/DB1_Lumidgm/98_4_8.xyt');

INSERT INTO Fingers
Values(NULL, 9, '98.9', '98');

INSERT INTO Images
Values('/var/www/server/Datasets/MOLF/OriginalDataset/DB1_Lumidgm/98_1_9.wsq', '98.9.1', '98.9', 352, 544, 500);

INSERT INTO Features
Values('98.9.1', '98.9.1.1', 85);

INSERT INTO Minutiaes
Values('98.9.1.1.1', '98.9.1.1', '/var/www/server/Datasets/MOLF/MindtctOutput/DB1_Lumidgm/98_1_9.xyt');

INSERT INTO Images
Values('/var/www/server/Datasets/MOLF/OriginalDataset/DB1_Lumidgm/98_2_9.wsq', '98.9.2', '98.9', 352, 544, 500);

INSERT INTO Features
Values('98.9.2', '98.9.2.1', 68);

INSERT INTO Minutiaes
Values('98.9.2.1.1', '98.9.2.1', '/var/www/server/Datasets/MOLF/MindtctOutput/DB1_Lumidgm/98_2_9.xyt');

INSERT INTO Images
Values('/var/www/server/Datasets/MOLF/OriginalDataset/DB1_Lumidgm/98_3_9.wsq', '98.9.3', '98.9', 352, 544, 500);

INSERT INTO Features
Values('98.9.3', '98.9.3.1', 109);

INSERT INTO Minutiaes
Values('98.9.3.1.1', '98.9.3.1', '/var/www/server/Datasets/MOLF/MindtctOutput/DB1_Lumidgm/98_3_9.xyt');

INSERT INTO Images
Values('/var/www/server/Datasets/MOLF/OriginalDataset/DB1_Lumidgm/98_4_9.wsq', '98.9.4', '98.9', 352, 544, 500);

INSERT INTO Features
Values('98.9.4', '98.9.4.1', 107);

INSERT INTO Minutiaes
Values('98.9.4.1.1', '98.9.4.1', '/var/www/server/Datasets/MOLF/MindtctOutput/DB1_Lumidgm/98_4_9.xyt');

INSERT INTO Fingers
Values(NULL, 10, '98.10', '98');

INSERT INTO Images
Values('/var/www/server/Datasets/MOLF/OriginalDataset/DB1_Lumidgm/98_1_10.wsq', '98.10.1', '98.10', 352, 544, 500);

INSERT INTO Features
Values('98.10.1', '98.10.1.1', 97);

INSERT INTO Minutiaes
Values('98.10.1.1.1', '98.10.1.1', '/var/www/server/Datasets/MOLF/MindtctOutput/DB1_Lumidgm/98_1_10.xyt');

INSERT INTO Images
Values('/var/www/server/Datasets/MOLF/OriginalDataset/DB1_Lumidgm/98_2_10.wsq', '98.10.2', '98.10', 352, 544, 500);

INSERT INTO Features
Values('98.10.2', '98.10.2.1', 75);

INSERT INTO Minutiaes
Values('98.10.2.1.1', '98.10.2.1', '/var/www/server/Datasets/MOLF/MindtctOutput/DB1_Lumidgm/98_2_10.xyt');

INSERT INTO Images
Values('/var/www/server/Datasets/MOLF/OriginalDataset/DB1_Lumidgm/98_3_10.wsq', '98.10.3', '98.10', 352, 544, 500);

INSERT INTO Features
Values('98.10.3', '98.10.3.1', 83);

INSERT INTO Minutiaes
Values('98.10.3.1.1', '98.10.3.1', '/var/www/server/Datasets/MOLF/MindtctOutput/DB1_Lumidgm/98_3_10.xyt');

INSERT INTO Images
Values('/var/www/server/Datasets/MOLF/OriginalDataset/DB1_Lumidgm/98_4_10.wsq', '98.10.4', '98.10', 352, 544, 500);

INSERT INTO Features
Values('98.10.4', '98.10.4.1', 102);

INSERT INTO Minutiaes
Values('98.10.4.1.1', '98.10.4.1', '/var/www/server/Datasets/MOLF/MindtctOutput/DB1_Lumidgm/98_4_10.xyt');

#------------------------SUBJECT 99------------------------
INSERT INTO Subjects
Values('99');

INSERT INTO Fingers
Values(NULL, 1, '99.1', '99');

INSERT INTO Images
Values('/var/www/server/Datasets/MOLF/OriginalDataset/DB1_Lumidgm/99_1_1.wsq', '99.1.1', '99.1', 352, 544, 500);

INSERT INTO Features
Values('99.1.1', '99.1.1.1', 39);

INSERT INTO Minutiaes
Values('99.1.1.1.1', '99.1.1.1', '/var/www/server/Datasets/MOLF/MindtctOutput/DB1_Lumidgm/99_1_1.xyt');

INSERT INTO Images
Values('/var/www/server/Datasets/MOLF/OriginalDataset/DB1_Lumidgm/99_2_1.wsq', '99.1.2', '99.1', 352, 544, 500);

INSERT INTO Features
Values('99.1.2', '99.1.2.1', 39);

INSERT INTO Minutiaes
Values('99.1.2.1.1', '99.1.2.1', '/var/www/server/Datasets/MOLF/MindtctOutput/DB1_Lumidgm/99_2_1.xyt');

INSERT INTO Images
Values('/var/www/server/Datasets/MOLF/OriginalDataset/DB1_Lumidgm/99_3_1.wsq', '99.1.3', '99.1', 352, 544, 500);

INSERT INTO Features
Values('99.1.3', '99.1.3.1', 39);

INSERT INTO Minutiaes
Values('99.1.3.1.1', '99.1.3.1', '/var/www/server/Datasets/MOLF/MindtctOutput/DB1_Lumidgm/99_3_1.xyt');

INSERT INTO Images
Values('/var/www/server/Datasets/MOLF/OriginalDataset/DB1_Lumidgm/99_4_1.wsq', '99.1.4', '99.1', 352, 544, 500);

INSERT INTO Features
Values('99.1.4', '99.1.4.1', 39);

INSERT INTO Minutiaes
Values('99.1.4.1.1', '99.1.4.1', '/var/www/server/Datasets/MOLF/MindtctOutput/DB1_Lumidgm/99_4_1.xyt');

INSERT INTO Fingers
Values(NULL, 2, '99.2', '99');

INSERT INTO Images
Values('/var/www/server/Datasets/MOLF/OriginalDataset/DB1_Lumidgm/99_1_2.wsq', '99.2.1', '99.2', 352, 544, 500);

INSERT INTO Features
Values('99.2.1', '99.2.1.1', 53);

INSERT INTO Minutiaes
Values('99.2.1.1.1', '99.2.1.1', '/var/www/server/Datasets/MOLF/MindtctOutput/DB1_Lumidgm/99_1_2.xyt');

INSERT INTO Images
Values('/var/www/server/Datasets/MOLF/OriginalDataset/DB1_Lumidgm/99_2_2.wsq', '99.2.2', '99.2', 352, 544, 500);

INSERT INTO Features
Values('99.2.2', '99.2.2.1', 53);

INSERT INTO Minutiaes
Values('99.2.2.1.1', '99.2.2.1', '/var/www/server/Datasets/MOLF/MindtctOutput/DB1_Lumidgm/99_2_2.xyt');

INSERT INTO Images
Values('/var/www/server/Datasets/MOLF/OriginalDataset/DB1_Lumidgm/99_3_2.wsq', '99.2.3', '99.2', 352, 544, 500);

INSERT INTO Features
Values('99.2.3', '99.2.3.1', 54);

INSERT INTO Minutiaes
Values('99.2.3.1.1', '99.2.3.1', '/var/www/server/Datasets/MOLF/MindtctOutput/DB1_Lumidgm/99_3_2.xyt');

INSERT INTO Images
Values('/var/www/server/Datasets/MOLF/OriginalDataset/DB1_Lumidgm/99_4_2.wsq', '99.2.4', '99.2', 352, 544, 500);

INSERT INTO Features
Values('99.2.4', '99.2.4.1', 54);

INSERT INTO Minutiaes
Values('99.2.4.1.1', '99.2.4.1', '/var/www/server/Datasets/MOLF/MindtctOutput/DB1_Lumidgm/99_4_2.xyt');

INSERT INTO Fingers
Values(NULL, 3, '99.3', '99');

INSERT INTO Images
Values('/var/www/server/Datasets/MOLF/OriginalDataset/DB1_Lumidgm/99_1_3.wsq', '99.3.1', '99.3', 352, 544, 500);

INSERT INTO Features
Values('99.3.1', '99.3.1.1', 47);

INSERT INTO Minutiaes
Values('99.3.1.1.1', '99.3.1.1', '/var/www/server/Datasets/MOLF/MindtctOutput/DB1_Lumidgm/99_1_3.xyt');

INSERT INTO Images
Values('/var/www/server/Datasets/MOLF/OriginalDataset/DB1_Lumidgm/99_2_3.wsq', '99.3.2', '99.3', 352, 544, 500);

INSERT INTO Features
Values('99.3.2', '99.3.2.1', 47);

INSERT INTO Minutiaes
Values('99.3.2.1.1', '99.3.2.1', '/var/www/server/Datasets/MOLF/MindtctOutput/DB1_Lumidgm/99_2_3.xyt');

INSERT INTO Images
Values('/var/www/server/Datasets/MOLF/OriginalDataset/DB1_Lumidgm/99_3_3.wsq', '99.3.3', '99.3', 352, 544, 500);

INSERT INTO Features
Values('99.3.3', '99.3.3.1', 51);

INSERT INTO Minutiaes
Values('99.3.3.1.1', '99.3.3.1', '/var/www/server/Datasets/MOLF/MindtctOutput/DB1_Lumidgm/99_3_3.xyt');

INSERT INTO Images
Values('/var/www/server/Datasets/MOLF/OriginalDataset/DB1_Lumidgm/99_4_3.wsq', '99.3.4', '99.3', 352, 544, 500);

INSERT INTO Features
Values('99.3.4', '99.3.4.1', 51);

INSERT INTO Minutiaes
Values('99.3.4.1.1', '99.3.4.1', '/var/www/server/Datasets/MOLF/MindtctOutput/DB1_Lumidgm/99_4_3.xyt');

INSERT INTO Fingers
Values(NULL, 4, '99.4', '99');

INSERT INTO Images
Values('/var/www/server/Datasets/MOLF/OriginalDataset/DB1_Lumidgm/99_1_4.wsq', '99.4.1', '99.4', 352, 544, 500);

INSERT INTO Features
Values('99.4.1', '99.4.1.1', 56);

INSERT INTO Minutiaes
Values('99.4.1.1.1', '99.4.1.1', '/var/www/server/Datasets/MOLF/MindtctOutput/DB1_Lumidgm/99_1_4.xyt');

INSERT INTO Images
Values('/var/www/server/Datasets/MOLF/OriginalDataset/DB1_Lumidgm/99_2_4.wsq', '99.4.2', '99.4', 352, 544, 500);

INSERT INTO Features
Values('99.4.2', '99.4.2.1', 56);

INSERT INTO Minutiaes
Values('99.4.2.1.1', '99.4.2.1', '/var/www/server/Datasets/MOLF/MindtctOutput/DB1_Lumidgm/99_2_4.xyt');

INSERT INTO Images
Values('/var/www/server/Datasets/MOLF/OriginalDataset/DB1_Lumidgm/99_3_4.wsq', '99.4.3', '99.4', 352, 544, 500);

INSERT INTO Features
Values('99.4.3', '99.4.3.1', 66);

INSERT INTO Minutiaes
Values('99.4.3.1.1', '99.4.3.1', '/var/www/server/Datasets/MOLF/MindtctOutput/DB1_Lumidgm/99_3_4.xyt');

INSERT INTO Images
Values('/var/www/server/Datasets/MOLF/OriginalDataset/DB1_Lumidgm/99_4_4.wsq', '99.4.4', '99.4', 352, 544, 500);

INSERT INTO Features
Values('99.4.4', '99.4.4.1', 66);

INSERT INTO Minutiaes
Values('99.4.4.1.1', '99.4.4.1', '/var/www/server/Datasets/MOLF/MindtctOutput/DB1_Lumidgm/99_4_4.xyt');

INSERT INTO Fingers
Values(NULL, 5, '99.5', '99');

INSERT INTO Images
Values('/var/www/server/Datasets/MOLF/OriginalDataset/DB1_Lumidgm/99_1_5.wsq', '99.5.1', '99.5', 352, 544, 500);

INSERT INTO Features
Values('99.5.1', '99.5.1.1', 49);

INSERT INTO Minutiaes
Values('99.5.1.1.1', '99.5.1.1', '/var/www/server/Datasets/MOLF/MindtctOutput/DB1_Lumidgm/99_1_5.xyt');

INSERT INTO Images
Values('/var/www/server/Datasets/MOLF/OriginalDataset/DB1_Lumidgm/99_2_5.wsq', '99.5.2', '99.5', 352, 544, 500);

INSERT INTO Features
Values('99.5.2', '99.5.2.1', 49);

INSERT INTO Minutiaes
Values('99.5.2.1.1', '99.5.2.1', '/var/www/server/Datasets/MOLF/MindtctOutput/DB1_Lumidgm/99_2_5.xyt');

INSERT INTO Images
Values('/var/www/server/Datasets/MOLF/OriginalDataset/DB1_Lumidgm/99_3_5.wsq', '99.5.3', '99.5', 352, 544, 500);

INSERT INTO Features
Values('99.5.3', '99.5.3.1', 42);

INSERT INTO Minutiaes
Values('99.5.3.1.1', '99.5.3.1', '/var/www/server/Datasets/MOLF/MindtctOutput/DB1_Lumidgm/99_3_5.xyt');

INSERT INTO Images
Values('/var/www/server/Datasets/MOLF/OriginalDataset/DB1_Lumidgm/99_4_5.wsq', '99.5.4', '99.5', 352, 544, 500);

INSERT INTO Features
Values('99.5.4', '99.5.4.1', 42);

INSERT INTO Minutiaes
Values('99.5.4.1.1', '99.5.4.1', '/var/www/server/Datasets/MOLF/MindtctOutput/DB1_Lumidgm/99_4_5.xyt');

INSERT INTO Fingers
Values(NULL, 6, '99.6', '99');

INSERT INTO Images
Values('/var/www/server/Datasets/MOLF/OriginalDataset/DB1_Lumidgm/99_1_6.wsq', '99.6.1', '99.6', 352, 544, 500);

INSERT INTO Features
Values('99.6.1', '99.6.1.1', 35);

INSERT INTO Minutiaes
Values('99.6.1.1.1', '99.6.1.1', '/var/www/server/Datasets/MOLF/MindtctOutput/DB1_Lumidgm/99_1_6.xyt');

INSERT INTO Images
Values('/var/www/server/Datasets/MOLF/OriginalDataset/DB1_Lumidgm/99_2_6.wsq', '99.6.2', '99.6', 352, 544, 500);

INSERT INTO Features
Values('99.6.2', '99.6.2.1', 35);

INSERT INTO Minutiaes
Values('99.6.2.1.1', '99.6.2.1', '/var/www/server/Datasets/MOLF/MindtctOutput/DB1_Lumidgm/99_2_6.xyt');

INSERT INTO Images
Values('/var/www/server/Datasets/MOLF/OriginalDataset/DB1_Lumidgm/99_3_6.wsq', '99.6.3', '99.6', 352, 544, 500);

INSERT INTO Features
Values('99.6.3', '99.6.3.1', 25);

INSERT INTO Minutiaes
Values('99.6.3.1.1', '99.6.3.1', '/var/www/server/Datasets/MOLF/MindtctOutput/DB1_Lumidgm/99_3_6.xyt');

INSERT INTO Images
Values('/var/www/server/Datasets/MOLF/OriginalDataset/DB1_Lumidgm/99_4_6.wsq', '99.6.4', '99.6', 352, 544, 500);

INSERT INTO Features
Values('99.6.4', '99.6.4.1', 25);

INSERT INTO Minutiaes
Values('99.6.4.1.1', '99.6.4.1', '/var/www/server/Datasets/MOLF/MindtctOutput/DB1_Lumidgm/99_4_6.xyt');

INSERT INTO Fingers
Values(NULL, 7, '99.7', '99');

INSERT INTO Images
Values('/var/www/server/Datasets/MOLF/OriginalDataset/DB1_Lumidgm/99_1_7.wsq', '99.7.1', '99.7', 352, 544, 500);

INSERT INTO Features
Values('99.7.1', '99.7.1.1', 44);

INSERT INTO Minutiaes
Values('99.7.1.1.1', '99.7.1.1', '/var/www/server/Datasets/MOLF/MindtctOutput/DB1_Lumidgm/99_1_7.xyt');

INSERT INTO Images
Values('/var/www/server/Datasets/MOLF/OriginalDataset/DB1_Lumidgm/99_2_7.wsq', '99.7.2', '99.7', 352, 544, 500);

INSERT INTO Features
Values('99.7.2', '99.7.2.1', 44);

INSERT INTO Minutiaes
Values('99.7.2.1.1', '99.7.2.1', '/var/www/server/Datasets/MOLF/MindtctOutput/DB1_Lumidgm/99_2_7.xyt');

INSERT INTO Images
Values('/var/www/server/Datasets/MOLF/OriginalDataset/DB1_Lumidgm/99_3_7.wsq', '99.7.3', '99.7', 352, 544, 500);

INSERT INTO Features
Values('99.7.3', '99.7.3.1', 42);

INSERT INTO Minutiaes
Values('99.7.3.1.1', '99.7.3.1', '/var/www/server/Datasets/MOLF/MindtctOutput/DB1_Lumidgm/99_3_7.xyt');

INSERT INTO Images
Values('/var/www/server/Datasets/MOLF/OriginalDataset/DB1_Lumidgm/99_4_7.wsq', '99.7.4', '99.7', 352, 544, 500);

INSERT INTO Features
Values('99.7.4', '99.7.4.1', 42);

INSERT INTO Minutiaes
Values('99.7.4.1.1', '99.7.4.1', '/var/www/server/Datasets/MOLF/MindtctOutput/DB1_Lumidgm/99_4_7.xyt');

INSERT INTO Fingers
Values(NULL, 8, '99.8', '99');

INSERT INTO Images
Values('/var/www/server/Datasets/MOLF/OriginalDataset/DB1_Lumidgm/99_1_8.wsq', '99.8.1', '99.8', 352, 544, 500);

INSERT INTO Features
Values('99.8.1', '99.8.1.1', 49);

INSERT INTO Minutiaes
Values('99.8.1.1.1', '99.8.1.1', '/var/www/server/Datasets/MOLF/MindtctOutput/DB1_Lumidgm/99_1_8.xyt');

INSERT INTO Images
Values('/var/www/server/Datasets/MOLF/OriginalDataset/DB1_Lumidgm/99_2_8.wsq', '99.8.2', '99.8', 352, 544, 500);

INSERT INTO Features
Values('99.8.2', '99.8.2.1', 49);

INSERT INTO Minutiaes
Values('99.8.2.1.1', '99.8.2.1', '/var/www/server/Datasets/MOLF/MindtctOutput/DB1_Lumidgm/99_2_8.xyt');

INSERT INTO Images
Values('/var/www/server/Datasets/MOLF/OriginalDataset/DB1_Lumidgm/99_3_8.wsq', '99.8.3', '99.8', 352, 544, 500);

INSERT INTO Features
Values('99.8.3', '99.8.3.1', 60);

INSERT INTO Minutiaes
Values('99.8.3.1.1', '99.8.3.1', '/var/www/server/Datasets/MOLF/MindtctOutput/DB1_Lumidgm/99_3_8.xyt');

INSERT INTO Images
Values('/var/www/server/Datasets/MOLF/OriginalDataset/DB1_Lumidgm/99_4_8.wsq', '99.8.4', '99.8', 352, 544, 500);

INSERT INTO Features
Values('99.8.4', '99.8.4.1', 60);

INSERT INTO Minutiaes
Values('99.8.4.1.1', '99.8.4.1', '/var/www/server/Datasets/MOLF/MindtctOutput/DB1_Lumidgm/99_4_8.xyt');

INSERT INTO Fingers
Values(NULL, 9, '99.9', '99');

INSERT INTO Images
Values('/var/www/server/Datasets/MOLF/OriginalDataset/DB1_Lumidgm/99_1_9.wsq', '99.9.1', '99.9', 352, 544, 500);

INSERT INTO Features
Values('99.9.1', '99.9.1.1', 51);

INSERT INTO Minutiaes
Values('99.9.1.1.1', '99.9.1.1', '/var/www/server/Datasets/MOLF/MindtctOutput/DB1_Lumidgm/99_1_9.xyt');

INSERT INTO Images
Values('/var/www/server/Datasets/MOLF/OriginalDataset/DB1_Lumidgm/99_2_9.wsq', '99.9.2', '99.9', 352, 544, 500);

INSERT INTO Features
Values('99.9.2', '99.9.2.1', 51);

INSERT INTO Minutiaes
Values('99.9.2.1.1', '99.9.2.1', '/var/www/server/Datasets/MOLF/MindtctOutput/DB1_Lumidgm/99_2_9.xyt');

INSERT INTO Images
Values('/var/www/server/Datasets/MOLF/OriginalDataset/DB1_Lumidgm/99_3_9.wsq', '99.9.3', '99.9', 352, 544, 500);

INSERT INTO Features
Values('99.9.3', '99.9.3.1', 51);

INSERT INTO Minutiaes
Values('99.9.3.1.1', '99.9.3.1', '/var/www/server/Datasets/MOLF/MindtctOutput/DB1_Lumidgm/99_3_9.xyt');

INSERT INTO Images
Values('/var/www/server/Datasets/MOLF/OriginalDataset/DB1_Lumidgm/99_4_9.wsq', '99.9.4', '99.9', 352, 544, 500);

INSERT INTO Features
Values('99.9.4', '99.9.4.1', 51);

INSERT INTO Minutiaes
Values('99.9.4.1.1', '99.9.4.1', '/var/www/server/Datasets/MOLF/MindtctOutput/DB1_Lumidgm/99_4_9.xyt');

INSERT INTO Fingers
Values(NULL, 10, '99.10', '99');

INSERT INTO Images
Values('/var/www/server/Datasets/MOLF/OriginalDataset/DB1_Lumidgm/99_1_10.wsq', '99.10.1', '99.10', 352, 544, 500);

INSERT INTO Features
Values('99.10.1', '99.10.1.1', 43);

INSERT INTO Minutiaes
Values('99.10.1.1.1', '99.10.1.1', '/var/www/server/Datasets/MOLF/MindtctOutput/DB1_Lumidgm/99_1_10.xyt');

INSERT INTO Images
Values('/var/www/server/Datasets/MOLF/OriginalDataset/DB1_Lumidgm/99_2_10.wsq', '99.10.2', '99.10', 352, 544, 500);

INSERT INTO Features
Values('99.10.2', '99.10.2.1', 43);

INSERT INTO Minutiaes
Values('99.10.2.1.1', '99.10.2.1', '/var/www/server/Datasets/MOLF/MindtctOutput/DB1_Lumidgm/99_2_10.xyt');

INSERT INTO Images
Values('/var/www/server/Datasets/MOLF/OriginalDataset/DB1_Lumidgm/99_3_10.wsq', '99.10.3', '99.10', 352, 544, 500);

INSERT INTO Features
Values('99.10.3', '99.10.3.1', 42);

INSERT INTO Minutiaes
Values('99.10.3.1.1', '99.10.3.1', '/var/www/server/Datasets/MOLF/MindtctOutput/DB1_Lumidgm/99_3_10.xyt');

INSERT INTO Images
Values('/var/www/server/Datasets/MOLF/OriginalDataset/DB1_Lumidgm/99_4_10.wsq', '99.10.4', '99.10', 352, 544, 500);

INSERT INTO Features
Values('99.10.4', '99.10.4.1', 42);

INSERT INTO Minutiaes
Values('99.10.4.1.1', '99.10.4.1', '/var/www/server/Datasets/MOLF/MindtctOutput/DB1_Lumidgm/99_4_10.xyt');

#------------------------SUBJECT 100------------------------
INSERT INTO Subjects
Values('100');

INSERT INTO Fingers
Values(NULL, 1, '100.1', '100');

INSERT INTO Images
Values('/var/www/server/Datasets/MOLF/OriginalDataset/DB1_Lumidgm/100_1_1.wsq', '100.1.1', '100.1', 352, 544, 500);

INSERT INTO Features
Values('100.1.1', '100.1.1.1', 47);

INSERT INTO Minutiaes
Values('100.1.1.1.1', '100.1.1.1', '/var/www/server/Datasets/MOLF/MindtctOutput/DB1_Lumidgm/100_1_1.xyt');

INSERT INTO Images
Values('/var/www/server/Datasets/MOLF/OriginalDataset/DB1_Lumidgm/100_2_1.wsq', '100.1.2', '100.1', 352, 544, 500);

INSERT INTO Features
Values('100.1.2', '100.1.2.1', 47);

INSERT INTO Minutiaes
Values('100.1.2.1.1', '100.1.2.1', '/var/www/server/Datasets/MOLF/MindtctOutput/DB1_Lumidgm/100_2_1.xyt');

INSERT INTO Images
Values('/var/www/server/Datasets/MOLF/OriginalDataset/DB1_Lumidgm/100_3_1.wsq', '100.1.3', '100.1', 352, 544, 500);

INSERT INTO Features
Values('100.1.3', '100.1.3.1', 41);

INSERT INTO Minutiaes
Values('100.1.3.1.1', '100.1.3.1', '/var/www/server/Datasets/MOLF/MindtctOutput/DB1_Lumidgm/100_3_1.xyt');

INSERT INTO Images
Values('/var/www/server/Datasets/MOLF/OriginalDataset/DB1_Lumidgm/100_4_1.wsq', '100.1.4', '100.1', 352, 544, 500);

INSERT INTO Features
Values('100.1.4', '100.1.4.1', 42);

INSERT INTO Minutiaes
Values('100.1.4.1.1', '100.1.4.1', '/var/www/server/Datasets/MOLF/MindtctOutput/DB1_Lumidgm/100_4_1.xyt');

INSERT INTO Fingers
Values(NULL, 2, '100.2', '100');

INSERT INTO Images
Values('/var/www/server/Datasets/MOLF/OriginalDataset/DB1_Lumidgm/100_1_2.wsq', '100.2.1', '100.2', 352, 544, 500);

INSERT INTO Features
Values('100.2.1', '100.2.1.1', 66);

INSERT INTO Minutiaes
Values('100.2.1.1.1', '100.2.1.1', '/var/www/server/Datasets/MOLF/MindtctOutput/DB1_Lumidgm/100_1_2.xyt');

INSERT INTO Images
Values('/var/www/server/Datasets/MOLF/OriginalDataset/DB1_Lumidgm/100_2_2.wsq', '100.2.2', '100.2', 352, 544, 500);

INSERT INTO Features
Values('100.2.2', '100.2.2.1', 67);

INSERT INTO Minutiaes
Values('100.2.2.1.1', '100.2.2.1', '/var/www/server/Datasets/MOLF/MindtctOutput/DB1_Lumidgm/100_2_2.xyt');

INSERT INTO Images
Values('/var/www/server/Datasets/MOLF/OriginalDataset/DB1_Lumidgm/100_3_2.wsq', '100.2.3', '100.2', 352, 544, 500);

INSERT INTO Features
Values('100.2.3', '100.2.3.1', 72);

INSERT INTO Minutiaes
Values('100.2.3.1.1', '100.2.3.1', '/var/www/server/Datasets/MOLF/MindtctOutput/DB1_Lumidgm/100_3_2.xyt');

INSERT INTO Images
Values('/var/www/server/Datasets/MOLF/OriginalDataset/DB1_Lumidgm/100_4_2.wsq', '100.2.4', '100.2', 352, 544, 500);

INSERT INTO Features
Values('100.2.4', '100.2.4.1', 64);

INSERT INTO Minutiaes
Values('100.2.4.1.1', '100.2.4.1', '/var/www/server/Datasets/MOLF/MindtctOutput/DB1_Lumidgm/100_4_2.xyt');

INSERT INTO Fingers
Values(NULL, 3, '100.3', '100');

INSERT INTO Images
Values('/var/www/server/Datasets/MOLF/OriginalDataset/DB1_Lumidgm/100_1_3.wsq', '100.3.1', '100.3', 352, 544, 500);

INSERT INTO Features
Values('100.3.1', '100.3.1.1', 57);

INSERT INTO Minutiaes
Values('100.3.1.1.1', '100.3.1.1', '/var/www/server/Datasets/MOLF/MindtctOutput/DB1_Lumidgm/100_1_3.xyt');

INSERT INTO Images
Values('/var/www/server/Datasets/MOLF/OriginalDataset/DB1_Lumidgm/100_2_3.wsq', '100.3.2', '100.3', 352, 544, 500);

INSERT INTO Features
Values('100.3.2', '100.3.2.1', 54);

INSERT INTO Minutiaes
Values('100.3.2.1.1', '100.3.2.1', '/var/www/server/Datasets/MOLF/MindtctOutput/DB1_Lumidgm/100_2_3.xyt');

INSERT INTO Images
Values('/var/www/server/Datasets/MOLF/OriginalDataset/DB1_Lumidgm/100_3_3.wsq', '100.3.3', '100.3', 352, 544, 500);

INSERT INTO Features
Values('100.3.3', '100.3.3.1', 54);

INSERT INTO Minutiaes
Values('100.3.3.1.1', '100.3.3.1', '/var/www/server/Datasets/MOLF/MindtctOutput/DB1_Lumidgm/100_3_3.xyt');

INSERT INTO Images
Values('/var/www/server/Datasets/MOLF/OriginalDataset/DB1_Lumidgm/100_4_3.wsq', '100.3.4', '100.3', 352, 544, 500);

INSERT INTO Features
Values('100.3.4', '100.3.4.1', 55);

INSERT INTO Minutiaes
Values('100.3.4.1.1', '100.3.4.1', '/var/www/server/Datasets/MOLF/MindtctOutput/DB1_Lumidgm/100_4_3.xyt');

INSERT INTO Fingers
Values(NULL, 4, '100.4', '100');

INSERT INTO Images
Values('/var/www/server/Datasets/MOLF/OriginalDataset/DB1_Lumidgm/100_1_4.wsq', '100.4.1', '100.4', 352, 544, 500);

INSERT INTO Features
Values('100.4.1', '100.4.1.1', 62);

INSERT INTO Minutiaes
Values('100.4.1.1.1', '100.4.1.1', '/var/www/server/Datasets/MOLF/MindtctOutput/DB1_Lumidgm/100_1_4.xyt');

INSERT INTO Images
Values('/var/www/server/Datasets/MOLF/OriginalDataset/DB1_Lumidgm/100_2_4.wsq', '100.4.2', '100.4', 352, 544, 500);

INSERT INTO Features
Values('100.4.2', '100.4.2.1', 65);

INSERT INTO Minutiaes
Values('100.4.2.1.1', '100.4.2.1', '/var/www/server/Datasets/MOLF/MindtctOutput/DB1_Lumidgm/100_2_4.xyt');

INSERT INTO Images
Values('/var/www/server/Datasets/MOLF/OriginalDataset/DB1_Lumidgm/100_3_4.wsq', '100.4.3', '100.4', 352, 544, 500);

INSERT INTO Features
Values('100.4.3', '100.4.3.1', 71);

INSERT INTO Minutiaes
Values('100.4.3.1.1', '100.4.3.1', '/var/www/server/Datasets/MOLF/MindtctOutput/DB1_Lumidgm/100_3_4.xyt');

INSERT INTO Images
Values('/var/www/server/Datasets/MOLF/OriginalDataset/DB1_Lumidgm/100_4_4.wsq', '100.4.4', '100.4', 352, 544, 500);

INSERT INTO Features
Values('100.4.4', '100.4.4.1', 75);

INSERT INTO Minutiaes
Values('100.4.4.1.1', '100.4.4.1', '/var/www/server/Datasets/MOLF/MindtctOutput/DB1_Lumidgm/100_4_4.xyt');

INSERT INTO Fingers
Values(NULL, 5, '100.5', '100');

INSERT INTO Images
Values('/var/www/server/Datasets/MOLF/OriginalDataset/DB1_Lumidgm/100_1_5.wsq', '100.5.1', '100.5', 352, 544, 500);

INSERT INTO Features
Values('100.5.1', '100.5.1.1', 57);

INSERT INTO Minutiaes
Values('100.5.1.1.1', '100.5.1.1', '/var/www/server/Datasets/MOLF/MindtctOutput/DB1_Lumidgm/100_1_5.xyt');

INSERT INTO Images
Values('/var/www/server/Datasets/MOLF/OriginalDataset/DB1_Lumidgm/100_2_5.wsq', '100.5.2', '100.5', 352, 544, 500);

INSERT INTO Features
Values('100.5.2', '100.5.2.1', 75);

INSERT INTO Minutiaes
Values('100.5.2.1.1', '100.5.2.1', '/var/www/server/Datasets/MOLF/MindtctOutput/DB1_Lumidgm/100_2_5.xyt');

INSERT INTO Images
Values('/var/www/server/Datasets/MOLF/OriginalDataset/DB1_Lumidgm/100_3_5.wsq', '100.5.3', '100.5', 352, 544, 500);

INSERT INTO Features
Values('100.5.3', '100.5.3.1', 78);

INSERT INTO Minutiaes
Values('100.5.3.1.1', '100.5.3.1', '/var/www/server/Datasets/MOLF/MindtctOutput/DB1_Lumidgm/100_3_5.xyt');

INSERT INTO Images
Values('/var/www/server/Datasets/MOLF/OriginalDataset/DB1_Lumidgm/100_4_5.wsq', '100.5.4', '100.5', 352, 544, 500);

INSERT INTO Features
Values('100.5.4', '100.5.4.1', 75);

INSERT INTO Minutiaes
Values('100.5.4.1.1', '100.5.4.1', '/var/www/server/Datasets/MOLF/MindtctOutput/DB1_Lumidgm/100_4_5.xyt');

INSERT INTO Fingers
Values(NULL, 6, '100.6', '100');

INSERT INTO Images
Values('/var/www/server/Datasets/MOLF/OriginalDataset/DB1_Lumidgm/100_1_6.wsq', '100.6.1', '100.6', 352, 544, 500);

INSERT INTO Features
Values('100.6.1', '100.6.1.1', 52);

INSERT INTO Minutiaes
Values('100.6.1.1.1', '100.6.1.1', '/var/www/server/Datasets/MOLF/MindtctOutput/DB1_Lumidgm/100_1_6.xyt');

INSERT INTO Images
Values('/var/www/server/Datasets/MOLF/OriginalDataset/DB1_Lumidgm/100_2_6.wsq', '100.6.2', '100.6', 352, 544, 500);

INSERT INTO Features
Values('100.6.2', '100.6.2.1', 70);

INSERT INTO Minutiaes
Values('100.6.2.1.1', '100.6.2.1', '/var/www/server/Datasets/MOLF/MindtctOutput/DB1_Lumidgm/100_2_6.xyt');

INSERT INTO Images
Values('/var/www/server/Datasets/MOLF/OriginalDataset/DB1_Lumidgm/100_3_6.wsq', '100.6.3', '100.6', 352, 544, 500);

INSERT INTO Features
Values('100.6.3', '100.6.3.1', 51);

INSERT INTO Minutiaes
Values('100.6.3.1.1', '100.6.3.1', '/var/www/server/Datasets/MOLF/MindtctOutput/DB1_Lumidgm/100_3_6.xyt');

INSERT INTO Images
Values('/var/www/server/Datasets/MOLF/OriginalDataset/DB1_Lumidgm/100_4_6.wsq', '100.6.4', '100.6', 352, 544, 500);

INSERT INTO Features
Values('100.6.4', '100.6.4.1', 53);

INSERT INTO Minutiaes
Values('100.6.4.1.1', '100.6.4.1', '/var/www/server/Datasets/MOLF/MindtctOutput/DB1_Lumidgm/100_4_6.xyt');

INSERT INTO Fingers
Values(NULL, 7, '100.7', '100');

INSERT INTO Images
Values('/var/www/server/Datasets/MOLF/OriginalDataset/DB1_Lumidgm/100_1_7.wsq', '100.7.1', '100.7', 352, 544, 500);

INSERT INTO Features
Values('100.7.1', '100.7.1.1', 65);

INSERT INTO Minutiaes
Values('100.7.1.1.1', '100.7.1.1', '/var/www/server/Datasets/MOLF/MindtctOutput/DB1_Lumidgm/100_1_7.xyt');

INSERT INTO Images
Values('/var/www/server/Datasets/MOLF/OriginalDataset/DB1_Lumidgm/100_2_7.wsq', '100.7.2', '100.7', 352, 544, 500);

INSERT INTO Features
Values('100.7.2', '100.7.2.1', 77);

INSERT INTO Minutiaes
Values('100.7.2.1.1', '100.7.2.1', '/var/www/server/Datasets/MOLF/MindtctOutput/DB1_Lumidgm/100_2_7.xyt');

INSERT INTO Images
Values('/var/www/server/Datasets/MOLF/OriginalDataset/DB1_Lumidgm/100_3_7.wsq', '100.7.3', '100.7', 352, 544, 500);

INSERT INTO Features
Values('100.7.3', '100.7.3.1', 64);

INSERT INTO Minutiaes
Values('100.7.3.1.1', '100.7.3.1', '/var/www/server/Datasets/MOLF/MindtctOutput/DB1_Lumidgm/100_3_7.xyt');

INSERT INTO Images
Values('/var/www/server/Datasets/MOLF/OriginalDataset/DB1_Lumidgm/100_4_7.wsq', '100.7.4', '100.7', 352, 544, 500);

INSERT INTO Features
Values('100.7.4', '100.7.4.1', 70);

INSERT INTO Minutiaes
Values('100.7.4.1.1', '100.7.4.1', '/var/www/server/Datasets/MOLF/MindtctOutput/DB1_Lumidgm/100_4_7.xyt');

INSERT INTO Fingers
Values(NULL, 8, '100.8', '100');

INSERT INTO Images
Values('/var/www/server/Datasets/MOLF/OriginalDataset/DB1_Lumidgm/100_1_8.wsq', '100.8.1', '100.8', 352, 544, 500);

INSERT INTO Features
Values('100.8.1', '100.8.1.1', 64);

INSERT INTO Minutiaes
Values('100.8.1.1.1', '100.8.1.1', '/var/www/server/Datasets/MOLF/MindtctOutput/DB1_Lumidgm/100_1_8.xyt');

INSERT INTO Images
Values('/var/www/server/Datasets/MOLF/OriginalDataset/DB1_Lumidgm/100_2_8.wsq', '100.8.2', '100.8', 352, 544, 500);

INSERT INTO Features
Values('100.8.2', '100.8.2.1', 69);

INSERT INTO Minutiaes
Values('100.8.2.1.1', '100.8.2.1', '/var/www/server/Datasets/MOLF/MindtctOutput/DB1_Lumidgm/100_2_8.xyt');

INSERT INTO Images
Values('/var/www/server/Datasets/MOLF/OriginalDataset/DB1_Lumidgm/100_3_8.wsq', '100.8.3', '100.8', 352, 544, 500);

INSERT INTO Features
Values('100.8.3', '100.8.3.1', 65);

INSERT INTO Minutiaes
Values('100.8.3.1.1', '100.8.3.1', '/var/www/server/Datasets/MOLF/MindtctOutput/DB1_Lumidgm/100_3_8.xyt');

INSERT INTO Images
Values('/var/www/server/Datasets/MOLF/OriginalDataset/DB1_Lumidgm/100_4_8.wsq', '100.8.4', '100.8', 352, 544, 500);

INSERT INTO Features
Values('100.8.4', '100.8.4.1', 65);

INSERT INTO Minutiaes
Values('100.8.4.1.1', '100.8.4.1', '/var/www/server/Datasets/MOLF/MindtctOutput/DB1_Lumidgm/100_4_8.xyt');

INSERT INTO Fingers
Values(NULL, 9, '100.9', '100');

INSERT INTO Images
Values('/var/www/server/Datasets/MOLF/OriginalDataset/DB1_Lumidgm/100_1_9.wsq', '100.9.1', '100.9', 352, 544, 500);

INSERT INTO Features
Values('100.9.1', '100.9.1.1', 65);

INSERT INTO Minutiaes
Values('100.9.1.1.1', '100.9.1.1', '/var/www/server/Datasets/MOLF/MindtctOutput/DB1_Lumidgm/100_1_9.xyt');

INSERT INTO Images
Values('/var/www/server/Datasets/MOLF/OriginalDataset/DB1_Lumidgm/100_2_9.wsq', '100.9.2', '100.9', 352, 544, 500);

INSERT INTO Features
Values('100.9.2', '100.9.2.1', 62);

INSERT INTO Minutiaes
Values('100.9.2.1.1', '100.9.2.1', '/var/www/server/Datasets/MOLF/MindtctOutput/DB1_Lumidgm/100_2_9.xyt');

INSERT INTO Images
Values('/var/www/server/Datasets/MOLF/OriginalDataset/DB1_Lumidgm/100_3_9.wsq', '100.9.3', '100.9', 352, 544, 500);

INSERT INTO Features
Values('100.9.3', '100.9.3.1', 66);

INSERT INTO Minutiaes
Values('100.9.3.1.1', '100.9.3.1', '/var/www/server/Datasets/MOLF/MindtctOutput/DB1_Lumidgm/100_3_9.xyt');

INSERT INTO Images
Values('/var/www/server/Datasets/MOLF/OriginalDataset/DB1_Lumidgm/100_4_9.wsq', '100.9.4', '100.9', 352, 544, 500);

INSERT INTO Features
Values('100.9.4', '100.9.4.1', 62);

INSERT INTO Minutiaes
Values('100.9.4.1.1', '100.9.4.1', '/var/www/server/Datasets/MOLF/MindtctOutput/DB1_Lumidgm/100_4_9.xyt');

INSERT INTO Fingers
Values(NULL, 10, '100.10', '100');

INSERT INTO Images
Values('/var/www/server/Datasets/MOLF/OriginalDataset/DB1_Lumidgm/100_1_10.wsq', '100.10.1', '100.10', 352, 544, 500);

INSERT INTO Features
Values('100.10.1', '100.10.1.1', 56);

INSERT INTO Minutiaes
Values('100.10.1.1.1', '100.10.1.1', '/var/www/server/Datasets/MOLF/MindtctOutput/DB1_Lumidgm/100_1_10.xyt');

INSERT INTO Images
Values('/var/www/server/Datasets/MOLF/OriginalDataset/DB1_Lumidgm/100_2_10.wsq', '100.10.2', '100.10', 352, 544, 500);

INSERT INTO Features
Values('100.10.2', '100.10.2.1', 50);

INSERT INTO Minutiaes
Values('100.10.2.1.1', '100.10.2.1', '/var/www/server/Datasets/MOLF/MindtctOutput/DB1_Lumidgm/100_2_10.xyt');

INSERT INTO Images
Values('/var/www/server/Datasets/MOLF/OriginalDataset/DB1_Lumidgm/100_3_10.wsq', '100.10.3', '100.10', 352, 544, 500);

INSERT INTO Features
Values('100.10.3', '100.10.3.1', 50);

INSERT INTO Minutiaes
Values('100.10.3.1.1', '100.10.3.1', '/var/www/server/Datasets/MOLF/MindtctOutput/DB1_Lumidgm/100_3_10.xyt');

INSERT INTO Images
Values('/var/www/server/Datasets/MOLF/OriginalDataset/DB1_Lumidgm/100_4_10.wsq', '100.10.4', '100.10', 352, 544, 500);

INSERT INTO Features
Values('100.10.4', '100.10.4.1', 61);

INSERT INTO Minutiaes
Values('100.10.4.1.1', '100.10.4.1', '/var/www/server/Datasets/MOLF/MindtctOutput/DB1_Lumidgm/100_4_10.xyt');

