USE db_afis_f20;

#------------------------SUBJECT F------------------------
INSERT INTO Subjects
Values('F');

INSERT INTO Fingers
Values(NULL, NULL, 'F.1', 'F');

INSERT INTO Images
Values('/var/www/server/Datasets/Nanoparticle_Images/images/1532_7.tif', 'F.1.7', 'F.1', 1494, 2345, NULL);

INSERT INTO Features
Values('F.1.7', 'F.1.7.1', 75);

INSERT INTO Minutiaes
Values('F.1.7.1.1', 'F.1.7.1', '/var/www/server/Datasets/Nanoparticle_Images/MinutiaeOut/1532_7.xyt');

INSERT INTO Fingers
Values(NULL, NULL, 'F.2', 'F');

INSERT INTO Images
Values('/var/www/server/Datasets/Nanoparticle_Images/images/1532_8.tif', 'F.2.8', 'F.2', 1499, 2322, NULL);

INSERT INTO Features
Values('F.2.8', 'F.2.8.2', 77);

INSERT INTO Minutiaes
Values('F.2.8.2.2', 'F.2.8.2', '/var/www/server/Datasets/Nanoparticle_Images/MinutiaeOut/1532_8.xyt');

INSERT INTO Fingers
Values(NULL, NULL, 'F.3', 'F');

INSERT INTO Images
Values('/var/www/server/Datasets/Nanoparticle_Images/images/1532_9.tif', 'F.3.9', 'F.3', 1329, 2070, NULL);

INSERT INTO Features
Values('F.3.9', 'F.3.9.3', 75);

INSERT INTO Minutiaes
Values('F.3.9.3.3', 'F.3.9.3', '/var/www/server/Datasets/Nanoparticle_Images/MinutiaeOut/1532_9.xyt');

#------------------------SUBJECT A------------------------
INSERT INTO Subjects
Values('A');

INSERT INTO Fingers
Values(NULL, NULL, 'A.4', 'A');

INSERT INTO Images
Values('/var/www/server/Datasets/Nanoparticle_Images/images/1532_1.tif', 'A.4.1', 'A.4', 1501, 1999, NULL);

INSERT INTO Features
Values('A.4.1', 'A.4.1.4', 38);

INSERT INTO Minutiaes
Values('A.4.1.4.4', 'A.4.1.4', '/var/www/server/Datasets/Nanoparticle_Images/MinutiaeOut/1532_1.xyt');

INSERT INTO Fingers
Values(NULL, NULL, 'A.5', 'A');

INSERT INTO Images
Values('/var/www/server/Datasets/Nanoparticle_Images/images/1532_12.tif', 'A.5.12', 'A.5', 1429, 1973, NULL);

INSERT INTO Features
Values('A.5.12', 'A.5.12.5', 75);

INSERT INTO Minutiaes
Values('A.5.12.5.5', 'A.5.12.5', '/var/www/server/Datasets/Nanoparticle_Images/MinutiaeOut/1532_12.xyt');

#------------------------SUBJECT B------------------------
INSERT INTO Subjects
Values('B');

INSERT INTO Fingers
Values(NULL, NULL, 'B.6', 'B');

INSERT INTO Images
Values('/var/www/server/Datasets/Nanoparticle_Images/images/1532_13.tif', 'B.6.13', 'B.6', 1520, 2113, NULL);

INSERT INTO Features
Values('B.6.13', 'B.6.13.6', 72);

INSERT INTO Minutiaes
Values('B.6.13.6.6', 'B.6.13.6', '/var/www/server/Datasets/Nanoparticle_Images/MinutiaeOut/1532_13.xyt');

INSERT INTO Fingers
Values(NULL, NULL, 'B.7', 'B');

INSERT INTO Images
Values('/var/www/server/Datasets/Nanoparticle_Images/images/1532_2.tif', 'B.7.2', 'B.7', 1500, 1999, NULL);

INSERT INTO Features
Values('B.7.2', 'B.7.2.7', 51);

INSERT INTO Minutiaes
Values('B.7.2.7.7', 'B.7.2.7', '/var/www/server/Datasets/Nanoparticle_Images/MinutiaeOut/1532_2.xyt');

#------------------------SUBJECT C------------------------
INSERT INTO Subjects
Values('C');

INSERT INTO Fingers
Values(NULL, NULL, 'C.8', 'C');

INSERT INTO Images
Values('/var/www/server/Datasets/Nanoparticle_Images/images/1532_3.tif', 'C.8.3', 'C.8', 1499, 1999, NULL);

INSERT INTO Features
Values('C.8.3', 'C.8.3.8', 64);

INSERT INTO Minutiaes
Values('C.8.3.8.8', 'C.8.3.8', '/var/www/server/Datasets/Nanoparticle_Images/MinutiaeOut/1532_3.xyt');

INSERT INTO Fingers
Values(NULL, NULL, 'C.9', 'C');

INSERT INTO Images
Values('/var/www/server/Datasets/Nanoparticle_Images/images/1532_14.tif', 'C.9.14', 'C.9', 1329, 2153, NULL);

INSERT INTO Features
Values('C.9.14', 'C.9.14.9', 89);

INSERT INTO Minutiaes
Values('C.9.14.9.9', 'C.9.14.9', '/var/www/server/Datasets/Nanoparticle_Images/MinutiaeOut/1532_14.xyt');

#------------------------SUBJECT E------------------------
INSERT INTO Subjects
Values('E');

INSERT INTO Fingers
Values(NULL, NULL, 'E.10', 'E');

INSERT INTO Images
Values('/var/www/server/Datasets/Nanoparticle_Images/images/1532_10.tif', 'E.10.10', 'E.10', 1529, 2170, NULL);

INSERT INTO Features
Values('E.10.10', 'E.10.10.10', 84);

INSERT INTO Minutiaes
Values('E.10.10.10.10', 'E.10.10.10', '/var/www/server/Datasets/Nanoparticle_Images/MinutiaeOut/1532_10.xyt');

INSERT INTO Fingers
Values(NULL, NULL, 'E.11', 'E');

INSERT INTO Images
Values('/var/www/server/Datasets/Nanoparticle_Images/images/1532_6.tif', 'E.11.6', 'E.11', 1804, 2322, NULL);

INSERT INTO Features
Values('E.11.6', 'E.11.6.11', 87);

INSERT INTO Minutiaes
Values('E.11.6.11.11', 'E.11.6.11', '/var/www/server/Datasets/Nanoparticle_Images/MinutiaeOut/1532_6.xyt');

#------------------------SUBJECT I------------------------
INSERT INTO Subjects
Values('I');

INSERT INTO Fingers
Values(NULL, NULL, 'I.12', 'I');

INSERT INTO Images
Values('/var/www/server/Datasets/Nanoparticle_Images/images/1533_2.tif', 'I.12.2', 'I.12', 1250, 1650, NULL);

INSERT INTO Features
Values('I.12.2', 'I.12.2.12', 41);

INSERT INTO Minutiaes
Values('I.12.2.12.12', 'I.12.2.12', '/var/www/server/Datasets/Nanoparticle_Images/MinutiaeOut/1533_2.xyt');

INSERT INTO Fingers
Values(NULL, NULL, 'I.13', 'I');

INSERT INTO Images
Values('/var/www/server/Datasets/Nanoparticle_Images/images/1533_3.tif', 'I.13.3', 'I.13', 1250, 1650, NULL);

INSERT INTO Features
Values('I.13.3', 'I.13.3.13', 39);

INSERT INTO Minutiaes
Values('I.13.3.13.13', 'I.13.3.13', '/var/www/server/Datasets/Nanoparticle_Images/MinutiaeOut/1533_3.xyt');

INSERT INTO Fingers
Values(NULL, NULL, 'I.14', 'I');

INSERT INTO Images
Values('/var/www/server/Datasets/Nanoparticle_Images/images/1533_6.tif', 'I.14.6', 'I.14', 1203, 1634, NULL);

INSERT INTO Features
Values('I.14.6', 'I.14.6.14', 46);

INSERT INTO Minutiaes
Values('I.14.6.14.14', 'I.14.6.14', '/var/www/server/Datasets/Nanoparticle_Images/MinutiaeOut/1533_6.xyt');

